Posts;Labels;date_created
"Wie ik ook spreek, grote bedrijven of kleine ondernemers die hard werken om hun bedrijf uit te bouwen, ze zeggen allemaal hetzelfde:

“Zit mij niet in de weg om te doen waar ik goed in ben.”

Om onze economie te doen groeien, moeten we deze ondernemers stimuleren en de ruimte geven. Zorgen dat ze de kansen van technologie en AI kunnen benutten.

Nu werkt de overheid vaak als een verlammende deken. Met onduidelijk beleid, onnodige regels, ellenlange vergunningsprocedures, toezichthouders en allerlei juridisch gedoe. Essentiële voorzieningen (zoals een energie-aansluiting) zijn onzeker. 

Dit kunnen we ons niet meer permitteren. 

AI verandert ons werk fundamenteel, die boot mogen we niet missen. In een onveilige wereld is een ronkende economie de motor voor defensie. 

In een vergrijzende samenleving moeten we productiever worden om de zorg en sociale zekerheid te kunnen betalen. En zorgen dat zo min mogelijk mensen aan de kant staan, want we hebben iedereen keihard nodig. 

Kortom, elke dag aan de bak om ondernemers en bedrijven in Nederland succesvol te laten zijn. Dat is in het belang van ons allemaal!";1;2026-05-31T11:20:40.000Z
De persoonlijke hartenkreet van Fidan Ekiz (en eerder Kamran Ullah in de Telegraaf) zou iedereen in Nederland moeten zien. ;1;2026-05-31T10:07:01.000Z
"Meer dan 20 geleden stapte ik in de bus naar mijn eerste bijeenkomst van de JOVD.

Onze veiligheid stond onder druk (aanslagen 9/11 en terrorisme). Het waren economisch zware tijden. Tegelijk zorgde de opkomst van het internet voor fundamentele verandering en nieuwe kansen.

Ik realiseerde me dat grote besluiten in de politiek worden gemaakt. En dat als ik wilde helpen ons land sterker en liberaler te maken, ik bij de JOVD en VVD moest zijn.

“De geschiedenis herhaalt zichzelf niet, maar rijmt wel.”

Nu bedreigt de Russische agressie onze veiligheid, bovenop de dreiging van terrorisme. Economische groei staat wederom onder druk. Tegelijk biedt AI allerlei nieuwe kansen, maar dan moeten we die wel durven grijpen.

Er is dus alle aanleiding om ook nu politiek actief te worden. Jongeren zijn juist nu van onschatbare waarde. Ze doorleven de modernste technologieën en social media platforms. Ze beseffen dat fundamentele hervormingen nodig zijn. En ze brengen de frisse energie die ons land nu zo nodig heeft.

Het was heerlijk om weer even ‘thuis te komen’ bij het @JOVD Verenigingsweekend. Bedankt voor het mooie gesprek!";1;2026-05-30T13:26:10.000Z
"Wat inspirerend om zoveel schitterende startups en ondernemers bij Dockwize in Vlissingen te zien!

Drones die in kleine ruimten kunnen vliegen en gevaarlijke inspecties in een olietank doen. Nieuwe manieren om woonwijken van energie te voorzien. Of een ontwikkelaar van AI toepassingen om Zeeuwse bedrijven beter en efficiënter te maken. 

Allemaal voorbeelden van geweldige innovaties, waar jonge bedrijven met een duwtje in de rug van Dockwize aan werken. 

Dockwize is de grootste innovatie- en ondernemershub van Zeeland. Waar bedrijven, financierders en opleidingen samenwerken. En van Zeeland een nóg mooiere provincie te maken.

Vanuit Den Haag moeten wij dit soort ondernemerschap ondersteunen. Door duidelijk beleid te maken (bijv rond energie), waar bedrijven op kunnen aanhaken. Door te zorgen dat de overheid sneller werkt, o.a. bij vergunningen. En door de kansen van AI te omarmen in plaats van het alleen maar in te perken. 

Dank jullie wel! @AlishaMuller en ik nemen jullie voorbeelden, ideeën én jullie energie mee naar Den Haag!";1;2026-05-29T18:13:08.000Z
"Het gevaar van Rusland kan niet worden onderschat.

De inslag van een Russische drone in een flatgebouw in Roemenië is een nieuw dieptepunt. Zo komt de Russische agressie steeds verder Europa in.

Hoe houden we Nederland veilig? Het begint met fors investeren in defensie. Daarmee het NAVO-bondgenootschap krachtig houden en de verdediging van de oostflank versterken. Tegelijk Oekraïne voluit blijven steunen. En de (economische) druk op Rusland verhogen.

Als we dit eensgezind met bondgenoten doen en hierin tempo maken, zijn we sterker dan Rusland. Maar dan moeten we ons niet laten afleiden door Russische desinformatie. Ons niet uit elkaar laten spelen. En geen twijfel zaaien over de noodzaak van investeringen in defensie.

Alleen zo houden we de Russische dreiging op afstand. Helpen we Oekraïne. En houden we ons land en onze bondgenoten veilig. 🇳🇱🇷🇴🇺🇦";1;2026-05-29T14:48:13.000Z
"Het is niet of-of, maar en-en.

Relschoppers moeten hard worden aangepakt. Gewelddadige protesten moeten worden voorkomen. Hierin worden op initiatief van de VVD belangrijke stappen gezet.

Tegelijk worden de zorgen van gewone mensen serieus genomen. En worden alle aangenomen maatregelen voor een lagere asielinstroom zsm uitgevoerd. Daar ziet de VVD scherp op toe.

Dit zijn de lichtpunten van een verder chaotisch debat. Hierin zakte FvD weer door de racistische ondergrens, door geen afstand te nemen van de vraag of ‘Nederland voor de blanke Nederlander is’. Totaal krankzinnig.";0;2026-05-27T07:52:53.000Z
"Relschoppers die hulpverleners hinderen of aanvallen, moeten hard worden aangepakt. Het recht om te demonstreren is nooit een excuus voor geweld.

Los van extreem-rechtse beroepsrelschoppers zijn er normale mensen die zich zorgen maken over de opvang van grote aantallen asielzoekers. Die zorgen moeten serieus worden genomen.

Dat betekent: de asielinstroom fors omlaag, streng asielbeleid en opvang eerlijk regelen. Laten we dit met elkaar oplossen in plaats van tegenover elkaar staan schreeuwen.";0;2026-05-26T19:41:58.000Z
"Zojuist aangenomen: veel strenger asielbeleid!

Kansarme asielzoekers worden sneller afgewezen en teruggestuurd, om te voorkomen dat ze doorreizen.

Vergunningen worden tijdelijk en korter, zodat asielzoekers teruggaan zodra het weer veilig is.

De VVD blijft zich inzetten voor strenger asielbeleid in Nederland en Europa, om te zorgen dat de instroom omlaag gaat. Mooi dat hier vandaag een belangrijke stap in is gezet!

Hier een overzicht van maatregelen die onderdeel zijn van het aangenomen EU migratiepact:

1) Strenger nationaal:
> Afschaffen permanente verblijfsvergunning
> Kortere tijdelijke vergunningen
> Tweestatusstelsel, om nareis in te perken
> Snellere en kortere procedures
> Aanvraag eerder afwijzen als asielzoeker onvoldoende meewerkt

2) Strenger Europees:
> Effectievere grensprocedures
> Betere screening
> Snellere afwijzing van kansarme aanvragen 
> Sneller terugsturen en voorkomen dat asielzoekers gaan rondreizen

Kortom, hiermee worden belangrijke acties ondernomen om de asielinstroom te verlagen en grip te krijgen op migratie!
";1;2026-05-26T12:29:19.000Z
"Weer een helse nacht met zware Russische aanvallen op Kyiv.

Rusland bestookt Oekraïne met raketten en drones, om de wil van de bevolking te breken.

Rusland bestookt ons met valse informatie, om onze steun en aandacht te breken.

Beide zal niet lukken. 

We zien hoe Rusland Oekraïne kapot wil maken, terwijl Oekraïne al maanden pleit voor een wapenstilstand.

We zien hoe Rusland steeds opnieuw oorlogen begint, terwijl er vrede was gesloten.

We zien hoe Rusland ook andere landen in Europa bedreigt, terwijl dit andersom niet zo is.

Ja, wij willen natuurlijk allemaal vrede. Maar nee, Rusland wil oorlog en is niet te vertrouwen. Dat laat Poetin elke dag zien.

Poetin sluit geen vrede uit vrije wil. Dat had hij al duizend keer kunnen doen. Hij sluit alleen vrede als hij daartoe wordt gedwongen. Door militaire en economische druk.

Als we willen dat deze oorlog eindelijk stopt en Rusland wordt gedwongen tot vrede, dan moeten we Oekraïne voluit blijven steunen. 🇳🇱🇺🇦";0;2026-05-24T07:03:28.000Z
"Weer zijn gewone mensen de dupe van dit stelletje malloten.

Het spoor blokkeren is verboden. Punt. Dit is misbruik van het zo belangrijke demonstratierecht. Goed dat de politie snel ingrijpt.

De VVD wil het bezetten van vitale infrastructuur (bijv bepaalde wegen, energie etc) breder strafbaar stellen, zodat deze types daar niet steeds opduiken. ";0;2026-05-23T13:08:04.000Z
"Gisteren een mooie gespreksavond met de VVD Eindhoven en de Brainport Regio.

Deze regio is een cruciale motor van economische groei, technologische vooruitgang en de banen van de toekomst.

Daar zetten we ons als VVD volop voor in, bijvoorbeeld via het project Beethoven. ";1;2026-05-21T17:55:26.000Z
"Gisteren een mooie gespreksavond met de VVD Eindhoven en de Brainport Regio.

Deze regio is een cruciale motor van economische groei, technologische vooruitgang, en de banen van de toekomst.

Daar zetten we ons als VVD volop voor in, bijvoorbeeld via het project Beethoven. ";1;2026-05-21T17:55:26.000Z
"Gisteren een mooie gespreksavond met de VVD Eindhoven en de Brainport Regio.

Deze regio is een cruciale motor van economische groei, technologische vooruitgang, en de banen van de toekomst.

Daar zetten we ons als VVD volop voor in, bijv via het project Beethoven. ";1;2026-05-21T17:55:26.000Z
"De hypotheekrenteaftrek is voor veel mensen het verschil tussen wel en niet rondkomen.

Precies hierom zorgt de VVD voor behoud van de hypotheekrenteaftrek. ";1;2026-05-21T05:54:09.000Z
"Indrukwekkend bezoek aan de brandweerkazerne op Scheveningen. 

Grote waardering voor de mannen en vrouwen die dag en nacht klaarstaan voor onze veiligheid. 

Om branden te blussen en mensen in nood te redden. In de wijken, de haven, op het strand én op zee.

Wij nemen jullie verhalen mee en steunen waar we kunnen. Dank voor jullie inzet en paraatheid! 🚒🇳🇱";1;2026-05-18T16:32:19.000Z
"Studenten kunnen enorm bijdragen aan onze weerbaarheid.

Minerva neemt hierin het voortouw, o.a. met het initiatief ‘Weerbaar Minerva’ en het opzetten van een noodsteunpunt.

Mooi om over dit belangrijke thema te spreken tijdens het lustrumsymposium van Minerva Debating Society! ";1;2026-05-16T10:44:37.000Z
"Studenten kunnen enorm bijdragen aan onze weerbaarheid.

Minerva neemt hierin het voortouw, o.a. met het initiatief ‘Weerbaar Minerva’ en het opzetten van een noodsteunpunt.

Mooi om over dit belangrijke thema te spreken tijdens het lustrumsymposium van Minerva Debating Society. ";1;2026-05-16T10:44:37.000Z
"Een 12-jarig meisje is dood onder het puin vandaan gehaald.

Wéer misbruikt Poetin een staakt-het-vuren om drones en raketten op te sparen voor nóg grotere luchtaanvallen.

Tegen deze terreur moeten we Oekraïne en de rest van Europa beschermen. Dit vereist onze continue steun! 🇺🇦 ";1;2026-05-14T14:14:25.000Z
"Een 12-jarig meisje is dood onder het puin vandaan gehaald.

Wéér misbruikt Poetin een staakt-het-vuren om drones en raketten op te sparen voor nóg grotere luchtaanvallen.

Tegen deze terreur moeten we Oekraïne en de rest van Europa beschermen. Dit vereist voortdurende inzet.🇳🇱🇺🇦 ";0;2026-05-14T14:06:38.000Z
"Geef ondernemers de ruimte om te investeren en te verduurzamen, in plaats van ze op te zadelen met nóg meer regels.

De Rotterdamse haven is een motor van onze economie, werkgelegenheid en energiezekerheid. Juist nu moeten we onze strategische positie versterken in plaats van afbreken.

Deze eisen jagen bedrijven en banen Nederland uit, terwijl de uitstoot in het buitenland gewoon doorgaat, vaak onder minder strenge regels. Daar schiet het klimaat niets mee op.
";0;2026-05-13T12:03:54.000Z
"De Rotterdamse haven is een motor van onze economie, werkgelegenheid en energiezekerheid. Juist nu moeten we onze strategische positie versterken in plaats van afbreken.

Deze eisen jagen bedrijven en banen Nederland uit, terwijl de uitstoot in het buitenland gewoon doorgaat, vaak onder minder strenge regels. Daar schiet het klimaat niets mee op.

Geef ondernemers de ruimte om te investeren en te verduurzamen, in plaats van ze op te zadelen met nóg meer regels.
";0;2026-05-13T12:00:44.000Z
"Volslagen idioot en op geen enkele manier goed te praten. 

Demonstreren mag, maar de boel in de fik steken, agenten bekogelen en de brandweer frustreren NOOIT.

Normale mensen met oprechte zorgen zijn hiervan ook de dupe, terwijl zij verdienen te worden gehoord. Dit geweld helpt niemand.";0;2026-05-12T20:32:19.000Z
Welkom terug @diekevgroningen! Heel fijn dat je onze fractie de komende tijd komt versterken. Ik kijk uit naar onze samenwerking! ;1;2026-05-12T13:49:19.000Z
"Meer en sneller woningen bouwen: daar moet alle aandacht op gericht zijn!

Samen met @JurgenNobel bezoek ik het woningbouwproject Cartesius in Utrecht: bijna 3.000 nieuwe woningen in het midden van Utrecht (huur en koop).

Dit is een goed voorbeeld hoe binnenstedelijk voortvarend kan worden gebouwd. Met voldoende flexibiliteit en minder knellende regelingen. 

Met bouw- en ontwikkelbedrijf Ballast Nedam bespreken we waar zij tegenaan lopen bij de bouw van deze wijk en andere projecten. 

Voorbeelden hiervan zijn extra lokale regels bovenop landelijke regels. Stapelingen van vergunnings-, bezwaar- en beroepsprocedures. Netcongestie en onzekerheden rond energie. Investeerders en projectontwikkelaars die aarzelen of zich terugtrekken. 

Goed dus dat het kabinet aan de slag is met regels en procedures schrappen! En met de aanpak van problemen rond stikstof en netcongestie. De VVD houdt het kabinet daar scherp op. We moeten zorgen voor de juiste voorwaarden, zodat er meer wordt geïnvesteerd in het bouwen van huizen.

Uiteraard lopen we een rondje over het bouwterrein, mooi om te zien hoe de bouw vordert!";1;2026-05-11T18:26:46.000Z
"Meer en sneller woningen bouwen: daar moet alle aandacht op gericht zijn!

Samen met @JurgenNobel bezoek ik het woningbouwproject Cartesius in Utrecht: bijna 3.000 nieuwe woningen in het midden van Utrecht (huur en koop).

Dit is een goed voorbeeld van hoe binnenstedelijk voortvarend kan worden gebouwd. Met voldoende flexibiliteit en minder knellende regelingen. 

Met bouw- en ontwikkelbedrijf Ballast Nedam bespreken we waar zij tegenaan lopen bij de bouw van deze wijk en andere projecten. 

Voorbeelden hiervan zijn extra lokale regels bovenop landelijke regels. Stapelingen van vergunnings-, bezwaar- en beroepsprocedures. Netcongestie en onzekerheden rond energie. Investeerders en projectontwikkelaars die aarzelen of zich terugtrekken. 

Goed dus dat het kabinet aan de slag is met regels en procedures schrappen! En met de aanpak van problemen rond stikstof en netcongestie. De VVD houdt het kabinet daar scherp op. We moeten zorgen voor de juiste voorwaarden, zodat er meer wordt geïnvesteerd in het bouwen van huizen.

Uiteraard lopen we een rondje over het bouwterrein, mooi om te zien hoe de bouw vordert!";1;2026-05-11T18:26:46.000Z
"Juist in deze tijd moeten we nauw samenwerken om in Nederland en Europa de juiste acties te ondernemen.

Veilig blijven in een onrustige wereld. Grip krijgen op migratie en een lagere asielinstroom. Ondernemers meer ruimte geven en de banen van de toekomst creëren. Minder afhankelijk worden van anderen op energie en grondstoffen. Kansen grijpen op innovatie, digitalisering en AI.

Dit alles kan alleen als we zowel in Nederland als Europa de juiste keuzes maken. Daarvoor moeten we elkaar vanuit Den Haag en Brussel versterken. En daarbij ook opkomen voor ons Nederlands belang, zoals andere Europese landen dat ook doen.

Daarom bezoek ik onze VVD-fractie in het Europees Parlement. Mooi om met onze enthousiaste Europarlementariërs en medewerkers te spreken over zulke belangrijke onderwerpen.

Daarnaast ga ik deze dag met diverse Nederlanders en partners in gespek bij de Europese Commissie en de NAVO. Dank voor de warme ontvangst!";1;2026-05-08T11:02:04.000Z
Een groot genoegen om bij te praten met Mark Rutte, die iedere dag snoeihard werkt om de NAVO te versterken en daarmee 1 miljard mensen veilig te houden. @SecGenNATO @NATO ;1;2026-05-07T13:43:36.000Z
"Oekraïne stelt een staakt-het-vuren voor, Rusland antwoordt met luchtaanvallen op een kleuterschool in Sumy.

Steeds opnieuw toont Poetin wie de kwade agressor is. Daar kunnen geen Russische propaganda, trollenlegers en desinformatiecampagnes tegenop.

Het is in het belang van Oekraïne én van ons om deze Russische agressie tegen te houden. Hoe dichterbij het komt, des te groter de dreiging en kosten. We blijven Oekraïne daarom voluit steunen! 🇳🇱🇺🇦";1;2026-05-06T16:03:03.000Z
"Als oud-student in Tilburg is het mooi om met Tilburgse studenten de vrijheid te vieren en het vrijheidsvuur te ontsteken.

Onze vrijheid is niet uit de lucht komen vallen. 80 jaar geleden is dit bevochten met grote offers. Door militairen uit o.a. de Verenigde Staten en Canada, die nog nooit van plaatsen als Tilburg hadden gehoord. Maar toch waren ze bereid het hoogste offer te brengen voor onze vrijheid.

Ook vandaag verdedigen militairen onze vrijheid. Aan de oostflank van de NAVO beschermen ze ons tegen Rusland. Nederlandse soldaten, piloten, marinemensen trainen elke dag om vijanden af te schrikken en paraat te staan als het spannend wordt. En we steunen Oekraïne, omdat ze vechten voor hun voortbestaan en Rusland ook voor ons op afstand houden.

Tussen de biertjes en de muziek door tonen we in Tilburg even een moment onze dankbaarheid, met een applaus richting alle militairen en mensen bij Defensie die onze vrijheid beschermen.

Vrijheid is een groot goed, maar begint klein. Kunnen zeggen wat je vindt, zelf keuzes kunnen maken in het leven, kunnen houden van wie je wilt en daarvoor uitkomen. Ieder van ons bepaalt met ons gedrag hoe vrij we zijn. Door elkaar te respecteren, vrijheid te gunnen, het oneens met elkaar te kunnen zijn. Maar ook door streng te zijn en op te treden als anderen onze vrijheden willen inperken of zelfs afnemen.

Zo dragen we allemaal een steentje bij aan de vrijheid in ons land. 🇳🇱";1;2026-05-05T19:26:18.000Z
"Tijdens de Dodenherdenking op de Dam dacht ik aan de ouders van omgekomen militairen, die het hoogste offer voor onze vrijheid hebben gebracht.

Door ruime inzet en kordaat optreden van politie en marechaussee is de herdenking gisteravond niet verstoord. Triest dat het nodig was, maar complimenten voor onze mannen en vrouwen in uniform.

Door de enorme offers in het verleden en de dagelijkse inspanningen van onze militairen nu kunnen wij in vrijheid leven. Laten we daarvoor onze dankbaarheid tonen en de vrijheid vandaag vieren! 🇳🇱";1;2026-05-05T08:35:36.000Z
"Tijdens de Dodenherdenking op de Dam dacht ik aan de ouders van omgekomen militairen, die het hoogste offer voor onze vrijheid hebben gebracht.

Door ruime inzet en kordaat optreden  van politie en marechaussee is de herdenking gisteravond niet verstoord. Triest dat het nodig was, maar complimenten voor onze mannen en vrouwen in uniform.

Door de enorme offers in het verleden en de dagelijkse inspanningen van onze militairen nu kunnen wij in vrijheid leven. Laten we daarvoor onze dankbaarheid tonen en de vrijheid vandaag vieren! 🇳🇱";1;2026-05-05T08:35:36.000Z
"Dodenherdenking is een moment waarop we in dankbaarheid herdenken wie in WOII en daarna voor onze vrijheid vochten.

Als je dat ene moment, die ene plek, niet eens kunt respecteren, dan heb je er niks van begrepen. En verdien je wat mij betreft een fikse straf. ";0;2026-05-04T07:32:37.000Z
"De veiligheidsdreigingen zijn het grootst in 80 jaar en nemen verder toe.

Rusland, China, jihadisme: het nieuwste AIVD-rapport toont weer het belang van investeringen in defensie en veiligheid.

Essentieel dat grote stappen worden gezet om veiliger en weerbaarder te worden. ";1;2026-04-23T14:42:29.000Z
"De gevolgen van de oorlog in het Midden-Oosten zijn voor iedereen voelbaar. 

Tegelijkertijd is nog veel onzeker. Olieprijzen fluctueren enorm. De situatie kan de komende maanden nog een stuk donkerder worden.

Daarom is het energiepakket verstandig. 

Het helpt gericht mensen die dit het meest nodig hebben. Zoals mensen die met de auto naar hun werk moeten, en ondernemers met bestelbusjes en vrachtwagens.

Ook draagt het bij aan de leveringszekerheid van energie. Het vergroot de onafhankelijkheid van olie en gas uit het Midden-Oosten.

Dit pakket is financieel goed onderbouwd. Het geeft ruimte om indien nodig nog steviger in te grijpen. En dat is verstandig.";1;2026-04-22T15:12:38.000Z
"De gevolgen van de oorlog in het Midden-Oosten zijn voor iedereen voelbaar. 

Tegelijkertijd is nog veel onzeker. Olieprijzen fluctueren enorm. De situatie kan de komende maanden nog een stuk donkerder worden.

Daarom is het energiepakket verstandig. 

Het helpt gericht mensen die dit het meest nodig hebben. Zoals mensen die met de auto naar hun werk moeten, en ondernemers met bestelbusjes en vrachtwagens.

Ook draagt het bij aan de leveringszekerheid van energie, en vergroot het de onafhankelijkheid van olie en gas uit het Midden-Oosten.

Dit pakket is financieel goed onderbouwd. Het geeft ruimte om indien nodig nog steviger in te grijpen. En dat is verstandig.";1;2026-04-22T15:12:38.000Z
"Onnavolgbaar. Partijen die zeggen streng asielbeleid te willen, maar tegenstemmen als het erop aankomt.

Dit was hét moment om beide strenge asielwetten aan te nemen. De Eerste Kamer heeft helaas de wet weggestemd die o.a. strafbaarstelling illegaliteit regelt. PVV frustreert, D66 stemt tegen.

In het landsbelang moet alle inzet erop gericht zijn hier alsnog snel op te leveren. En laat dit opnieuw het bewijs zijn dat de PVV strenger asielbeleid dus nooit écht wil regelen.";0;2026-04-21T12:20:36.000Z
"De VVD vindt dat het kabinet met dit energiepakket een gerichte en verstandige aanpak voorstelt.

Het helpt mensen voor wie de gevolgen van de situatie in het Midden-Oosten het meest voelbaar zijn, zoals mensen die iedere dag met de auto naar werk gaan en ondernemers die hun vrachtwagen of bestelbus nodig hebben. 

Daarvoor is het goed om nu bij te springen en tegemoet te komen met:
- een hogere reiskostenvergoeding
- een lagere wegenbelasting voor bedrijfsauto’s en vrachtwagens
- een noodfonds om mensen te helpen die de hoge energierekening niet meer kunnen betalen

Dit maatregelenpakket bevat ook garanties voor leningen aan ondernemers, zodat zij eenvoudiger kunnen lenen. Daarnaast zorgt het ervoor dat Nederland in de toekomst meer onafhankelijk wordt.

Het pakket is financieel goed onderbouwd en laat geen rekening liggen. Dat is verstandig in een onzekere tijd, waarbij de situatie ook nog verder kan verslechteren. 

Zo kan de overheid ook in de komende periode nog ingrijpen als de situatie daarom vraagt.

";1;2026-04-20T10:26:57.000Z
"De beste ideeën van ondernemers die zorgen voor groei, duurzaamheid én veiligheid!

Bij de Green Entrepreneurs Pitch van het VVD-netwerk @liberaalgroen presenteren de meest innovatieve ondernemers hun fantastische ideeën.

Technologie om biogas te winnen uit vuilnisbelten, installaties om efficiënter CO2 af te vangen, en bouwmateriaal dat volledig te recyclen is: slechts enkele voorbeelden van geweldige ideeën.

In mijn speech benadruk ik dat we ondernemers in Nederland moeten koesteren. Ruimte en zekerheid bieden. Belemmeringen wegnemen. Hen vertrouwen geven.

De beste ideeën ontstaan aan de keukentafel van ondernemers. Om nieuwe banen te creëren (economie), natuur en milieu minder te belasten (duurzaamheid), minder afhankelijk te worden van olie en gas uit het Midden-Oosten en grondstoffen uit China (veiligheid). Hier komt alles samen!

Trots dat Liberaal Groen deze pitch voor de derde keer organiseert, ditmaal in samenwerking met @KennedyVdLaan in Amsterdam. En met ons Kamerlid @AlishaMuller als host van de dag.";1;2026-04-19T12:39:01.000Z
"De beste ideeën van ondernemers die zorgen voor groei, duurzaamheid én veiligheid!

Bij de Green Entrepreneurs Pitch van het VVD-netwerk @liberaalgroen presenteren de meest innovatieve ondernemers hun fantastische ideeën.

Technologie om biogas te winnen uit vuilnisbelten, installaties om efficiënter CO2 af te vangen, en bouwmateriaal dat volledig te recyclen is: slechts enkele voorbeelden van geweldige ideeën.

In mijn speech benadruk ik dat we ondernemers in Nederland moeten koesteren. Ruimte en zekerheid bieden. Belemmeringen wegnemen. Hen vertrouwen geven.

De beste ideeën ontstaan aan de keukentafel van ondernemers. Om nieuwe banen te creëren (economie), natuur en milieu minder te belasten (duurzaamheid), en minder afhankelijk te worden van olie en gas uit het Midden-Oosten en grondstoffen uit China (veiligheid). Hier komt alles samen!

Trots dat Liberaal Groen deze pitch voor de derde keer organiseert, ditmaal in samenwerking met @KennedyVdLaan in Amsterdam. En met ons Kamerlid @AlishaMuller als host van de dag.";1;2026-04-19T12:39:01.000Z
"De beste ideeën van ondernemers die zorgen voor groei, duurzaamheid én veiligheid!

Bij de Green Entrepreneurs Pitch van het VVD-netwerk @liberaalgroen presenteren de meest innovatieve ondernemers hun fantastische ideeën.

Technologie om biogas te winnen uit vuilnisbelten, installaties om efficiënter CO2 af te vangen, en bouwmateriaal dat volledig te recyclen is: slechts enkele voorbeelden van geweldige ideeën.

In mijn keynote benadruk ik dat we ondernemers in Nederland moeten koesteren. Ruimte en zekerheid bieden. Belemmeringen wegnemen. Hen vertrouwen geven.

De beste ideeën ontstaan aan de keukentafel van ondernemers. Om nieuwe banen te creëren (economie), natuur en milieu minder te belasten (duurzaamheid), en minder afhankelijk te worden van olie en gas uit het Midden-Oosten en grondstoffen uit China (veiligheid). Hier komt alles samen!

Trots dat Liberaal Groen deze pitch voor de derde keer organiseert, ditmaal in samenwerking met @KennedyVdLaan in Amsterdam. En met ons Kamerlid @AlishaMuller als host van de dag.";1;2026-04-19T12:39:01.000Z
"Als we onze economie verder willen laten groeien, moeten we bedrijven de ruimte geven in ons land te investeren.

Zodat er meer banen en welvaart in Nederland komen, in plaats van over de grens.

Dat moet o.a. door regels schrappen, juridische procedures fors inkorten, investeringen stimuleren, uit het stikstof-slot komen, en de overheid kleiner en efficiënter maken. 

Daar zullen wij het kabinet scherp op houden!";1;2026-04-18T09:31:29.000Z
"De opening van Lelystad Airport komt in zicht.

Goed voor de economie, banen in de regio, bereikbaarheid, en minder druk op andere vliegvelden. Zo zonde om een luchthaven nog langer leeg te laten staan!

En met F-35’s en militair medegebruik wordt het straks ook nog essentieel voor onze veiligheid. ";1;2026-04-17T16:43:09.000Z
"Politiek café in Rijswijk!

We spreken over het belang van de asielwetten om de instroom omlaag te brengen. Over geopolitiek en onze energievoorziening. En over schrappen van regels en procedures om van het slot te komen.

En na afloop drinken we uiteraard gezellig een biertje. ";1;2026-04-16T12:09:15.000Z
"President Zelensky and the Ukrainian people receive the Four Freedoms Award in The Netherlands.

Totally deserved, for being the biggest defenders of freedom in Europe and for all the sacrifices over the last four years.

Tonight’s brutal Russian air attack reminds us once again how we should remain focused in our support to Ukraine. And be thankful to the Ukrainian people, military and leadership. 🇳🇱🇺🇦";1;2026-04-16T10:36:58.000Z
"Voor de grote uitdagingen van deze tijd hebben we MBO’ers in de techniek keihard nodig!

Daarom bezoek ik op het ROC Mondriaan in Den Haag het TechCampus Lab, samen met ons Kamerlid Martin de Beer. 

Een prachtige plek waar mbo-studenten op vernieuwende manieren les krijgen in techniek en ICT. En waar leerlingen en zij-instromers kennis kunnen maken met een technische opleiding.

In cruciale sectoren is een groot tekort aan geschoolde technici. We moeten daarom zorgen dat deze mbo-studies aantrekkelijker zijn. En ook maximum aantallen durven instellen voor studies met minder perspectief op werk. Zodat mbo-studenten worden opgeleid voor essentiële beroepen.

Daarbij is de aansluiting tussen bedrijven en onderwijs van groot belang. Mooi om te zien hoe de TechCampus hier invulling aan geeft, onder andere met stages, bedrijfsbezoeken, gastlessen en -sprekers. Een inspirerend voorbeeld voor veel andere scholen.

Bedankt voor de enthousiaste rondleiding en de goede gesprekken! We nemen de inzichten mee in ons Kamerwerk voor beter mbo-onderwijs en meer technici.";1;2026-04-15T16:42:17.000Z
"Voor de grote uitdagingen van deze tijd hebben we MBO’ers in de techniek keihard nodig!

Daarom bezoek ik op het ROC Mondriaan in Den Haag het TechCampus Lab, samen met ons Kamerlid Martin de Beer. 

Een prachtige plek waar mbo-studenten op vernieuwende manieren les krijgen in techniek en ICT. En waar leerlingen en zij-instromers kennis kunnen maken met een technische opleiding.

In cruciale sectoren is een groot tekort aan geschoolde technici. We moeten daarom zorgen dat deze mbo-studies aantrekkelijker zijn. En ook maximum aantallen durven instellen voor studies met minder perspectief op werk. Zodat mbo-studenten worden opgeleid voor essentiële beroepen.

Daarbij is de aansluiting tussen bedrijven en onderwijs van groot belang. Mooi om te zien hoe het TechCampus hier invulling aan geeft, onder andere met stages, bedrijfsbezoeken, gastlessen en -sprekers. Een inspirerend voorbeeld voor veel andere scholen.

Bedankt voor de enthousiaste rondleiding en de goede gesprekken! We nemen de inzichten mee in ons Kamerwerk voor beter MBO-onderwijs en meer technici.";1;2026-04-15T16:42:17.000Z
"De fundamentele bedreiging voor onze veiligheid is en blijft de Russische militaire opbouw, gesteund door Iran en China.

In het belang van onze veiligheid moeten we de Amerikanen daarom zoveel mogelijk aan boord te houden. 

Hoe moeilijk en ingewikkeld dat ook is. Ook als we het oneens zijn met Amerikaans beleid of bepaalde uitspraken.

Ondertussen moeten we volop investeren in Defensie. Ervoor zorgen dat Europese landen meer capaciteiten en taken van de VS overnemen. En dus meer verantwoordelijkheid nemen voor onze eigen veiligheid.";1;2026-04-14T11:35:24.000Z
"De Hongaren hebben luid en duidelijk gesproken!

Laten we nu hopen op een Hongarije dat samenwerkt in Europa en de rechtsstaat respecteert. Dat steun aan Oekraïne niet langer blokkeert. En dat niet meer als een Trojaans paard voor Rusland fungeert.

Felicitaties aan @magyarpeterMP!";1;2026-04-12T19:34:15.000Z
"Nederland is wereldwijd leider in het veredelen van planten en specifiek aardappelen. En dat moeten we zo houden!

Op bezoek bij de Koninklijke @HZPC in Mitselwier (Friesland) zien Wim Meulenkamp en ik hoe dit toonaangevende bedrijf nieuwe soorten aardappelen ontwikkelt. Dit is minutieus werk in laboratoria, met behulp van de laatste technologieën. Een nieuw ras ontwikkelen kost wel meer dan 10 jaar.

Deze nieuwe soorten aardappelen zijn bestand tegen slecht weer, schimmels en ziekten. Van de woestijn tot aan de tropen, HZPC wil bewijzen dat aardappels overal goed kunnen groeien. Zo worden honderden miljoenen mensen gevoed.

Het allerbelangrijkste is dat de overheid een bedrijf als HZPC niet in de weg zit. Geen regels die innovatie belemmeren of (fysieke) ruimte wegnemen. De VVD zal voorstellen blijven doen om deze bedrijven de ruimte te geven, zoals onlangs voor kleine genetische aanpassingen (NGT’s). 

Nederland loopt voorop op dit gebied. Dat is goed voor onze welvaart én wereldwijd voor voedselzekerheid. Daar mogen we zeer trots op zijn! 🇳🇱🌍";1;2026-04-12T12:21:29.000Z
"VVD Brabant dag. Een combinatie van scherpe gesprekken en Brabantse gezelligheid.

Vanuit gemeenten, provincie en landelijk werken wij als VVD’ers samen voor onze prachtige provincie. ";1;2026-04-11T15:28:19.000Z
"VVD Brabant dag. Een combinatie van scherpe gesprekken en Brabantse gezelligheid.

Vanuit gemeenten, provincie en landelijk werken we als VVD’ers samen voor onze prachtige provincie. ";1;2026-04-11T15:28:19.000Z
"Nederland kent echt prachtige familiebedrijven. Een mooi voorbeeld is Concorp: de maker van Autodrop, Oldtimers en veel ander bekend snoep.

In gesprek met deze optimistische ondernemers komen bekende obstakels naar voren, met name de stapeling van regels en bijbehorende administratie. Wij gaan als VVD daarom volop door met het schrappen hiervan.

Ook spreken we over verantwoord snoepen. Het is belangrijk om gezondheidsproblemen te voorkomen (ook bij kinderen), maar het moet niet overslaan naar betutteling. Bij nieuwe wetten en beleid zullen wij als VVD die juiste balans bewaken.

Bedankt aan Concorp voor het kleurrijke bezoek!";1;2026-04-11T10:36:05.000Z
"Mooie politieke avond in Raalte!

We bespreken hoe ondernemers in staat moeten worden gesteld te groeien. Hoe we samen problemen als stikstof en netcongestie moeten aanpakken. En we ons moeten inzetten voor veiligheid, van defensie tot de aanpak van femicide.

Bedankt aan de @vvdraalte voor de warme ontvangst!";1;2026-04-10T20:44:31.000Z
"Mooie politieke avond in Raalte!

We bespreken hoe ondernemers in staat moeten worden gesteld te groeien. Hoe we samen problemen als stikstof en netcongestie moeten aanpakken. En we ons moeten inzetten voor veiligheid, van Defensie tot de aanpak van femicide.

Bedankt aan de @vvdraalte voor de warme ontvangst!";1;2026-04-10T20:44:31.000Z
"“Als kabinet dat het beste met zzp’ers voor heeft, willen we laten zien hoe het wél kan.”

Zelfstandigen zonder personeel hebben te lang het gevoel gehad dat zij de boeman waren. Door onduidelijke regels lopen ze nu opdrachten mis. Waar het om gaat is de spelregels verduidelijken.

Goed dat onze minister @ThierryAartsen Aartsen concreet werkt aan duidelijkheid voor zzp’ers en opdrachtgevers. ";1;2026-04-10T15:24:24.000Z
"Terwijl het onderwijs in Nederland beter moet, kwam het ministerie van OCW met een deuggids van 47 pagina’s.

Goed dat de staatssecretaris deze betutteling snel in de kast stopt. Wat de VVD betreft mag het ook in de shredder.

Nu weer volledige focus op beter onderwijs voor leerlingen en studenten.";0;2026-04-07T16:27:52.000Z
"Welkom terug @RuudVerkuijlen!

Fijn dat je Queeny wilt vervangen tijdens haar zwangerschapsverlof. Ik kijk persoonlijk erg uit naar onze hernieuwde samenwerking! ";1;2026-03-31T14:09:32.000Z
"De impact van de oorlog in het Midden-Oosten is voor iedereen voelbaar. Tegelijk is nog zeer onzeker hoe zwart het scenario is waarin we terechtkomen.

Daarom vragen we het kabinet alle maatregelen paraat te hebben. Zodat wanneer we alles beter kunnen overzien, snel kan worden ingegrepen.

We kunnen iedere euro immers maar één keer uitgeven.

Daarbij moeten we 3 dingen scherp onderscheiden: koopkracht, leveringszekerheid, en lange termijn onafhankelijkheid. Nu loopt dit in discussies over maatregelen vaak door elkaar.

Aan ons de taak om de juiste instrumenten effectief in te zetten. Binnen een maand komt het kabinet met een concreet voorstel.";1;2026-03-30T19:27:03.000Z
"De Rotterdamse haven is een krachtige motor van onze economie. Als we willen blijven groeien, hebben we iedereen nodig!

Daarom drie werkbezoeken in Rotterdam-Zuid, bij geweldige initiatieven die zorgen dat meer mensen aan de slag gaan én enthousiast worden voor werk in de techniek en de haven.

Bij Werkstation op Zuid ben ik samen met wethouder Tim Versnel. Hier worden mensen gericht begeleid naar werk, o.a. vanuit de bijstand. Geen eindeloze trajecten, maar alle expertise bij elkaar en mensen ter plekke helpen. En tegelijk ook streng durven zijn waar nodig. Want terwijl bedrijven staan te springen om personeel, staan nog te veel mensen onnodig langs de kant.

Bij Port of Opportunities zie ik hoe nieuwkomers van Oekraïners tot statushouders worden geholpen met het vinden van een baan in de haven, die past bij hun talent en ervaring. De beste manier om op eigen benen te staan, is mee te doen in onze samenleving. 

En op het Innovation Dock zitten niet alleen bedrijven waar gave technologische vernieuwingen worden bedacht, er wordt ook een nieuwe generatie talenten opgeleid. Daar bruist het van de energie!

Hier wordt weer duidelijk wat Rotterdam bedoelt met ‘geen woorden maar daden’. Niet denken in problemen, maar in oplossingen. En dit dan ook gewoon doen!

Ondernemers, onderwijs en stadsbestuur werken samen zodat iedereen meedoet en de haven van Rotterdam dat belangrijke economische knooppunt van Nederland blijft!

Deze Rotterdamse initiatieven zijn een voorbeeld voor de rest van Nederland. In de Tweede Kamer zullen wij als VVD deze positieve resultaten ondersteunen en helpen dit breder te verspreiden.";1;2026-03-28T09:16:55.000Z
"Ook in deze turbulentie tijden mag onze aandacht voor Oekraïne niet verslappen.

Elke dag opnieuw vechten Oekraïners aan de frontlinie om de Russische agressie tegen te houden, ook voor ons en de rest van Europa.

Dank aan Oekraïense parlementsleden en de ambassadeur voor goede gesprekken over de actuele ontwikkelingen. 🇺🇦";1;2026-03-23T14:24:46.000Z
"Praktijkervaring en innovatie: met die combinatie draagt Mentech bij aan betere zorg.

Dit innovatieve bedrijf in Eindhoven ontwikkelt zorgtechnologie voor de gehandicaptenzorg, ouderenzorg en de ggz.

Zo maakt Mentech een slimme sok die spanning meet en inzicht geeft in onbegrepen gedrag. Ook ontwikkelt het een AI-gedreven zorgassistent voor dagstructuur, rust en interactie.

Als VVD willen we dit soort innovatie stimuleren, omdat dit de kwaliteit van zorg verhoogt. Zeker daar waar tekorten zijn aan personeel en medewerkers het niet allemaal kunnen bijbenen.

Bedankt voor het goede gesprek over hoe innovatie in de zorg kan worden aangemoedigd en beklemmende regelingen kunnen worden aangepast.";1;2026-03-23T12:57:23.000Z
Hernieuwde kennismaking met de Koning in mijn positie als VVD-fractievoorzitter. Dank voor de warme ontvangst op Paleis Huis ten Bosch. ;1;2026-03-20T14:05:00.000Z
"Inspirerend bezoek aan de startup Avendar in Den Bosch.

Avendar ontwikkelt met AI een systeem dat de Nederlandse politie helpt bij recherche en opsporing, en gemeenten bij vergunningverlening. 

De VVD zet zich in voor dit soort ondernemers: minder bureaucratie, stimuleren van innovatie, en betere randvoorwaarden om te investeren in nieuwe technologieën. 

Dit heeft grote maatschappelijke waarde. Wat normaal honderden pagina’s papierwerk en vele uren werk kost, kan met AI binnen een paar minuten worden gecontroleerd op juistheid, samenhang en relevante onderzoekstips.

Terecht is Avendar benoemd tot 1 van de 10 Brabantse startups om te volgen. Bedankt voor het interessante gesprek!";1;2026-03-20T09:52:31.000Z
"Aan alle VVD’ers en vrijwilligers die zich de afgelopen maanden onvermoeibaar hebben ingezet: ontzettend bedankt! 

En veel dank aan al onze kiezers voor het vertrouwen. Meer stemmen en zetels dan de vorige keer! De VVD gaat hard aan het werk in jullie gemeente. ";1;2026-03-19T08:02:46.000Z
"Ontzettend leuk om terug te zijn op mijn oude middelbare school: het Dr. Mollercollege in Waalwijk.

Samen met @milosboksan (ook oud-leerling) spreken we over ons werk in de politiek, onze schooltijd, drijfveren, en discussies in de klas en op social media.

Goede en betrokken docenten hebben destijds mijn politieke interesse aangewakkerd en gestimuleerd. Daar ben ik hen nu nog dankbaar voor. Erg mooi om velen van hen weer even te zien!";1;2026-03-18T16:20:19.000Z
"Het is een kleine moeite, maar een groot goed!

Altijd als ik ga stemmen, denk ik even aan de mensen die hiervoor moeten vechten. De Oekraïners, demonstranten in Iran, de miljarden mensen die niet in een democratie leven.

En al volg je de lokale politiek niet op de voet, er liggen belangrijke keuzes voor. Over lokale belastingen, huizen bouwen, veiligheid in jouw buurt.

Neem daarom even de moeite. Ga stemmen vandaag!";1;2026-03-18T08:51:20.000Z
"De VVD kiest er in het hele land voor dat de gemeente levert op kerntaken: meer woningen bouwen, lage belastingen en minder knellende regels. 

Onze keuze is helder. Kies morgen VVD. ";1;2026-03-17T22:08:08.000Z
"Morgen is het zover: deze verkiezingen gaan echt ergens over.

Door het hele land staan VVD’ers klaar om te zorgen voor lagere belastingen, meer huizen, en meer veiligheid bij jou in de straat.

Kies morgen VVD! ";1;2026-03-17T15:53:27.000Z
"Iedereen zou om de Joodse gemeenschap moeten staan, ongeacht politieke kleur.

Concreet moet de beveiliging maximaal op orde zijn. Zichtbaar en duidelijk. En daders moeten hard gestraft worden voor deze aanslagen, ook jonge daders.

Kritiek op de regering-Netanyahu en het Israëlische beleid mag nooit een excuus zijn om te zwijgen of weg te kijken.";1;2026-03-16T20:12:24.000Z
"We moeten met zijn allen om de Joodse gemeenschap staan.

De aanslagen op een synagoge in Rotterdam en een Joodse school in Amsterdam zijn afschuwelijk. Kinderen moeten zonder zorgen naar school kunnen.

Je kunt allerlei opvattingen hebben over de regering-Netanyahu, maar het slaat nergens op om Joden (in Nederland) daarop aan te spreken.

Het zou voor iedereen een halszaak moeten zijn om op te komen voor Joden in Nederland, die enorm worden bedreigd en geïntimideerd.";0;2026-03-16T12:38:18.000Z
"Meer woningen bouwen betekent ook dat een gemeente keuzes moet durven maken.

Sommige partijen spreken landelijk mooie woorden, maar durven lokaal vaak niet te leveren. Dan is een strook bomen of iets anders toch weer net belangrijker.

Op de VVD kun je wél rekenen voor meer huizen. In het hele land gaan wij heldere keuzes om te bouwen niet uit de weg.";1;2026-03-14T13:20:24.000Z
"Meer woningen bouwen betekent ook dat een gemeente keuzes moet durven maken.

Sommige partijen spreken landelijk mooie woorden, maar durven lokaal vaak niet te leveren. Dan is natuur of iets anders toch weer net belangrijker.

Op de VVD kun je wél rekenen voor meer huizen. In het hele land gaan wij heldere keuzes om te bouwen niet uit de weg.";1;2026-03-14T13:20:24.000Z
"Het Iraanse regime veroorzaakt al tientallen jaren een spoor van onderdrukking, geweld en terreur. Voor miljoenen Iraniërs betekent dat een leven zonder vrijheid en in angst. 

De dreiging van het Iraanse regime stopt niet bij de eigen grenzen. Dat zien we dagelijks aan de aanvallen op partners in het Midden-Oosten en het sponsoren van terreurgroepen. En aan de ontwikkeling van nucleaire capaciteiten en lange afstand raketten.

Als een regime met dit karakter nucleaire wapens in handen krijgt, waant het zich onaantastbaar. Dat is een fundamentele bedreiging voor de internationale veiligheid én de internationale rechtsorde. Dat moet op tijd worden tegengehouden.

Deze situatie raakt de veiligheid, maar ook de portemonnee van Nederlanders. De prijzen op de wereldmarkt fluctueren enorm, maar iedereen ziet de gevolgen direct aan de pomp. De VVD heeft daarom het kabinet gevraagd scenario’s uit te werken en voorbereid te zijn als maatregelen nodig zijn.";0;2026-03-12T15:24:32.000Z
"Vandaag is het debat over Iran en de situatie in het Midden-Oosten.

De VVD staat aan de kant van het Iraanse volk en heeft begrip voor het ingrijpen van de VS en Israël.

We zien ook de gevolgen voor ons land, zoals de stijgende energieprijzen. Het kabinet moet dit goed in de gaten houden en zich voorbereiden op diverse scenario’s.

De VVD zal het kabinet hier scherp op houden. In deze onrustige tijd staan wij voor onze vrijheid, veiligheid en zekerheid.";1;2026-03-12T09:00:48.000Z
"Op de Haagse Markt spreek ik met hardwerkende mensen, die elke dag vroeg opstaan, risico nemen en zorgen voor een bruisende markt. 

Met deze ondernemers gaan @arendkisteman en ik in gesprek over wat ze bezighoudt en welke zorgen ze hebben. Zo zijn er diverse regels waar ze tegenaan lopen, bijvoorbeeld rond vergunningen. Daar moeten wij politiek iets aan doen! 

Ook hier maken mensen zich zorgen over de oorlog in het Midden-Oosten en geopolitieke spanningen. Voor sommige ondernemers stijgen daardoor de prijzen. Dit moet het kabinet goed in de gaten houden en zich voorbereiden op diverse scenario’s.

Op de markt worden we rondgeleid door Appie el Massaoudi. Met zijn bedrijf houdt Ap de markt schoon, voert afval af, en verhuurt tafels. Het is een leerwerkbedrijf dat jongeren in de Transvaal- en Schilderswijk werk geeft en een kans biedt. Echt een inspirerend voorbeeld van ondernemerschap!

Rolmodellen als Ap zijn onmisbaar om de markt aantrekkelijk te houden en jongeren een toekomst te geven. Ik heb veel respect voor zijn leiderschap. Bedankt voor de vriendelijke ontvangst!";1;2026-03-11T18:36:51.000Z
"Geweld tegen vrouwen is geen ‘vrouwen-ding’. Sterker nog, meestal zijn mannen de dader. En daarom moeten mannen dit helpen bestrijden en oplossen.

En voor mannen die onverschillig zijn: elke vrouw is een dochter, moeder, vriendin, zus of nicht. Denk eens aan de vrouwen in jouw omgeving. Boeit het je dan nog steeds niet?

#InternationaleVrouwendag 
#InternationalWomenDay";1;2026-03-08T13:22:36.000Z
"Een energieke dag campagne in mijn mooie Brabant!

In Den Bosch, Tilburg en Oisterwijk spreken we met mensen over de issues dichtbij huis.

Over meer huizen bouwen. Regels wegnemen voor ondernemers. Een betere bereikbaarheid met de auto. Aanpakken van overlast. Lagere belastingen en zuinig omgaan met belastinggeld.

Natuurlijk bespreken we ook de actualiteit in het Midden-Oosten, wat veel mensen bezighoudt.

Bedankt aan al onze vrijwillers voor de geweldige inzet! 🧡💙";1;2026-03-07T18:15:17.000Z
"Nederland is een vrij land en dat moeten we beschermen. Dus moeten we optreden tegen wie onze vrijheid en veiligheid wil afnemen.

Als iemand zich in het buitenland aansluit bij een terroristische organisatie, en daarmee wil vernietigen waar wij voor staan, dan heb je wat de VVD betreft het recht verloren om Nederlander te zijn en terug te keren naar ons land.

Goed dat permanent in de wet wordt vastgelegd dat het Nederlanderschap kan worden ingetrokken, wanneer iemand zich in het buitenland aansluit bij een terreurorganisatie. ⤵️ ";1;2026-03-06T20:50:30.000Z
"In Nederland zijn ontzettend veel zzp’ers die gewoon willen ondernemen. Zij verdienen duidelijkheid. Over wanneer iemand écht zelfstandig ondernemer is en wanneer sprake is van een verkapt dienstverband. 

Goed dat onze minister @ThierryAartsen met de zelfstandigenwet een grote stap zet naar duidelijkheid voor alle zzp’ers. 

De Zelfstandigenwet doet dat via twee heldere toetsen. Geen onduidelijkheid meer en geen angst voor naheffingen of boetes. Deze wet erkent het zelfstandig ondernemerschap. En geeft weer zekerheid aan opdrachtgevers én zzp’ers.";1;2026-03-06T16:19:23.000Z
"Het Iraanse regime is moorddadig, sponsort terreurgroepen en vormt een nucleaire dreiging.

Nu valt Iran ook onze partners en bondgenoten aan.

Wanneer Frankrijk aan Nederland vraagt om te ondersteunen met verdediging, moet eerst het kabinet en vervolgens de VVD-fractie dit serieus overwegen.";0;2026-03-06T13:09:21.000Z
"Goede bijeenkomst in Sint-Oedenrode!

Uiteraard bespreken we de actualiteit: de dreiging van het Iraanse regime, onze keuze voor vrijheid en internationale veiligheid, en de invloed van dit alles op Nederland. 

Daarnaast spreken we over de noodzakelijke focus op economische groei en meer ruimte voor ondernemers. 

Landelijk en lokaal moeten we nauw samenwerken om grote problemen aan te pakken, zoals meer woningen bouwen, uit het stikstof-slot komen, en meer grip krijgen op migratie.

Dank aan de VVD Meierijstad voor de organisatie!";1;2026-03-04T17:41:33.000Z
"Goede bijeenkomst in Sint-Oedenrode!

Uiteraard bespreken we de actualiteit: de dreiging van het Iraanse regime, onze keuze voor vrijheid en internationale veiligheid, en de invloed van dit alles op Nederland. 

Daarnaast spreken we over de noodzakelijke focus op economische groei en meer ruimte voor ondernemers. 

Landelijk en lokaal moeten we nauw samenwerken om grote problemen aan te pakken, zoals meer woningen bouwen,  uit het stikstof-slot komen, en meer grip krijgen op migratie.

Dank aan de VVD Meierijstad voor de organisatie!";1;2026-03-04T17:41:33.000Z
"Dappere Oekraïense vrouwen op bezoek in de Tweede Kamer.

Hun persoonlijke verhalen zijn hartverscheurend. Familieleden zijn omgekomen. Gezinnen uit elkaar gerukt. Ouders en vrienden die nu onder Russische bezetting leven.

Onze aandacht voor Oekraïne mag geen dag verslappen. 🇺🇦 ";1;2026-03-03T20:10:48.000Z
"Het Iraanse regime onderdrukt al decennialang mensen die snakken naar vrijheid. En ontwikkelt nucleaire capaciteiten die ook ons bedreigen.

De VVD staat aan de kant van vrijheid, het Iraanse volk, de VS en partners in de regio.

Hier mijn inbreng over Iran bij het Vragenuur👇🏻 ";1;2026-03-03T18:06:22.000Z
"Afwachten tot het Iraanse terreurregime (bijna) nucleaire wapens heeft en zich onaantastbaar waant; dat zou enorm schadelijk zijn voor onze veiligheid. ";0;2026-03-03T08:59:39.000Z
"Europa moet eensgezind laten zien aan welke kant het staat: de kant van het Iraanse volk, de VS en landen in de regio die nu door Teheran worden aangevallen. 

Deze oorlog in het Midden-Oosten raakt ook Nederlanders. Mensen die daar ter plekke vast zitten en graag terug willen naar huis. En mensen die zich zorgen maken of we genoeg energie hebben en of die betaalbaar blijft.

Ook daar moet het kabinet oog voor hebben en zich actief voorbereiden op diverse scenario’s.";1;2026-03-02T20:28:31.000Z
Terwijl het Iraanse regime buurlanden aanvalt, terreurgroepen in het Midden-Oosten activeert, en zelfs een aanval uitvoert met drones richting de EU (Cyprus), moet de druk vanuit Europa eensgezind en de boodschap aan Teheran helder zijn: stop hiermee! ;0;2026-03-02T17:26:05.000Z
"Het Iraanse regime is niet alleen een bedreiging voor de eigen bevolking en het Midden-Oosten, maar ook voor Nederland en Europa.

Het terreurregime intimideert en bedreigt Iraniërs in Nederland, en ondermijnt daarmee de vrijheid op onze straten en pleinen. Het steunt Rusland, o.a. met raketten en drones. En Teheran ontwikkelt raketten en nucleaire capaciteiten, met een bereik tot in Europa.

Vele jaren is met diplomatieke en economische druk geprobeerd om het Iraanse regime op een ander pad te brengen. Maar de Ayatollahs gingen juist steeds verder met massale schendingen van mensenrechten, het sponsoren van terreur, en opbouwen van nucleaire capaciteiten. Daarop besloten de VS en Israël om nu militair in te grijpen.

Laten we hopen dat dit leidt tot vrijheid voor het Iraanse volk, voor mensen die zoveel pijn en verdriet (hebben) moeten verduren. En dat Iran hierdoor geen grote dreiging meer zal vormen voor het Midden-Oosten én Europa.";1;2026-03-01T09:01:30.000Z
"Het Iraanse regime doodt vreedzame burgers op brute wijze, steunt terreurgroepen in het Midden-Oosten, levert wapens aan Rusland tegen Oekraïne, en bedreigt Iraniërs in Nederland en andere landen.

Vanaf vandaag wordt de militaire operatie uitgevoerd, die gezien de Amerikaanse vlootopbouw afgelopen tijd niet als onverwacht komt (ook niet voor het Iraanse regime).

De veiligheid van onschuldige burgers, Nederlanders daar en in de regio, en het voorkomen van verdere escalatie in de regio zijn nu belangrijker dan ooit. Ik ga ervan uit dat Nederland zich hier nu voor inzet.

We leven mee met iedereen die hierdoor wordt geraakt en nu in onzekerheid zit over familie en dierbaren.";1;2026-02-28T09:39:35.000Z
"Het motorblok van ons land is een sterke economie, met ruimte voor ondernemers.

De mensen die in ons land zorgen voor welvaart verdienen de volle focus van het kabinet. Zodat we kunnen investeren in veiligheid. En de voorzieningen kunnen betalen die we zo belangrijk vinden.

Nederland verdient dat Den Haag lévert op de punten waar mensen al lang om vragen. De VVD zal er scherp op zijn dat de plannen uitgevoerd worden. En daarbij nauw samenwerken met het kabinet en partijen in de Kamer.

Vandaag mijn eerste debat als fractievoorzitter.";1;2026-02-25T20:16:55.000Z
"Van dichtbij heb ik gezien hoe groot de gevolgen zijn voor mensen die in oorlog leven. Ook hier in Nederland merken we de gevolgen: hogere prijzen, migratie en onzekerheid.

Om ervoor te zorgen dat we onze vrijheid en veiligheid behouden, zijn investeringen in defensie cruciaal. ";1;2026-02-25T17:33:05.000Z
"After 4 years of full scale war, Ukraine deserves our unwavering attention and support, in order to defend itself and the rest of Europe against the Russian aggression.

Putin can only be forced to end his aggression. This requires robust and long term military support to Ukraine and more pressure on Russia (e.g. enforcing sanctions and tackling the shadow fleet).

Why? It is the right thing to do, after all the Ukrainian sacrifices. Stopping Russia is in our joint security interest. And there is a lot our military and NATO can learn from the innovative Ukrainians.

In short, Ukraine can count on The Netherlands, on my party VVD, and on my personal efforts! 🇳🇱🇺🇦

Thank you for the honor to speak at Nieuwspoort during the event marking Four Years of the Full Scale War in Ukraine.";1;2026-02-24T19:32:34.000Z
"Vandaag mijn eerste dag als fractievoorzitter van de VVD.

Samen met het geweldige VVD-team bouwen we aan een sterker en veiliger Nederland! 

Op basis van een heldere koers, in nauwe samenwerking in de Kamer, met het kabinet en met andere partners. ";1;2026-02-24T13:45:46.000Z
"Al 4 jaar vechten Oekraïners moedig en onvermoeibaar tegen grootschalige Russische agressie. Dat doen ze voor hun eigen voortbestaan, maar óók voor onze vrijheid. Poetin stopt niet in Oekraïne. Daarom steunt de VVD Oekraïne vanaf de eerste dag en zullen wij dit voluit blijven doen.

De afgelopen jaren ben ik, als minister van Defensie en daarvoor als Tweede Kamerlid, zes keer in Oekraïne geweest. Ik heb met eigen ogen gezien hoe de Oekraïners elke dag strijden en overleven. Al die standvastige Oekraïners verdienen alle respect en steun, van Nederland en héél Europa. Nu en in de toekomst.

De vraag is hoe we komen tot robuuste vredesoplossingen. Hoe we de veiligheid van Oekraïne, van Europa en daarmee van Nederland garanderen. Dat doen we niet door Oekraïne de rug te keren en dat vrede te noemen. Wel door de militaire leveringen aan Oekraïne en de druk op Rusland op te voeren. Anders zal Rusland blijven kiezen voor terreur en meer agressie.

Om onze veiligheid te garanderen is onverminderde steun aan Oekraïne essentieel. Vrijheid en veiligheid staan in Oekraïne en de rest van Europa op het spel. Dat neemt de VVD zeer serieus. Elke dag opnieuw.";1;2026-02-24T09:02:44.000Z
"Al 4 jaar vechten Oekraïners moedig en onvermoeibaar tegen grootschalige  Russische agressie. Dat doen ze voor hun eigen voortbestaan, maar óók voor onze vrijheid. Poetin stopt niet in Oekraïne. Daarom steunt de VVD Oekraïne vanaf de eerste dag en zullen wij dit voluit blijven doen.

De afgelopen jaren ben ik, als minister van Defensie en daarvoor als Tweede Kamerlid, zes keer in Oekraïne geweest. Ik heb met eigen ogen gezien hoe de Oekraïners elke dag strijden en overleven. Al die standvastige Oekraïners verdienen alle respect en steun, van Nederland en héél Europa. Nu en in de toekomst.

De vraag is hoe we komen tot robuuste vredesoplossingen. Hoe we de veiligheid van Oekraïne, van Europa en daarmee van Nederland garanderen. Dat doen we niet door Oekraïne de rug te keren en dat vrede te noemen. Wel door de militaire leveringen aan Oekraïne en de druk op Rusland op te voeren. Anders zal Rusland blijven kiezen voor terreur en meer agressie.

Om onze veiligheid te garanderen is onverminderde steun aan Oekraïne essentieel. Vrijheid en veiligheid staan in Oekraïne en de rest van Europa op het spel. Dat neemt de VVD zeer serieus. Elke dag opnieuw.";1;2026-02-24T09:02:21.000Z
Veel succes team VVD! Ik kijk uit naar onze samenwerking. Samen gaan we aan de slag om Nederland veilig en sterker te maken. ;1;2026-02-23T10:10:33.000Z
"Dank @lientje1967 voor jouw leiderschap en de prettige samenwerking de afgelopen jaren. Het is indrukwekkend hoe jij BBB persoonlijk hebt opgebouwd.

Felicitaties aan @henkvermeer voor deze nieuwe rol. Ik zie uit naar onze hernieuwde samenwerking! ";1;2026-02-20T16:39:44.000Z
"Avondje geopolitiek en Defensie in Uden.

In de Kruisherenkapel spreken we o.a. over toenemende dreigingen, NAVO en Europa, groei van Defensie en economische kansen.

Dank aan VVD Maashorst en alle betrokken deelnemers voor de goede bijeenkomst, in de buurt van vliegbasis Volkel. ";1;2026-02-11T13:13:17.000Z
"Trots en vereerd dat de VVD-fractie ervoor heeft gekozen dat ik over 2 weken de nieuwe fractievoorzitter word!

Een geweldig team waarmee we veel voor elkaar gaan krijgen en het nieuwe kabinet scherp houden. 

De komende 2 weken blijf ik mij nog als minister van Defensie elke dag inzetten voor onze veiligheid.";1;2026-02-10T09:46:03.000Z
"Vandaag heb ik de fractie van de VVD laten weten dat ik graag aan de slag zou gaan als fractievoorzitter van de Tweede Kamer. 

Het was voor mij een bijzondere eer om juist in deze tijd onze krijgsmacht te versterken. En om te mogen staan voor alle mannen en vrouwen binnen Defensie, die zich iedere dag vol toewijding inzetten voor onze veiligheid.

Met deze ervaring weet ik wat er nodig is om ons land sterk, onafhankelijk en veilig te houden. In een minderheidscoalitie speelt de Kamer daarin een nog belangrijkere rol, met nieuwe vormen van samenwerking. Daarom wil ik nu heel graag vanuit de Kamer, met het VVD-team, verder aan de slag.
 
Ik hoop dat de VVD-fractie mij het vertrouwen zal geven om voorzitter te mogen zijn. En ik ben trots dat het verder versterken van onze krijgsmacht in de kundige handen van Dilan zal liggen.";1;2026-02-05T13:42:50.000Z
"Topavond in #Helmond in een kolkend stadion.

Van geopolitiek tot gemeentepolitiek, van Defensie tot lokale veiligheid, en van mijn persoonlijke drijfveren tot ervaringen als minister.

Een mooi gesprek met ca 150 zeer betrokken mensen. Bedankt voor de warme ontvangst! ";1;2026-02-03T10:30:35.000Z
"Akkoord bereikt! Met dit akkoord bouwen we aan een sterk en veilig Nederland. 

We hebben hier als @VVD een duidelijk stempel op gedrukt.

Wij komen onze beloftes na ⤵️ ";1;2026-01-30T16:14:07.000Z
"Goed inhoudelijk gesprek in Oosterhout.

Over de veranderende wereldorde, onze relatie met de VS, de NAVO en de EU, werving van meer militairen, en wat de gemeente Oosterhout kan bijdragen aan onze veiligheid en weerbaarheid.

Dank aan de @vvdoosterhout voor de mooie avond! ";1;2026-01-27T10:15:58.000Z
"“Dat verklaar en beloof ik”

De derde keer is het net zo speciaal deze woorden uit te mogen spreken. Om volksvertegenwoordiger te mogen zijn, met steun van vele duizenden kiezers. 

Ook is het geweldig weer lid te zijn van de VVD-fractie. Waar hard wordt gewerkt én gelachen! 💙🧡 ";1;2025-11-12T15:53:25.000Z
"166.730 stemmen!

Wat een geweldige steun in de rug en blijk van vertrouwen.

Ik blijf elke dag keihard werken om dit vertrouwen waar te maken, Nederland veilig te houden en Defensie te versterken.

Aan ieder van de 166.730 kiezers: ontzettend bedankt!! 🙏 ";1;2025-11-07T11:57:04.000Z
"Met een goed gevoel weer aan de slag: wat een mooie uitslag!

Maar eerst wil ik iedereen ontzettend bedanken!

Heel erg bedankt aan iedereen die op ons heeft gestemd en weer het vertrouwen geeft. In het bijzonder dank aan iedereen die op mij persoonlijk heeft gestemd. Ik waardeer deze steun ontzettend en zal iedere dag hard werken om dit waar te maken.

Enorme waardering voor @DilanYesilgoz. Met zoveel tegenwind fier overeind blijven staan: er is niemand die dit zo had gekund. Diep respect!

Ook grote dank aan het hele VVD-team. Het was weer een groot genoegen om dit samen te kunnen doen. Specifieke dank aan onze campagneleider @SilvioErkens, wat een topprestatie heeft hij geleverd. 

En natuurlijk dank aan alle vrijwilligers die weer vol energie de straat op zijn gegaan, bijeenkomsten hebben georganiseerd en online zijn blijven pushen.

Nu direct weer aan de slag! Op het ministerie van Defensie om Nederland veilig te houden. En in de Tweede Kamer om de steun van onze kiezers om te zetten naar een sterker Nederland.

Dit geeft veel energie, let’s go!";1;2025-10-30T08:13:32.000Z
"Een simpele handeling, maar een bijzonder moment.

Mijn gedachte gaat naar Oekraïne, waar gevochten wordt voor vrijheid en democratie. En naar al die plekken in de wereld waar democratie zo onder druk staat.

In Nederland kunnen we vrij stemmen. Nu voor het 80e jaar. Door grote offers die zijn gebracht. Laten we dat koesteren en actief beschermen. 

Veel wijsheid en geniet van het moment! 

#verkiezingen2025 #verkiezingen";1;2025-10-29T08:53:52.000Z
"Deze peiling laat heel duidelijk zien welke coalitie morgen mogelijk kan worden.

Bij een grote VVD: centrum-rechts kabinet

Bij een grote GL/PvdA: links kabinet

Bij een grote CDA, D66 of PVV: geen idee

Wil je een centrum-rechts kabinet? Stem dan @VVD! ";1;2025-10-28T21:17:39.000Z
"Waarom morgen toch maar weer #VVD stemmen?

1) Inhoud: beste en realistische voorstellen op veiligheid, economie en migratie

2) Mensen: stabiele bestuurders die dingen voor elkaar krijgen

3) Coalitie: alleen met grote VVD is een centrum-rechts kabinet mogelijk. En voorkomen we dat D66/CDA over links gaan met Timmermans

#tochmaarweerVVD @VVD";1;2025-10-28T16:57:56.000Z
"Iedere dag ben ik bezig om Nederland veilig te houden.

De dreigingen zijn ernstig. Het zet onze vrije manier van leven onder druk. Maar we kunnen onszelf hiertegen beschermen.

Daarom wil ik me blijven inzetten voor:
> Het versterken van onze krijgsmacht (3.5%!)
> Een stevig NAVO-bondgenootschap en steun aan Oekraïne 
> Groeiende defensiebedrijven die in Nederland banen opleveren

Als we hiervoor kiezen, weet ik zeker dat we ons veilig kunnen houden. Dat onze (klein)kinderen ook in vrijheid opgroeien. En dat onze economie een impuls krijgt, waardoor we als Nederland alleen maar sterker en weerbaarder worden.

Graag zet ik dit werk voort, met ziel en zaligheid.

Ik hoop dat mensen mij hierin willen steunen. Morgen is hiervoor de kans: lijst 3 (VVD), nummer 3!";1;2025-10-28T13:26:09.000Z
"Onze veiligheid en vrije manier van leven staan onder druk.

Rusland schroeft de militaire capaciteiten gigantisch op. Om ons hiertegen te verdedigen wil de @VVD 3.5% investeren in Defensie.

Dit is nodig voor onze veiligheid, én geeft een impuls aan onze economie en innovatie. ";1;2025-10-27T17:37:13.000Z
"In #Brabant wordt het geld verdiend, waarna het in Den Haag kan worden verdeeld.

Wij werken hier, wonen hier, genieten en vieren hier.

De @VVD wil dit beschermen. En dat vraagt keuzes. Voor een sterke economie, portemonnee, én Defensie.

Stem woensdag voor een sterk Brabant! ";1;2025-10-26T18:27:50.000Z
"Op een grijze zaterdag kleuren wij #Brabant oranje/blauw!

Van Den Bosch via Tilburg naar Waalwijk en weer terug.

Wat snakken veel mensen naar een stabiel en centrum-rechts kabinet. Met een sterke #VVD, met bestuurders die willen én kunnen leveren. 

Daar gaan we voor! 🧡💙🚀 ";1;2025-10-25T18:45:55.000Z
"Dilan legt hier haarfijn uit waarom we NU moeten besluiten tot 3.5% voor #Defensie in 2035.

Langjarige zekerheid is NU nodig. Voor Defensie om te groeien. Voor defensiebedrijven om te investeren. En om andere landen aan te kunnen spreken.

Dit toont precies waarom een centrum-rechts kabinet noodzakelijk is:";1;2025-10-24T21:57:30.000Z
"Dilan legt hier haarfijn uit waarom we NU moeten besluiten tot 3.5% voor #Defensie in 2035.

Langjarige zekerheid is NU nodig. Voor Defensie om te groeien. Voor defensiebedrijven om te investeren. En om ander landen aan te kunnen spreken.

Dit toont precies waarom een centrum-rechts kabinet noodzakelijk is:";1;2025-10-24T21:57:30.000Z
"Dilan heeft laten zien een storm te kunnen doorstaan. Bovendien heeft ze de beste voorstellen op veiligheid, economie en migratie.

Gelukkig zien nu steeds meer mensen dat.

Met iedere zetel komt een centrum-rechts kabinet dichterbij. Als VVD staan wij klaar met een sterk team… ";1;2025-10-24T21:13:50.000Z
"Overal in Brabant maken ondernemers het verschil.

Zo bezocht ik met @ThomasMelisse36 (#42 VVD) onlangs Breda International Airport. Ook hier benutten bedrijven kansen voor groei en innovatie, met raakvlakken met Defensie.

De VVD stimuleert dit ondernemerschap, mooi om te zien! ";1;2025-10-24T16:56:52.000Z
"Begonnen in de keuken van zijn ouders, en nu op zijn 20e een eigen banketbakkerij in het centrum van Breda.

Is de droom nu bereikt? Nee, het liefst wil Stijn een winkel in elke stad in NL.

Ondernemers als Stijn zijn voor wie wij als VVD het doen! Bedankt voor het mooie gesprek! ";1;2025-10-24T10:17:07.000Z
"Scherp, inhoudelijk en gericht op de mensen om wie het gaat.

Zo zagen we @DilanYesilgoz in het #debatvannl. En zo zie ik haar elke dag strijdbaar aan het werk.

De keuze is niet wie het hardst kan schreeuwen, maar wie straks wil én kan leveren. ";1;2025-10-23T20:42:01.000Z
"Hoe harder op Dilan wordt ingebeukt, des te sterker ze wordt. Ook bij een kruisverhoor van Genee. 

Zo ken ik haar al jaren. In de huidige politiek hebben we leiders nodig die tegen een stootje kunnen.

#vandaaginside @DilanYesilgoz ";1;2025-10-21T20:46:48.000Z
"Campagne is niet alleen vluchtige debatten, maar ook diepgaande inhoudelijke bijeenkomsten.

In mijn eigen Oisterwijk spreken we een hele avond over #veiligheid: van internationaal tot lokaal.

De dreigingen zijn ernstig, maar met de juiste investeringen in Defensie, politie en onze weerbaarheid blijven we veilig!

Bovendien bieden deze investeringen veel kansen: voor productie (bijv VDL), voor innovatie (bijv drone-ontwikkelaars) en voor ieder bedrijf dat iets voor Defensie kan betekenen (logistiek, medisch, voedsel etc).

Samen kunnen we dit, zolang we moedige keuzes durven maken!";1;2025-10-21T15:28:45.000Z
"Rusland werkt iedere dag in hoog tempo aan een gigantische oorlogsmachine, maar Timmermans trapt nu al op de rem (zie hieronder). 

De NAVO heeft een militair plan gemaakt om onszelf te verdedigen en Rusland af te schrikken. Dat vereist 3.5%.

Daarom moeten we niet ‘de kaarten tegen de borst houden’, maar als Nederland onze bijdrage leveren met 3.5%.

We moeten niet wachten op anderen, maar zelf het goede voorbeeld geven en andere landen aanspreken.

We moeten niet ‘kijken hoe onze economie ervoor staat’, maar met de juiste investeringen banen en innovatie stimuleren.

We moeten niet afwachten tot anderen innoveren, maar Nederlandse bedrijven langjarige zekerheid bieden zodat zij durven innoveren en investeren in ‘drones drones drones’.

De afwachtende houding van GL/PvdA kunnen we ons simpelweg niet permitteren. Rusland wacht niet, China wacht niet. De NAVO, VS en rest van Europa accepteren het niet, en terecht!

Wij moeten zelf verantwoordelijkheid nemen voor onze veiligheid. Met 3.5% in 2035. De krijgsmacht en defensie-bedrijven hebben NU die zekerheid nodig.";1;2025-10-21T10:18:23.000Z
"Omdat het RTL-debat niet over #Defensie ging, even een belangrijke vergelijking. 

De #VVD wil de grootste investering in Defensie ooit en voldoen aan de NAVO-afspraak van 3.5% in 2035. 

Gezien de toenemende Russische dreiging is dit hoognodig om ons veilig te houden. We moeten als Nederland een eerlijke bijdrage leveren en kunnen de verantwoordelijkheid niet langer afschuiven op anderen. 

Paar opvallende afwijkingen (uit CPB-doorrekening): 
- JA21 doet minder dan afgesproken tot 2030
- GL/PvdA en BBB voldoen structureel niet aan de 3.5%
- PVV noemt geen cijfers en zegt niet aan de NAVO-verplichtingen te willen voldoen

Onze veiligheid staat echt op het spel. We moeten onze verantwoordelijkheid nemen en internationale NAVO-afspraken nakomen. De keuze is helder.";1;2025-10-19T21:46:16.000Z
"Alleen maar wijze woorden van @DilanYesilgoz over #Defensie: 

“De Russische dreiging is reëel. Daarom moeten we die 3.5% NAVO-norm halen”

“Gelukkig melden zich heel veel mannen en vrouwen bij de krijgsmacht, daar ben ik hen dankbaar voor. Juist vrijwilligheid en professionaliteit moeten we stimuleren”

“We moeten wel meer in Europa samenwerken, maar géén Europees leger”

“Leiderschap is staan voor de veiligheid van Nederlanders”.

Dat laatste is precies wat Dilan doet!

#rtldebat #vvd #yesilgöz";1;2025-10-12T21:11:19.000Z
"Politieke avond met @VVDRotterdam.

Over de Russische dreiging, het vergroten van onze weerbaarheid (o.a. in het havengebied), en kansen voor de Nederlandse defensie-industrie.

De VVD en Rotterdam werken volop aan meer veiligheid en een sterke economie: niet lullen maar poetsen! ";1;2025-09-25T19:59:18.000Z
"Ik heb mij bij Buitenhof niet goed uitgedrukt.

Laat ik daarom heel duidelijk zijn: regeren met GroenLinks-PvdA is voor de VVD totaal ongeloofwaardig. Met die partij zien wij geen kabinet voor ons dat stabiel is én de juiste keuzes maakt voor Nederland.";0;2025-09-07T13:34:52.000Z
"Dank Frans, al zit het wel net wat anders. 

We bestrijden partijen op de inhoud. Daar komen we er met GL-PvdA niet uit. Met de PVV gaat dat ook principieel niet, die lopen immers weg voor hún verantwoordelijkheid. 

Dus vechten we onverminderd voor een centrum-rechts kabinet. En dat kan gewoon zoals Dilan zei, als de kiezer daartoe besluit.";1;2025-09-07T11:44:57.000Z
"Wat een goed VVD-congres: wij liberalen houden koers!

Met het persoonlijke verhaal van Dilan. Eerlijk, openhartig en zelf-kritisch. Weinig leiders durven en kunnen dat, Dilan wél!

En vooral veel inhoud. Onze plannen voor een sterke economie, investeringen in veiligheid, en een streng migratiebeleid.

Wij hebben niet alleen de juiste voorstellen, maar ook de bestuurders en ervaring om die te realiseren. 

Als de kiezer een centrum-rechts kabinet mogelijk maakt (zonder partijen die weglopen), gaan wij dat stabiel voor elkaar krijgen.

Nu op naar een stevige campagne, met het hele team VVD! Zodat Nederland weet wat er te kiezen valt. 🧡💙";1;2025-09-06T19:13:22.000Z
"Goed symposium van VVD Netwerk Internationaal.

We zagen de trotse parade van Poetin, Xi en Kim-Jong Un. In deze wereld moeten we onze vrije manier van leven beschermen.

Dat vereist fikse investeringen in Defensie. Laten we de urgentie vasthouden en economische kansen benutten! ";1;2025-09-05T16:52:03.000Z
"Deze week kunnen de VVD-leden stemmen voor de kandidatenlijst.

Een goede reden om de profielen van onze geweldige kandidaten te bekijken.

Zelf wil ik me vol energie blijven inzetten voor de veiligheid van Nederland. De mooie plek 4️⃣ voelt daarbij als een steun in de rug! (1/2) ";1;2025-08-19T08:14:50.000Z
"Bijzonder vereerd met plek 4 op de VVD concept-lijst!

Ik kijk ernaar uit om me ook de komende periode weer met ziel en zaligheid in te zetten om Nederland veilig te houden.

Op naar de campagne met dit geweldige team van kandidaten! ";1;2025-08-08T12:54:09.000Z
"Om Nederland te beschermen in een onveilige wereld, wil de VVD de grootste investering ooit in onze veiligheid.

Een sterke, moderne en technologisch superieure krijgsmacht is de beste garantie om onze vrije manier van leven veilig te stellen.

Het VVD verkiezingsprogramma bevat stevige maatregelen voor een sterke Defensie, waaronder:

1) Een investering van 3.5% in Defensie, en deze NAVO-norm als streefcijfer opnemen in de wet

2) Een sterke Europese pijler binnen de NAVO

3) Onverminderde steun aan Oekraïne 

4) 100.000 militairen en reservisten erbij

5) Investeren in het beste materieel en de wapens van de toekomst 

6) Nederland als aanjager van de defensie-industrie en -innovatie 

7) Ruim baan voor militaire oefeningen, met meer flexibele wetgeving

8) Toekomstbestendige inlichtingen- en veiligheidsdiensten, met voldoende wettelijke bevoegdheden

9) Beschermen Noordzee met meer investeringen

10) Trots op onze helden: waardering en concrete voordelen voor militairen en veteranen

Zo nemen we het heft in handen en beschermen we Nederland in een instabiele wereld!

Lees hier het hele programma: ";1;2025-07-26T09:47:08.000Z
"Een bruisend en eensgezind VVD-congres!

Met een krachtige speech van @DilanYesilgoz, een drukbezochte sessie over internationale veiligheid, en talloze goede gesprekken.

Iedereen ziet hoe onze veiligheid op het spel staat. Wij lopen niet weg, maar nemen verantwoordelijkheid! ";1;2025-06-14T18:12:43.000Z
"“We hebben elkaar nodig om een grote vuist te kunnen maken, en sterk en onafhankelijk te kunnen zijn.""

@dilanyesilgoz is helder. We moeten samen met onze bondgenoten blijven investeren in onze veiligheid. Zodat we Nederland en Europa veilig kunnen houden. ";1;2025-06-14T15:52:14.000Z
"Uitstekend gesprek bij de VVD Liberalen in Leeuwarden.

Over onze internationale veiligheid, de investeringen in Defensie en natuurlijk de politieke actualiteit.

Mooi om te zien hoeveel steun er is voor de nauwe samenwerking tussen Defensie en Friesland. ";1;2025-05-22T07:56:36.000Z
"Bij de jaarlijkse Dick Deesrede in Breda spreek ik over vrijheid.

Om onze vrijheid te beschermen moeten we onze krijgsmacht versterken en allemaal verantwoordelijkheid nemen.

Dan weet ik zeker dat liberale democratie in Europa overwint tegen de imperiale autocratie van Poetin. ";1;2025-05-16T21:03:34.000Z
"Sad to learn Professor Joseph Nye passed away at the age of 88.

He was one of the most brilliant and wise teachers I ever had. Combined with being so kind and humble made him truly unique.

An hour with Professor Nye provided a year of insights. He will be missed, but his ideas, theories and example live on. (1/2)";1;2025-05-08T20:06:22.000Z
"Een krachtige speech van Dilan, een prachtig eerbetoon aan Mark.

En daaromheen talloze goede gesprekken over veiligheid en Defensie. Werkelijk iedereen realiseert zich wat er op het spel staat.

Daarom gaan we volle vaart door met het versterken van onze krijgsmacht! #VVDcongres ";1;2024-11-30T21:36:07.000Z
"“Een groot woord van dank aan alle militairen, politieagenten, persoonsbeveiligers en iedereen die dag in dag uit werkt aan onze veiligheid.”

DANKJULLIEWEL!! 👏 ";1;2024-11-30T18:17:23.000Z
"Voor wie het vandaag in al het cijfergeweld heeft gemist:

Dit kabinet investeert nog eens €700 miljoen extra in Defensie!

Bovenop de eerdere investeringen blijven we zo structureel aan de 2%-norm voldoen. Van fundamenteel belang voor onze veiligheid!

#prinsjesdag2024";1;2024-09-17T19:27:50.000Z
Ook buiten Nederland zijn onze scherpe koers en de investeringen in onze krijgsmacht opgemerkt. ;1;2024-09-06T18:39:09.000Z
"Dit zijn van die beelden waar je eindeloos naar kunt blijven kijken. 

“Sprinting a marathon”, alleen #SifanHassan kan dat. Wat een unieke en weergaloze prestatie!

En wat een bekroning voor Nederland op deze fantastische Spelen! 🧡🇳🇱 ";1;2024-08-11T09:22:48.000Z
Fenomenaal! Femke Bol geeft het woord ‘eindsprint’ hier een nieuwe betekenis… 🥇🧡 ;1;2024-08-03T19:21:17.000Z
"De aanslag op Trump herinnert ons aan de zwartste bladzijden uit de Amerikaanse en onze democratie.

Dit moeten we breed en krachtig veroordelen. Zonder mitsen en maren. Samen dragen we onze democratie, die sterker is dan geweld.

Opgelucht dat Trump het heeft overleefd. Veel sterkte aan hem, zijn dierbaren en alle Amerikanen.";0;2024-07-14T08:17:24.000Z
"Persoonlijk kijk ik terug op een geslaagde #NAVO-top in Washington.

Veel kennismakingen met internationale collega’s, met concrete afspraken voor verdere samenwerking.

Nieuwe aankondigingen om #Oekraïne te steunen, zoals €300mln voor F16-munitie en €20mln voor drones. 

Ook stevige vastberadenheid om onze gezamenlijke verdediging via de NAVO te versterken. En om de militaire productie op te schalen. Waarbij 2% uitgaven aan Defensie de bodem is ipv een plafond.

Nu is het zaak om de vele afspraken om te zetten in daden. Actions speak louder than words. Zodat Oekraïne sterker komt te staan en onze veiligheid wordt vergroot.

Ik kijk ernaar uit om onze vrienden en bondgenoten volgend jaar te ontvangen bij de NAVO-top in Den Haag.";1;2024-07-12T07:00:19.000Z
Goed om te zien dat de positieve boodschap in #Oekraïne duidelijk is overgekomen! ;1;2024-07-03T14:12:22.000Z
"Wat een dag. Wat een eer. En wat een warme ontvangst bij @Defensie!

Het schip is van wal. Nu met veel energie aan het werk voor onze veiligheid! ";1;2024-07-02T20:31:54.000Z
"Veel dank aan het demissionaire kabinet en @DefensieMin voor het stokje rennend doorgeven.

Steun aan #Oekraïne en onze internationale veiligheid zijn nooit demissionair, maar vereisen doorlopend actie! ";1;2024-07-01T20:04:59.000Z
"Ondanks de geleverde steun zijn de luchtaanvallen op #Kharkiv niet voorbij.

Vandaag een zware luchtbom op een postcentrum. Veel schade, ten minste 1 dode en 10 gewonden (ook een baby).

#Oekraïne moet snel krijgen wat nodig is om deze zware aanvallen te stoppen, waaronder F16’s. ";0;2024-06-30T20:27:33.000Z
"Een waardige afscheidsspeech van een groots staatsman, en een uniek mens.

“Samen sta je sterker dan alleen. Juist nu moet dat ons motiveren Oekraïne te steunen. Voor vrede daar en veiligheid hier.”

Mark, het was een eer dat jij al die jaren onze premier was. DANK, DANK, DANK! ";1;2024-06-30T15:07:29.000Z
"Meer dan 100.000 Nederlanders toonden de bereidheid alles te geven.

Voor #Nederland. Voor onze vrijheid en veiligheid. Voor meer rechtvaardigheid in de wereld.

Ik vind dat werkelijk groots. Onze veteranen verdienen elke dag ontzag. En vandaag in het bijzonder.

#Veteranendag ";1;2024-06-29T15:42:43.000Z
"Dat was een goede kennismaking en inhoudelijke gedachtewisseling met de Tweede Kamer.

Nu veel zin om samen met collega Tuinman aan de slag te gaan om onze krijgsmacht te versterken, Oekraïne voluit te blijven steunen en onze samenleving weerbaarder te maken! ";1;2024-06-26T12:10:49.000Z
"Nu dan toch echt het allerlaatste debat met Mark Rutte. En natuurlijk zoals we hem kennen: bescheiden en optimistisch.

Bedankt voor alles Mark! ";1;2024-06-25T15:34:28.000Z
"Terwijl de rest van Europa geniet van het EK en de zomer, gooit #Rusland weer zware bommen op #Kharkiv.

Wederom 3 doden en &gt;50 gewonden (waaronder kinderen).

De zoveelste aansporing om #Oekraïne voluit te steunen, luchtafweer te leveren en de F16’s snel in de lucht te krijgen. ";0;2024-06-23T07:18:52.000Z
"De laatste horde is weggevallen!

Fantastisch nieuws voor de #NAVO, voor onze internationale veiligheid, voor Nederland, en voor onze demissionaire premier persoonlijk.

De beste man voor deze cruciale positie in deze cruciale tijd! ";1;2024-06-20T11:52:45.000Z
Eerste balcontact, wéér Woutje Weghorst! #POLNED ;0;2024-06-16T14:51:54.000Z
"Zeer vereerd met de voordracht als minister van #Defensie.

Onze internationale veiligheid staat stevig onder druk. We moeten onze krijgsmacht versterken, meer bijdragen aan onze gezamenlijke verdediging én Oekraïne voluit blijven steunen.

Een gewichtige verantwoordelijkheid, waar ik mijn uiterste best voor ga doen!";1;2024-06-14T15:46:17.000Z
"Fraude met verblijfsvergunningen is ontoelaatbaar!

Zeker als een medewerker van de #IND hierbij betrokken is.

Belangrijk om grondig uit te zoeken hoe groot dit probleem is en hiertegen op te treden! ";0;2024-06-12T10:47:27.000Z
"Gepassioneerde speech van CDU-leider #Merz, de grote winnaar in #Duitsland:

> #Oekraïne staat op voor velen, ook voor ons
> Als we niet bereid zijn onze vrijheid te verdedigen, hebben we onszelf opgegeven
> Wij spelen geen Chamberlain in Duitsland

Dit geeft vertrouwen voor het lange termijn commitment van Duitsland aan Oekraïne! 🇺🇦🇩🇪";1;2024-06-10T12:49:03.000Z
"#China geeft voor de zoveelste keer rugdekking aan terrorisme en agressie.

Chinese Minister van Buitenlandse Zaken: “wij zijn vastbesloten strategische relaties met #Iran te ontwikkelen op alle terreinen”

De wereldorde die China nastreeft vormt een gevaar voor onze veiligheid. ";0;2024-06-10T09:54:10.000Z
"Al meer dan 30 jaar herenigd, maar toch nog steeds verdeeld.

#Duitsland #EP2024 ";1;2024-06-10T07:28:05.000Z
"#Macron zorgt vanavond voor de grootste verrassing: hij ontbindt het parlement en schrijft nieuwe verkiezingen uit.

Hieronder in het Engels zijn toelichting:

“Ik kan niet doen of er niks gebeurd is. We moeten ambitieus zijn voor ons land en iedere Franse burger respecteren.” ";1;2024-06-09T19:40:11.000Z
"Terwijl alle exit polls binnendruppelen, hieronder een helder totaaloverzicht: 
- Radicaal-rechts wint 
- Liberalen en Groenen verliezen 
- Christen-Democraten en Sociaal-Democraten ongeveer gelijk

Verschuivingen lijken minder groot dan verwacht: 3 grootste middenpartijen (EPP-S&D-Renew) hebben nog steeds ruime meerderheid.";1;2024-06-09T18:57:56.000Z
"Verbaasd door deze uitspraken van de @CDS_Defensie:

1) Tot zover lijkt het dat de meeste Gazaanse slachtoffers niet direct zijn veroorzaakt door de Israëlische bevrijdingsactie, maar door de reactie van #Hamas. 

Hamas schoot op het bevrijdingsteam, de gijzelaars en helicopters. Alles vanuit een dichtbevolkt gebied. Dit vuurgevecht lijkt de oorzaak van een groot aantal slachtoffers. Mag Israël dan geen gerichte bevrijdingsacties meer uitvoeren, vanwege de mogelijke reactie door Hamas?

2) Het kabinet gebruikt de juridische term ‘disproportioneel’ bewust niet, omdat dit door een rechter moet worden vastgesteld. Intentie, beschikbare informatie en handelingen per militaire aanval zijn hierbij van belang. De CDS beschikt niet over de benodigde informatie om dit juridische oordeel te vellen.

3) Ook hier blijft de rol van #Hamas weer onvermeld. Op zichzelf is het gijzelen van onschuldige mensen al in strijd met het internationaal recht. En deze aantallen (>100 mensen) en duur (>8 maanden) maken het nog eens extra kwaadaardig.

Normaal formuleert de #CDS altijd heel bedachtzaam en zorgvuldig. Ik ga er maar vanuit dat dit een slordigheid was.";0;2024-06-09T13:25:11.000Z
"#Hamas koos ervoor op 7 oktober om >200 onschuldige mensen te gijzelen.

Hamas koos ervoor om gijzelaars te verbergen tussen burgers, ook nadat Israël militair Gaza binnenviel. 

Hamas koos ervoor gijzelaars 245 dagen gevangen te houden, ook na tienduizenden burgerslachtoffers in Gaza.

Hamas koos ervoor om tijdens de bevrijdingsactie in dichtbevolkt gebied het Israëlische leger voluit aan te vallen, met alle gevolgen van dien.

Hamas kiest ervoor ook nu geen nieuwe gijzelaars vrij te laten: dit zou de snelste weg zijn naar een staakt-het-vuren en veiligheid voor Gazanen.

Is het overdreven Hamas steeds zo expliciet te benoemen? Helaas niet! Het verbaast mij iedere dag opnieuw hoe vele media, ngo’s, demonstranten, politici en internationale organisaties dit nalaten. En stilzwijgend accepteren dat Hamas nu eenmaal zo handelt. 

Kritiek op de Israëlische regering mag en is soms terecht, maar laten we de beschuldigende vinger altijd allereerst in de belangrijkste richting wijzen: naar de terroristen van #Hamas (en daarachter het Iraanse regime). 

Zeker vandaag!";0;2024-06-08T20:46:05.000Z
"VN-chef #Guterres neemt NIET deel aan de vredesconferentie voor #Oekraïne.

Verbijsterend! Deze man ligt aan de leiband van China en Rusland, en toont wéér geen persoonlijk leiderschap.

Helaas wordt de #VN steeds zwakker. Guterres doet zijn uiterste best om dit te belichamen. ";0;2024-06-08T12:40:47.000Z
"VN-chef #Guteress neemt NIET deel aan de vredesconferentie voor #Oekraïne.

Verbijsterend! Deze man ligt aan de leiband van China en Rusland, en toont wéér geen persoonlijk leiderschap.

Helaas wordt de #VN steeds zwakker. Guteress doet zijn uiterste best om dit te belichamen. ";0;2024-06-08T12:37:03.000Z
"4 gijzelaars levend bevrijd!

Wat een opluchting voor de families, en heel #Israël. Na 8 maanden eindelijk weer een hoopvol moment voor alle dierbaren van de gijzelaars.

Het bevrijde meisje is Noa Argamani, ontvoerd van het muziekfestival. Hieronder het weerzien met haar vader. ";1;2024-06-08T11:13:01.000Z
"Treurig dat GL/PvdA steeds hetzelfde Haagse spelletje blijft spelen, om maar het nemen van besluiten voor een lagere asielinstroom te vermijden.

@KatiPiri weet heel goed dat het kabinet is gevallen omdat 4 partijen het niet eens konden worden over het totaalpakket om de asielinstroom omlaag te brengen, en met name het tweestatusstelsel. 

Dat was de belangrijkste maatregel om het aantal nareizigers te verminderen (nu ca 10.000 per jaar) en Nederland minder aantrekkelijk te maken voor Syriërs (verreweg de grootste groep asielzoekers).

Dit is voor en achter de schermen al tientallen keren uitgelegd. Onlangs ook weer aan de orde geweest in het formatiedebat. En nu ligt er weer een duidelijke Kamerbrief.

Laten we ons nu richten op het oplossen van de huidige asielproblemen, dat lijkt me veel relevanter!";0;2024-06-08T07:47:27.000Z
"Premier Mette Frederiksen op straat geslagen, een dreun voor de Deense democratie.

Agressie tegen politici neemt alsmaar toe. Online én op straat. 

We mogen hierbij nooit onze schouders ophalen. De norm mag niet verschuiven: geweld is altijd verwerpelijk!";0;2024-06-07T21:10:39.000Z
"#China intimideert nu ook ons Nederlandse marineschip in internationale wateren en luchtruim.

Zo’n gevaarlijke situatie mag niet worden geaccepteerd en vereist een kritische diplomatieke reactie.

Belangrijk dat #Nederland zich niet laat intimideren en staat voor vrije zeevaart! ";0;2024-06-07T17:10:39.000Z
"Wat komen verleden en heden hier ontroerend samen.

D-day veteraan: ‘jij bent de redder van het volk’
#Zelensky: ‘nee nee, jij hebt Europa gered’
D-day veteraan: ‘ik bid voor jou’

Beiden voelen als geen ander hoe de veiligheid en toekomst van Europa weer op het spel staat. ";1;2024-06-06T17:22:56.000Z
"Velen denken vandaag: ‘ach, moet ik echt gaan stemmen?’

Denk dan even aan al die Oekraïners, die nu niet kunnen stemmen vanwege de oorlog. Die ervoor vechten vrij te kunnen stemmen.

Vrij kunnen kiezen is een groot goed. Maak er gebruik van! En spoor anderen aan dit ook te doen! ";1;2024-06-06T07:29:29.000Z
"Duitse minister van Defensie #Pistorius slaat de spijker op zijn kop:

> Een Russische overwinning kost ons allemaal meer dan onze huidige steun aan #Oekraïne

> We moeten #Poetin afschrikken om het ergste te voorkomen, daarvoor moeten we voorbereid zijn op oorlog in 5 jaar

Hopelijk luistert bondskanselier #Scholz goed mee: lever de Taurus, hef restricties op wapeninzet op, en pak een leidende rol in Europa om de defensie-industrie op te schalen!

En laten we als #Nederland samen met #Duitsland ervoor zorgen dat iedereen deze urgentie voelt. Voor onze veiligheid moeten we binnen Europa intensief en slagvaardig samenwerken!";1;2024-06-05T17:24:59.000Z
"“Je kunt niet verder, als je niet weet waarvoor je moet rouwen”

Al 243 dagen verkeren de #gijzelaars en hun dierbaren in doodsangst. #Hamas misbruikt hen om Israël maximaal te tergen.

Indringend hoe met deze replica van Hamas-tunnels aandacht wordt gegeven aan de gijzelaars.

We moeten maximaal blijven doen wat we kunnen (hoe beperkt ook) om de gijzelaars vrij te krijgen. Laat er zsm licht komen aan het einde van deze tunnel…

#BringThemHome 🎗️";1;2024-06-05T16:11:34.000Z
"Deze retoriek kennen we onderhand, bedoeld om angst aan te jagen.

Wij nemen de Russische dreiging serieus, maar laten ons niet van de wijs brengen.

De beste verdediging blijft #Oekraïne voluit steunen, en via de #NAVO en #EU onze Defensie op orde brengen!";0;2024-06-05T12:46:50.000Z
"Deze Europese verkiezingen bepalen wie ons veilig en stabiel houdt.

Wie ons beschermt tegen #Poetin, weerbaar maakt tegen #China, en de #asielinstroom onder controle brengt.

Daarom een simpele oproep: ga stemmen morgen, kies #VVD! ";1;2024-06-05T07:32:48.000Z
"Dit is hoe #Rusland omgaat met Oekraïense krijgsgevangenen.

Het is niet om aan te zien, maar toch moeten we het allemaal zien.

De oorlog tussen #Oekraïne en #Rusland gaat om bestaansrecht, veiligheid en soevereiniteit. Maar ook om nog iets basaals: menselijke waardigheid! 🇺🇦 ";0;2024-06-04T21:17:15.000Z
"De lange arm van #China moet uit onze democratie blijven!

De berichten over nauwe banden tussen de partij NL Plan en de Chinese Communistische Partij zijn dan ook zeer zorgelijk.

Daarom kritische vragen met collega’s @bentebecker, @SilvioErkens, @jpaternotte en @MpanzuBamenga👇 ";0;2024-06-04T14:11:44.000Z
"Vandaag nog geen beelden uit #Oekraïne gezien?

Dat is niet omdat er geen Russische aanvallen zijn (vandaag in o.a. Kharkiv, Dnipro, Kherson), maar omdat de media er minder over berichten.

Zolang de oorlog voortduurt blijf ik deze beelden delen. Omdat Oekraïne onze steun verdient! En omdat zichtbaar moet zijn tegen welke Russische agressie wij ons moeten verdedigen!";1;2024-06-04T11:55:58.000Z
"Je kon erop wachten: #China infiltreert nu ook in de Nederlandse politiek.

De partij NL Plan is pro-China, heeft nauwe banden met de Communistische Partij, en ontving duizenden euro’s steun.

Beste democratische remedie: NIET op dit Trojaans paard stemmen!";0;2024-06-04T07:58:20.000Z
"Precies 35 jaar geleden, volgens #China is het nooit gebeurd.

Chinezen die deze dag nu willen herdenken worden zonder pardon opgepakt.

De herinnering moet levend blijven. Zodat Chinezen weten dat het mogelijk is om op te staan voor vrijheid en tegen onderdrukking. ";1;2024-06-04T07:07:10.000Z
"Steun aan #Oekraïne zou nooit afhankelijk moeten zijn van Haagse spelletjes.

Door het Hoofdlijnenakkoord is dat de komende jaren ook niet het geval.

Als het aan Timmermans ligt wel. Bij hem is de haat voor deze coalitie groter dan de liefde voor Oekraïne. Onbegrijpelijk! #Renze ";0;2024-06-03T21:19:56.000Z
"Waarom we naast kritiek op Netanyahu steeds moeten blijven opkomen voor het recht op zelfverdediging van #Israël?

Omdat Israël vanuit 7 richtingen wordt aangevallen door Iran en aanverwante terroristen.

Nu weer een aanval van #Hezbollah in het noorden op Kiryat Shmona. Woonwijken in brand, kinderen rennen in paniek. Dit kan geen land accepteren!";0;2024-06-03T13:12:02.000Z
"De Iraanse Ayatollah #Khamenei noemt 7 oktober ‘precies wat de regio nodig had’.

Niet alleen wil hij Joden uitroeien, maar ook al het leed in Gaza interesseert hem geen snars.

Demonstranten zouden hiertegen moeten protesteren en zich nooit laten lenen voor deze terreuragenda! ";0;2024-06-03T12:06:50.000Z
"Pijnlijke observatie van analist Aleksey Kopytko:

“De Israëlisch-Palestijnse kwestie duwt ons van de agenda. Het EK voetbal gaat beginnen. Dan de Olympische Spelen, en dan de vakanties tot september.”

Laten we zorgen dat deze zomer onze aandacht voor #Oekraïne niet verslapt! 🇺🇦";1;2024-06-02T14:49:48.000Z
"Ik hoef nooit meer het verwijt te horen (in de Kamer of hier op X) dat de VVD, Nederland of het westen geen vrede wil.

#China boycot niet alleen zelf de vredesconferentie van #Oekraïne, maar zet nu ook andere landen onder druk om niet deel te nemen.

Moet Oekraïne dan vooraf al concessies doen aan Rusland? Moeten we China smeken aan tafel te komen? Moeten we vooraf onze principes (soevereiniteit) overboord gooien?

Wat mij betreft is en blijft het antwoord drie keer ‘nee’. Het is aan Oekraïne om ooit te besluiten tot een ander antwoord.

Iedereen die blijft oproepen tot onderhandelingen (in plaats van militaire steun), moet eerlijk antwoord durven geven op bovenstaande drie vragen. Anders is het een goedkope oproep voor de bühne.

En hoe dan ook, we moeten Oekraïne volop militair blijven steunen. Zodat ze een sterke positie hebben, indien het ooit tot serieuze onderhandelingen komt.";0;2024-06-02T09:57:48.000Z
"Even uitzoomend: wat heeft het offensief op #Kharkiv nu opgeleverd voor #Rusland?

Nauwelijks terreinwinst. Wél dat het westen weer een rode lijn opheft: #Oekraïne mag nu wapens inzetten op Russisch grondgebied.

Ook na &gt;2 jaar oorlog blijft #Poetin strategische fouten maken.";1;2024-06-01T14:52:32.000Z
"Deze oorlogsmisdadiger:
&gt; Heeft een ICC arrestatiebevel wegens deportatie van kinderen
&gt; Heeft honderduizenden kinderen hun ouders afgepakt
&gt; Bombardeert scholen, waardoor kinderen les krijgen in metrostations

Voor al deze kinderen verdient #Poetin een speciaal plekje in hel. ";0;2024-06-01T13:15:10.000Z
"Vannacht weer 100 Russische luchtaanvallen op energievoorzieningen in #Oekraïne.

Dit heeft niks te maken met een militaire operatie, maar is puur bedoeld om de Oekraïense bevolking te terroriseren.

Eergisteren sprak ik enkele Oekraïense vrouwen. Zij vertelden dat er in #Kyiv dagelijks drie blokken van 3-4 uur zijn zonder elektriciteit. Concreet betekent dat in de nacht opstaan of laat in de avond eten om elektriciteit te hebben.

Nu is dat nog vol te houden, maar in de winter wordt het enorm zwaar. Na >2 jaar oorlog is dit mentaal slopend.

Maar zoals altijd geven de Oekraïners niet op. En wij dus ook niet!

De Oekraïense vrouwen waren dankbaar dat wij als #Nederland voorop lopen met alle vormen van steun. Zij hopen dat we andere bondgenoten willen aansporen hetzelfde te doen. Wij zullen dat blijven doen, tot het moment dat deze Russische terreur voorbij is! 🇺🇦🇳🇱";1;2024-06-01T09:25:54.000Z
"Ons geopolitiek kompas staat goed afgesteld!

Zo laten we écht zien dat #Nederland staat voor internationaal recht en vrije zeevaart. En we niet buigen voor de intimidatie van #China.

Deze boodschap is van groot belang, juist nu China de status quo rond #Taiwan stapsgewijs verandert.

Reken maar dat onze vrienden in de regio (o.a. Taiwan, Japan, Zuid-Korea, VS) dit waarderen!";1;2024-05-31T20:20:26.000Z
"75 Oekraïense krijgsgevangenen keren terug naar huis.

Soms lees ik de verhalen van krijgsgevangenen over wat zij hebben moeten doorstaan. 

Het is haast niet voor te stellen hoe #Rusland hen behandelt: koude en smerige cellen, weinig en vies eten, ernstige martelingen, continue chantage, medegevangenen die om je heen doodgaan. Dag na dag, week na week. En geen enkel idee of je ooit nog vrijkomt.

Wat deze mannen op de been hield is de hoop om ooit weer naar huis te mogen. Om op een dag hun vrouw, kinderen en familie weer te zien. Om hun kinderen te zien opgroeien in een veilig #Oekraïne.

Vandaag is die dag. Achter ieder gezicht zit een horrorverhaal. Dat maakt deze beelden zo aangrijpend. 

Ik hoop dat ze een nieuw leven kunnen opbouwen, in hun eigen land, dat op den duur weer veilig wordt. 🇺🇦";1;2024-05-31T16:15:43.000Z
"Voor iedereen die steeds goedkoop blijft roepen: ‘stop met militaire steun, ga onderhandelen’.

#Oekraïne en #Zwitserland zijn al maanden druk bezig met diplomatieke voorbereidingen voor een vredesconferentie. Als cruciale speler weigert #China nu deel te nemen.

Rusland en China willen helemaal geen vrede. Ze willen het westen verdelen en verzwakken. En Poetin wil Oekraïne op de knieën krijgen.

Al zou er een tijdelijke wapenstilstand komen, dan zal #Poetin dit gebruiken om een nog grotere oorlogsmachine op te bouwen. En enkele jaren later met een sterker leger opnieuw proberen #Kyiv omver te werpen.

Kortom, we moeten Oekraïne militair blijven steunen, zodat het deze oorlog kan winnen. Zodat Poetin weet dat een nieuwe invasie en agressie richting het westen geen zin hebben. 

Dat is de beste garantie voor duurzame vrede, zowel voor Oekraïne als de rest van Europa.";1;2024-05-31T11:16:40.000Z
"Er gaat geen dag voorbij zonder nieuwe terreuraanvallen op #Kharkiv.

Eerst een raket op een appartementencomplex, en kort daarna nog een raket om hulpverleners te raken. Minstens 5 doden, weer kinderen gewond.

#Poetin wil Oekraïners fysiek en mentaal uitputten. En wij dragen daaraan bij, door lang te dralen met beslissingen en wapenleveringen.

Onze slagkracht moet omhoog! Geen politieke spelletjes met #Oekraïne, noch in Brussel noch in Den Haag. Snel leveren en knopen doorhakken, omdat elke dag telt!";0;2024-05-31T08:12:51.000Z
Dat het presidentiële portret er ooit zo uit zou zien… ;1;2024-05-30T21:33:03.000Z
"Eindelijk maakt ook de #VS een beweging.

Dit stelt #Oekraïne in staat om #Rusland met HIMARS op afstand te houden van #Kharkiv.

Maar helaas gaat het weer in kleine stappen. Voordat Oekraïne écht kan terugslaan met langeafstand wapens en langs de hele grens, moeten eerst weer meer slachtoffers vallen.

Na >2 jaar oorlog en geen eind in zicht, is dit patroon voor Oekraïners zó frustrerend. Ze verdienen snellere en stevigere steun!

Bovendien is het ook in ons belang dat het machtsoverwicht weer zsm kantelt in het voordeel van Oekraïne.";0;2024-05-30T20:47:41.000Z
"Eerst al een minuut stilte, toen de vlag halfstok, en nu wéér een herdenking in de #VN.

Het kan niet op voor brute beul #Raisi, die een schandvlek was voor de VN.

Terecht dat #Nederland en veel anderen deze herdenking hebben geboycot! De VN zou de protocollen moeten herzien. ";0;2024-05-30T19:48:03.000Z
"De VVD twijfelt nergens over: de afspraken in het hoofdlijnenakkoord over steun aan #Oekraïne zijn glashelder!

Het punt is dat we altijd gezamenlijk optrokken in de steun aan Oekraïne. Kamerbreed! Omdat Oekraïne ver boven ieder politiek spelletje staat.

GL/PvdA breekt daar nu mee. Dat is pijnlijk en onnodig. Schijnbaar weegt de haat voor de nieuwe coalitie zwaarder dan de onvoorwaardelijke steun aan Oekraïne.

Ik hoop dat GL/PvdA weer bij zinnen komt. Laten we Oekraïne met een brede meerderheid blijven steunen! Dat verdient Oekraïne, en is cruciaal voor onze veiligheid!";0;2024-05-30T16:53:37.000Z
"De leukste baan van Den Haag is beschikbaar!

Als #VVD-fractie zoeken wij een nieuwe beleidsmedewerker Buitenlandse Zaken en Defensie.

Wil je adviseren over o.a. Oekraïne, China, het Midden-Oosten en investeringen in Defensie?

Solliciteer dan snel👇!
";1;2024-05-30T12:53:47.000Z
"Van ‘speciale militaire operatie’ naar totale mobilisatie.

#Poetin stelt nu de hele Russische overheid en economie ten dienste van zijn imperiale agressie.

Dit is waar #Oekraïne tegen vecht. Waar wij ons tegen moeten verdedigen. En waarom we een sterk Europa nodig hebben! ";0;2024-05-29T20:41:21.000Z
"Wat een kortzichtige analyse.

Alsof de migrantenpopulatie op den duur niet vergrijst.

En hier wordt de Indiase expat samengevoegd met de Eritrese asielzoeker onder de noemer ‘de migrant’. Lijkt me qua kosten toch wel een relevant onderscheid.

Alles om maar te kunnen concluderen dat migratie geen probleem is. 

Gelukkig onderkent het nieuwe kabinet de problemen wél, maakt wél relevant onderscheid tussen verschillende groepen migranten, en gaat er wél iets aan doen!";0;2024-05-29T16:55:10.000Z
"Vandaag krijgen Russische propagandisten letterlijk een podium in #Amsterdam.

En dat terwijl #Rusland volop Oekraïne blijft bombarderen. Dit staat op gespannen voet met alle inspanningen tegen Russische desinformatie.

Collega @ClaireMartens3 en ik stellen kritische vragen👇 ";0;2024-05-28T13:49:47.000Z
"Grote doorbraak in de aanpak van het terreurregime in #Iran!

Een uitspraak van de rechtbank in Düsseldorf biedt voldoende juridische basis om de Revolutionaire Garde op de EU-terreurlijst te plaatsen.

Nu de juridische obstakels weg lijken te zijn, moeten 27 EU-landen snel politiek kleur bekennen. Merk de #IRGC zsm aan als terreurorganisatie!";1;2024-05-28T11:54:12.000Z
"NEW - The #Netherlands takes the initiative to jointly deliver a #Patriot system to #Ukraine.

Other countries need to contribute to assemble one fully operational system.

We need all creativity and cooperation to reinforce Ukraine’s air defence asap! 🇺🇦🇳🇱";1;2024-05-28T07:07:58.000Z
"Dat is een hele goede en confronterende vraag…

…waar westerse landen nu geen goed antwoord op kunnen geven. Hef daarom de restricties op het aanvallen van militaire doelen in #Rusland zsm op!

Iedere dag dralen kost mensenlevens en tast het moreel van miljoenen Oekraïners aan. ";0;2024-05-27T19:39:48.000Z
"Deze medewerkers van het detentiecentrum Rotterdam zijn échte helden, diep respect!

Bij het eerstvolgende debat over de wet vreemdelingenbewaring verwacht ik ditmaal van AL mijn collega’s dat ze deze medewerkers niet in de steek laten: geef de wettelijke middelen en een streng regime om dit illegale schorem in toom te houden!

Doe ondertussen al het mogelijke om deze gewelddadige illegalen uit te zetten. 

En zorg dat Nederland zo onaantrekkelijk voor deze groep wordt dat ze hier niet meer heen komen. Laten we daarom de maatregel uit het hoofdlijnenakkoord ‘strafbaar stellen niet meewerken aan vertrek’ zsm invoeren!";1;2024-05-27T12:33:55.000Z
"De dreiging vanuit #Rusland beperkt zich niet tot Oekraïne, maar heeft de rest van Europa al jaren bereikt.

De lijst van sabotage, hacks, explosies wordt steeds langer. De #NCTV luidt nu de alarmbel.

In nauwe Europese samenwerking moeten we onze weerbaarheid vergroten om #Poetin buiten de deur te houden. 

O.a. door onze inlichtingenpositie te versterken, onze infrastructuur beter te beschermen en een strengere screening van visumaanvragen door Russen.

En bovenal, door te helpen zorgen dat #Oekraïne de oorlog wint. Zodat Rusland zwakker staat en niet de indruk heeft overal mee weg te komen in Europa.

P.S. Link naar het artikel: ";1;2024-05-27T07:47:55.000Z
"De beelden van de aanval gisteravond op #Rafah laten niet los.

Verkoolde lichamen, dode kinderen, een man die een onthoofd kind vasthoudt: het is te verschrikkelijk om hier te delen.

#Israël heeft met deze aanval 2 prominente #Hamas-terroristen uitgeschakeld.

Ik sta voor het recht van Israël om Hamas-terroristen uit te blijven schakelen, maar het offensief op Rafah kan op deze manier niet doorgaan. 

Het is daarom goed dat #Nederland en andere westerse landen de druk op de Israëlische regering opvoeren om tot een meer gerichte en terughoudende aanpak over te gaan, en de humanitaire omstandigheden in Gaza fors te verbeteren.

Tegelijkertijd zou iedereen (inclusief Arabische landen) consequent moeten veroordelen dat Hamas-terroristen zich schuilhouden in tentenkampen, ziekenhuizen, scholen etc. En daarmee weerloze kinderen als schild gebruiken.";1;2024-05-27T06:39:27.000Z
"Voor de zoveelste avond protesteren vele duizenden in #Georgië vreedzaam tégen de Russische wet en vóór een vrije toekomst.

Terwijl autocratie en onderdrukking in de wereld toenemen, laten deze Georgiërs de aantrekkingskracht zien van vrijheid en democratie.

Een inspirerend lichtpunt, tot ver buiten #Tbilisi. Het biedt hoop dat vrijheid en democratie uiteindelijk zullen overwinnen.";1;2024-05-26T20:54:13.000Z
"Samen een schild vormen om Rusland, China en Iran tegen te houden.

Vandaag goede discussies bij het VVD-congres over onze steun aan #Oekraïne, de situatie in #Israël en #Gaza, en een stevige houding tegen #China.

“Er staat nogal wat op het spel. Wij leveren. En brengen Nederland en Europa weer stappen vooruit”";1;2024-05-25T20:06:29.000Z
"“De harde waarheid is dat ons land weliswaar niet in oorlog leeft, maar dat we ook niet meer kunnen zeggen dat we in vrede leven.

Daarom investeren we volop in Defensie. 
We halen de NAVO-norm. We steunen Oekraïne, zodat Poetin niet wint.”

Sterke speech van @DilanYesilgoz! ";1;2024-05-25T12:42:20.000Z
"Momenteel zijn Kharkiv en grensregio’s niet te verdedigen.

Zoals vaker spreekt #NAVO-chef #Stoltenberg nu ook klare taal:

“De tijd is rijp om restricties op te heffen voor #Oekraïne om wapens in te zetten in #Rusland”

Hopelijk helpt dit VS en anderen over de streep te trekken! ";1;2024-05-24T21:32:04.000Z
"#Israël heeft het recht zichzelf te verdedigen tegen terreur, en #Rafah mag geen vrijplaats zijn voor #Hamas terroristen.

Maar het Internationaal Gerechtshof bevestigt nu indringend wat Nederland en andere landen al tijden zeggen:

‘Een grootschalig offensief in Rafah is onder deze omstandigheden niet mogelijk en leidt tot een humanitaire ramp’

Op dit moment is de situatie in Rafah (volgens het Hof) desastreus en wordt alsmaar slechter. Het menselijk leed in Gaza is verschrikkelijk.

Om Hamas-terroristen te kunnen blijven uitschakelen, zullen de humanitaire omstandigheden in Rafah en breder in Gaza fors moeten verbeteren. Ook zal de militaire operatie specifieker gericht moeten zijn.

De Israëlische regering kan de oproepen van internationale partners en rechterlijke uitspraken niet blijven negeren. Dat is niet in het belang van Israël.

Daarom is het terecht dat Nederland en andere landen de druk op de Israëlische regering steeds verder opvoeren.

Tot slot, laten we benadrukken dat het Gerechtshof ook weer indringend uitspreekt dat Hamas de gijzelaars direct en onvoorwaardelijk moet vrijlaten. Hamas en het Iraanse regime zijn de grootste oorzaak van al deze ellende!";1;2024-05-24T16:50:27.000Z
"Onze internationale veiligheid staat aan alle kanten onder druk.

Daarom hebben @jpaternotte en ik 3 belangrijke moties ingediend, die met brede steun in de Kamer zijn aangenomen:

1) Nederland roept andere landen op om ook toe te staan dat #Oekraïne legitieme militaire doelen in #Rusland aanvalt. Anders kan Oekraïne zich aan de grens (Kharkiv) niet verdedigen.

2) Gezamenlijk blijven communiceren aan #China dat wapensteun aan #Rusland een ‘game changer’ zou zijn voor de relatie met de EU en Nederland. Dit moet China ontmoedigen wapens aan Rusland te leveren.

3) Als EU eensgezind inspannen voor het behoud van de status quo rond #Taiwan en een intensievere samenwerking met Taiwan. Dat is van belang voor onze economie en veiligheid, verdeeldheid is juist in het belang van China.

Het beschermen van de veiligheid van onszelf en onze partners vraagt onophoudelijk om actieve inzet!";1;2024-05-23T19:25:44.000Z
"De #VN stemt in meerderheid voor het benoemen van 11 juli als wereldwijde herdenkingsdag voor de genocide in #Srebrenica.

Een belangrijk moment voor de nabestaanden, vele Bosniërs, en ook voor Nederland.

En nu niet buigen voor de dreigementen van diverse (Bosnische) Serviërs. ";1;2024-05-23T15:36:41.000Z
"#China voert weer grote militaire oefeningen uit rond #Taiwan.

De Chinese operatie ‘gezamenlijk zwaard’ is stevige intimidatie. En door de middellijn en luchtverdedigingszone te passeren, verlegt China stapsgewijs de grens (‘death by a thousand cuts’).

Voor #Nederland is dit van groot belang, vanwege de economische verwevenheid met Taiwan en de essentiële handelsroutes in deze regio.

Daarom is het belangrijk dat wij betrokkenheid laten zien. Nederland neemt nu deel aan een militaire oefening met de VS in de Zuid-Chinese Zee. Niet om te escaleren, maar om ook in daad te laten zien dat wij onze partners in de regio (Japan, Zuid-Korea etc) steunen.

En laten we niet vergeten: de beste manier om Taiwan te steunen en China te ontmoedigen, is ervoor zorgen dat #Oekraïne de oorlog wint!";1;2024-05-23T09:55:31.000Z
"“Ach, wat maakt het uit dat Rusland weer wat km2 veroverd heeft?”

Neem aub 90 seconden om deze beelden van #Vovchansk op je te laten inwerken.

Na Bucha, Mariupol, Bakhmut, Avdiivka en nu Vovchansk moeten we #Oekraïne helpen zorgen dat deze Russische hel eindelijk stopt! 🇺🇦 ";1;2024-05-22T18:53:36.000Z
"Dit is precies wat er op het spel staat in Europa!

Is de soevereiniteit van Europese landen boven iedere twijfel verheven, of mag het agressieve en imperialistische #Rusland grenzen hertekenen?

Een fundamentele reden waarom #Oekraïne niet mag verliezen! ";1;2024-05-22T11:54:46.000Z
"Erkenning van de Palestijnse staat moet onderdeel zijn van duurzame vrede en een tweestatenoplossing, die beide kanten accepteren.

Eenzijdige acties brengen een oplossing verder weg. En worden door Israël gezien als het belonen van terreur. Onverstandig! ";0;2024-05-22T08:37:50.000Z
"Compleet mesjogge.

Eerst die pijnlijke minuut stilte in de Veiligheidsraad, en nu hijst de #VN ook nog de vlag halfstok voor #Raisi. 

Voor een brute beul, die alle VN principes aan zijn laars lapte.

De VN zou de vlag halfstok moeten hangen voor alle onschuldige slachtoffers! ";0;2024-05-21T22:15:39.000Z
"Telkens wanneer alle aandacht gaat naar het Midden-Oosten, herinnert #Poetin ons dat onze aandacht voor #Oekraïne geen seconde mag verslappen.

Vannacht weer drone-aanvallen op huizen in #Kharkiv.

Kharkiv is niet te verdedigen zonder meer luchtafweer, F16’s en het aanvallen van militaire doelen in #Rusland. 

Westerse landen moeten daarom sneller leveren en Oekraïne toestaan om militaire doelen in Rusland aan te vallen.";0;2024-05-21T07:09:36.000Z
"De helikoptercrash van #Raisi zou genoeg aanleiding moeten zijn voor een herbezinning door het regime:

> Stoppen met internationale terreur: zodat de president niet meer hoeft te vliegen in een 30 jaar oude helikopter, die door sancties moeilijk onderhouden kan worden

> Stoppen met levering drones aan Rusland: zodat Iran niet afhankelijk is van drones uit Turkije om haar vermiste president te zoeken

> Stoppen met binnenlandse onderdrukking: zodat een groot deel van de Iraniërs niet langer danst en feestviert bij de dood van de president

Helaas is dit alles voorlopig ijdele hoop: de échte machthebbers (Ayatollah Khamenei en de IRGC) blijven net zo stevig in het zadel, waardoor er helaas weinig lijkt te veranderen.

Tegelijk kunnen nieuwe verkiezingen en interne strijd rond de opvolging van de Ayatollah leiden tot hernieuwde instabiliteit, protesten en druk voor meer vrijheid.

Daarom moeten we het Iraanse terreurregime onder druk blijven zetten en de dappere vrijheidsstrijders in #Iran volop blijven steunen!";0;2024-05-20T13:18:03.000Z
"Tot nu toe zijn condoleances verstuurd door China, Rusland, Pakistan, Turkije, Irak, Hamas, Hezbollah, Houthi’s en…

…de voorzitter van de Europese Raad.

Geen woord over de vele slachtoffers, de gegijzelde EU-diplomaat, of de wapens aan Rusland.

Compleet de plank misgeslagen! ";0;2024-05-20T08:50:57.000Z
"Met de dood van de Iraanse president #Raisi gaan mijn gedachten naar zijn talloze slachtoffers:

- De duizenden politiek gevangenen die eind jaren ‘80 onder zijn verantwoordelijkheid zijn geëxecuteerd

- De vele vrijheidslievende Iraniërs die de afgelopen jaren zijn opgepakt, gemarteld, verkracht en vermoord

- De Israëliërs en andere inwoners van het Midden-Oosten die getroffen zijn door de agressie van het Iraanse regime en haar terroristische handlangers

- De Oekraïners die slachtoffer werden van Iraanse drones en raketten

- En ook de Iraniërs in Nederland en andere landen die door het regime worden geïntimideerd en bedreigd

Voor al deze misdaden had #Raisi levenslang in een cel moeten doorbrengen, bijvoorbeeld in Den Haag.

Sommige slachtoffers geeft het een dubbel gevoel omdat Raisi zijn straf heeft ontlopen, anderen staan te juichen en zien dit als gerechtigheid.

#Iran en de wereld zijn een brute barbaar armer…";0;2024-05-20T07:08:03.000Z
"De #EU moet solidair zijn met de slachtoffers van het Iraanse regime!

Ter herinnering, het regime van #Iran:
> Houdt een EU diplomaat gegijzeld 
> Laat aanslagen uitvoeren in Europa
> Levert wapens aan Rusland om Oekraïne aan te vallen
> Valt Israël aan en sponsort terreur in het Midden-Oosten
> Schendt grootschalig mensenrechten in Iran, die haaks staan op iedere EU waarde.

Als deze stap al nodig is vanwege protocollaire verplichtingen, stuur dan niet zo’n juich-tweet met misplaatste hashtag #EUsolidarity.";0;2024-05-19T21:35:55.000Z
"Al ca 10 uur is de helikopter van de Iraanse president #Raisi vermist.

De omstandigheden voor de zoektocht worden steeds slechter. Er gaat veel nepnieuws rond, maar alles is nog onduidelijk.

Ieder uur wordt de kans kleiner dat deze brute staatsterrorist (‘de slager van Teheran’) het overleeft. Vrijheidslievende Iraniërs zullen er geen traan om laten.";0;2024-05-19T20:43:57.000Z
"Eerst een raket op een recreatieparkje bij #Kharkiv, en even later nóg een raket afschieten om hulpverleners te raken.

Onder de slachtoffers o.a. een zwangere vrouw en een kind.

Het is puur kwaad, echt puur Russisch kwaad, waar #Oekraïne zichzelf en Europa tegen verdedigt. 

Wij moeten blijven helpen en sneller de toegezegde wapens leveren om deze Russische staatsterreur op afstand te houden!";0;2024-05-19T15:48:02.000Z
"Veel steun bij de VVD Zuid voor het nieuwe coalitieakkoord!

Op belangrijke thema’s wordt een duidelijk VVD verhaal herkend, waaronder grip op migratie en internationale veiligheid.

En natuurlijk ook diverse aandachtspunten, waar wij als fractie en partij scherp op zullen zijn. ";1;2024-05-18T11:40:00.000Z
"De huidige asielinstroom is onhoudbaar en leidt tot een alsmaar grotere crisis.

Alleen met een uitgebreide set aan stevige maatregelen kunnen we de trend keren en weer grip krijgen op migratie.

Met dit akkoord liggen er nu stevige maatregelen die de VVD al tijden voorstelt, maar die we niet konden realiseren in eerdere kabinetten.

Het wordt nu zaak om al deze maatregelen voortvarend uit te voeren. Dat zal niet eenvoudig worden, maar we moeten ons maximaal inspannen binnen wat juridisch mogelijk is.

Zo zorgen we dat Nederland een vrij en veilig land blijft, waarin we draagvlak behouden voor opvang voor de meest kwetsbaren, zuinig zijn op onze verworvenheden en onze vrijheid beschermen.";1;2024-05-16T13:32:50.000Z
"To all Ukrainian and international friends who were concerned about Dutch support to Ukraine:

The new government coalition announced The #Netherlands keeps supporting #Ukraine in the same way!

Our commitment to Ukraine’s security against Russian aggression is rock solid! 🇺🇦🇳🇱";1;2024-05-16T10:55:19.000Z
"We blijven #Oekraïne in alle opzichten steunen tegen de Russische agressie!

Eerder is al miljardensteun voor 2024-2026 toegezegd. Als aanvullende steun aan Oekraïne nodig is, staat dat los van andere uitgaven.

Zo kunnen we zowel de steun aan Oekraïne verzekeren als minimaal 2% uitgeven aan Defensie (en dit wettelijk vastleggen). 

Wij nemen verantwoordelijkheid voor onze internationale veiligheid! 🇺🇦";1;2024-05-16T08:53:44.000Z
"Een aanslag op Premier #Fico, op de democratie in #Slowakije.

Geweld mag nooit het antwoord zijn op politieke meningsverschillen. Het holt de samenleving uit en wakkert meer agressie aan.

Ik wens de premier en alle Slowaken veel sterkte. Hopelijk helen alle wonden snel. ";0;2024-05-15T14:26:08.000Z
"Wéér een zware luchtaanval op #Kharkiv, wéér tientallen levens verwoest.

Het haalt geen voorpagina’s meer, leidt niet tot protesten op universiteiten. Maar onze verontwaardiging mag niet afnemen!

We moeten #Oekraïne de toegezegde luchtafweer en F16’s zsm leveren. Elke dag telt! ";0;2024-05-14T19:32:46.000Z
"Helaas kiest het parlement in #Georgië toch voor de Russische wet.

Poetin lacht in zijn vuistje. In Tbilisi neemt nu de onrust toe, nadat politici het slechte voorbeeld gaven (👇).

Vooral triest voor alle Georgiërs die vreedzaam protesteerden en droomden van Europese vrijheden. ";0;2024-05-14T12:40:08.000Z
"Ook eens een positief bericht vanuit de frontlinie.

Ondanks hevige Russische aanvallen houdt #Oekraïne al weken stand in Chasiv Yar, een tactisch relevante plaats in de Donbas.

Zolang we Oekraïne op tijd leveren wat het nodig heeft, houden zij Poetin (mede voor ons) op afstand! ";1;2024-05-14T07:32:25.000Z
"Iedereen vandaag ook gedacht aan de gijzelaars en hun dierbaren, al 220 dagen in doodsangst? Aan onschuldige Gazanen, in een uitzichtloze situatie? Aan alle Israëliërs en Palestijnen in angst en verdriet?

Relschoppers proberen al onze aandacht op te eisen, dat mag niet gebeuren!";0;2024-05-13T19:53:48.000Z
"#Vovchansk ligt 4km van de Russische grens, #Kharkiv 30km.

#Oekraïne kan zich niet tegen deze zware aanvallen verdedigen zonder relevante militaire doelen in Rusland uit te schakelen.

Terecht dat o.a. #Nederland en het #VK dit nu erkennen. Andere landen moeten dit ook zsm doen! ";1;2024-05-13T13:23:12.000Z
"Terwijl wij bezig waren met het liedjesfestival, maakte Rusland het dorp #Vovchansk (regio #Charkiv) met de grond gelijk.

20 luchtbommen in één dag, mensen met spoed geëvacueerd.

Laten we ons nu weer richten op de hoofdzaak: zorgen dat iedereen in Europa de vrijheid kan vieren! ";1;2024-05-12T14:55:25.000Z
"In #Georgië laat vanavond een recordaantal mensen wél de echte Europese spirit zien. 

Voor Europese vrijheid, tegen Russische onderdrukking.

En dat op een vreedzame manier: zonder barricades, vernieling, gezichtsbedekking, intimidatie en discriminerende leuzen. Zo kan het ook! ";1;2024-05-11T21:07:49.000Z
"Nieuw Russisch offensief in regio #Kharkiv lijkt vooral bedoeld om Oekraïense troepen van de rest van de frontlinie weg te halen.

Al maandenlang werden nieuwe aanvallen in mei/juni voorspeld. Maar de VS en Europese landen bleven talmen, waarvan #Oekraïne nu de gevolgen ervaart.

Daarom moeten we nu zsm de toegezegde militaire steun leveren! 

Tegelijk moeten we militaire productie fors opschalen, zonder te worden afgeleid door andere zaken. Alleen zo voorkomen we in de toekomst wéér dezelfde fout.";0;2024-05-10T17:41:12.000Z
"De zogenaamde ‘demonstranten’ hebben in ieder geval bereikt dat de discussie en ophef nu vooral over hén gaat, en niet meer over Israël en Gaza.

In de buitenlandpolitiek zouden we dit een strategische blunder noemen.";0;2024-05-09T20:42:32.000Z
"“We moeten met onze partners in de wereld nauwer samenwerken om ons te verweren tegen Rusland, China en Iran.”

We zeggen dit vaak in debatten. Daarom bezoeken we nu als Tweede Kamer #Brazilië, voor het eerst in >35 jaar. Beter laat dan nooit.

Feit is dat #China de belangrijkste handelspartner is van Brazilië. Dat ze samenwerken in de BRICS en Brazilië geen problemen ziet in Chinese investeringen. Dat Brazilië een tussenpositie inneemt in de Russische invasie in Oekraïne.

En feit is ook dat Brazilië als G20-voorzitter #Nederland NIET heeft uitgenodigd als volwaardig deelnemer. Voor het eerst in 3 jaar zit Nederland niet volledig aan tafel bij de G20. Er is dus nog veel werk aan de winkel.

Tegelijk zijn er veel kansen. Brazilië is een democratie en wil geen autocratische wereldorde. Er is veel potentie voor meer handel en investeringen, bijv in landbouw, defensie, energie en grondstoffen. Daarvoor is het handelsverdrag van de EU met #Mercosur essentieel!

En Brazilië is een cruciale partner in het bestrijden van klimaatverandering. Op dit moment wordt het zuiden van het land getroffen door een vreselijke overstroming. Wellicht kunnen wij als Nederland helpen met onze ervaring en expertise.

Veel dank voor alle goede gesprekken in de hoofdstad #Brasilia! Op naar een intensievere samenwerking, ook op parlementair niveau! 🇧🇷🇳🇱";1;2024-05-09T15:00:44.000Z
"Eerste bezoek van de Tweede Kamer commissie Buitenlandse Zaken aan #Suriname in >20 jaar!

Nu de relatie weer beter is, zijn er belangrijke kansen voor intensievere samenwerking: zoals in handel en investeringen, energie, aanpak van (drugs)smokkel en criminaliteit.

En er is ook een geopolitieke noodzaak: als wij ons terugtrekken, staat #China direct klaar om in te stappen.

In korte tijd heeft Suriname financieel orde op zaken weten te stellen en het macro-economisch fundament verbeterd. Hopelijk lukt het om dit voort te zetten, economisch te groeien en de bevolking hier meer van te laten profiteren.

#Nederland kan hier ook bij helpen, o.a. door belangrijke instituties te helpen versterken, zoals de Surinaamse belastingdienst, douane en defensie.

Dank voor de warme ontvangst! 🇸🇷🇳🇱";1;2024-05-07T10:36:21.000Z
"Groepen asielzoekers uit #Algerije zorgen voor de meeste overlast, terwijl ze vrijwel 0% kans maken op asiel.

Daarom is het zeer positief dat Algerijnen weer gedwongen kunnen worden uitgezet en in de tussentijd vastgezet.

Nu nog het aantal uitzettingen snel en flink omhoog! Zodat er minder Algerijnen hierheen komen, en de overlast en criminaliteit op en rondom AZC’s afneemt.";0;2024-05-07T09:05:02.000Z
"Twee minuten stilte. Te horen was de beschaving van de stille meerderheid…

#Dodenherdenking";1;2024-05-04T18:16:13.000Z
"Het is toch triest dat we inmiddels meer bezig lijken te zijn met de vraag ‘gaat de dodenherdenking wel goed vanavond’, dan met te herdenken waar het werkelijk om gaat.

We mogen dat niet laten gebeuren. Vandaag staan we bewust stil bij de slachtoffers van de Tweede Wereldoorlog en de Nederlandse inzet in andere oorlogssituaties. We herdenken de slachtoffers en reflecteren op het hier en nu.

Juist nu is dit zo nodig. Nu onze vrijheid en veiligheid zo onder druk staan. Nu er weer langdurige oorlog is in Europa. Nu we onze krijgsmacht en militairen zo hard nodig hebben. Nu Jodenhaat weer zulke schrikbarende vormen aanneemt.

Laten wij vandaag bij deze wezenlijke zaken stilstaan. Onze gedachten laten gaan naar de slachtoffers, niet naar randfiguren. Laat de stilte om 20.00u oorverdovend zijn.

“Allemaal geven we iets. Sommigen gaven alles.” #Dodenherdenking";1;2024-05-04T13:57:51.000Z
"Honderdduizenden dode en gewonde Russen, internationale paria, bijwagen van China, flink welvaartsverlies. En de NAVO sterker dan ooit.

Maar de door propaganda vergiftigde Rus is blij met een foto van een westerse tank.

Het zou lachwekkend zijn als het niet zo triest was… ";0;2024-05-02T20:50:15.000Z
"Goed dat de #EU doorgaat met het sluiten van migratiedeals, nu met #Libanon.

Onder deze hoge asielinstroom mag de EU door verkiezingen niet een half jaar stilstaan.

Dus ga zo door! En nu strak monitoren of dit leidt tot minder instroom en meer terugkeer! ";1;2024-05-02T20:23:01.000Z
"Onlangs ontmoette ik de moedige moeder van Hadar Goldin, wier zoon 10 jaar geleden al door Hamas werd ontvoerd en vermoord. 

Ze noemt zichzelf de ‘veteraan onder de gijzelaarsfamilies’.

Hamas heeft het dode lichaam van haar zoon nooit teruggegeven. Ze gebruiken het als machtsmiddel, om de familie te treiteren, om Israël te vernederen. Te weerzinwekkend voor woorden.

Dit is één van de talrijke nuanceringen en kanttekeningen die bij dit kwalijke artikel in NRC hadden gepast.

Als de krant ze niet plaatst, moeten anderen het maar doen…";0;2024-05-02T08:35:05.000Z
"Weer een nacht Russische hel in #Odesa, ditmaal een raketaanval op een sorteerdepot van een postbedrijf.

Directe reactie van postbedrijf: ‘wij vergoeden alle geschatte schade en nemen morgen contact op met de ontvangers’.

Het zoveelste voorbeeld van terreur versus beschaving! ";0;2024-05-01T20:59:05.000Z
"Opnieuw massale protesten in #Georgië, tégen de Russische wet en vóór een toekomst in Europa.

En dat alles ondanks het brute optreden van de politie.

Het zijn beelden die bekend zijn uit andere voormalige Sovjet-republieken.

Maar volgens Poetin-apologeten moeten we de wil van deze mensen negeren, vooral begrip hebben voor de zorgen van Rusland, en is het allemaal de schuld van de NAVO en de EU.";1;2024-05-01T19:52:55.000Z
"#Oekraïne verwoesten en uitmoorden, dát is het doel van #Poetin.

Er is geen andere reden denkbaar om clustermunitie te gebruiken op een wandelpark in #Odesa (zie hieronder).

De lijst Russische oorlogsmisdaden is eindeloos, net als de lijst met redenen om Oekraïne te steunen! ";0;2024-04-30T21:17:05.000Z
"Iedere dag opnieuw herinnert #Rusland ons waarom we #Oekraïne moeten steunen.

Zojuist weer in #Odesa.

Bij grote woorden (‘het is ook onze oorlog’, ‘Oekraïne mag niet verliezen’) horen grote daden. NU moeten we dat waarmaken, door de militaire productie massaal op te schroeven! ";1;2024-04-29T20:00:56.000Z
"Iemand op één van de vele pro-Palestina protesten al een anti-Hamas leus of spandoek gezien?

Zou toch vrij logisch zijn?

Een brute terreurbeweging die aanzette tot oorlog in Gaza. Die onschuldige Palestijnen inzet als schild. Met een bewind in strijd met alle liberale waarden. ";0;2024-04-29T19:22:18.000Z
"Een gewone vrijdagavond in Europa…

Zojuist lanceerde #Rusland Kalibr raketten vanuit de Zwarte Zee.

Dit toont waarom we #Oekraïne massaal militair moeten steunen. Zodat Oekraïners ook eindelijk weer normale nachten hebben, én zodat de rest van Europa nooit rood zal kleuren. ";0;2024-04-26T20:30:49.000Z
"De ‘driehoek van dreigingen’ (Rusland, China, Iran) zet onze veiligheid fundamenteel onder druk.

Alhoewel de VS weer te hulp is geschoten, mogen we niet in slaap sukkelen.

Ik sprak er uitgebreid over bij @BNRdewereld. Terug te luisteren vanaf 25 min via: ";1;2024-04-25T19:13:54.000Z
"🚨 Vandaag is de laatste kans!

Wil je stemmen voor de Europese verkiezingen vanuit het buitenland? Registreer je NU!

Ken je iemand in het buitenland die mogelijk wil stemmen? App/bel diegene NU!

Laat geen stemmen verloren gaan. Daarvoor is de EU voor Nederland te belangrijk! ";1;2024-04-25T14:15:07.000Z
"Sinds de zomer van 2021 is de asielinstroom op een onhoudbaar hoog niveau.

Volgens de meest actuele cijfers was de instroom afgelopen maanden zelfs weer 30% hoger dan vorig jaar. Nareis is zelfs 60% hoger.

Maar volgens linkse politici en sommige ‘experts’ is de asielinstroom nooit een probleem. Wordt gewezen naar een besparing van >6 jaar geleden. Moet het asielsysteem berekend zijn op een hoge piek die al bijna 3 jaar duurt. Waanzin!

De problemen rond asiel zijn een direct gevolg van de aanhoudend hoge instroom. Als we niks doen wordt het alsmaar erger. Er zijn forse maatregelen nodig om deze trend te keren!";0;2024-04-25T08:26:54.000Z
"Het doet pijn om mijn oude universiteit zo te zien.

Waar mij geleerd werd naar anderen te luisteren en diepgaand te doorgronden, wordt nu opgeroepen tot een ‘wereldwijde Intifada’. 

En dat door studenten die na 7 oktober zeiden dat bij verzet alle middelen zijn toegestaan.

De hele wereld kijkt naar Amerikaanse universiteiten als #Harvard. Als daar de norm vervaagt, vervaagt de norm in de VS en de rest van de wereld.

Ik verwacht dat de universiteit duidelijke normen stelt en ingrijpt!";0;2024-04-25T06:26:52.000Z
"Belangrijke bevestigingen door #Sullivan:

“Wij hebben al langeafstandraketten (#ATACMS) geleverd. We verhogen de productie, zodat we aan #Oekraïne kunnen blijven leveren én onze strijdkrachten gereed houden.”

Dat is precies wat nodig is voor onze veiligheid: de productie voldoende opschalen voor zowel Oekraïne als onze krijgsmacht!";1;2024-04-24T21:08:47.000Z
"Speciale opvang voor uitgeprocedeerde criminele vreemdelingen?

Het moet echt niet gekker worden! Zij horen te vertrekken uit Nederland. Als zij niet vrijwillig meewerken, moet dit worden bestraft. Via een ongewenstverklaring, en bredere strafbaarstelling van illegaliteit.

Zodat het niet meer aantrekkelijk is om hier te blijven rondhangen. En het op straat veiliger wordt.

Hier het hele item bij @EenVandaag: ";0;2024-04-24T19:23:00.000Z
"#Biden vat krachtig samen waarom steun aan #Oekraïne zo belangrijk is voor onze veiligheid:

“We staan allemaal samen tegenover een brute dictator. Als #Poetin wint in Oekraïne, kan de volgende stap een aanval op een NAVO-bondgenoot zijn”

“Als een NAVO-lid wordt aangevallen, hebben we geen keuze. We moeten te hulp schieten, net zoals NAVO-bondgenoten ons hielpen na 11 september”

Zeker voor ons als #Nederland zijn sterke bondgenootschappen de beste bescherming tegenover agressieve dictators als #Poetin.

Dat vereist meer investeringen in defensie, steun blijven geven aan Oekraïne, verantwoordelijkheid nemen in militaire missies en een proactief buitenlandbeleid!";1;2024-04-24T17:23:55.000Z
"De laatste horde is genomen!

De Amerikaanse Senaat heeft met ruime meerderheid (80%) de steun aan #Oekraïne goedgekeurd.

Laat dit voor Europese landen een aansporing zijn: we moeten met spoed zelf in staat worden om Poetin op afstand te houden! ";1;2024-04-24T07:57:43.000Z
"“De aantallen zouden te doen moeten zijn”

De #asielinstroom is al bijna drie jaar 1.5 à 2 keer hoger dan daarvoor. En dat bovenop 100.000 Oekraïners. Terwijl er tekort is aan woningen, personeel etc.

Met bestuurders die problemen principieel ontkennen lossen we dit nooit op! ";0;2024-04-23T12:29:46.000Z
"Rusland schiet de TV-toren in #Kharkiv neer.

Alles om het leven in Kharkiv (1.4 miljoen inwoners) zo miserabel mogelijk te maken.

Steeds bedenkt Poetin nieuwe manieren om #Oekraïne te terroriseren. Wij moeten helpen zorgen dat dit eindelijk ophoudt! ";0;2024-04-22T15:24:49.000Z
"Een half jaar lang moesten Oekraïners onnodig wachten op Amerikaanse steun.

En toch, uit alle reacties blijkt nu dankbaarheid. Geen verwijten, maar waardering.

“Ik ben een vader en een zoon. We vechten voor onze én jouw vrijheid.”

Helden als @Kochevenko verdienen onze steun👇 ";1;2024-04-22T15:05:25.000Z
"Eerst was er al de river/sea leus, maar nu wordt de oproep tot terreur tegen Israël steeds directer:

“7 oktober bewijst dat we bijna vrij zijn”

Dit is #Ottawa (Canada). In het vrije Westen moeten we met zijn allen duidelijkere grenzen stellen, tégen terreur en tégen Jodenhaat. ";0;2024-04-22T09:45:12.000Z
"Dit weekend keken #Oekraïne en de rest van #Europa met ingehouden adem naar de VS. Omdat onze defensie niet op orde is.

Over 200 dagen kiest de #VS een nieuwe President.

Dat is de tijd die Europese landen nog hebben om de defensie-productie fors op te schalen. Vol aan de bak!";1;2024-04-21T20:21:06.000Z
"Niet alleen de omvang van het Amerikaanse steunpakket is cruciaal.

Hiermee gaat de #VS eindelijk lange afstand raketten (ATACMS) leveren. #Oekraïne heeft deze nu zeer hard nodig!

Volgens Senator @MarkWarner (hoofd inlichtingencommissie) gaat de levering snel plaatsvinden! ";1;2024-04-21T15:58:05.000Z
"Waarom wringen migratiewetenschappers zich toch in allerlei bochten om de hoge asielinstroom te bagatelliseren?

2022 en 2023 behoren tot de top 7 in de afgelopen 45 jaar. Als we niks doen wordt de instroom in 2024 en de komende jaren minstens zo hoog.

En waarom staan >100.000 Oekraïners nergens in de grafiek? Als je hen meerekent (net als vluchtelingen uit de Balkan in de jaren ‘90) knalt de lijn het plaatje uit.

Kortom, stop met wegwuiven en erken de hedendaagse problemen! 

Er is namelijk juist meer onderzoek nodig naar welke maatregelen het meest effect hebben op een lagere asielinstroom (ipv de dooddoener ‘we kunnen het niet aantonen’). Daar heeft een ruime meerderheid in de politiek en samenleving behoefte aan!";0;2024-04-21T09:52:11.000Z
"Het Amerikaanse Huis keurde niet alleen met ruime meerderheid de militaire steun aan #Oekraïne goed, maar ook aan #Israël en #Taiwan.

Dat noem ik nou nog eens een WIN-WIN-WIN situatie!

En een duidelijke boodschap aan de agressieve autocraten in Moskou, Teheran en Beijing! ";1;2024-04-20T20:35:47.000Z
"EINDELIJK!

Het Amerikaanse Huis stemt in met de hoognodige steun aan #Oekraïne!

Een fundamenteel besluit voor de veiligheid van Oekraïne en Europa, én de eenheid in het Westen.

Nu hopen dat de Senaat vanavond ook direct akkoord gaat en zo de laatste horde snel neemt! 🇺🇦🇺🇸 ";1;2024-04-20T17:53:39.000Z
BREAKING: The US House votes in favor of support to #Ukraine! 🇺🇸🇺🇦 ;1;2024-04-20T17:52:00.000Z
"Iedere deskundige die blijft beweren dat asiel ca 11% uitmaakt van migratie, neem ik niet meer serieus.

Al talloze keren is aangetoond dat asielzoekers >25% uitmaken van de migranten die in Nederland blijven (het meerjarig migratiesaldo).

De reden is simpel: veel arbeidsmigranten en internationale studenten vertrekken weer na een paar jaar, terwijl statushouders hier blijven en vaker familie laten nareizen.

En dan zijn nog niet eens Oekraïners en sommige vormen van gezinshereniging meegerekend.

Wanneer een deskundige toch de 11% gebruikt, geeft degene niet objectief aan wat de impact van asiel is op Nederland. Degene bagatelliseert de impact van asiel met een verkeerd gekozen variabele.

Dat activisten, ngo’s en linkse politici dit blijven doen is tot daaraan toe, maar bij ‘objectieve deskundigen’ ben ik er onderhand wel klaar mee.

Bron van de grafiek: @demo_demo_nl";0;2024-04-20T14:43:50.000Z
Londen anno 2024. En ondertussen voeren wij discussie over de betekenis van 4 mei en wat te herdenken. Lijkt mij overduidelijk… ;0;2024-04-20T12:53:54.000Z
"“We kunnen in enkele dagen luchtverdediging en artillerie naar #Oekraïne sturen”

Vaak zit er veel tijd tussen toezegging en daadwerkelijke levering. Maar volgens het Pentagon gaat dit gelukkig snel, zodra het Congres de steun goedkeurt.

Morgen moet het eindelijk gebeuren! 🇺🇦🇺🇸 ";1;2024-04-19T20:23:18.000Z
"Terwijl alle ogen gericht zijn op Oekraïne en het Midden-Oosten, is er nog een potentiële brandhaard aan de rand van de EU.

#Dodik dreigt de Republiek Srpska af te scheiden van #Bosnië en aan te sluiten bij #Servië. Zelfs al wanneer de VN een resolutie aanneemt over de genocide in #Srebrenica (die 11 juli benoemt tot internationale herdenkingsdag).

Iedere vorm van afscheiding en agressie in Bosnië moet stevig door de EU en NAVO worden ontmoedigd. En Dodik had al lang op de EU sanctielijst moeten staan. 

Nieuwe spanningen en conflict zouden verschrikkelijk zijn voor de mensen in Bosnië, en kan Europa er nu niet bij hebben.";0;2024-04-19T14:39:06.000Z
"Alle desinformatie over ‘nazisme in Oekraïne’ in één klap weerlegd door Yale-professor @TimothyDSnyder:

“Geen extreem-rechtse partij haalde in #Oekraïne ooit &gt;3%. Rusland deporteert kinderen, vernietigt een staat en martelt massaal.”

“Zoek je fascisme, kijk naar #Rusland” ";0;2024-04-19T13:36:04.000Z
"Naast alle ellende, blijft #Oekraïne opmerkelijke resultaten boeken.
 
Nu heeft het een strategische bommenwerper uit de lucht geschoten, op &gt;300 km afstand. De eerste keer dat dit tijdens een operatie lukt.

Oekraïne stelt ons niet teleur, laten wij hen ook niet teleurstellen! ";1;2024-04-19T10:13:42.000Z
"Opnieuw een nacht Russische hel in #Oekraïne, ditmaal in #Dnipro.

Wéér 25 gewonden, wéér 8 doden, waaronder wéér 2 kinderen.

Vandaag komt de #NAVO-#Oekraïne Raad bijeen over meer militaire steun. Hier moet iets substantieels uitkomen, dit kan zo niet doorgaan! ";0;2024-04-19T08:54:35.000Z
"#Oekraïne heeft dringend meer luchtverdediging nodig!

Daarom moet #Nederland maximale flexibiliteit en creativiteit toepassen om samen met partnerlanden meer #Patriot systemen en raketten aan Oekraïne te leveren.

Zojuist is mijn oproep met brede steun in de Kamer aangenomen! 🇺🇦 ";1;2024-04-18T19:49:35.000Z
"Deze oproep over #UNRWA is niet alleen ondertekend door oud-diplomaten, maar ook door een zittend #ambassadeur.

Dat kan echt niet! De oproep gaat rechtstreeks in tegen het kabinetsbeleid, terwijl een ambassadeur het standpunt van #Nederland moet uitdragen.

Volgens de minister van Buitenlandse Zaken “roept dit de vraag op of de goede vervulling van de functie is geschaad”. Zij heeft de SG (hoogste ambtenaar) gevraagd hier opvolging aan te geven.

Belangrijk dat de leiding van Buitenlandse Zaken actie onderneemt! Dit is een kwalijk precedent, dat de kracht van onze diplomatie ondermijnt.";0;2024-04-18T18:17:30.000Z
"Als we nu geen wapens naar #Oekraïne sturen, moeten we straks meer militairen naar Polen en de Baltische Staten sturen.

Dit is precies waarom het zowel in het belang van Oekraïne als onszelf is om NU meer militaire steun te leveren.";1;2024-04-18T09:46:35.000Z
"BREAKING - De Republikeinse leider #Johnson:

“Wij begrijpen de urgentie voor #Oekraïne, staan voor vrijheid en zullen zorgen dat Poetin niet door Europa marcheert. Wij gaan het juiste doen.”

Nooit te vroeg juichen, maar het Amerikaanse steunpakket lijkt dichterbij dan ooit! 🇺🇦 ";1;2024-04-17T21:15:18.000Z
"Voor de 3e avond op rij: massale protesten in #Georgië.

Tégen de wet om media en ngo’s te beperken, tégen Rusland. Vóór vrijheid, vóór Europa, vóór Oekraïne.

Zo ziet hang naar vrijheid eruit. Maar volgens Poetin en zijn fans zal het wel weer komen door nazi’s en westerse druk… ";1;2024-04-17T20:21:56.000Z
Hier krijg ik nou vliegschaamte van… ;0;2024-04-17T11:37:10.000Z
"Vreselijke luchtaanvallen in #Chernihiv.

Begin 2022 is Chernihiv al 6 weken door Rusland belegerd geweest. Daarna een zware luchtaanval in het centrum. En nu dit weer…

2 weken geleden waren wij nog met de Tweede Kamer op deze plek in het noorden van #Oekraïne.

Mensen waren weer huizen aan het opbouwen. Het getroffen theater aan het herstellen. Ze wilden doorgaan met hun normale leven. Gewoon in rust en veiligheid.

Op het stadsplein staan de foto’s van inwoners die omgekomen zijn. In 2014/2015 in de Donbas. De afgelopen jaren sinds feb 2022. Daar komen nu helaas weer nieuwe foto’s bij.

Het is beschamend dat het westen niet meer militaire steun levert om deze onschuldige Oekraïners te beschermen. Hoeveel doden en gewonden zijn nog nodig?

Oekraïners verdienen onze steun, de inwoners van Chernihiv verdienen onze steun. Niet pas als het te laat is, maar NU! 🇺🇦";0;2024-04-17T08:29:47.000Z
"Vreselijke luchtaanvallen in #Chernihiv.

Begin 2022 is Chernihiv al 6 weken door Rusland belegerd geweest. Daarna een zware luchtaanval in het centrum. En nu dit weer…

2 weken geleden waren wij nog met de Tweede Kamer op deze plek in het noorden van #Oekraïne.

Mensen waren weer huizen aan het opbouwen. Het getroffen theater aan het herstellen. Ze wilden doorgaan met hun normale leven. Gewoon in rust en veiligheid.

Op het dorpsplein staan de foto’s van inwoners die omgekomen zijn. In 2014/2015 in de Donbas. De afgelopen jaren sinds feb 2022. Daar komen nu helaas weer nieuwe foto’s bij.

Het is beschamend dat het westen niet meer militaire steun levert om deze onschuldige Oekraïners te beschermen. Hoeveel doden en gewonden zijn nog nodig?

Oekraïners verdienen onze steun, de inwoners van Chernihiv verdienen onze steun. Niet pas als het te laat is, maar NU! 🇺🇦";0;2024-04-17T08:29:47.000Z
"Verwoesting van de elektriciteitscentrale Trypilska, nabij #Kyiv.

Waarom? Omdat na 7 onderscheppingen de raketten ‘op’ waren.

Het westen moet zich schamen. En we moeten ons realiseren dat meer schade in #Oekraïne, meer vluchtelingen, en afkalvend moreel niet in ons belang zijn. ";0;2024-04-16T21:04:27.000Z
"Het was geen ‘symbolisch luchtballet’.

&gt;300 luchtaanvallen, met 400kg ballistische raketten. #Iran had nog harder kunnen toeslaan, maar nam bewust een groot risico op zware schade, vele slachtoffers en gevaarlijke escalatie.

Dus niet bagatelliseren, maar krachtig veroordelen! ";0;2024-04-16T20:32:59.000Z
"The #EU should list Iran’s Revolutionary Guard as a terrorist organization asap!

However, even after all atrocities by the #IRGC, the EU legal criteria are still not met.

In that case: let’s lower the legal treshold for listing terrorists (like in the US). 

We must act now! ";0;2024-04-16T10:27:42.000Z
"#F35’s zijn essentieel voor de veiligheid van #Israël.

Daarom moet het kabinet de doorlevering van F35-onderdelen opnieuw beoordelen.

Deze week vragen @ThomvCampen en ik aan het kabinet om de juridische ruimte te benutten en dit met Israël te bespreken. ";0;2024-04-15T16:18:29.000Z
"Tijdens de oplopende spanningen in het Midden-Oosten mag de aandacht voor #Oekraïne ditmaal niet verslappen!

Sterker nog, het contrast tussen Israël en Oekraïne qua steun aan luchtverdediging is te groot en pijnlijk zichtbaar geworden.

De beste manier om de driehoek China-Rusland-Iran af te schrikken, is structureel genoeg militaire steun aan Oekraïne geven om te winnen. Het doorzettingsvermogen van het westen wordt getest, we mogen niet falen.

Kortom, na dit weekend zou dit de enige juiste reactie van de Republikeinen zijn. Het wordt hoog tijd!👇";1;2024-04-14T20:07:53.000Z
"Laten we zeggen waar het op staat: het is #China dat de Russische en Iraanse agressie mogelijk maakt.

Terwijl wij #Rusland en #Iran proberen te verzwakken, staat China klaar met economische en diplomatieke (en indirect militaire) rugdekking.

Zo ondermijnt China onze veiligheid in Europa, én in het Midden-Oosten. En wij laten ze daarvoor geen enkele prijs betalen.

Voor onze veiligheid moeten we consequent een stevige geopolitieke lijn tegen China voeren! (1/2)";0;2024-04-14T15:24:02.000Z
Iedereen die pleitte voor het stopzetten van de levering van toegezegde reserve-onderdelen van de #F35, was kortzichtig en heeft grote risico’s genomen met de veiligheid van #Israël. ;0;2024-04-14T13:18:15.000Z
"#F35 keert terug op luchtmachtbasis in #Israël na succesvolle luchtverdediging.

Stel je voor dat deze vannacht aan de grond had gestaan door een tekort aan reserve-onderdelen…

Gelukkig zijn er ook mensen en landen die wél de brede veiligheidsdreiging vanuit #Iran doorzien. ";1;2024-04-14T08:27:17.000Z
"Luchtverdediging boven #Israël, sirenes verspreid door het land.

Tot dusver zijn nog geen drone- of raketinslagen gerapporteerd en lijkt alles te worden onderschept. Laten we hopen dat dit zo blijft! 🙏 ";1;2024-04-13T23:01:37.000Z
Ik neem aan dat er na vannacht geen discussie meer is hoezeer #Israël #F35’s nodig heeft (inclusief reserve-onderdelen).;1;2024-04-13T21:45:43.000Z
Ik neem aan er na vannacht geen discussie meer is hoezeer #Israël #F35’s nodig heeft (inclusief reserve-onderdelen).;1;2024-04-13T21:45:14.000Z
"#Iran lanceert voor het eerst vanaf eigen grondgebied een aanval op #Israël, ipv door bijv Hezbollah aan de grens.

Dit is veel minder effectief (vlucht drones is 9 uur), maar een duidelijk signaal: ‘Iran valt ZELF aan, ondanks waarschuwingen Amerikanen’.

Iraanse Revolutionaire Garde (IRGC) heeft nu ook lancering raketten aangekondigd. Hopelijk lukt het Israël en VS om dit alles te onderscheppen…";0;2024-04-13T20:53:01.000Z
"Drone-aanval door #Iran nu bevestigd door woordvoerder Israëlisch leger.

Angst is dat deze drones mogelijk worden opgevolgd door kruisraketten en ballistische raketten (die #Israël veel sneller bereiken). De komende uren wordt duidelijk hoe ver Iran wil escaleren. 

Sterkte aan alle Israëliërs en familie hier in Nederland die vannacht in angst zitten! 🙏";0;2024-04-13T20:16:06.000Z
"BREAKING: volgens deze goed geïnformeerde journalist is de aanval van #Iran op #Israël begonnen, door middel van grote aantallen drones.

Eerste vage beelden van drones over Irak gaan rond op social media.

Het Israëlische leger heeft aangekondigd snel een verklaring te geven. ";0;2024-04-13T19:54:34.000Z
"Heldere boodschap van #Biden aan #Iran:

“Doe het niet. Wij zijn toegewijd aan de verdediging van #Israël. Iran zal niet slagen.”

Hiermee zegt de VS nu publiekelijk hetzelfde als achter de schermen. De komende uren en dagen zal blijken of het een afschrikwekkend effect heeft. ";1;2024-04-12T20:01:36.000Z
"BREAKING: Dutch Prime Minister #Rutte just told President #Zelensky we are ramping up military support!

€1 billion extra this year (on top of €2 billion) and €3 billion next year. Also €400 million for energy infrastructure.

This makes the contribution of The #Netherlands to #Ukraine >0.3% of GDP.

An absolutely necessary step at the right time! Hope other countries will follow suit! 🇺🇦🇳🇱";1;2024-04-12T13:38:48.000Z
"Iedere luchtaanval is een tragedie voor #Oekraïne, en een schandvlek voor het westen.

Wanneer worden we écht wakker, schakelen we écht bij? Pas als #Kharkiv is verwoest, Rusland doorstoot, nog meer Oekraïners hierheen vluchten?

Rusland stopt zelf niet, maar moet worden gestopt! ";0;2024-04-11T16:45:51.000Z
"Om effectief te zijn tegen #China moeten we samenwerken met #Duitsland.

Meer actie is nodig om afhankelijkheden af te bouwen, onze kennis en infrastructuur te beschermen, en Chinese agressie te ontmoedigen.

Goede gesprekken met politici, diplomaten en experts in #Berlijn! 🇳🇱🇩🇪 ";1;2024-04-11T15:20:38.000Z
"Zware Russische luchtaanvallen richten vreselijke schade aan, bijv in #Kharkiv.

Met creativiteit moet snel meer luchtverdediging naar #Oekraïne. En de productie van luchtafweersystemen en -raketten (Patriots) moet zsm omhoog!

Daarom deze Kamervragen van @SilvioErkens en mij: ";1;2024-04-10T18:28:11.000Z
"Niks mooiers dan een balletje trappen in de zon. Behalve in #Kharkiv… 😔

Rusland probeert het leven voor 1.4 miljoen Oekraïners onmogelijk te maken met pure terreur. Het westen doet te weinig, meer steun is NU nodig!

#UkraineNeedsAirDefense ";0;2024-04-09T19:50:46.000Z
"Laat deze beelden op je inwerken: de Russische ruïnering van #Kharkiv.

De tweede stad van #Oekraïne, 1.4 miljoen mensen. Poetin wil dit onleefbaar maken. Door zware luchtbommen in woonwijken en door uitschakelen elektriciteit.

Dit mogen we niet laten gebeuren! Meer luchtverdediging is nú nodig. Schroef maximaal de productie van Patriots op (systemen én raketten). Zorg dat F16’s zsm inzetbaar zijn, met de juiste radar- en raketsystemen!

En voor wie weinig sympathie voor Oekraïners heeft: doe het dan om nog meer massale vluchtelingenstromen naar de EU te voorkomen. Een veilig Kharkiv is in ieders belang!";0;2024-04-09T16:42:20.000Z
"Volgens @CSIS heeft #Hezbollah een arsenaal van 120.000-200.000 raketten.

Dit is waarom het onverantwoord is om toegezegde militaire leveringen aan #Israël stop te zetten.

En waarom de inzet van het westen moet zijn om regionale escalatie te voorkomen en #Iran af te schrikken. ";0;2024-04-09T11:04:28.000Z
"Per saldo was de EU-Turkije deal positief: veel lagere #asielinstroom in de jaren na 2015/16, veel minder #verdrinkingen, en betere opvang in #Turkije.

Als de opvang in #Griekenland niet aan de standaarden voldeed, kan Amnesty naar de Griekse rechter stappen. En vervolgens naar het Europese Hof.

Het is absurd om #Nederland aansprakelijk te stellen voor asielopvang 3000km hiervandaan. Terwijl Nederland juist bovenop de EU veel steun (geld en deskundigen) aan Griekenland beschikbaar heeft gesteld.

Laten we onze energie nu besteden aan het oplossen van de huidige asielcrisis. Dat is al moeilijk genoeg. En onze tijd niet verspillen aan dit soort rechtszaken. (1/2)";0;2024-04-08T21:10:18.000Z
"Het wordt echt met de dag gekker.

Door de EU-Turkijedeal nam de instroom in 2016 fors af, zijn duizenden verdrinkingen voorkomen, en werden asielzoekers in Turkije veel beter opgevangen.

Het enige wat deze ‘hulporganisaties’ hiermee bereiken is nog meer woede en weerstand.

En het spoort politici aan om wetten en beleid alleen maar strenger en soberder te maken, met minder maatwerk. Want er staat altijd wel een ngo of advocaat klaar met een juridisch haakje voor een rechtszaak.

Kortom, deze actie werkt alleen maar averechts. Help liever mee om grip te krijgen op migratie, in plaats van meer chaos en rechtszaken!";0;2024-04-08T07:11:28.000Z
"Daar is het dan, het ‘briljante’ vredesplan van #Trump:

‘#Oekraine moet de #Krim en de #Donbas opgeven’.

Zomaar een paar nadelen:
1) Oekraïne gaat hier nooit mee akkoord, zou dus gedwongen moeten worden 
2) Het principe van soevereiniteit gaat in Europa en de vrije wereld overboord, imperiale agressie wordt beloond (Xi plopt likkebaardend de champagne open)
3) Geen enkele garantie dat #Rusland de agressie niet zal herhalen om andere delen van Oekraïne alsnog in te nemen
4) Wat gebeurt er met Oekraïners die nu in de Donbas wonen? Zowel in reeds bezette als nog onbezette gebieden?
5) Massale oorlogsmisdaden door #Poetin en zijn regime blijven onbestraft
6) Etc etc

Zou Trump over dit alles nagedacht hebben? Ik vrees van niet…

Helaas moeten we als Europese landen voorbereid zijn op dit scenario in 2025. Dat betekent in staat zijn om Oekraïne veel meer militaire steun te leveren. Dus snel overschakelen naar een oorlogsindustrie!

En ondertussen via alle mogelijke kanalen Amerikanen overtuigen dat dit niet de gewenste oplossing is. Noch voor Oekraïne, noch voor Europa, noch voor de VS zelf, noch voor de wereld…

Hier de link naar het artikel 👉 ";0;2024-04-07T20:10:59.000Z
"Precies 6 maanden houdt #Hamas nu onschuldige mensen gegijzeld: vrouwen en mannen, kinderen en ouderen, diverse religies en achtergronden.

De #gijzelaars worden uitgehongerd, mishandeld, verkracht. Familie en vrienden verkeren in doodsangst. Dit moet zsm stoppen!

Zolang de gijzelaars in #Gaza vastzitten, zal #Israël doorvechten.

De enige weg naar een staakt-het-vuren, is dan ook door het vrijlaten van de gijzelaars.

Dus of je nou begaan met het lot van Israëliërs, het lot van Gazanen, of hopelijk allebei: de gijzelaars moeten zsm worden vrijgelaten!

IEDEREEN zou de druk op Hamas moeten opvoeren om deze onschuldige mensen acuut vrij te laten. Hamas zet hen in als oorlogswapen: dat zou iedereen consequent moeten veroordelen.

#BringThemHome";0;2024-04-07T13:20:24.000Z
"Werkbezoek aan het AZC in #Gilze.

Tegelijk werden de laatste asielcijfers openbaar, met weer stijgende aantallen. Deze situatie is onhoudbaar. Structurele oplossingen zijn hoognodig.

Het was goed om hierover open van gedachten te wisselen. Veel respect voor alle COA-medewerkers die onder grote stress werken. Bedankt voor de ontvangst!";1;2024-04-05T18:56:01.000Z
"Als eerste buitenlandse werkbezoek gingen we deze week met een brede groep Kamerleden naar #Oekraïne.

Een duidelijk statement van de nieuwe Tweede Kamer: we moeten Oekraïne blijven steunen in de strijd om vrijheid en veiligheid.

Lees er hier meer over👇
";1;2024-04-05T08:49:25.000Z
"Al 75 jaar houdt de #NAVO ons veilig.

Van 12 naar 32 landen, volledig vrijwillig.

Laat deze mijlpaal vooral aanleiding zijn tot actie: meer steun aan #Oekraïne, wapenproductie in Europa en investeringen in Defensie.

Op naar weer 75 jaar veiligheid, maar nu ook voor Oekraïne! ";1;2024-04-04T18:30:30.000Z
"Voor wie ook nog maar een seconde twijfelt over de betrokkenheid van #Iran in de terreur richting #Israël.

Hier de leider van de Palestijnse Islamitische Jihad, staand naast de Iraanse minister van Buitenlandse Zaken: 

“Iran speelt een belangrijke rol in ons verzet en onze gevechten. Dat is geen geheim. De steun is op alle niveaus van politiek, militair en veiligheid”

Het wordt echt tijd het Iraanse regime steviger aan te pakken: IRGC op EU-terroristen lijst, sancties strenger handhaven zodat handel stopt, en diplomatiek meer isoleren.

Ook ongebonden landen uit de Global South zouden dit terreurregime niet meer zo de hand boven het hoofd moeten houden.";0;2024-03-30T21:44:46.000Z
"Hier dreigde Baudet in de tweede kamer met geweld, #Trump doet er nu een schep bovenop.

Trump plaatste een filmpje waarin #Biden is vastgebonden en gekidnapt.

Een gevaarlijke tendens. Hinten op geweld tegen politici past niet in een democratie. En moet tegen worden opgetreden. ";0;2024-03-30T09:33:55.000Z
"“Er was constant angst te worden verkracht… ze voerden ‘noodzakelijke’ checks uit”

Wat een aangrijpende getuigenis van deze gijzelaar.

Naast (soms terechte) kritiek op Israël, zou iedere VN-instelling, ngo, feminist en mensenrechtenactivist #Hamas steevast moeten veroordelen.

Mijn gedachten gaan direct naar de gijzelaars en hun geliefden en familie, die al 170 dagen (!) in deze angst verkeren. 

N.B. En om alle standaard reacties te voorkomen: ik leef evenzeer mee met alle onschuldige slachtoffers en hun dierbaren in Gaza.";1;2024-03-29T22:24:49.000Z
"De hele discussie rond #Eritrea toont eens te meer aan dat:

> Een ander internationaal asielsysteem en meer migratiedeals nodig zijn, zodat Eritreeërs in de eigen regio worden opgevangen en niet de halve wereld over kunnen reizen om hier asiel aan te vragen
> Nederland niet langer soepeler en aantrekkelijker moet zijn dan wat de EU voorschrijft, zodat meer asielzoekers voor een ander land dan Nederland kiezen

Gezien de onhoudbare aantallen (instroom nu weer 30% hoger dan vorig jaar, duizenden opvangplekken tekort, geen huisvesting beschikbaar), is op alle niveaus stevige actie nodig!";0;2024-03-29T17:28:29.000Z
"Vandaag zit WSJ journalist Evan Gershkovich precies 1 jaar willekeurig opgesloten in een Russische gevangenis.

Net als Oekraïense militairen is Evan een frontsoldaat voor onze vrijheid.

Hij verdient al onze aandacht en steun, hopend op snelle vrijlating!

#FreeEvan 
#IStandWithEvan";1;2024-03-29T14:22:56.000Z
"Ik hoorde het al achter de schermen, maar nu zegt #Zelensky het ook openlijk:

“#Rusland bereidt een nieuw offensief voor, mogelijk eind mei of juni.”

Meer militaire steun moet zsm naar #Oekraïne, zowel vanuit de VS als Europa. Er is nu echt geen tijd meer te verliezen! ";1;2024-03-28T22:01:50.000Z
Wanneer hebben we dat eerder gehoord… 🙄 ;0;2024-03-28T18:31:20.000Z
"De lange arm van het Kremlin infiltreert ook in onze democratie. 

Volgens de Tsjechische geheime dienst betaalt #Rusland grote geldsommen aan politici in 6 EU-landen, waaronder #Nederland.

Dit mogen we nooit accepteren. Dit moet snel worden opgehelderd! ";0;2024-03-28T09:09:57.000Z
"“FvD: Nee we ontvangen geen roebels uit het Kremlin, onze steun aan #Rusland komt puur vanuit onze idealen”.

Dat laatste is misschien nog wel ernstiger.

Ondertussen in #Kharkiv: zwaar Russisch bombardement met 500kg geleide bom, 1 dode en 19 gewonden (4 kinderen). ";0;2024-03-27T21:33:15.000Z
"“Nee we ontvangen geen roebels uit het Kremlin, onze steun aan #Rusland komt puur vanuit onze idealen”.

Dat laatste is misschien nog wel ernstiger.

Ondertussen in #Kharkiv: zwaar Russisch bombardement met 500kg geleide bom, 1 dode en 19 gewonden (4 kinderen). ";1;2024-03-27T21:22:49.000Z
"De lukrake #Houthi aanvallen met raketten en drones op containerschepen zijn onacceptabel.

Het bedreigt de veiligheid van de bemanning, schaadt onze handel en welvaart, en ondermijnt de internationale rechtsorde.

Daarom heeft de #VVD gisteren ingestemd met de inzet van het Nederlandse fregat Zr. Ms. #Tromp in de Rode Zee. Deze gaat raketten en drones onderscheppen.

De Tromp is zojuist aangekomen in de Rode Zee. We mogen er trots op zijn dat onze Nederlandse marine op deze manier bijdraagt aan veilige zeevaart.

Ik wens onze militairen veel sterkte, een behouden vaart en veilige thuiskomst!";1;2024-03-27T11:15:54.000Z
"Drie terroristen (#Hamas) bij de opperterrorist (Ayatollah Khamenei) op het bankje in #Iran.

Het is overduidelijk dat zij geen enkele last hebben van honger.

Als #VN-organisaties echt geven om mensenrechten en de internationale rechtsorde, veroordelen ze (naast kritiek op Israël) consequent de misdaden van deze terroristen.

En als leden van de VN Veiligheidsraad (#China, #Rusland) de aangenomen resolutie echt serieus nemen, voeren ze bij #Iran en #Hamas de druk op om zich hieraan te houden. En dus de gijzelaars onmiddellijk vrij te laten…";0;2024-03-26T22:30:09.000Z
"Uitgerekend #Loekashenko haalt de leugens van #Poetin onderuit:

“De terroristen wilden naar #Belarus vluchten, maar zagen dat ze daar niet binnenkwamen. Daarom gingen ze naar de Oekraïense grens”

En dat terwijl Patrushev (Veiligheidsraad) en Bortnikov (FSB) net nog Oekraïne de schuld gaven van de terreuraanslag.

Dat we Loekashenko nu nodig hebben voor de waarheid, toont wéér hoe diep het Russische regime in al zijn waanzin gezonken is.";0;2024-03-26T15:25:47.000Z
"Europese landen moeten binnen de #NAVO veel meer doen voor onze collectieve verdediging.

Maar wie de onrealistische stelling aanhangt dat “de #EU zichzelf moet kunnen verdedigen”, moet even naar onderstaand plaatje kijken.

En dan doordenken wat deze stellingname betekent… ";0;2024-03-26T11:03:38.000Z
"#Poetin gooit er nog schep bovenop in zijn absurde beschuldigingen aan #Oekraïne.

Veel scheldwoorden en fabels, maar geen enkel bewijs (zelfs niet gefabriceerd na het beestachtig martelen van verdachten). 

Alsof het Westen of Oekraïne ooit IS-K zou inzetten. IS-K hieraan zou meewerken. En de VS dat dan ook nog vooraf zouden aankondigen. 

Het maakt dus niet uit wat Oekraïne doet, Poetin bouwt zijn eigen idiote fantasieën. 

Alles om het falen van de veiligheidsdiensten en hemzelf te maskeren. En nog meer agressie richting Oekraïne valselijk te verantwoorden.";0;2024-03-25T20:29:44.000Z
"Eindelijk overeenstemming in de #VN Veiligheidsraad, hopelijk leidt dit eindelijk tot verlichting van al het leed.

Laat dit snel leiden tot vrijlating door Hamas van de gijzelaars, massale hulp naar Gaza, en een tijdelijk staakt-het-vuren dat overgaat in een duurzame oplossing. ";1;2024-03-25T16:42:57.000Z
"Kinderen rennen in #Kyiv naar de schuilkelder, terwijl harde explosies hoorbaar zijn.

#Rusland werd dit weekend slachtoffer van terrorisme, maar het Russische regime blijft de grootste dader van staatsterreur.

Deze kinderen in #Oekraïne groeien op in angst, inmiddels al jarenlang. Alleen met onze steun hebben zij kans op een veilige toekomst.";0;2024-03-25T10:29:18.000Z
"Goedemorgen NL, een serieuze start van de week.

Deze ochtend spreek ik over de terreuraanslag in #Rusland, de dreiging van #terrorisme, en de implicaties voor de Russische agressie richting #Oekraïne.

Te zien bij WNL op NPO1 om 7.00u-10.00u. ";1;2024-03-25T06:06:16.000Z
"De bloedigste terreuraanslag in jaren, &gt;100 doden en vele gewonden, enorm leed en verdriet.

En zelfs dat direct aangrijpen om de schuld naar Oekraïne te schuiven. Om zo nog meer illegale agressie goed te praten.

Dit laat wéér zien hoe intens verrot #Poetin en zijn regime zijn. ";0;2024-03-23T13:53:11.000Z
"De vreselijke aanslag in #Moskou laat weer zien dat (islamitisch) terrorisme geen onderscheid maakt tussen slachtoffers.

Gewone Russen die een avondje naar het theater gingen, kinderen die meegingen... Ineens is alles weg. En blijft er alleen verdriet achter. 

Dit dient altijd en overal te worden veroordeeld. Ik leef mee met familie en vrienden die hun dierbaren zijn verloren.

Het lijkt erop dat IS-Khorasan achter de terreuraanslag zit. Ik hoop dat de daders gericht worden gepakt en bestraft. De schuld mag niet in verkeerde schoenen geschoven worden.";0;2024-03-23T10:20:53.000Z
"Het laatste onafhankelijke nieuws is voor #Rusland cruciaal.

Vanuit Amsterdam bereiken de redacties van @tvrain, @MoscowTimes en @meduzaproject nog steeds miljoenen Russen. 

Zij laten de andere kant zien. Houden de hoop op vrijheid levend. En geven vrijheidslievende Russen het gevoel er niet alleen voor te staan.

Voor de journalisten en redacteuren is het niet makkelijk. Ver weg van huis verslag doen van jouw land, dat steeds verder afglijdt. Ik heb veel respect voor hun doorzettingsvermogen.

Veel dank aan @derksauer voor het goede gesprek en indrukwekkende bezoek!";1;2024-03-22T15:19:29.000Z
"Met 150+ aanvallen op vitale infrastructuur gaat #Rusland weer over op massale staatsterreur.

Went dit soort aanvallen na 2 jaar? Niet bij mij, laat staan voor al die Oekraïners die nu in angst zitten en zonder water/elektriciteit.

Moeten we dan niet eens gaan praten? Volstrekt kansloos. We moeten #Oekraïne eerst in staat stellen zich te verdedigen tegen deze Russische agressie en zorgen dat ze weer militair de overhand krijgen.

Zonder dat is iedere afspraak met Rusland een vodje papier. Blijft Oekraïne kwetsbaar voor dit soort terreuraanvallen. En moeten we ons in Europa ernstig zorgen maken over onze veiligheid.";0;2024-03-22T12:34:30.000Z
"Goed om bij te praten met ambassadeur @reenat_sandhu!

#India is de belangrijkste stem uit de ‘ongebonden landen’. Daarom is het van belang om goed te begrijpen hoe India aankijkt tegen geopolitieke issues (Oekraïne/Rusland, Midden-Oosten, China, Afghanistan, Pakistan).

Tegelijk zijn er vele kansen om de banden tussen #Nederland en #India te versterken (diplomatie, handel, technologie, klimaat).

Dit biedt ook mogelijkheden om minder kwetsbaar te worden tov China. Laten we deze kansen benutten! 🇮🇳🇳🇱";1;2024-03-21T16:51:33.000Z
"Weer een schandalig dieptepunt in onze straten.

Hoe kritisch je ook bent op de regering Netanyahu, dit type agressie en intimidatie is onaanvaardbaar. Diplomaten moeten veilig en ongestoord hun werk kunnen doen.

Ik hoop dat de dader stevig wordt bestraft! ";0;2024-03-21T11:57:25.000Z
"EU leiders spreken vandaag weer over steun aan #Oekraïne.

Vannacht schoot #Rusland 31 raketten op #Kyiv. Veel angst, 13 gewonden, schade in woonwijken. 

Maar ALLES onderschept, waardoor vele levens zijn gered!

Laat het een extra aansporing zijn voor EU leiders om militair nog meer te produceren en leveren, waaronder luchtverdediging. Het is van levensbelang!";1;2024-03-21T08:15:50.000Z
"De F-16’s worden in #Oekraïne belangrijk voor luchtverdediging en aanvallen op lange afstand.

De effectiviteit van de F-16’s hangt sterk af van de training van piloten, beschikbare munitie en onderhoud.

Heel goed dat #Nederland nu aan alles bijdraagt!! 🇳🇱🇺🇦 ";1;2024-03-20T20:24:26.000Z
"A bloody shame! Letterlijk helaas…

Laat dit eenmalig zijn: we moeten er alles aan doen om onze huidige beloften aan #Oekraïne WEL na te komen!

Niet vast blijven zitten in langdurige procedures, maar waar nodig overschakelen naar een oorlogseconomie.

Dit is een kwestie van leven en dood voor Oekraïne. En fundamenteel voor onze veiligheid en het terugdringen van Russische dreigingen.";0;2024-03-20T17:45:58.000Z
"The Netherlands is in favour of using frozen Russian assets as collateral for financial support to #Ukraine!

A large majority of Dutch parliament (98%) calls on the government to take a leading role in this effort. 🇳🇱🇺🇦 ";1;2024-03-19T17:47:49.000Z
"Een lagere rechter die ingaat tegen de hoogste rechter.

Met respect voor de trias politica, maar dit is in het asielsysteem toch wel een merkwaardige rariteit.

Zoals de rechter zelf aangeeft: de gevolgen van deze uitspraak zijn inderdaad onwenselijk.

Dit lokt nog meer rechterlijke procedures uit en vertraagt de terugkeer. Zo dijt de asielcrisis verder uit, terwijl #derdelanders snel moeten vertrekken naar hun veilig thuisland.

Terecht dat het kabinet direct in hoger beroep gaat. Als er juridische ruimte is moet gedwongen terugkeer zsm plaatsvinden!";0;2024-03-19T14:39:25.000Z
"Wrede misdaden door het Iraanse regime nu onafhankelijk vastgesteld.

Het #VN-feitenonderzoek in #Iran bevat schokkende conclusies:
- Regime verantwoordelijk voor dood #MahsaAmini
- 500+ demonstranten vermoord
- Vrouwen bewust van dichtbij in ogen geschoten
- Tienduizenden vastgezet en ernstig gemarteld
- Plausibel dat schoolmeisjes zijn vergiftigd 
- Etc etc…

Iedereen met sympathie voor het Iraanse regime of zijn handlangers, moet zich na dit rapport voor de zoveelste keer achter de oren krabben.

Nu is het zaak dit VN feitenonderzoek voort te zetten. Meer bewijs te verzamelen. Zodat internationale rechtszaken gestart kunnen worden tegen de verantwoordelijke misdadigers.

De wereld mag het meedogenloze Iraanse regime hier niet mee weg laten komen!

#WomanLifeFreedom (1/2)";0;2024-03-19T08:04:56.000Z
"Poetin kan de 10-jarige illegale annexatie van de #Krim nog zo overdreven vieren, pas enkele landen erkennen dit formeel na zoveel tijd:

- Afghanistan
- Belarus
- Cuba
- Noord-Korea
- Kirgizië
- Nicaragua
- Sudan
- Syrië
- Zimbabwe

Precies het rijtje waarin #Rusland thuishoort! ";0;2024-03-18T22:26:53.000Z
"De dreigingen voor onze #veiligheid worden alsmaar groter en complexer.

#Oekraïne steunen, #Rusland afschrikken, militaire productie opschalen, weerbaarheid tegen #China versterken: dit kunnen we alleen samen met onze bondgenoten.

Goed werkbezoek van de Kamer bij #NAVO en #EU! ";1;2024-03-18T15:05:29.000Z
"Ministerie van Buitenlandse Zaken beklad met rode verf door een pro-Palestijnse actiegroep.

Wanneer gaan deze activisten zich eindelijk realiseren dat dit intimiderende en verfoeilijke vandalisme alleen maar averechts werkt? ";0;2024-03-18T07:57:41.000Z
"Iedere rij bij de stembus was een middelvinger aan #Poetin!

De enige manier waarop Russen protest konden laten zien, was allemaal op hetzelfde tijdstip gaan stemmen. Met risico op arrestatie.

Hopelijk zien miljoenen mensen binnen én buiten #Rusland deze rijen! (#StPetersburg👇) ";1;2024-03-17T16:52:52.000Z
"De Russische verkiezingen zijn al een grof schandaal, maar helemáál in de bezette delen van Oekraïne.

Daarom roep ik samen met @jpaternotte op om deze verkiezingen illegitiem te verklaren en krachtig te veroordelen.

Ik mag hopen dat dinsdag de hele Kamer voor deze motie stemt! ";0;2024-03-16T13:16:23.000Z
"De standaard vraag van Poetin-aanhangers in Nederland: 

“Noem eens één voorbeeld waarin #Rusland een NAVO- of EU-lidstaat bedreigde? Eén voorbeeld?”

Zie hieronder. Het zoveelste walgelijke voorbeeld. 

Wie dit niet wil zien is stekeblind of bewust kwaadaardig. ";0;2024-03-15T21:11:23.000Z
"Not only Putin, also #Lukashenko is a war criminal.

The Dutch Parliament (98%) believes Lukashenko should be indicted by the International Criminal Court (ICC).

It calls on the Dutch government to work in the EU to gather more evidence of #Belarus’ involvement in war crimes. ";1;2024-03-15T15:18:37.000Z
"Belangrijke motie! 

De vooruitzichten voor #Oekraïne zijn zorgelijk, terwijl het juist weer zicht moet krijgen op een overwinning.

Als Rusland steeds meer de overhand krijgt, zijn de gevolgen voor de veiligheid van Oekraïne en de rest van Europa desastreus.

Daarom moeten Europese landen de militaire productie fors opschalen. We weten immers wat Rusland de komende 2 jaar op de mat kan leggen.

Een brede politieke meerderheid wil dat #Nederland hierin een aanjagersrol vervult en zelf substantieel bijdraagt!";1;2024-03-15T09:17:14.000Z
"Een eenzijdige analyse.

Ik sprak juist diverse diplomaten die wél achter de kabinetslijn rond #Israël staan. Die zich juist onder druk gezet voelen door collega’s om mee te doen aan protestacties.

Laten we ook oog hebben voor de &gt;90% ambtenaren die niet willen protesteren. ";0;2024-03-12T09:10:59.000Z
"‘Als we Rusland laten winnen, stopt de oorlog’.

Dat is letterlijk de logica van #Orban en #Trump.

Dit is niet alleen immoreel, maar ook idioot. #Rusland begon de invasie niet vanwege westerse steun aan #Oekraïne, maar door imperiale agressie.

Bij een Russische overwinning zal dit alleen maar erger worden. De oorlog zal niet stoppen, maar zich herhalen. Dat heeft #Poetin al vele malen aangetoond en aangekondigd…";0;2024-03-11T13:18:52.000Z
"“Ik wou dat ik deze film nooit had gemaakt”

Zeer terecht won de documentaire ‘20 days in #Mariupol’ een #Oscar.

Maar het gaat niet om de prijs. Het gaat erom dat de herinnering levend blijft. Dat er aandacht voor #Oekraïne blijft. Dat duidelijk blijft wat er écht gebeurt.

Zeker nu mensen ‘gewend raken’ aan de oorlog. Zeker nu de steun voor Oekraïne in de VS en andere landen onder druk staat. Zeker nu ondoordachte oproepen worden gedaan tot onderhandelen (lees: capitulatie).

Bekijk deze aangrijpende speech. Bekijk de documentaire. En blijf de werkelijkheid in Oekraïne bekijken…";1;2024-03-11T09:01:14.000Z
"Weinig aandacht, maar een grote en belangrijke #aanscherping!

Naar aanleiding van onze motie (VVD-CDA) wordt de #asielbeoordeling stevig aangepast:

1) Minder snel en vaak voordeel van de twijfel
2) Zwaarder toetsen van geloofwaardigheid asielmotief
3) Meer individuele beoordeling wanneer iemand tot een risicogroep behoort

Hierdoor wordt strenger getoetst, gaat wellicht het inwilligingspercentage omlaag, en wordt #Nederland minder aantrekkelijk.

Hiermee sluit Nederland dichter aan bij de standaarden die de EU voorschrijft en die onze buurlanden hanteren.

Alle IND-medewerkers worden in deze nieuwe werkwijze getraind. Hopelijk heeft dit daarna een neerwaarts effect op de inwilligingspercentages en de asielinstroom.

Natuurlijk lopen ngo’s en linkse partijen meteen te pruttelen. Want stel je voor dat asielzoekers niet zo snel het voordeel van de twijfel krijgen, Nederland niet meer soepeler is dan de EU voorschrijft, en de inwilligingspercentages en de asielinstroom eindelijk eens omlaag gaan.

Rug recht houden en zo snel mogelijk consequent uitvoeren! (1/2)";1;2024-03-10T14:17:31.000Z
"Het #Vaticaan zou de moed moeten hebben om #Rusland te veroordelen en op te roepen uit #Oekraïne te vertrekken.

Dat is de moed van de blauw-gele vlag van vrijheid en soevereiniteit! 🇺🇦 ";1;2024-03-09T22:01:09.000Z
"#Erdogan na de wreedste pogrom sinds WO II:

“#Hamas is geen terroristische organisatie. #Turkije staat stevig achter Hamas”

Dit is precies waarom Westerse landen voet bij stuk moeten houden in de #VN. De walgelijke standaard van Erdogan mag niet de wereldstandaard worden! ";0;2024-03-09T19:56:24.000Z
Sommige dreigementen van #Rusland moeten we uiterst serieus nemen, andere een heel stuk minder… ;0;2024-03-09T18:55:01.000Z
"“Death by a thousand cuts”

Terwijl de wereld vooral aandacht heeft voor Israël/Gaza en Oekraïne, gaat #China door met intimidatie tegen #Taiwan.

Steeds probeert China de status quo in kleine stapjes te wijzigen. Door meer militaire oefeningen met marineschepen en straaljagers rondom Taiwan (zie hieronder: bijna 500 keer in februari). Door spionageballonnen over Taiwan te sturen (26 in februari). En door eenzijdig vliegroutes aan te passen.

China moet hier consequent op worden aangesproken. We moeten ons NU voorbereiden op toekomstige escalatie. En als Europa zorgen dat we in staat worden geopolitieke drukmiddelen tegen China in te zetten. 

In deze regio staat ook onze welvaart en (economische) veiligheid op het spel!";0;2024-03-09T15:00:29.000Z
"Natuurlijk is de President van #Israël welkom bij de opening van het Nationaal Holocaust Museum.

De huidige oorlog in Gaza en kritiek op de regering-Netanyahu staan los van de nagedachtenis aan de Holocaust.

De hoogste vertegenwoordiger van de staat Israël, het veilige toevluchtsoord voor Joden na de Holocaust, hoort hierbij te zijn.";1;2024-03-08T17:35:41.000Z
"Belangrijke conclusie in langverwacht #VN-onderzoek!

Het regime in #Iran is verantwoordelijk voor de dood van #MahsaAmini en voor ‘misdaden tegen de menselijkheid’ bij de protesten erna.

Tijd om eindelijk de zachte behandeling van Iran in de VN te stoppen en de daders van deze terreur verantwoordelijk te houden!

#InternationaleVrouwendag";1;2024-03-08T16:16:23.000Z
"“Als de VS weglopen, zijn Oekraïne, Europa en de vrije wereld in gevaar... Wij zullen niet weglopen, wij zullen niet buigen”.

#Biden is glashelder in een krachtige en energieke speech (64% positief ontvangen). 

Dit Amerikaans leiderschap hebben wij nodig tav #Oekraïne en #NAVO: ";1;2024-03-08T08:39:45.000Z
"Voorheen wilde slechts 30% van de Zweden toetreden tot de #NAVO.

Na 24 feb 2022 was er in #Zweden ineens brede steun voor NAVO-lidmaatschap.

Nu is het officieel, en is de Baltische Zee een NAVO binnenmeer (met daaraan St Petersburg).

Heuglijk voor Zweden, de NAVO en onze veiligheid! Een strategische blunder van Poetin!";1;2024-03-07T17:54:17.000Z
"Voorheen wilde slechts 30% van de Zweden toetreden tot de #NAVO.

Na 24 feb 2022 was er in #Zweden ineens brede steun voor NAVO-lidmaatschap.

Nu is het officieel, en is de Baltische Zee  een NAVO binnenmeer (met daaraan St Petersburg).

Heuglijk voor Zweden, de NAVO en onze veiligheid! Een strategische blunder van Poetin!";1;2024-03-07T17:54:17.000Z
"Een #Houthi raketaanval heeft de eerste 2 bemanningsleden gedood.

Onschuldige slachtoffers die helemaal niks met de oorlog in Gaza te maken hebben.

Wie nu nog sympathiseert met deze Houthi terroristen of zelfs “Jemen maak ons trots” scandeert, moet zich nog meer kapot schamen. ";0;2024-03-06T21:05:17.000Z
"Opiniestukken in Nederlandse kranten (Trouw, NRC) vandaag: houd meer rekening met Russische veiligheidsbelangen.

Rusland vandaag: luchtaanvallen op #Odesa, minstens 5 doden, raketaanslag op 150 meter van #Zelensky en Griekse premier #Mitsotakis.

Welk Russisch veiligheidsbelang stond vandaag in Odesa op het spel?

Precies: GEEN! Het enige wat voor Rusland telt zijn imperiale ambities. Odesa heroveren, #Oekraïne vernietigen. Bruut wraak nemen.

En ondertussen het Westen bedreigen, ontwrichten, verzwakken. Handig gebruikmakend van kwaadaardige Rusland-aanhangers, Poetin-apologeten en naïeve vredesactivisten.

Gelukkig toont de grote meerderheid van deskundigen, politici en gewone Nederlanders wel realiteitszin. Beseffen dat we Oekraïne militair moeten steunen en Russische agressie afschrikken.

Dat is de enige weg naar vrijheid en veiligheid. Zowel voor Oekraïne als Europa. Dat laat #Rusland niet alleen vandaag, maar al bijna 750 dagen op rij zien…";0;2024-03-06T18:14:31.000Z
"Opiniestukken in Nederlandse kranten (Trouw, NRC) vandaag: houd meer rekening met Russische veiligheidsbelangen.

Rusland vandaag: luchtaanvallen op #Odesa, minstens 5 doden, raketaanslag op 150 meter van #Zelensky en Griekse premier #Mitsotakis.

Welk Russisch veiligheidsbelang stond vandaag in Odesa op het spel?

Precies: GEEN! Het enige wat voor Rusland telt zijn imperiale ambities. Odesa heroveren, #Oekraïne vernietigen. Bruut wraak nemen.

En ondertussen het Westen bedreigen, ontwrichten, verzwakken. Handig gebruikmakend van kwaadaardige Rusland-aanhangers, Poetin-apologeten en naïeve vredesactivisten.

Gelukkig toont de grote meerderheid van deskundigen, politici en gewone Nederlanders wel realiteitszin. Beseffen dat we Oekraïne militair moeten steunen en Russische agressie afschrikken,

Dat is de enige weg naar vrijheid en veiligheid. Zowel voor Oekraïne als Europa. Dat laat #Rusland niet alleen vandaag, maar al bijna 750 dagen op rij zien…";0;2024-03-06T18:14:31.000Z
"Indringende ervaringen van een held uit de frontlinie in #Oekraïne.

Vandaag spraken we de Oekraïense sergeant Andrej Mahomet. Hij is lid van de elite-eenheid die zich aan de overkant van de rivier #Dnipro bevindt.

Er is een tekort aan alles. Niet alleen aan artillerie, maar ook aan drones, voertuigen en communicatiemiddelen.

Ze vechten tegen een overmacht aan Russen. Vaak op minder dan 100 meter afstand. Ze noemen het ‘de poort naar de hel’. Toch houden ze stand.

We moeten militairen als Andrej meer wapens en spullen leveren. We mogen ze aan de frontlinie niet in de steek laten. Dat doet het Westen nu wel: werkelijk beschamend.

Ze vechten voor Oekraïne, maar ook voor Europa. Voor onze gezamenlijke idealen. Voor een vrij en veilig leven, zonder Russische tirannie.

We zijn helden als Andrej oneindig veel dank verschuldigd! 🙏";1;2024-03-05T20:49:38.000Z
"Onuitlegbaar en onuitstaanbaar.

Een bewezen aanrander van 4 kinderen hoort in Nederland geen asielvergunning meer te kunnen krijgen.

Daarom diende ik onlangs een motie in om de regels hiervoor (de ‘glijdende schaal’) aan te scherpen. Ik verwacht snel een kabinetsreactie. (1/2) ";0;2024-03-05T15:48:10.000Z
"#Oekraïne schakelt opnieuw een modern Russisch patrouilleschip uit (Sergei Kotov, $65mln) in de Zwarte Zee.

Geef Oekraïne de wapens, en ze leveren bijzondere prestaties.

Bovendien is ook dit weer in ieders belang: vrije zeevaart, meer graanexport en dus lagere voedselprijzen. ";1;2024-03-05T07:23:52.000Z
"Het zoveelste voorbeeld van de doorgeslagen juridisering van asiel en migratie.

Deze derdelanders hebben veilige landen om naar terug te keren (Nigeria, Marokko, Algerije). Weten al een half jaar dat de regeling ophoudt. Konden zelfs een riante vertrekpremie krijgen.

Zij moeten gewoon zsm vertrekken. Zelfs de hoogste rechter heeft bepaald dat het recht op bescherming vervalt.

En nog worden eindeloos rechtszaken gevoerd om met juridische geitenpaadjes langer te kunnen blijven. 

Terwijl er een schreeuwend tekort is aan huizen voor Nederlanders, en opvangplekken voor Oekraïners en vluchtelingen.

Dit soort voorbeelden ontneemt iedere verleiding om (tijdelijk) ruimhartig te zijn voor specifieke individuen of groepen. Het leidt tot eindeloze rechtszaken en misstanden. Dan maar streng en consequent!";0;2024-03-04T21:31:50.000Z
"Voor wie nog (naïef) denkt dat #Rusland stopt als het een deel van #Oekraïne krijgt.

Hieronder het zoveelste bewijs dat dit niet zo is. #Medvedev: “wij willen het concept van een onafhankelijk Oekraïne voor altijd vernietigen.”

Dit mag het Westen (en de wereld) niet accepteren! ";0;2024-03-04T14:11:12.000Z
"De Republikeinse partij uit vervlogen tijden.

Toen de President nog ‘decent’ was, met verfijnde humor. Toen het verschil tussen Amerikaanse vrijheid en Russische repressie nog voor alle #Republikeinen duidelijk was.

Hopelijk is er nog net genoeg van Reagans Republikeinse partij over om het steunpakket voor #Oekraïne goed te keuren!";1;2024-03-03T19:47:19.000Z
"Een paar weken geleden was het nieuws als 20 Russen in Moskou demonstreerden.

Nu staan er voor de 3e dag eindeloze rijen met dappere Russen voor #Navalny.

#Poetin heeft de repressie intens opgevoerd. Vele oppositieleden, criticasters en journalisten opgesloten. Honderd duizenden vrijzinnige Russen hebben het land verlaten. 

Maar het ideaal van vrijheid en een andere toekomst voor #Rusland krijgt Poetin nooit volledig uit de samenleving verbannen.

Dat laten deze grote aantallen moedige Russen aan de wereld zien.";1;2024-03-03T14:24:33.000Z
"Op Radio 1 bij @WNLInDeKantine blikte ik uitgebreid terug op afgelopen week:

De uitspraken van #Macron, de (nucleaire) dreiging door #Poetin, en onze meerjarige steun aan #Oekraïne.

Terug te luisteren vanaf 1h14m35s via 👉 ";1;2024-03-03T08:27:05.000Z
"Stil protest in #Iran!

Iraniërs boycotten massaal de nep-verkiezingen, met een historisch lage opkomst.

En dat ondanks vele oproepen, gratis maaltijden en rozen, stembussen die langer open bleven, en berichten over allerlei misstanden (o.a. met gevangenen en vluchtelingen).

Zo hebben Iraniërs gesproken, juist door te zwijgen!";1;2024-03-02T20:26:52.000Z
"Graag weer aandacht voor deze dappere Russen.

Ook vandaag lange rijen om #Navalny te herdenken.

En dat onder toeziend oog van de politie. Met het risico later opgepakt en bestraft te worden. Uiterst moedig!

De wereld moet niet alleen Poetin, maar juist ook deze Russen zien! ";1;2024-03-02T15:05:32.000Z
"Waarom het kabinet NU een langjarige veiligheidsovereenkomst met #Oekraïne sluit?

Omdat dit dagelijks de helse realiteit is (#Odesa vandaag👇). Omdat oorlog niet demissionair is. Omdat Poetin NU moet zien dat wij niet opgeven.

Iedereen die loopt te klagen dat de Tweede Kamer niet is geïnformeerd, heeft de laatste 10-15 debatten niet zitten opletten. 

We spreken hier al maan-den-lang over. Met meerdere aangenomen moties die deze politieke lijn ondersteunen, voor én na de TK verkiezingen.";1;2024-03-02T14:03:45.000Z
"Door de extreme onderdrukking kunnen Russen nauwelijks protesteren.

Vandaag tonen ze immense moed. Door de straat op te gaan en zelfs ‘NEE TEGEN DE OORLOG’ te scanderen (👇). Daar staan lange gevangenisstraffen op.

De beste manier om #Navalny te eren is deze beelden zoveel mogelijk te delen!

Op de Russische TV is hiervan niks te zien. Als wij deze beelden delen, is de moed van deze heldhaftige Russen niet voor niks geweest! (1/3)";1;2024-03-01T16:33:17.000Z
"Belangrijk moment: #Nederland en #Oekraïne sluiten een 10-jarige veiligheidsovereenkomst!

Zo zeggen wij steun toe dmv militaire middelen, cyber, sancties, wederopbouw en gerechtigheid.

Juist nu is onze brede en structurele steun cruciaal, voor onze gezamenlijke veiligheid! 🇳🇱🇺🇦 ";1;2024-03-01T14:53:06.000Z
"Een onderbelicht punt rond nucleaire dreigingen en steun aan #Oekraïne.

In een negatief scenario leveren de #VS geen steun meer aan #Oekraïne, komt #NAVO artikel 5 onder druk te staan, en krijgt #Rusland de overhand.

In dat scenario zullen diverse landen nieuwe veiligheidsgaranties willen. En dan mogelijk zelf kernwapens willen bezitten. Denk aan Polen (tegen Rusland) of Zuid-Korea (tegen Noord-Korea).

In dat geval neemt de proliferatie van kernwapens toe. En daarmee wereldwijd de nucleaire risico’s.

Kortom, juist om nucleaire risico’s te beperken, is het van belang om Oekraïne te steunen en te voorkomen dat Rusland de overhand krijgt!";1;2024-02-29T20:39:06.000Z
"Ook met beperkte middelen blijft #Oekraïne buitengewone prestaties leveren.

Laat staan als het Westen wél zou leveren wat Oekraïne van ons vraagt… ";1;2024-02-29T17:49:18.000Z
"Hiermee dreigt #Poetin al bijna 2 jaar.

Zijn doelen: angst zaaien, verdeeldheid aanwakkeren, stevige repliek geven (Macron), meer wapensteun afschrikken (Scholz), het Westen aan tafel dwingen (Trump).

Wij moeten hiervan niet in paniek raken, dat is precies wat Poetin wil!

Wat moeten we wél doen: meer en langdurige wapensteun aan #Oekraïne geven. Tegelijk de druk op #Rusland blijven opvoeren en haar oorlogsmachine dwarsbomen. 

En ook na 2 jaar samen de strategie blijven bepalen en eenheid uitstralen (ipv Franse proefballonnen die iedereen vervolgens lek schiet).";0;2024-02-29T13:30:59.000Z
"Vandaag vroeg het congres van #Transnistrië om ‘bescherming door Rusland’ (maar niet om erkenning van onafhankelijkheid zoals in 2006).

Veel onduidelijkheid over wat dit precies betekent en hoe #Poetin hierop gaat reageren.

Dit past precies binnen de hybride oorlogsvoering van #Rusland: angst en onrust zaaien, desinformatie verspreiden, pro-Russische sentimenten aanwakkeren, afleiden van Oekraïne.

We moeten landen als #Moldavië blijven helpen zich te verweren tegen deze hybride oorlogsvoering!";0;2024-02-28T22:07:01.000Z
"Het ideaal van een ‘Russische wereld’ (Russkiy mir) in één foto.

Echt heel vreemd dat landen zo graag lid willen worden van de EU en NAVO… ";1;2024-02-28T20:55:24.000Z
"23 parlementen sturen een brief naar onze Amerikaanse ambtsgenoot @SpeakerJohnson, met het verzoek de steun aan #Oekraïne goed te keuren.

Ook de Tweede Kamer heeft deze brief ondertekend.

“Onze landen zijn gecommitteerd aan het vergroten van de steun aan Oekraïne, een investering in onze individuele en gezamenlijke veiligheid”.";1;2024-02-28T14:11:47.000Z
"De uitspraak van #Macron brengt (begrijpelijk) veel commotie teweeg.

Per saldo lijkt na 24 uur het resultaat:
> Ongeloofwaardige afschrikking
> Beeld van Westerse verdeeldheid
> Onnodige zorgen bij mensen dat ‘wij’ direct gaan meevechten tegen #Rusland

Kortom, dit lijkt niet goed voor de positie van #Oekraïne.

Als het Westen in de toekomst wil overgaan tot meer afschrikking, dan is het nodig gezamenlijk een geloofwaardige strategie te bepalen en dit eendrachtig te communiceren.

Als Macron een discussie wilde aanjagen zodat partners meer wapens gaan leveren, dan was dit nogal een onbesuisde manier.

Wat mij betreft moet de inzet onveranderd blijven: Oekraïne nog veel meer steunen met wapens en munitie, en tegelijk een directe confrontatie tussen de NAVO en Rusland (met grondtroepen) voorkomen.

Dat sluit aan bij wat Oekraïne aan ons vraagt. En is in het belang van onze veiligheid!";0;2024-02-27T20:52:33.000Z
"Na alle onnodige verwarring over grondtroepen naar #Oekraïne, moet de focus scherp blijven:

Meer wapens en munitie sturen, sneller leveren, en taboes op wapensystemen (Taurus, ATACMS) doorbreken!

Deze deal voor onze veiligheid zou niemand moeten weigeren, zelfs Trump niet👇 ";1;2024-02-27T19:57:53.000Z
"Ondanks bedreigingen gaan dappere Russische oppositieleiders door.

Goed gesprek met liberaal Dmitry Gudkov (@gudkovd), die eerder werd vastgezet in #Rusland en nu strijdt tegen oorlog in Oekraïne.

We moeten het terreurregime van #Poetin blijven ondermijnen en onder druk zetten! ";1;2024-02-27T16:11:08.000Z
"#Oekraïne heeft NU massaal artilleriegranaten nodig.

Tekorten aan het front leiden tot Oekraïense slachtoffers en Russisch overwicht. Om snel te leveren is alle creativiteit nodig, zoals het initiatief van #Tsjechië.

Heel goed dat #Nederland ook hier weer aan bijdraagt! 🇺🇦🇳🇱🇨🇿 ";1;2024-02-26T22:26:17.000Z
"Dit is zo’n kortzichtige analyse.

Zelf had ik ca 10 jaar ervaring voordat ik Kamerlid werd: 5.5 jaar bedrijfsleven (BCG), 1.5 jaar overheid (J&V/MinFin), 1.5 jaar universiteit (Harvard), en 1.5 jaar politiek adviseur.

Ben ik daarmee een tassendrager zonder ervaring buiten de politiek? Wat een onzin!";0;2024-02-26T20:28:18.000Z
"EIN-DE-LIJK: De laatste horde is genomen!

Het parlement van #Hongarije keurt de toetreding van #Zweden tot de #NAVO goed (met 97% van de stemmen).

Dit maakt Zweden en Noord-Europa veiliger tegen de Russische dreiging.

Welkom Zweden! Välkomna Sverige! 🇸🇪 ";1;2024-02-26T15:52:06.000Z
"Zelden zo’n schaamteloze en stuitende inbreng gezien in de #VN Mensenrechtenraad.

Het regime van #Iran onderdrukt, martelt, verkracht en vermoordt vrouwen en meisjes. 

Het steunt #Hamas en #Hezbollah. Op 7 oktober hebben deze terroristen onschuldige vrouwen verkracht en in stukken gesneden.

Het geeft wapens en raketten aan #Rusland, dat op grote schaal oorlogsmisdaden begaat.

En het enige wat de Iraanse minister van Buitenlandse Zaken hier doet is met de beschuldigende vinger naar Israël wijzen. Terwijl hij zelf een aanstichter is van de huidige ellende in Gaza.

Iedere diplomaat zou hierbij demonstratief moeten weglopen.";0;2024-02-26T14:25:32.000Z
"DESINFORMATIE!!

Door dit foute plakwerkje krijgen @DerkBoswijk en ik veel bagger over ons heen en worden uitgemaakt voor wapenlobbyist.

Even voor de duidelijkheid: wij zijn lid van de Atlantische Commissie, dat heeft niks te maken met de Atlantic Council!

De Atlantische Commissie (@Atl_Comm) is slechts een forum voor debat over trans-Atlantische veiligheidsvraagstukken. Belangrijkste partners zijn ministeries en onderwijsinstellingen.

Er zitten altijd enkele Kamerleden in het Algemeen Bestuur, wat in feite een soort klankbordgroep is. Wij ontvangen daar geen cent voor.

De Atlantic Council is Amerikaans (@AtlanticCouncil) en een hele andere organisatie.

Ik ben de politiek ingegaan omdat ik #Nederland vrij en veilig wil houden tegen dreigingen van buitenaf. Ik ben ervan overtuigd dat een goede band met de #VS hiervoor cruciaal is. Daarom draag ik graag bij aan de Atlantische Commissie. Niks meer en niks minder.

Ik zou hopen dat dit bericht net zo breed verspreid wordt als alle desinformatie. Maar helaas is die kans klein…";0;2024-02-26T09:16:50.000Z
"Op dit platform lijkt het soms of er meer steun is voor Rusland dan voor #Oekraïne.

RTL laat net actuele cijfers zien: een ruime meerderheid wil de substantiële steun aan Oekraïne voortzetten of verhogen!

Nederlanders laten Oekraïne niet in de steek. Daar ben ik trots op! 🇳🇱🇺🇦 ";1;2024-02-25T21:34:46.000Z
"Een blokkade van #Taiwan kost de wereld bijna hetzelfde als de COVID-pandemie en de financiële crisis van 2009.

Een Chinese invasie van Taiwan zou onze welvaart zelfs dubbel zo hard schaden (-10%).

#China kijkt nauwlettend hoe lang en stevig het Westen de steun aan #Oekraïne volhoudt. En neemt dat mee in haar overwegingen.

Daarmee is Oekraïne niet alleen de frontlinie van de oorlog in Europa, maar ook van een toekomstig conflict in Azië.

Een extra reden om Oekraïne te steunen! Doorlopende steun aan Oekraïne dringt niet alleen Rusland terug, maar schrikt ook China af.

Amerikaanse politici (ook radicale Republikeinen) zouden dit toch moeten begrijpen…";1;2024-02-25T14:55:59.000Z
"De Minister van Buitenlandse Zaken van #Polen (@sikorskiradek) fileert de inbreng van #Rusland in de VN Veiligheidsraad.

Iedere valse claim wordt beschaafd en zorgvuldig weerlegd.

Echt de moeite waard om te kijken, van de eerste tot de laatste seconde. En dan nog eens… ";1;2024-02-24T22:47:32.000Z
"Grote manifestatie voor #Oekraïne op de Dam, met nog meer mensen dan vorig jaar!

Het doorzettingsvermogen en de moed van Oekraïners zijn een inspiratie voor iedereen.

We hebben 10 jaar geprobeerd te onderhandelen met #Poetin. Maar bij iedere concessie werd zijn machtshonger groter. Laten we niet weer dezelfde fout maken!

Niemand weet precies hoe lang de oorlog nog duurt. Maar dit weten we wel zeker: het is beter om Oekraïense levens te redden, het is beter om Rusland tegen te houden in Oekraïne dan aan de grens met de EU, en het is beter dat Oekraïne de overhand krijgt ipv #Rusland.

Daarom moeten we Oekraïne blijven steunen. Nu en in de toekomst. Totdat oorlogsmisdadiger Poetin in een Haagse cel zit en Oekraïne weer vrij en veilig is!";1;2024-02-24T15:41:39.000Z
#Finland hijst vandaag de grootste vlag van #Oekraïne in Europa vlakbij de grens met Rusland! 🇺🇦 ;1;2024-02-24T12:57:31.000Z
"Vandaag is er gelukkig veel aandacht voor #Oekraïne, maar dit mag morgen niet ophouden.

Deze oorlog wordt geen mindere prioriteit, heeft geen vakantie, wordt nooit ‘business-as-usual’. Noch voor Oekraïne, noch voor #Nederland.

Daarom hoop ik dat media hun Oekraïne-blog ook na vandaag voortzetten of in ere herstellen!";1;2024-02-24T09:41:37.000Z
"Er is nog brede politieke steun voor #Oekraïne!

Dit kunnen we niet vaak genoeg herhalen. Onze steun is van levensbelang: zolang als de Oekraïners moeten strijden tegen de Russische agressie, en voor vrijheid en veiligheid!

Mooi dat 9 partijen deze verklaring samen uitgeven 🇺🇦: ";1;2024-02-23T20:00:53.000Z
"#Rusland probeert de moraal van #Oekraïne en het Westen te breken.

Dat mag niet gebeuren! Juist nu moeten we #Poetin duidelijk maken dat wij het langer volhouden dan hij.

De Russische agressie stopt niet door deze te belonen met concessies, maar te laten zien dat het een heilloze weg is.

Daarom zeer goed en belangrijk dat #Nederland dit langjarig veiligheidsakkoord met Oekraïne sluit!! 🇺🇦🇳🇱";1;2024-02-23T15:43:13.000Z
"Rusland probeert de moraal van #Oekraïne en het Westen te breken.

Dat mag niet gebeuren! Juist nu moeten we Poetin duidelijk maken dat wij het langer volhouden dan hij.

De Russische agressie stopt niet door deze te belonen met concessies, maar te laten zien dat het een heilloze weg is.

Daarom zeer goed en belangrijk dat Nederland dit langjarig veiligheidsakkoord met Oekraïne sluit!! 🇺🇦🇳🇱";1;2024-02-23T15:42:46.000Z
"Rusland probeert de moraal van #Oekraïne en het Westen te breken.

Dat mag niet gebeuren! Juist nu moeten we Poetin duidelijk maken dat wij het langer volhouden.

De Russische agressie stopt niet door deze te belonen met concessies, maar te laten zien dat het een heilloze weg is. ";0;2024-02-23T15:42:46.000Z
"Dictatorschap vs leiderschap
Dader vs getroffene
Nuttige idioot vs vrije media ";0;2024-02-23T11:15:45.000Z
"Veel terechte terugblikken deze dagen op 2 jaar (en 10 jaar) oorlog in #Oekraïne.

Hiermee mag echter niet onbedoeld de indruk ontstaan dat de oorlog iets van het verleden is, zeker nu actuele gebeurtenissen de voorpagina’s niet altijd meer halen.

De Russische aanvallen gaan onverminderd door, zowel aan de frontlinie als in andere delen van Oekraïne.

Vannacht weer luchtaanvallen op o.a. #Odesa en #Dnipro, met meerdere doden en gewonden (👇). Deze beelden moeten we onder de aandacht blijven brengen!

En laten we de steun aan Oekraïne breed, onverminderd en met spoed opschalen: artillerie en voertuigen voor aan de frontlinie, luchtverdediging voor het hele land, en drones en langeafstandraketten om Russische militaire doelen te raken. 🇺🇦";1;2024-02-23T08:16:28.000Z
"Een moeder chanteren met het lichaam en de begrafenis van haar gedode zoon.

Steeds als je denkt dat het regime van #Poetin niet dieper kan zinken, weten ze toch weer te verbijsteren.

En deze video laat zien dat #Navalny zijn moed en onverschrokkenheid niet van een vreemde had👇 ";1;2024-02-22T17:26:09.000Z
"#Iran stuurt 400 langeafstandraketten naar #Rusland met een bereik van 300-700km. 

Geen moment bezorgd over escalatie.

De #VS en #Duitsland aarzelen echter al bijna een jaar om ATACMS en Taurus te leveren. 

Terwijl #Oekraïne heeft bewezen met vergelijkbare raketten belangrijke militaire doelen te kunnen raken (oorlogsschepen, aanvoerlijnen etc).

Andere landen, zoals #Nederland, moeten erop blijven aandringen deze langeafstandraketten zsm te leveren. Oekraïne kan niet langer wachten!";1;2024-02-22T13:49:48.000Z
"Voor iedereen die denkt dat met #Rusland nu wel te praten valt over een vredesdeal.

#Medvedev: “we gaan door tot we #Kyiv en #Odesa hebben. Dit zijn Russische steden. Nu is Kyiv een gevaar voor het bestaan van Rusland”

Rusland stopt niet uit zichzelf, maar moet worden gestopt! ";0;2024-02-22T12:26:06.000Z
"#Haley vat de interne Republikeinse strijd in twee zinnen samen:

“Het is niet Amerika-op-1 om ons terug te trekken uit de wereld, het is niet Amerika-op-1 om dictators te verheerlijken die Amerikanen willen doden.”

Overigens geldt exact hetzelfde voor #Nederland en #Europa… ";0;2024-02-20T22:40:31.000Z
"Precies 10 jaar geleden begon #Rusland de overname van de #Krim.

Er verschenen ‘groene mannetjes’. Rusland ontkende betrokkenheid, maar deelde later medailles uit voor de ‘terugkeer van de Krim’ (zie hieronder).

De inname van de Krim heeft de machtshonger van #Poetin alleen maar vergroot. Iedere overwinning spoort hem nog meer aan om door te gaan.

Er is geprobeerd om vrede met Poetin te sluiten. Eindeloos onderhandeld en gepraat, bijna 10 jaar lang. Maar hij heeft geen baat bij vrede. 

Poetin wil het Russische rijk met oorlog herstellen, wraak nemen, #Oekraïne kapot maken, en daaromheen angst en chaos zaaien.

Daarom zijn al die oproepen tot vredesonderhandelingen zo kortzichtig. Iedereen wil het liefste vrede (ik uiteraard ook), maar dat is jarenlang met Poetin tevergeefs geprobeerd. Hij wil geen vrede en is niet te vertrouwen.

We moeten lessen trekken uit 10 jaar oorlog: Oekraïne massaal en onophoudelijk steunen, pal staan voor haar vrijheid en soevereiniteit, en onze Defensie en afschrikking massief versterken.";0;2024-02-20T15:58:53.000Z
"#Poetin geeft #KimJongUn een luxe-auto cadeau: zo gaan deze maffiabazen met elkaar om.

Bovendien is het strijdig met sancties van de VN Veiligheidsraad, die Rusland zelf ondertekend heeft.

Schaamteloze schendingen van bindend internationaal recht: het typeert deze 2 dictators. ";0;2024-02-20T09:48:32.000Z
"Voor iedereen die na 2 jaar meer moeite heeft om medeleven op te brengen voor Oekraïners.

Kijk de documentaire ‘20 days in Mariupol’ terug (zonet bij NPO2). Doe het echt…

Het is hartverscheurend. Grijpt je bij de keel. En doet beseffen hoe krankzinnig de Russische agressie is. ";1;2024-02-19T23:13:03.000Z
"Volle dag bij #NAVO, met politici en ambassadeurs uit 32 landen.

Breed besef dat meer steun aan #Oekraïne en investeringen in Defensie nodig zijn. En verwachting bij Amerikanen dat het Congres zal gaan leveren.

“We moeten Poetin laten zien dat wij het langer volhouden dan hij!” ";1;2024-02-19T19:56:23.000Z
"Een juist en krachtig signaal!

De weduwe van #Navalny (Yulia Navalnaya) neemt vandaag deel aan de Europese Raad van ministers van Buitenlandse Zaken.

De #EU staat aan de kant van vrijheid, tegen de terreur en repressie van Poetin! ";1;2024-02-19T09:12:16.000Z
"Meer dan 48 uur later heeft #Trump nog geen woord gezegd over de dood van #Navalny.

Soms is wat níet gezegd wordt nog gevaarlijker dan wat wel gezegd wordt… ";0;2024-02-18T18:25:23.000Z
"Steeds schieten we wakker bij een buitenlandse dreiging, maar kruipen dan weer onder de warme deken.

Maar de dreigingen (RL/CH/IR) zijn zo veelkoppig, dat alertheid en actie nodig zijn.

Bij de begroting BZ hebben we stappen gezet op de 4 elementen van actief buitenlandbeleid🧵: ";1;2024-02-18T15:22:13.000Z
"#Poetin precies 2 jaar geleden, enkele dagen voor de invasie in #Oekraïne:

“Onze militaire oefeningen zijn puur defensief, en vormen geen bedreiging voor enig ander land”

Voor iedereen die oproept tot praten met Poetin: besef dat deze rasleugenaar nooit meer te vertrouwen valt. ";0;2024-02-18T08:56:58.000Z
"Goed dat de #IND heeft uitgezocht hoe vaak nareis-op-nareis voorkomt.

In alle varianten bij elkaar ging het de laatste jaren in totaal om ca 780 personen, met 510 zaken nog onbeslist.

Echter, het frame dat het kabinet specifiek hierop is gevallen is onzin.

De grootste discussie ging over het beperken van #nareis in brede zin. Dit was ca 10.000 per jaar in 2021-2023 (zie hieronder).

Ca 40-50% hiervan zijn zogenaamd ‘subsidiair beschermden’ (afkomstig uit gevaarlijk gebied). Met een tweestatusstelsel kan nareis van deze groep worden ingeperkt.

Bovendien zou Nederland hierdoor onaantrekkelijker worden voor alle asielzoekers die niet persoonlijk worden vervolgd. Dit geldt bijvoorbeeld voor veel Syriërs, verreweg de grootste groep asielzoekers (ca 30-40%). Een deel van hen kan in Nederland nu makkelijker en sneller nareis aanvragen dan in Duitsland.

Kortom, als je op nationaal niveau iets wilt doen aan de hoge asielinstroom en Nederland onaantrekkelijker wilt maken, is het beperken van nareis via een tweestatusstelsel een belangrijke maatregel. Daarbinnen is nareis-op-nareis een specifiek probleem dat moet worden aangepakt.";0;2024-02-17T21:48:03.000Z
"“Vraag niet aan #Oekraïne wanneer de oorlog zal stoppen, maar vraag aan jezelf waarom Poetin deze nog steeds kan voortzetten”

Met deze Kennedy-achtige conclusie legt #Zelensky bij de Veiligheidsconferentie in München weer precies de vinger op de zere plek: ";1;2024-02-17T10:46:25.000Z
"Zwaarmoedigheid maar ook strijdbaarheid bij de wake van #Navalny.

Zijn toonbeeld van moed en verzet leven voort. En vormen een extra aanmoediging de strijd tegen het regime van #Poetin voort te zetten.

#FreeRussia ";1;2024-02-16T18:03:48.000Z
"Hoeveel wake up calls hebben we nodig?

Vandaag blijkt weer: we moeten de dreiging van Poetin én woorden van Trump serieus nemen.

Dus minimaal 2% aan Defensie uitgeven. En als Europese landen meer militaire capaciteit van de VS overnemen.

Bittere noodzaak voor onze #veiligheid! ";1;2024-02-16T15:22:50.000Z
"Wat iedereen vreesde is nu gebeurd: de dappere #Navalny is dood.

Hij overleefde isolatie, marteling, zelfs vergiftiging. En nu werd hij zogenaamd ‘onwel na een wandeling’.

#Poetin heeft veel uit te leggen, maar ik maak me geen illusies. De spirit van Navalny leeft voort, binnen en buiten #Rusland.";0;2024-02-16T11:45:56.000Z
"De realiteit is dat we voor onze #veiligheid niet zonder de Amerikanen kunnen.

Daarom moeten we samen met de VS bepalen hoe Europese landen militaire capaciteiten gaan overnemen. Dit moet snel en geloofwaardig gebeuren.

Opiniestuk van @SilvioErkens en mij in het #AD: ";1;2024-02-16T09:02:20.000Z
"Bij @sophieenjeroen sprak ik over de #NAVO:
&gt; Het belang voor onze veiligheid, en de uitspraken van Trump en Poetin
&gt; Europese landen moeten meer militaire capaciteiten van de VS overnemen
&gt; De voordelen van een Nederlandse NAVO-chef

Terug te kijken via: ";1;2024-02-15T20:49:40.000Z
"De uitspraak over #F35-onderdelen mag de brede zelfverdediging van #Israël niet in gevaar brengen.

En het kabinet moet er alles aan doen dat #Nederland een betrouwbare partner blijft in het F35-programma en internationale defensiesamenwerking.

Goed dat onze motie is aangenomen! ";1;2024-02-15T13:44:02.000Z
"De rechterlijke uitspraak over F35-onderdelen is risicovol voor de veiligheid van #Israël en #Nederland.

Daarom moeten we manieren vinden om de bredere veiligheid van Israël niet in het gedrang te laten komen.

En zorgen dat Nederland betrouwbaar blijft in defensiesamenwerking. ";0;2024-02-13T14:11:16.000Z
"Nu zijn #sancties op #Rusland en #Iran een bot mes, omdat ze massaal worden ontweken.

Zo belandt Europese technologie nog steeds in Russische en Iraanse wapens.

Voor onze veiligheid moeten we dit veel harder aanpakken en intensiever samenwerken in de EU: ";0;2024-02-13T12:16:02.000Z
"“Als jouw standpunt wordt toegejuicht door #Poetin, is het tijd jouw standpunt te herzien…

…wapens sturen naar #Oekraïne ontmoedigt Russische en Chinese invasies…

…een vrij volk helpen haar vrijheid te verdedigen, is simpelweg het juiste om te doen.”

Krachtige woorden van senator #Romney! Laten we hopen dat deze nog weerklank vinden in de huidige Republikeinse partij.";1;2024-02-13T10:10:34.000Z
"Goedemorgen Nederland!

Steeds opnieuw schrikken we wakker door een oorlog of dreiging, maar drukken vervolgens op snooze. Deze dreigingen (Rusland, China, Iran) raken het leven van gewone Nederlanders. Daarom is een alert en actief buitenlandbeleid nodig.

Deze ochtend bij NPO1! ";1;2024-02-13T06:08:29.000Z
"Ingrijpende uitspraak van het Gerechtshof over de doorlevering van Amerikaanse #F35-onderdelen aan Israël.

Natuurlijk is de humanitaire ellende in Gaza uiterst zorgelijk, maar deze uitspraak heeft brede gevolgen voor de veiligheid van #Israël en #Nederland:

1) Israël heeft F35’s nodig om zich te verdedigen tegen Hamas, Hezbollah, Houthi’s, het Iraanse terreurregime etc.

2) Nederland wordt hiermee een minder betrouwbare partner in het F35-programma, dat centraal staat voor onze luchtmacht

3) Het wordt voor Nederland moeilijker om in de toekomst deel te nemen aan internationale defensiesamenwerking, wat vanwege alle dreigingen (Rusland, Iran, China etc) juist zo nodig is voor onze veiligheid.

Ik betwijfel of iedereen die nu staat te juichen bij de uitspraak deze bredere implicaties overziet.

Het kabinet gelukkig wel. Daarom zeer begrijpelijk dat het kabinet in cassatie gaat bij de Hoge Raad.";0;2024-02-12T13:38:48.000Z
"Voor iedereen die kritiek op Israël laat doorslaan naar (on)bewust #antisemitisme, hieronder de waardige advertentie die bij de Superbowl &gt;100 miljoen mensen zal bereiken.

Maar zelfs dat aantal is nog niet genoeg: ";1;2024-02-11T17:31:07.000Z
"Dit herhaaldelijk dreigement van #Trump aan de #NAVO is zeer zorgelijk, maar de standaard reactie van veel Europese politici inmiddels ook.

Simpele oproepen tot ‘voorbereiden op een Trump scenario’ en het ‘zelf kunnen verdedigen van Europa’ zijn niet genoeg.

Een diepgaande dialoog is nodig tussen de VS en Europese landen. Wie doet wat de komende jaren in de verdediging van Europa? Hoe gaan Europese landen geleidelijk meer militaire capaciteiten van de VS overnemen?

De realiteit is namelijk dat we niet zonder de Amerikanen kunnen. Zeker niet de komende jaren, maar wellicht ook niet structureel (gaan Europese landen bijvoorbeeld zelf een groot kernwapenarsenaal aanleggen ter afschrikking van Rusland?)

Deze dialoog moet snel en geloofwaardig tot stand komen. Zodat de VS zien dat de kosten voor de verdediging van Europa zullen afnemen. Zodat zij hun aandacht elders op kunnen richten (China). En zodat Trump en andere Amerikaanse critici de wind uit de zeilen worden genomen.

Kortom, een Europese pijler binnen de NAVO werkelijk vormgeven. Dat is essentieel voor onze veiligheid. En voor een duurzame en robuuste relatie tussen de VS en Europa.";1;2024-02-11T08:31:53.000Z
"Grote Hamas tunnels (700m), datacenter en leefruimtes ontdekt onder het hoofdkwartier van #UNRWA in #Gaza.

Reactie Hoofd UNRWA: ‘wij wisten het niet, konden het niet weten, en kunnen het niet onderzoeken’.

Niet de reactie die je van een VN-organisatie zou verwachten. De leiding zou geschokt moeten zijn en direct onderzoeken wie hiervan wist.

Zo wordt bij iedere openbaarmaking en reactie daarop de geloofwaardigheid van UNRWA verder beschadigd.

En dat juist nu humanitaire hulp aan Gazanen zo essentieel is. Juist nu geloofwaardige druk van organisaties als de VN nodig is om het aantal burgerslachtoffers te verminderen (zeker gezien een mogelijk offensief op Rafah).

Dit is schadelijk voor iedereen. UNRWA en de VN moeten echt bij zichzelf te rade gaan.";0;2024-02-10T22:11:28.000Z
"Wat zegt #Poetin hier feitelijk met zijn absurde opmerking over #Polen en #Hitler?

‘Een grootmacht heeft het recht een ander land binnen te vallen, als het niet vrijwillig gebied opgeeft.’

Dit is precies de agenda van agressieve autocraten als Poetin: de internationale rechtsorde op basis van territoriale soevereiniteit omverwerpen. Het recht van de sterkste moet zegevieren.

Niet alleen is dit principieel kwalijk, maar ook zeker niet in het belang van een klein land als #Nederland! Samen met gelijkgezinde landen moeten wij ons hiertegen verzetten.

P.S: Daarom is het zo kortzichtig dat al die anti-globalisten hier Poetin aanhangen: als het recht van de sterkste geldt, zal Nederland als klein land haar veiligheid nog sterker moeten verankeren in bondgenootschappen als de NAVO en EU.";0;2024-02-10T16:14:51.000Z
"Omdat een rancuneuze dictator geobsedeerd is door zijn verwrongen versie van de geschiedenis, zijn in #Kharkiv weer vele levens verwoest (waaronder 2 dode kinderen en een baby).

Dit is Europa anno 2024. Te triest voor woorden. ";0;2024-02-10T12:37:00.000Z
"Net het hele interview met #Poetin gekeken.

De grootste openbaringen:
&gt; …
&gt; …

De nieuwe inzichten in Poetins denken:
&gt; …
&gt; …

De spannendste confrontaties:
&gt; …
&gt; …

Echt nuttig dat de grootste oorlogsmisdadiger van deze eeuw zo’n breed podium heeft gekregen 😒 ";1;2024-02-09T15:10:20.000Z
"De Russische ‘bevrijding’ van #Marioepol in 30 seconden.

Als de VS en Europese landen zo doorgaan, staan meer dorpen en steden in #Oekraïne dit lot te wachten. En welk land in Europa volgt daarna…?

Nú hebben we nog de kans om meer Marioepols te helpen voorkomen! ";0;2024-02-08T22:39:20.000Z
"Een teken van zwakte.

Aan zelfs het geringste tegengeluid tegen de oorlog in #Oekraïne durft #Poetin geen ruimte te geven. Uit angst voor enige instabiliteit.

De lange wachtrijen voor steunbetuigingen aan #Nadezjdin hebben al laten zien dat er ontevredenheid is onder Russen. ";0;2024-02-08T10:38:46.000Z
"Mooie gespreksavond met de @VVDLeiden en @jovdleiden!

Over hoe we onze veiligheid moeten versterken tegen internationale dreigingen (Rusland, China, Iran). Over grip op migratie. En natuurlijk over de politieke actualiteit.

Met het geopolitiek besef zit het in #Leiden wel goed! ";1;2024-02-07T21:35:57.000Z
"Handel en investeringen zijn voor Afrikaanse landen de beste bron van vooruitgang.

En dat combineren met afspraken over migratie en terugkeer van uitgeprocedeerde asielzoekers.

Dat zijn de juiste prioriteiten voor partnerschappen tussen Nederland en Afrikaanse landen! ";1;2024-02-07T19:04:56.000Z
"Weer 64 Russische luchtaanvallen op #Oekraïne, waaronder Kyiv en vele burgerdoelen.

“Goh, maar we moeten toch ook echt eens Poetins kant van het verhaal horen.”

Zie hier zijn kant van het verhaal: doorlopende oorlogsmisdaden vanuit rancune en imperiale grootheidswaan👇 ";0;2024-02-07T08:41:39.000Z
"De argumenten van #Poetin voor de invasie in #Oekraïne zijn al 2 jaar niet te missen.

Ook zijn er talloze journalisten en experts die dit duiden vanuit Russisch perspectief. 

Poetin kiest bewust nú voor dit interview om radicale Republikeinen voor zich te winnen en nog meer verdeeldheid te zaaien.

Deze ‘nuttige idioot’ met een groot bereik leent zich hiervoor:";0;2024-02-06T20:36:11.000Z
"Sommigen lijken vergeten dat in een oorlog geen dag te verliezen is.

In de #VS praten politici al >100 dagen over een militair steunpakket voor #Oekraïne.

De #EU beloofde 1 miljoen artillerie granaten, maar haalt dat aantal pas vele maanden later.

Intussen raakt Oekraine aan de frontlinie in de verdrukking (#Avdiivka) en wordt het dagelijks aangevallen (regio #Kharkiv👇).

Oekraïne kan niet wachten, onze veiligheid evenmin. Hoe langer we wachten, des te sterker de positie van #Rusland en des te hoger de prijs!";0;2024-02-06T07:58:00.000Z
"Om Biden te kunnen afbreken zijn diverse #Republikeinen tot alles bereid…

Crisis aan de grens bewust in stand houden. Oekraïense levens opofferen. Een dictator (Poetin) versterken.

Hopelijk zien Amerikaanse kiezers dit. Neemt de druk toe. En winnen de redelijke Republikeinen👇 ";0;2024-02-05T21:35:36.000Z
"Als de ander aanvallen belangrijker is geworden dan je eigen doelen bereiken…

Om #Biden te kunnen bekritiseren, zijn diverse #Republikeinen bereid de grens open te laten. Oekraïense levens op te offeren. En een dictator (Poetin) te versterken ipv Europese vrienden.

Hopelijk ziet de Amerikaanse kiezer dit ook. Neemt de druk toe om snel tot oplossingen te komen voor de migratiechaos. En overwinnen redelijke Republikeinen zoals deze senator👇";0;2024-02-05T21:11:57.000Z
"Wat een triest dieptepunt weer van lastpost #Hongarije!

#Orban beloofde dat het Hongaarse parlement de toetreding van #Zweden tot de #NAVO zsm zou goedkeuren.

Maar vandaag boycot zijn partij Fidesz een speciale zitting in het parlement.

Orban heeft nooit inhoudelijke eisen gesteld aan Zweden (zoals Turkije wel deed), maar eist nu dat eerst de Zweedse premier langskomt.

Puur politieke spelletjes. Om te frustreren, dwars te liggen, te laten zien welke macht Orban heeft. Zelfs onder het oog van 16 ambassadeurs van NAVO-bondgenoten, die de zitting bijwoonden.

En dat allemaal over de rug van de veiligheid van Zweden en Noord-Europa, ten tijde van oorlog en Russische agressie. 

Het is zeer ernstig en kwalijk!";0;2024-02-05T17:30:08.000Z
"Juist nu is de aankondiging dat #Nederland 6 extra F16’s levert aan #Oekraïne van grote betekenis!

Nu Oekraïne het zwaar heeft op het slagveld en er voorlopig geen nieuw offensief komt, is perspectief op nieuwe militaire impulsen cruciaal om de zware strijd vol te houden.

En voor iedereen die meteen gaat roepen dat we onze luchtmacht niet moeten weggeven: deze F16’s werden sowieso vervangen door F35’s en zouden anders verkocht zijn aan de Amerikaanse firma Draken.

Mooi hoe Nederland zo een leidende rol blijft spelen in het versterken van de luchtcapaciteiten van Oekraïne! 🇺🇦🇳🇱";1;2024-02-05T15:24:03.000Z
"Terwijl Poetin nauwelijks buiten Moskou komt, bezoekt #Zelensky de frontlinie (#Robotyne).

Het is makkelijk om vanuit de leunstoel kritisch te zijn, maar deze man en alle frontsoldaten in #Oekraïne laten al 711 dagen zien wat leiderschap is.

We mogen hen niet in de steek laten! ";1;2024-02-04T14:58:33.000Z
"#Oekraïne kan niet langer wachten!

Toch stellen #Republikeinen de steun aan Oekraïne weer uit. Zeer schadelijk voor Oekraïne én onze Europese veiligheid.

Toch is er nergens een bericht hierover in de Nederlandse media: wanneer worden we écht wakker? ";0;2024-02-04T10:42:22.000Z
"Diep respect voor deze heldhaftige vrouwen in #Moskou!

Vrouwen en moeders van Russische soldaten protesteren tegen de mobilisatie en willen dat hun mannen thuiskomen. Ze dragen witte doeken en steken een roos in de lucht.

Deze vrouwen zijn zo’n beetje de enigen die de politie niet meteen oppakt. Omstanders en (buitenlandse) journalisten werden wél gearresteerd.

Door de zware repressie is het nu haast onmogelijk in #Rusland om weerstand te uiten tegen de invasie in #Oekraïne. Deze vrouwen zijn een lichtend voorbeeld!";1;2024-02-03T17:02:07.000Z
"Spijker op zijn kop!

Als de #VS steun aan #Oekraïne stopzet, is dit een ernstige verzwakking van de afschrikking richting #China.

Beijing zal concluderen dat de VS beperkt uithoudingsvermogen heeft. Partners als Japan, Zuid-Korea en Taiwan zullen zich afvragen in hoeverre ze op de VS kunnen rekenen.

En als #Rusland deze oorlog ‘wint’, is dit een enorme boost voor het autocratische blok. Het zou een grote stap zetten in het omverwerpen van de Amerikaanse dominantie en naar een andere wereldorde.

Kortom, iedere Amerikaans politicus die China beschouwt als de grootste dreiging (of zelfs vijand), zou de steun aan Oekraïne moeten voortzetten!";1;2024-02-03T09:54:57.000Z
"De #VS zijn begonnen met de tegenaanval op de #IRGC (Quds Force) en pro-Iraanse milities.

85 militaire doelen in #Syrië en #Irak zijn geraakt. Hieronder de eerste beelden van een getroffen wapendepot in Irak.

Uitdaging voor de VS is een juiste balans vinden: de vergelding moet stevig genoeg zijn om nieuwe aanvallen op Amerikanen te ontmoedigen, maar mag niet leiden tot verdere escalatie (daarom bijv geen aanval op Iraans grondgebied).

#Nederland en andere bondgenoten dienen steun uit te spreken voor deze gerichte tegenreactie.";1;2024-02-02T22:13:50.000Z
"Cynische politiek over de rug van #Oekraïne.

#Republikeinen krijgen hun zin voor strengere grensbewaking, maar felle #Trump aanhangers stemmen niet in met het totaalpakket. Ze gunnen #Biden geen enkel succesje.

Hopelijk overwint de redelijke meerderheid onder de Republikeinen! ";0;2024-02-02T17:40:13.000Z
"Zó enorm belangrijk voor #Oekraïne, en voor onze veiligheid!

Met €50 mld steun laat de #EU zien dat er nog steeds eenheid is.

Een steun in de rug voor #Kyiv, een tik aan #Moskou, en hopelijk een duwtje in de juiste richting voor #Washington.

Hier de dankwoorden van #Zelensky: ";1;2024-02-01T12:53:33.000Z
"Onze aandacht voor #Oekraïne mag niet verslappen!

Daarom is het zo belangrijk dat brede afvaardigingen uit de parlementen van #Nederland en #Oekraïne met elkaar blijven spreken.

Voor Oekraïne én onze eigen veiligheid is doorlopende steun van levensbelang. 🇺🇦🇳🇱 ";1;2024-01-31T10:46:19.000Z
"Ingezonden brief van Premier #Rutte met 4 andere EU leiders in de @FT!

Met cruciale boodschappen:

> Alle EU-landen moeten het maximale doen om #Oekraïne te steunen, zolang als het nodig is

> #Rusland wacht niet, we moeten NU handelen

> We voldoen nu niet aan onze belofte voor de levering van munitie, meer inspanningen zijn nodig 

> Andere partners (buiten de EU) zijn zeer welkom om mee te doen aan initiatieven voor meer militaire steun

> Het is een kwestie van leven en dood voor Oekraïne, en essentieel voor onze gezamenlijke veiligheid en de toekomst van Europa

Heel goed dat #Nederland met partners het voortouw blijft nemen in de steun aan Oekraïne!

🇺🇦🇳🇱🇩🇪🇩🇰🇪🇪🇨🇿";1;2024-01-31T08:39:01.000Z
"Vier toezeggingen in begrotingsdebat #asiel:

1) Monitor voor aanscherpingen in asielbeleid door andere landen, zodat Nederland hiervan kan leren

2) Snel duidelijkheid over schadefonds voor ondernemers in #TerApel

3) Met kopgroep van EU-landen meer druk op herkomst- en doorreislanden om migratiedeals te sluiten

4) Dit kwartaal een voorstel voor strengere screening van migranten uit China en Rusland

Elke kleine stap helpt voor meer grip op migratie!";1;2024-01-30T10:52:40.000Z
"‘Onze grootste externe vijand is #Rusland, onze grootste interne vijand is #corruptie.’

Dat zijn niet mijn woorden, maar van de vele Oekraïners die ik afgelopen jaren sprak over corruptie.

Corruptie is een ernstig probleem in #Oekraïne. Tegelijk werken velen er hard aan om dit te bestrijden, tijdens de oorlog. Kopstukken worden hard aangepakt, zoals dit voorbeeld laat zien.

Laten we steeds objectief beoordelen hoe Oekraïne er voor staat qua corruptie, en welke vooruitgang wordt geboekt. 

En laten we de welwillende meerderheid in Oekraïne blijven helpen in de strijd tegen zowel de externe als de interne vijand!";1;2024-01-29T08:24:16.000Z
"Een bewuste escalatie door het terreurregime van #Iran.

Deze drone-aanval was dusdanig gericht, dat de eerste 3 Amerikaanse militairen zijn gedood sinds 7 okt (in het relatief veilige Jordanië). Eerdere aanvallen waren meestal ongerichter.

Er is grote druk op #Biden om stevig te reageren. Zowel op de pro-Iraanse milities als de kwade genius erachter (#IRGC).

Biden heeft geen andere optie: ‘we shall respond’👇";0;2024-01-28T22:47:05.000Z
"“We kunnen bij de #Holocaustherdenking, 79 jaar na de bevrijding van Auschwitz, niet om 7 oktober heen…

…weer openlijk antisemitisme. Alsof ‘nooit meer Auschwitz’ een holle frase is geworden.”

Onze Premier kiest precies de juiste woorden: ";0;2024-01-28T15:25:37.000Z
"“Wij worden niet gedefinieerd door met wie wij samenwerken. Wij maken zelf de #VVD”

Dat deden we op ons congres: met een dijk van een speech van @DilanYesilgoz, een krachtig #EU verkiezingsprogramma, en goede discussies over internationale veiligheid.

Sterker uit de storm! 🧡💙 ";1;2024-01-27T20:14:34.000Z
"Uiteraard leidt ook binnen de #VVD alles rond #Israël en #Gaza tot veel emotie.

We staan voor het recht van Israël om Hamas militair te verzwakken, en zijn tegelijk kritisch op de vele burgerslachtoffers en humanitaire ellende.

En we verliezen niet uit het oog dat de terroristen van #Hamas en het terreurregime van #Iran hiervan de aanstichters zijn.

Ons standpunt in ca 2 minuten:";1;2024-01-27T16:47:47.000Z
"“Laten we akelig alert zijn: een sterke krijgsmacht, een sterk Europa met steun aan #Oekraïne én een stabiel landsbestuur, zijn dus cruciaal voor #Nederland…

…aan de #VVD zal het niet liggen. Er is een goede kans op een vruchtbare samenwerking. Die de kiezer heel graag wil. Waarin we veel van ons verkiezingsprogramma waar kunnen maken. En die kans laten wij niet voorbij gaan!”

Open, eerlijke en scherpe speech van @DilanYesilgoz!! 💪";1;2024-01-27T13:17:50.000Z
"De afgelopen uren is duidelijk dat de uitspraak van het Internationaal Gerechtshof op diverse manieren kan worden geduid.

Voor de VVD maakt deze uitspraak duidelijk dat:

1) #Israël echt meer moet doen om burgerslachtoffers te voorkomen en de humanitaire omstandigheden in Gaza te verbeteren. Ondanks dat Israël erin slaagt Hamas stapsgewijs militair te ontmantelen, is de huidige manier van oorlogsvoering niet houdbaar. Meer terughoudendheid is nodig in woord én daad.

2) #Israël de ruimte houdt om militaire middelen in te zetten om gijzelaars vrij te krijgen en terreurbeweging Hamas militair te verzwakken (openlijk strevend naar herhalingen van 7 okt en de vernietiging van Israël). 

3) #Hamas de gijzelaars onmiddellijk vrij moet laten, en er hiervoor veel meer internationale druk op Hamas nodig is (juist door landen die invloed hebben op Hamas).

Op basis van deze uitspraak vindt de VVD dan ook dat Nederland de huidige lijn moet voortzetten. Israël moet steeds steviger worden aangespoord tot humanitaire gevechtspauzes en minder burgerslachtoffers.

Tegelijk mag niet uit het oog worden verloren wie de echte boosdoeners en aanstichters zijn van al deze ellende: #Hamas en het terreurregime van #Iran!";1;2024-01-26T18:13:56.000Z
"Dag 700 van de Russische agressieoorlog in #Oekraïne, met wéér bombardementen op burgerdoelen.

Mooie gelegenheid voor #VN-chef #Guterres om even leuk op de foto te gaan met #Lavrov.

Totaal onnodig en een klap in het gezicht van Oekraïners. ";0;2024-01-24T22:52:15.000Z
"EIN-DE-LIJK, goed nieuws!

Het parlement van #Turkije heeft de toetreding van #Zweden tot de #NAVO goedgekeurd.

Dit maakt Zweden en de Oost-Zee veiliger, en onze collectieve verdediging tegen #Rusland sterker.

Nu de druk op #Hongarije opvoeren om zsm de laatste horde te nemen! ";1;2024-01-23T20:33:09.000Z
"Velen roepen om een staakt-het-vuren, met daarbij hevige druk en kritiek op #Israël.

Vandaag blijkt dat #Hamas een concreet voorstel hiertoe verwerpt, en zo de oorlog en humanitaire ellende laat voortduren.

Leidt dit tot extra druk van landen in het Midden-Oosten op Hamas? Noodoproepen van internationale organisaties, zoals de #VN? Felle kritiek door NGO’s en linkse partijen? Demonstraties door pro-Palestijnse bewegingen? Protesten op de West Bank en in omringende landen?

Nee, het blijft vooral stil… Terwijl Hamas juist veel meer kritiek en druk verdient. 

Het wordt tijd dat bovenstaande partijen niet alleen (soms terechte) kritiek op Israël leveren, maar ook consequent met de vinger naar Hamas wijzen.";0;2024-01-23T19:47:16.000Z
"Het is onverteerbaar dat het zo makkelijk is chips naar #Iran te sturen, die het terreurregime gebruikt voor gevechtsdrones en raketten. 

Dit bedreigt ook onze veiligheid! Met deze Iraanse wapens worden bijvoorbeeld Oekraïne (door Rusland) en vrachtschepen (door Houthi’s) aangevallen. 

Dit artikel laat zien dat het kabinet strenger moet handhaven in samenwerking met bedrijven, inlichtingendiensten en andere Europese landen. En de beloofde nieuwe sanctiewet moet zsm worden ingevoerd.

Zo moeten meer straffen en sancties worden opgelegd aan landen, bedrijven en personen die restricties ontwijken!";0;2024-01-23T11:00:59.000Z
"Onschuldige demonstranten executeren: het terreurregime in #Iran gaat ermee door.

Morgen wordt de 23-jarige #Mohammad_Ghobadloo geëxecuteerd. Internationale steun is het laatste dat we hem kunnen geven.

Iraanse leiders verdienen geen mooie sier in de VN, maar veroordeling, isolatie en sancties!";0;2024-01-22T20:35:07.000Z
"#Polen is terug!

Premier #Tusk sluit zich aan bij de veiligheidsgaranties van de G7, en maakt afspraken over de aankoop en productie van wapens.

“Er is geen ruimte voor neutraliteit. De vrije wereld moet #Oekraïne helpen. Dat is een morele plicht, én in ons gezamenlijk belang.” ";1;2024-01-22T15:40:39.000Z
"Als de voorpagina van de @telegraaf positief nieuws over asiel meldt, dan is er echt wat aan de hand.

De terugkeer van afgewezen asielzoekers naar #Marokko is het hoogste in 10 jaar. Knap werk van het kabinet!

Maar het probleem is nog niet opgelost: asielzoekers uit veilige landen (MAR/ALG/TUN) zorgen voor veel overlast en verdwijnen nu sneller in de illegaliteit.

Daarom zijn nodig: meer migratieafspraken met veilige landen, meer sobere en gesloten opvang (PBL’s), en strafbaar stellen van illegaliteit.

Laten deze positieve resultaten een aanmoediging zijn om door te pakken!";1;2024-01-22T08:19:56.000Z
"#DeSantis trekt zich terug als kandidaat!

Hij steunt #Trump en noemt #Haley ‘oude politiek buigend voor grote bedrijven.’

De timing is opvallend, 2 dagen voor New Hampshire (NH).

Nu Trump (50% in NH) DeSantis kiezers (6%) krijgt, maakt Haley (35%) helaas nog minder kans in NH. ";0;2024-01-21T20:39:50.000Z
"Vandaag herdenkt #Oekraïne de militairen die 242 dagen het vliegveld van Donetsk verdedigden.

Niet nu, of 2022, maar in 2014!

De agressie van #Rusland stopt niet. Ook niet door onderhandelingen en akkoorden.

Militaire afschrikking is cruciaal. Laat dit de les zijn voor Europa! ";1;2024-01-20T20:58:56.000Z
"Eerste beelden van een #Houthi raket op een (Grieks) vrachtschip.

De rennende bemanningsleden links geven een beeld van de omvang van de inslag.

Uiteraard is deze willekeurige terreur onaanvaardbaar. Zeer terecht dat VS/VK deze dreiging gericht uitschakelen en NL dit steunt! ";0;2024-01-20T18:12:01.000Z
"Het terreurregime van #Iran zorgt alleen maar voor dood en ellende.

Het is zeer verdrietig dat nu ook een Nederlandse baby hier slachtoffer van is geworden. Ik leef mee met de ouders, familie en vrienden 🕯️.

Hoeveel van dit soort vreselijke drama’s zijn nog nodig voordat de EU de Iraanse Revolutionaire Garde eindelijk behandelt als wat het is: op de terroristenlijst!";0;2024-01-19T11:25:59.000Z
"Tot mijn grote verbazing staan prominente #Hamas terroristen nog niet op de EU sanctie- of terroristenlijst.

Hierdoor kan nog steeds geld vanuit Europa naar Hamas vloeien.

Goed dat de Kamer mijn motie breed steunt om zoveel mogelijk Hamas leden op deze lijsten te plaatsen! ";0;2024-01-18T20:33:23.000Z
"Terecht dat Russische officials niet welkom zijn in #Davos.

En het Iraanse terreurregime? #Iran bewapent Rusland, faciliteert terreur van Hamas-Hezbollah-Houthi’s, ontwikkelt nucleaire wapens, en onderdrukt de eigen bevolking op brute wijze.

Des te pijnlijker dat de Iraanse minister van Buitenlandse Zaken wel is uitgenodigd. Diplomatieke gesprekken zijn soms nodig, maar niet op een dergelijke netwerk-bijeenkomst.

Dit Iraanse regime verdient geen egards, maar een paria status.";0;2024-01-17T22:04:48.000Z
"De VVD Tweede Kamerfractie had de volgorde liever andersom gezien: eerst afspraken over lagere asielinstroom, daarna de opvang beter over ons land spreiden. 

De Eerste Kamerfractie maakt een eigen afweging, zoals het hoort. 

Blijft staan dat we met beide fracties hetzelfde willen, wat ook ons verkiezingsprogramma zegt: zowel de instroom omlaag als het evenwichtiger spreiden van de opvang in ons land.

Het is nu vooral zaak om met een concrete set maatregelen de asielinstroom omlaag te brengen!";1;2024-01-16T18:37:33.000Z
"Soms wordt er lacherig over gedaan, maar #NoordKorea vormt een ernstige veiligheidsdreiging.

Door de massale levering van artilleriegranaten krijgt het nog meer ruimte van Rusland en China. Ook is het een handige pion om het Westen verder onder druk te zetten.

Ook dit vraagt meer militaire capaciteiten van de VS in Azië.

De zoveelste reden voor Europese landen om meer voor onze eigen veiligheid te zorgen!";0;2024-01-16T11:37:26.000Z
"Het snode sadisme van #Hamas krijgt steeds weer een nieuwe dimensie.

Nu door een driedelige video over 3 gijzelaars. Eerst een ‘teaser’ waarin het lot wordt aangekondigd (linkerfoto). Dan een video met drie opties (rechterfoto). Tot slot een video met 2 van de 3 gijzelaars dood in beeld (bewust niet afgebeeld).

Dit heeft niks te maken met een vrijheidsstrijd. Dit is op misselijke wijze spelen met angst en verdriet. En bewust een nog hardere tegenreactie uitlokken ten koste van Palestijnen in Gaza.

De terroristen van Hamas verdienen geen begrip en sympathie, maar consequente veroordeling.";0;2024-01-15T22:34:57.000Z
"Voor wie de Chinese dreiging richting #Taiwan nog niet serieus neemt, hieronder de internationale spreekbuis van de CCP:

“De verkiezingen in Taiwan doen er weinig toe. #China besluit hoe deze kwestie wordt opgelost. De optie van geweld is niet opgegeven”

We moeten ons sneller voorbereiden op negatieve scenario’s en ondersteunen in de afschrikking van China.";0;2024-01-14T21:41:21.000Z
"100 dagen geleden voerden de terroristen van #Hamas een sadistische pogrom uit.

Hiermee startte Hamas bewust een nieuwe cyclus van leed en ellende. Waar zowel gewone Israëliërs als Palestijnen het slachtoffer van zijn.

Zolang er tienduizenden gewapende Hamas terroristen in #Gaza zijn, zal #Israël nooit veilig zijn. Maar al deze Hamas terroristen uitschakelen, schuilend achter gewone Palestijnen, gaat met veel burgerslachtoffers gepaard. Dat is een ingewikkeld dilemma.

Ondertussen verkeren 136 gijzelaars en hun dierbaren al 100 dagen in doodsangst. Zoals een bevrijde gijzelaar zei: “zolang mijn man nog in Gaza vastzit, voel ik me nog steeds een gijzelaar.”

Laten we maximaal blijven inzetten op bevrijding van de gijzelaars. Aandringen op meer humanitaire hulp en gerichte aanvallen op Hamas met minder burgerslachtoffers. Helpen vinden van diplomatieke oplossingen. En pal blijven staan voor de veiligheid van Israël en het tegengaan van antisemitisme. 

En laten we in #Nederland minder polariseren, kwetsende leuzen achterwege laten, en NOOIT steun uiten aan terreur (Hamas, Hezbollah, Houthi’s, Iraans regime)!

Hopelijk is de situatie dan over 100 dagen beter, en zijn alle gijzelaars dan weer vrij en veilig thuis…";1;2024-01-14T16:31:28.000Z
"Dit is nou #democratie in #Taiwan! 🇹🇼

Alle stemmen worden openlijk getoond, hardop voorgelezen, en zichtbaar geteld. Iedereen mag komen kijken, filmen, foto’s maken. Volledig transparant!

Vergelijk dat eens met het steeds meer gesloten en autocratische #China… ";1;2024-01-13T21:34:42.000Z
"“Jemen, maak ons trots. Laat een ander schip omkeren.”

Een oproep tot raketaanvallen op willekeurige schepen. Door extremistische #Houthi’s, rechterhand van Iran.

Dit was vandaag in #Londen. Sommige mensen denken op te komen voor mensenrechten, maar zijn volledig de weg kwijt… ";0;2024-01-13T19:50:17.000Z
"William #Lai van de regerende partij (DPP) wint de verkiezingen in #Taiwan!

Dit is de eerste keer in Taiwan dat een partij 3 verkiezingen op rij wint.

Ondanks ontevredenheid over binnenlandse thema’s (inflatie, huizenprijzen etc), kiezen Taiwanezen hiermee wederom voor een ferme opstelling tegen #China.

Dit betekent geen oorlog of harde confrontatie, maar dat Taiwan zich stevig zal opstellen om de status quo te handhaven. Bijvoorbeeld door meer investeringen in Defensie en uitbreiding van de dienstplicht.

Het is mooi dat de desinformatie en beïnvloedingscampagne van #China niet hebben gewerkt. Taiwan is hier inmiddels aan gewend en is hier weerbaar tegen.

Ook de Chinese intimidatie (militaire oefeningen, spionageballonnen, satelliet afschieten, nieuwjaarsspeech, dreigen met handelsbelemmeringen) heeft gefaald.

Een kanttekening is wel dat de DPP geen meerderheid in het parlement heeft gehaald. Het zal daarom moeten samenwerken, waarschijnlijk met de nieuwe ‘derde partij’ (TPP).

De vraag is nu hoe China zal reageren. De kans is groot dat er een intimiderende of agressieve respons komt, zowel op zeer korte termijn als in aanloop naar de Presidentiële inauguratie in mei.

Tot slot: hartelijke felicitaties aan de DPP en aan de Taiwanezen in het algemeen! Taiwan heeft weer laten zien een toonbeeld van democratie te zijn. Mede daarom verdienen ze onze aanhoudende steun! 🇹🇼";1;2024-01-13T14:01:44.000Z
"Voor wie sympathie overweegt voor de #Houthi’s, hieronder hun vlag.

Ook beschieten ze vrachtschepen, zetten kindsoldaten in, en fungeren als verlengstuk van het brute regime in #Iran.

Het gaat dus niet om het land Jemen, maar om verdediging tegen de militaire capaciteiten van deze agressieve Islamisten.";0;2024-01-12T17:41:25.000Z
"Zeer terecht dat #Nederland de precisieaanvallen op militaire doelen van #Houthi’s steunt.

Raket- en droneaanvallen op vrachtschepen zijn onaanvaardbaar. Dat brengt mensen in gevaar, schaadt handel, en is in strijd met het internationaal recht.

Na maandenlange oproepen en pogingen tot de-escalatie is het noodzakelijk om gericht in te grijpen.";0;2024-01-12T09:34:44.000Z
"Bij @BNRdewereld sprak ik uitgebreid over:
&gt; meer steun aan #Oekraïne
&gt; belangrijke verkiezingen in #Taiwan
&gt; hoe Nederland moet omgaan met hoge geopolitieke golven

Terug te luisteren via 👉 ";1;2024-01-11T20:18:30.000Z
"“Al bijna 100 dagen in een vreselijke nachtmerrie.”

Vandaag spraken we familie van de Israëlische #gijzelaars. Hun verdriet en angst zijn onbeschrijfelijk. Elke dag kan de laatste zijn.

Duidelijke boodschap: de vrijlating van de gijzelaars moet de hoogste prioriteit houden! ";1;2024-01-11T18:18:36.000Z
"Republikein #Christie stapt uit de Amerikaanse Presidentsrace.

Als zijn kiezers overstappen naar #Haley, komt ze op gelijke hoogte met #Trump in New Hampshire (41% vs 43%).

Dat momentum heeft Haley echt nodig, want landelijk loopt ze nog mijlenver achter op Trump… ";0;2024-01-10T23:23:17.000Z
"Hamas-leider #Haniyeh zegt het onomwonden:

“Het is tijd voor de Jihad van het zwaard. De mensen in #Gaza vormen onze voorste loopgraaf, zowel ter verdediging als om aan te vallen.”

Deze terroristen geven niks om eigen mensenlevens en behoren wereldwijd te worden veroordeeld. ";0;2024-01-10T16:57:46.000Z
"Russische raketaanval op een recreatie- en gezondheidscentrum voor kinderen in #Kharkiv.

Hier waren geen ondergrondse tunnels, geen terroristen verstopt, en werden geen raketten op Rusland gelanceerd.

Dus hier geen morele en juridische dilemma’s. Dit is slecht en kwaadaardig. ";0;2024-01-10T11:13:09.000Z
"Dit blijft belangrijk om ook consequent te benoemen.

#Hamas had de huidige ellende in #Gaza kunnen voorkomen, én kan vandaag nog de oorlog beëindigen. 

Door de gijzelaars vrij te laten, niet te schuilen achter onschuldige burgers, te stoppen met lukrake raketaanvallen en de wapens neer te leggen.

Iedere dag opnieuw maakt Hamas een andere keuze, ten koste van de eigen onschuldige burgers.

Naast de internationale druk en kritiek op Israël, zou iedereen die begaan is met het lot van de Palestijnen ook meer druk en kritiek op Hamas moeten leveren. Dit geldt ook voor landen in de regio, (indirecte) partners van Hamas en internationale organisaties.";0;2024-01-09T20:28:54.000Z
"Doordat #Iran de terroristen van o.a. Hamas/Hezbollah/Houthi’s inzet, is er minder aandacht voor wreedheden in het land zelf.

Zo staat het regime op het punt om na langdurige martelingen 6 politiek gevangenen te executeren.

Prioriteiten voor 2024: #IRGC op de EU terroristenlijst, sancties veel strenger handhaven, en Iran meer isoleren.";0;2024-01-09T15:10:51.000Z
"“Jammer dat geen enkele politieke reactie de inspanningen van de diensten prijst om te helpen voorkomen dat een moorddadig regime een kernwapen kan ontwikkelen.”

Helaas heeft de auteur van dit goede opiniestuk de reacties van @bgroothuis en mijzelf gemist👇 ";1;2024-01-09T12:03:43.000Z
"Weer hevige raketaanvallen op #Oekraïne, met dodelijke slachtoffers maar ditmaal minder beelden.

Slechts 18 van 51 raketten (35%) zijn onderschept, mede omdat plekken zijn aangevallen buiten bereik van Patriots.

Dit toont wéér hoe belangrijk het is de luchtafweer te versterken! ";0;2024-01-08T13:52:12.000Z
"Voor onze internationale veiligheid is het van groot belang dat #Iran geen kernmacht wordt. 

We mogen er trots op zijn dat ook Nederlandse inlichtingendiensten een rol spelen in het tegengaan van deze dreiging. Daarvoor hebben zij manoeuvreerruimte nodig. 

In dit specifieke geval lijkt het er op dat betrokkenen (Van Sabben, AIVD) onvolledig op de hoogte waren van de operatie waar ze aan bijdroegen. 

We wachten de door de Kamer gevraagde reactie van het kabinet af.";0;2024-01-08T10:57:26.000Z
"“#Oekraïne wilde een vredesdeal sluiten, maar het #VK hield dit tegen”.

Deze bewering is onzin!

Er was geen deal. #Rusland wilde totale capitulatie, tot het bij Kyiv vastliep. En de massaslachting in #Boetsja veranderde alles.

Dit @WSJ-artikel zet het precies uiteen. LEESTIP👇 ";0;2024-01-07T13:31:21.000Z
"In de scherpe speech van #Biden over democratie zat nog een bijzonder moment.

Hij refereert aan een uitspraak van #Trump dat dode soldaten ‘suckers’ en ‘losers’ zijn: “hoe durft hij, wie denkt hij in godsnaam dat hij is.”

Zijn jong overleden zoon Beau was een militair… ";1;2024-01-06T15:11:33.000Z
"Nog even over de speech van Hezbollah-leider #Nasrallah:

“Als jullie veilig willen zijn, vertrek! Hier hebben jullie geen toekomst. Van de rivier tot de zee, is alléén voor het Palestijnse volk”.

Kunnen we nu eindelijk stoppen met het goedpraten van de rivier-tot-zee uitspraak? ";0;2024-01-05T15:52:50.000Z
"#Rusland gebruikt nu raketten uit #NoordKorea (bereik 900km), om een soeverein buurland aan te vallen.

Maar het is te escalerend om ATACMS en Taurus (bereik 300-500km) te leveren aan #Oekraïne, om eigen grond te bevrijden?

De VS en Duitsland zouden niet langer moeten aarzelen… ";0;2024-01-04T22:50:30.000Z
"#Rusland gebruikt nu raketten uit #NoordKorea (bereik 900km), om een soeverein buurland aan te vallen.

Maar het is te escalerend om ATACMs en Taurus (bereik 300-500km) te leveren aan #Oekraïne, om eigen grond te bevrijden?

De VS en Duitsland zouden niet langer moeten aarzelen… ";0;2024-01-04T22:50:30.000Z
"#STAGE: Nieuw jaar, nieuwe kansen!

Per 1 maart is het weer mogelijk om #stage te lopen in ons team.

Dus heb jij interesse in politiek, hart voor de liberale zaak, kennis en ervaring op Buitenlandse Zaken en Asiel?

Solliciteer dan snel! Meer info via 👉 ";1;2024-01-04T09:43:14.000Z
"Hoe is het toch mogelijk dat de #VN zo’n Tweet plaatst?

Dat #Oekraïne nu nog gelijk wordt gesteld aan #Rusland. Dat 500 Russische luchtaanvallen (vaak op burgerdoelen) in één adem worden genoemd met onduidelijke raketinslagen in Belgorod.

Schadelijk voor het aanzien van de VN. ";0;2024-01-03T22:02:32.000Z
"Een Europese pilaar bouwen binnen de #NAVO: cruciaal voor onze veiligheid!

Nu geven 4 Europese landen (incl #Nederland) via de NAVO opdracht om 1000 Patriot-raketten te produceren, via een nieuwe productielijn in Duitsland.

Laat dit een mooie stap zijn in een reeks van velen! ";1;2024-01-03T15:31:00.000Z
"Beter laat dan nooit! #Harvard president Claudine Gay treedt af.

Ze heeft Harvard zeer beschadigd met haar uitspraak dat het ‘afhankelijk is van de context’ of een oproep tot genocide tegen Joden in strijd is met de regels.

Voor mij als alumnus is dit een essentiële stap voor herstel van vertrouwen in de universiteit.";0;2024-01-02T19:24:26.000Z
"Zo ziet het redden van levens in #Oekraïne eruit.

In #Kyiv wordt een Russische raket onderschept door westerse luchtafweer (wellicht Patriot), en valt in de Dnipro rivier.

Door meer luchtafweer te leveren en de F16’s zsm inzetbaar te maken kunnen we meer slachtoffers voorkomen! ";1;2024-01-02T14:51:21.000Z
"Weer massale raketaanvallen op #Kyiv en #Charkiv.

#Poetin hoeft deze oorlog niet te voeren. Er waren talloze mogelijkheden om dit te vermijden. En vervolgens om te de-escaleren.

Maar hij kiest steevast voor agressie en oorlogsmisdaden tegen Oekraïne, en daarmee confrontatie met het Westen.

Poetin heeft deze agressie en confrontatie nodig. Om grip op de macht te houden. Om met imperiale waanbeelden de Russische bevolking klein te houden. Om frustraties uit het verleden te verwerken.

Daarom heeft concessies doen aan dit #Rusland weinig zin. Poetin zal nieuwe manieren zoeken voor agressie richting buurlanden als Oekraïne, en voor confrontatie met het Westen.

Dus moeten we #Oekraïne blijven steunen. Om meer slachtoffers en een overwinning van Rusland te voorkomen. Om ervoor te zorgen dat Oekraïne zo sterk mogelijk staat. Net zo lang totdat Rusland begrijpt dat agressie en confrontatie geen zin meer heeft.";0;2024-01-02T09:40:51.000Z
"“#China zal zeker worden herenigd met #Taiwan”

Een zorgwekkend begin van 2024. President #Xi gebruikt in zijn nieuwjaarsspeech sterkere taal dan vorig jaar, toen hij sprak over ‘familieleden die moeten samenwerken aan voorspoed’.

Iedere dag komt Chinese agressie richting Taiwan dichterbij. 

Daarom moet in 2024 het Westen stevigere stappen zetten in de afschrikking van China, voorbereiding op mogelijke scenario’s, afbouw van strategische afhankelijkheden, en samenwerking met Taiwan.

Met oorlogen in Europa (door Rusland) en het Midden-Oosten (door Iran) staat het Westen al onder grote druk. We mogen onszelf niet laten verrassen door ook nog een oorlog in Azië (door China), met potentieel de grootste consequenties voor onze welvaart.";0;2024-01-01T15:20:34.000Z
"In 2024 gaat de helft van de wereldbevolking naar de stembus.

Als politicus wens ik daarom dat 2024 weer het jaar van de vrije democratie wordt. Met meer vrede en veiligheid voor iedereen die zo door agressie en onderdrukking getroffen wordt!

Persoonlijk wens ik iedereen vooral gezondheid en veel geluk met dierbare mensen om je heen. Daar draait het uiteindelijk om in de wereld! 🥂

#GelukkigNieuwjaar #HappyNewYear2024";1;2023-12-31T21:19:33.000Z
"Je zou hopen dat de grootste Russische luchtaanval op Oekraïne veel mensen aan het einde van dit jaar nog aan het denken heeft gezet voor 2024:

- Westerse politici: meer steun aan #Oekraïne is nodig 
- Politici in rest van de wereld: geen of beperkte partnerschappen met #Rusland
- Media: nauwgezet verslag blijven doen
- Burgers in Europa: Russische agressie bedreigt ook onze veiligheid en kan overslaan naar andere landen (zie raket over Polen)

Helaas is de realiteit weerbarstiger, maar ik zal mij blijven inzetten voor onze gezamenlijke veiligheid!";1;2023-12-31T14:29:25.000Z
"Voor iedereen die begrip toont voor #Hamas: lees het laatste stuk over 7 okt in de NY Times. 

Vrouwen verkrachten en doodsteken tegelijk. Mijn maag draait er weer van om.

Hamas had een keuze: Gaza opbouwen, vreedzaam protest, gewapende strijd, of zieke monsterlijke barbarij.

Hamas koos het laatste. Dit mag nooit worden goedgepraat. Nooit!";0;2023-12-29T16:03:42.000Z
"De Russische raketaanval van vandaag is de grootste na 24 feb 2022.

Tegelijk waren er ook de meeste onderscheppingen tot nu toe.

Zonder westerse luchtafweer zouden er nog veel meer doden en gewonden zijn. Laten we slachtoffers in #Oekraïne blijven voorkomen met militaire steun! ";0;2023-12-29T14:17:32.000Z
"“Ga met #Rusland onderhandelen”, hoor ik sommigen roeptoeteren.

Na 2014 is jarenlang met Rusland onderhandeld. Ja-ren-lang. Toch vielen ze 24 feb 2022 zonder enige aanleiding #Oekraïne binnen. Met massale bombardementen en gruwelijke oorlogsmisdaden.

Ook in de maanden voor feb 2022 is eindeloos met Rusland gepraat. Regeringsleiders zoals Macron zaten in het Kremlin aan de lange tafel. #Poetin trok zich er geen snars van aan.

Sindsdien wordt met Rusland gesproken, bijvoorbeeld over de graandeal. Maar Moskou houdt zich wéér niet aan afspraken. Het geeft geen enkel vertrouwen, ondertussen blijft Rusland massaal raketten afschieten.

Helaas is er nu geen duidelijk pad om uit deze oorlog te komen. Maar onderhandelen met Poetin, concessies doen, Rusland hiermee weg laten komen: het recente verleden laat zien dat dit zal leiden tot meer agressie, meer dreiging en meer slachtoffers. En daarmee een grotere bedreiging voor onze Europese en Nederlandse veiligheid.

Daarom is en blijft de enige optie Oekraïne zoveel mogelijk te steunen. Zodat Oekraïne zo sterk mogelijk staat. Zodat niet Oekraïne, maar Rusland gedwongen wordt tot concessies. Zodat steeds meer Russen zich zullen realiseren dat deze oorlog veel kost en niks oplevert. 

En zodat op een dag het tij werkelijk zal keren in het voordeel van Oekraïne. 🇺🇦";0;2023-12-29T10:24:33.000Z
"Massale raketaanval op diverse steden in #Oekraïne (Kyiv, Odesa, Charkiv, Lviv, Dnipro etc), de grootste sinds lange tijd.

Oekraïne raakt een militair doel (marineschip), en natuurlijk reageert terreurstaat #Rusland met aanvallen op burgerdoelen.

De oorlog is niet voorbij, de Russische agressie gaat onder Poetin en dit regime nooit voorbij. 

Daarom moeten we niet aarzelen, maar Oekraïne volop blijven steunen. Zolang als nodig, en met de middelen die nodig zijn. 

Rusland verslapt niet, dus onze aandacht voor de Russische dreiging en oorlogsmisdaden mag ook niet verslappen. 🇺🇦";1;2023-12-29T07:39:55.000Z
Who would have thought the Russian regime suddenly hates an ‘almost naked celebrity party’ that much… ;0;2023-12-28T23:06:33.000Z
"Helaas krijgen rectificaties altijd te weinig aandacht, de bewering blijft toch hangen.

Door de antisemitische connotatie verdient deze rectificatie extra aandacht: er is géén bewijs voor de aantijging van Hamas-terroristen mbt orgaanroof. ";0;2023-12-28T21:28:14.000Z
"#Irak werkt al jaren slecht mee aan terugkeer van uitgeprocedeerde asielzoekers, ondanks alle Nederlandse investeringen.

Het lijkt erop dat hierover niet of nauwelijks is gesproken, ondanks toezeggingen van de minister hier prioriteit aan te geven.

Kamervragen zijn in de maak… ";0;2023-12-28T20:19:56.000Z
"#Rusland is niet uit op de ‘bevrijding’, maar de verwoesting van #Oekraïne.

Anders staat de Russische TV niet met trots te juichen bij #Mariinka, dat compleet is vernietigd.

Steeds weer is het hallucinant om te zien, maar ook steeds weer een motivatie om Oekraïne te steunen. ";0;2023-12-27T20:49:23.000Z
Zelfs voor #Erdogan’s doen is deze uitspraak krankzinnig en uiterst onsmakelijk. Kritiek op Israël mag, maar dit verdient consequente afkeuring! ;0;2023-12-27T16:22:28.000Z
"Overzicht van de Russische marineschepen in de Zwarte Zee vloot, die #Oekraïne heeft uitgeschakeld of beschadigd (16 in totaal).

Toch knap voor een land zonder noemenswaardige marine.

Zolang we Oekraïne de juiste middelen leveren, zijn ze tot indrukwekkende prestaties in staat. ";1;2023-12-27T10:48:24.000Z
"Laten we deze Kerst ook even stilstaan bij de gezinnen die niet samen zijn.

Dappere helden die met gevaar voor eigen leven onze vrijheid en veiligheid beschermen. Die ervoor zorgen dat anderen samen kunnen zijn met hun dierbaren.

Laten we hen dankbaar zijn. Fijne Kerstdagen!🎄 ";1;2023-12-24T16:14:38.000Z
"Dit jaar viert #Oekraïne voor het eerst #Kerstmis op 25 december ipv 7 januari.

#Poetin heeft de Oekraïners zo vergaand van zich vervreemd dat ze zelfs niet meer op dezelfde dag Kerst willen vieren.

Vroeger kwamen de wijzen uit het Oosten, nu is de blik op het Westen. ";0;2023-12-24T14:15:48.000Z
"Dit jaar viert #Oekraïne voor het eerst #Kerstmis op 25 december ipv 7 januari.

#Poetin heeft de Oekraïners zo vergaand van zich vervreemdt dat ze zelfs niet meer op dezelfde dag Kerst willen vieren.

Vroeger kwamen de wijzen uit het Oosten, nu is de blik op het Westen. ";0;2023-12-24T14:15:48.000Z
"Als vaste lezer betreur ik dit zeer!

De argumenten snijden ook geen hout:
> Er is geen andere fase in de strijd
> Een liveblog is de perfecte manier om verslag te doen van de vele ontwikkelingen
> De actuele situatie in #Oekraïne vraagt om een liveblog (deze ochtend alweer nieuwe militaire en diplomatieke ontwikkelingen), dus start hem maar weer op!

En bovenal, we moeten de Russische agressie in Oekraïne niet normaal gaan vinden. Het is cruciaal voor de vrijheid en veiligheid in Europa. Na 2 jaar geldt dat nog net zozeer als na 2 dagen!";0;2023-12-23T11:50:32.000Z
"Zeer belangrijk dat #Nederland een vooraanstaande rol blijft vervullen in de steun aan #Oekraïne.

Als Rusland weer de overhand krijgt, is dat desastreus voor Oekraïne en worden de kosten van onze verdediging nog hoger.

Dit is letterlijk de frontlinie, ook van onze veiligheid 🇺🇦 ";1;2023-12-22T16:32:52.000Z
"Een afschuwelijk fenomeen, waarvan ik hoopte dat het niet vanuit de VS naar Europa zou overslaan: schietpartijen op universiteiten.

Nu vreselijke beelden en berichten van een universiteit in #Praag. Met meerdere doden en gewonden.

Mijn gedachten zijn bij de slachtoffers 🙏 ";0;2023-12-21T15:32:28.000Z
"Het EU migratiepact is zeer belangrijk en verlaagt de asielinstroom naar Nederland.

Maar om migranten te kunnen terugsturen zijn migratiedeals met herkomst- en doorreislanden buiten Europa nodig. Dit puzzelstuk ontbreekt nog en moet de hoogste prioriteit zijn van de EU.

Tegelijk moeten we ons nationale asielbeleid flink aanscherpen om de komst naar Nederland minder aantrekkelijk te maken. 

Kortom, zolang de asielinstroom zo hoog is, moeten op alle niveaus uiterste inspanningen plaatsvinden: internationaal, Europees én nationaal!";1;2023-12-21T10:02:37.000Z
"De instroom van alleenstaande minderjarige vreemdelingen (AMV’s) naar Nederland stijgt naar recordhoogte.

In 2023 stijgt het alleen maar verder. Ook is dit veel hoger dan in de rest van de EU.

Dit is schrijnend voor de jongeren zelf, en legt een enorm beslag op onze hulpverleners en voorzieningen.

Volgens het WODC-onderzoek spelen Nederlandse procedures, vergunningen, nationaliteitswetten en gezinshereniging een rol. Ook strenger asielbeleid in andere EU-landen heeft effect op Nederland.

Goede reden om het Nederlandse asielbeleid aan te scherpen, zodat er geen onwenselijke prikkel meer is voor families om jongeren vooruit te sturen.

Dit is in het belang van de jongeren zelf en de draagkracht in Nederland!";0;2023-12-21T08:27:15.000Z
Terwijl Amerikaanse politici blijven soebatten over steun aan #Oekraïne, is dit een mooi gebaar! 🇺🇦 #StandWithUkraine ;1;2023-12-20T21:59:23.000Z
"“Xi vertelde Biden ronduit dat #Taiwan zal worden herenigd met #China, maar dat het moment nog moet worden besloten”.

De machtigste dictator die het grootste conflict van de 21e eeuw ook achter de schermen aankondigt…

Laten we dat eens daadwerkelijk serieus en ernstig nemen! ";0;2023-12-20T20:54:34.000Z
"Een historisch #EU migratiepact na jarenlang onderhandelen!

Met o.a. striktere screening, strenge grensprocedures voor veiligelanders, en herstel van Dublin-afspraken gaan de #asielinstroom naar Nederland en de overlast omlaag.

Nu zsm uitvoeren en de afspraken handhaven! ";1;2023-12-20T07:42:13.000Z
"Ook eens positieve resultaten op asiel.

Het aantal uitgeprocedeerde vreemdelingen dat in bewaring is gesteld en teruggekeerd naar #Marokko is in 2023 veel hoger dan daarvoor.

Natuurlijk moet dit verder omhoog, ook voor Algerijnen, Tunesiërs etc. De overlast van veiligelanders is nog zeer ernstig, maar laten we deze stijgende lijn voortzetten!";1;2023-12-19T20:33:44.000Z
"Met ca 46% wint #Vucic weer ruim de verkiezingen in #Servië.

Hiermee is hij 2x zo groot als de oppositie en blijft hij stevig in het zadel.

Weinig hoopgevend voor het Servische buitenlandbeleid: vriendelijk tegen #Rusland, agressief tegen #Kosovo en destabiliserend in #Bosnië. ";1;2023-12-17T22:26:46.000Z
"Het is overal hetzelfde.

Ook voor Amerikanen is #migratie het belangrijkste issue na inflatie.

Ca 60% vindt het migratiebeleid van #Trump beter dan Biden.

Als #Biden de verkiezingen wil winnen én steun voor #Oekraïne krijgen, kan hij beter snel zijn migratiebeleid aanscherpen. ";0;2023-12-17T21:32:57.000Z
"Over normvervaging gesproken.

60% van Amerikaanse jongeren vindt de terreuraanval van #Hamas gerechtvaardigd. En 50% steunt Hamas ipv Israël.

Meer druk op #Israël is nodig, tegelijk blijkt hieruit dat we terrorisme en Hamas consequent moeten blijven veroordelen (ook in de #VN)! ";0;2023-12-17T14:53:28.000Z
"Jaarlijks symposium van het VVD Netwerk Internationaal en de Teldersstichting!

Onze vrijheid en veiligheid in Europa staan onder grote druk. Om dit te beschermen moeten we onze militaire kracht versterken en onze economische macht slagvaardiger inzetten.

Dit vereist strategisch denken, prioriteit geven aan geopolitieke belangen, en harde keuzes maken. Het wordt een grote lakmoesproef of de #EU en #Nederland dit kunnen.

Aan de #VVD zal het niet liggen! Veel dank aan @bgroothuis, professor Kuiper en alle deelnemers voor de inspirerende bijeenkomst.";1;2023-12-16T18:53:48.000Z
"Voor wie nog altijd denkt dat de Chinese dreiging voor onze vrijheid wel meevalt, lees dit artikel!

Met smsjes blijkt in detail hoe #China een Belgisch politicus als loopjongen inzet.

Academici, journalisten en ook politici: we moeten ons hiertegen weren!";0;2023-12-15T17:16:48.000Z
"#Israël vleugellam maken in haar zelfverdediging tegen Hamas, Hezbollah, Iran etc? Nederland een onbetrouwbare Defensiepartner maken? Onze eigen luchtmacht daarmee verzwakken?

Gelukkig gaat de rechter daar niet in mee. 

#Nederland kan #F35-onderdelen aan Israël blijven leveren. Alle relevante belangen zijn afgewogen.

Nog een belangrijke conclusie: de rechter stelt dat zij zich terughoudend moet opstellen op het gebied van nationale veiligheid en buitenlands beleid!";0;2023-12-15T11:22:38.000Z
"Gelukkig is er nog steeds brede steun voor #Oekraïne.

Het trieste is dat (kleine) minderheden dit weten te blokkeren, met name Hongarije in de EU en radicale Republikeinen in de VS.

En dat terwijl Rusland dagelijks met raketten en drones aanvalt, de strijd aan het front hevig is, en Oekraïne weer een zware winter tegemoet gaat.

De meerderheid zal manieren blijven vinden om de steun aan Oekraïne voort te zetten! 🇺🇦";1;2023-12-15T10:09:29.000Z
"Dit beeld hoop ik vaker te zien bij een #EU-top over Buitenlandse Zaken…

#StandWithUkraine ";1;2023-12-14T22:05:30.000Z
"#Poetin kiest weer 3 willekeurige doelen, die hij juist door de invasie in #Oekraïne nooit zal bereiken.

> Denazificatie: complete onzin
> Demilitarisatie: Oekraïne heeft betere strijdkrachten met meer en geavanceerdere wapens dan ooit
> Neutrale status: Oekraïense bevolking en politici willen liever tot de EU en NAVO toetreden dan ooit

Het laat wederom zien dat de invasie in Oekraïne een enorme strategische blunder van #Rusland is.";0;2023-12-14T16:20:29.000Z
"Erg mooi dat de brede politieke steun voor #Oekraïne in stand blijft!

Dat stelt #Nederland in staat om een leidende rol te blijven spelen in de steun aan Oekraïne.

Juist nu is dit cruciaal! 🇺🇦🇳🇱 ";1;2023-12-12T21:01:54.000Z
"Teleurstellend en zwak besluit!

Normaal gesproken ben ik er trots op #Harvard alumnus te zijn.

Sinds vorige week schaam ik mij. Harvard president Claudine Gay noemde het ‘afhankelijk van de context’ of een oproep tot genocide tegen Joden in strijd is met de regels.

Dat is niet mijn Harvard. Ik leerde juist hoe leiderschap begint bij begrip voor de achtergrond en gevoeligheden van anderen. Hoe verandering gepaard gaat met morele dilemma’s, maar er ook duidelijke grenzen zijn om vrijheid en veiligheid te beschermen.

Wat mij betreft overschreed Claudine Gay zo’n grens. Excuses zijn niet genoeg, ze zou moeten aftreden.";0;2023-12-12T16:40:17.000Z
"Sommige partijen beweren dat de asielcrisis komt door “jarenlang bezuinigen op de IND”.

Hieronder de harde cijfers: het aantal IND-medewerkers is in 2017-2023 bijna VERDUBBELD!

Zelfs met al die duizenden medewerkers kan de IND de hoge #asielinstroom niet aan. Het is onhoudbaar! ";0;2023-12-11T20:04:04.000Z
"De wal keert het schip!

Zomaar wat nieuwsberichten in 1 week: in vele landen is de #instroom van migranten onhoudbaar en worden strenge maatregelen genomen.

Dit biedt kansen om stevigere migratieafspraken te maken, de druk op te voeren, en wetten en verdragen aan te scherpen! ";1;2023-12-11T14:26:52.000Z
"In één grafiek: hoe #China de #democratie in #HongKong de nek omdraaide.

In zulke autocratieën kunnen kiezers nog maar op één manier een tegenstem uitbrengen: door niet te stemmen.

Laten we verhinderen dat de Chinese en Russische tentakels nog meer democratieën afknijpen. ";0;2023-12-11T11:56:19.000Z
"Goede boodschap van #Scholz aan #Oekraïne, juist op dit moment!

Maar als Scholz deze woorden écht meent, moet hij de levering van Duitse langeafstandsraketten (#Taurus) niet meer blokkeren.

Het VK en Frankrijk deden dit al. Politici van Duitse oppositie- en coalitiepartijen (incl zijn eigen SPD) riepen er al toe op.

Oekraïne heeft dit nodig om Russische aanvoerlijnen te raken, en Russische wapensystemen en -voorraden op grotere afstand te houden. 

In de woorden van Scholz: ‘Laten we leveren wat Oekraïne nodig heeft om zich te verdedigen’.";1;2023-12-09T22:03:54.000Z
"Voor het eerst in 79 dagen schiet #Rusland weer raketten op #Kyiv.

Wanneer worden de EU en VS wakker? Pas als weer massaal raketten inslaan op steden, of als Rusland weer terrein verovert?

De militaire steun aan #Oekraïne moet nu fors omhoog, evenals munitieproductie in Europa! ";0;2023-12-08T12:00:43.000Z
"Juist in deze donkere tijden moeten we er samen voor zorgen dat het licht van vrijheid en veiligheid zal zegevieren.

Happy Chanoeka! #HappyHannukah ";1;2023-12-07T21:12:03.000Z
"Zolang wekelijks &gt;1000 asielzoekers zich melden in #TerApel, blijven deze problemen terugkomen.

In 2 jaar is het aantal bedden al verdubbeld (naar ca 63.000), en het aantal locaties verdrievoudigd (van ca 80 naar 234).

De instroom moet omlaag om dit structureel op te lossen. ";0;2023-12-07T11:16:50.000Z
"Ook de tweede keer is de beëdiging net zo eervol en bijzonder.

Ik ga door met de portefeuilles Buitenlandse Zaken en Asiel &amp; Migratie.

Veel zin en energie om verder aan de slag te gaan! ";1;2023-12-06T12:59:54.000Z
"In #Amsterdam is al 5 jaar een links bestuur aan de macht.

Toch is daar:
- Achterstand van ca 1500-2500 te huisvesten statushouders
- Slechts de helft van evenredig aandeel in opvang Oekraïners
- Evenredig aandeel in asielopvang (o.a. door dure noodoplossingen zoals een cruiseschip)

Wanneer durven betrokken partijen eindelijk ook te concluderen dat de asielinstroom te hoog en onhoudbaar is?";0;2023-12-06T09:01:44.000Z
"Misselijkmakende rapportage van de BBC over het seksuele geweld en verminking door #Hamas.

Dit zijn géén vrijheidsstrijders, maar maniakale terroristen.

Hoeveel tijd er ook verstrijkt na 7 oktober, vergoelijkende woorden over Hamas blijven even ongepast. ";0;2023-12-05T21:01:11.000Z
"Op 5 dec 1994 tekende #Rusland het Memorandum van #Boedapest, dat de soevereiniteit en territoriale integriteit van #Oekraïne bevestigde.

Er was geen reden voor #Poetin om deze afspraken (en diverse andere) te schenden.

Iedereen die oproept tot onderhandelingen moet deze onbetrouwbaarheid van het Russische regime meewegen.

Zonder stevige militaire afschrikking blijft Oekraïne ook op lange termijn kwetsbaar.

Daarom, ongeacht hoe de oorlog verloopt, blijft langjarige en grootschalige militaire steun aan Oekraïne nodig!";0;2023-12-05T18:55:54.000Z
"Dit zijn er helaas nog steeds te veel.

Omgerekend naar het landelijk totaal zou het gaan om circa 150.000 stemmen (1 op de 70 stemmen).

Ook na deze verkiezingen moet er weer scherp worden gekeken hoe het stemmen voor Nederlanders in het buitenland kan worden verbeterd! ";0;2023-12-05T08:51:05.000Z
"De Russische dreiging stopt niet in Oekraïne, maar richt zich ook tot de NAVO en EU.

#Poetin: ‘omdat #Letland de Russische minderheid als varkens behandelt, zullen ze zelf net zo worden behandeld’

Dit is precies waarom we ook voor onze eigen veiligheid #Oekraïne moeten steunen! ";1;2023-12-04T22:32:40.000Z
"Wow, 13.902 keer bedankt voor de steun en het vertrouwen!

Dit voelt als een grote steun in de rug om me nog harder in te zetten voor onze internationale veiligheid, grip op migratie en mijn mooie provincie Brabant.

En extra veel dank aan alle fantastische VVD’ers die zo geweldig hebben geholpen in de campagne! 🧡💙";1;2023-12-01T12:48:12.000Z
"Teleurstellend dat de gevechtspauze niet is verlengd.

Als het klopt dat #Hamas een uur van tevoren alweer een raket afvuurde op #Israël, dan is dat veelzeggend.

Hopelijk lukt het alsnog om weer afspraken te maken, zodat meer gijzelaars vrijkomen en meer hulp naar Gaza kan. ";0;2023-12-01T08:23:36.000Z
"#Rusland in de afgelopen dagen:
- Bestempelt de #LHBTI-beweging als ‘extremistisch’ (en bijv niet Hamas)
- Voert tientallen drone- en raketaanvallen uit op #Oekraïne
- Vliegt duizenden migranten in om ze over de grens met #Finland te duwen

Tegen dit Rusland past een strenge en standvastige reactie: Oekraine meer steunen, defensie en NAVO verder versterken, sancties strakker handhaven, en Rusland diplomatiek isoleren.";0;2023-11-30T20:25:56.000Z
"Wat een enorme opluchting dat de Nederlandse gijzelaar Ofir Engel is vrijgelaten (hieronder in grijze trui).

Mijn gedachten zijn direct bij zijn opa, die ondanks alles de moed erin hield en de kracht had met Kamerleden te spreken.

Groot compliment aan alle betrokken diplomaten! ";1;2023-11-29T22:22:35.000Z
"Asielzoekers meer laten werken heeft voordelen voor de asielzoeker zelf en de samenleving, maar brengt ook een groot risico met zich mee.

Het risico is dat asielzoekers die géén recht blijken te hebben op asiel, toch in Nederland mogen blijven.

Zij hebben immers tijdens de asielprocedure gewerkt, sociale rechten opgebouwd, zijn geïntegreerd etc. Daardoor kan de rechter oordelen dat het niet humaan is om diegene (met gezin) terug te sturen naar het herkomstland.

In dat geval wordt het asielsysteem een alternatieve route voor economische migranten. De asielprocedure rekken, ondertussen werken, en je mag toch blijven. Als dit gebeurt wordt de instroom nog hoger en loopt het asielsysteem nog meer vast.

Met dit risico heeft de rechter in haar uitspraak geen rekening gehouden.

Het is nu aan de Kamer en het kabinet om dit risico zoveel mogelijk te beperken. Daar zullen onze vragen en debatten met het kabinet op gericht zijn.";0;2023-11-29T13:25:51.000Z
"Welke dag heb je nou de kans om ons land veiliger te maken. Torenhoge belastingen te voorkomen. Onze eerste vrouwelijke premier te kiezen.

Vandaag is die dag! 

Stemmen voelde zelden zó belangrijk. Ga dus stemmen! 

P.S: En als je verstandig wilt stemmen, stem dan #VVD! ";1;2023-11-22T09:21:16.000Z
"We gaan door tot het laatste fluitsignaal! 

Vanavond met de @JOVDHvB in #Tilburg! 💪 ";1;2023-11-21T21:06:31.000Z
"Wat een leuke sprekersavond in #Kaatsheuvel!

Toevallig vond het plaats bij de boomkwekerij, waar ik als 15-jarige mijn eerste zomerbaantje deed.

Geweldig hoe het bedrijf in al die jaren is gegroeid. Dit ondernemerschap moeten we koesteren. Was mooi om weer even terug te zijn! ";1;2023-11-21T08:56:15.000Z
"Mijn eerste stappen in de politiek zette ik als 17-jarige bij de @JOVD.

Aanleiding was een economische crisis vanuit de VS die Nederland hard raakte.

Nog steeds heb ik dezelfde drijfveer: Nederland beschermen tegen dreigingen (Rusland, China) en crises (hoge asielinstroom) van buitenaf.

Lees hier mijn uitgebreide interview hierover voor de JOVD Driemaster 👉";1;2023-11-20T16:01:59.000Z
"De zoveelste reden waarom de #asielinstroom fors omlaag moet.

Volgens de laatste prognose heeft COA eind 2024 tussen de 44.000 en 113.000 (!) plekken nodig. Met zoveel onzekerheid blijft de chaos. 

Met alleen een spreidingswet blijft deze onzekerheid over het aantal benodigde plekken bestaan, maar wordt de chaos verspreid over alle gemeenten. 

Alleen met grip op de instroom lossen we dit op, en besparen we vele miljoenen aan dure asielopvang!";0;2023-11-20T14:12:42.000Z
"Kritiek op de Israëlische regering mag, antisemitisme is onacceptabel.

Steun uiten aan Palestijnen mag, steun aan Hamas is onacceptabel.

Een stevig statement mag, een kwetsende en bedreigende spreuk met genocidale connotatie is onacceptabel.

Het is allemaal niet zo moeilijk! ";0;2023-11-19T21:42:01.000Z
"De kroonprins van #Bahrein veroordeelt #Hamas ondubbelzinnig:

“De aanval van 7 okt was barbaars, afschuwelijk en willekeurig. Gijzelingen zijn niet ok en geen oorlogshandeling”

Leiders van islamitische landen (oa Erdogan) en de Global South kunnen hier een voorbeeld aan nemen! ";0;2023-11-19T15:25:54.000Z
"We moeten onze militaire beloften aan #Oekraïne nakomen.

Terwijl de #EU praat over vergezichten, levert het niet de beloofde 1 miljoen artilleriegranaten. Dit brengt Oekraïne op het slagveld in de problemen.

Meer prioriteit en slagvaardigheid zijn nodig! Bij @drKelderenCo vroeg ik hier wederom aandacht voor👇";0;2023-11-19T09:09:31.000Z
"Ook door wind en regen, kom je overal VVD’ers tegen! 

Vandaag o.a. in #Tilburg. Extra veel dank aan iedereen! 🧡💙 ";1;2023-11-18T17:15:55.000Z
"80% van de Nederlanders wil de #asielinstroom beperken.

Ook bij (centrum-)linkse partijen wil 36% tot 85% van de achterban dit. Toch weigeren linkse politici hiernaar te luisteren.

Laten we deze oproep van de kiezer niet negeren. Met een forse set maatregelen moet de asielinstroom na 22 november omlaag worden gebracht!";0;2023-11-18T13:47:48.000Z
"Eindelijk laat de NOS deze belangrijke cijfers zien!

Van asielzoekers is 70% na tien jaar nog in Nederland, terwijl dit voor arbeidsmigranten maar 24% is.

Hierdoor maken asielzoekers per saldo een veel groter deel uit van de immigratie dan vaak wordt voorgesteld (ca 30% ipv 11%).

Dit is één van de redenen waarom het omlaag brengen van de asielinstroom wel degelijk een groot effect heeft.";1;2023-11-18T10:48:30.000Z
"De Dag van de Ondernemer!

Hier in de regio zet ik ondernemers in het zonnetje met een chocolade letter O, van onze Oisterwijkse held Robèrt van Beckhoven.

Bedankt voor al jullie inzet! Jullie nemen risico, creëren banen, en zijn de ruggengraat van ons land! #DagVanDeOndernemer ";1;2023-11-17T13:26:54.000Z
"Het traditionele @BNR Buitenlanddebat!

Over #Israël, #Oekraïne, #Europa, en alles dat daarmee te maken heeft.

Om 15.00u bij BNR op de radio en later in de podcast! ";1;2023-11-16T13:44:13.000Z
"Vandaag op bezoek in #TerApel, #Emmen en #Hoogeveen.

Er zijn maatregelen genomen tegen #overlast door asielzoekers, zoals meer beveiligers, camera’s en de strenge locatie voor overlastgevers (HTL).

Maar het is niet genoeg. Zeker in Ter Apel is de overlast onhoudbaar. Omwonenden en winkeliers zijn het helemaal zat.

Een volgend kabinet moet de asielinstroom fors omlaag brengen, overlastgevers nog strenger aanpakken, en Nederland onaantrekkelijker maken voor veiligelanders. Het kan niet anders!

Veel dank aan de COA- en DJI-medewerkers voor het indrukwekkende werk op de HTL in Hoogeveen, de winkeliers en chauffeurs voor de open gesprekken, en alle VVD’ers voor de warme ontvangst.";1;2023-11-15T19:46:51.000Z
"Belangrijke bevestiging door de #VS.

Pentagon: ‘#Hamas runt een commando-centrum vanuit het Al Shifa ziekenhuis, ze hebben daar wapens opgeslagen’.

Dat is juridisch relevant, maar maakt onschuldige slachtoffers niet minder erg. Daarom roept de VS op daar nu niet te vechten. ";0;2023-11-14T20:51:14.000Z
"Schandalig als de EU deze belofte aan #Oekraïne niet nakomt.

De #EU kan eindeloos filosoferen over strategische autonomie, maar het gaat om dit soort concrete resultaten.

Zorg nu dat de productie van munitie en wapens écht fors wordt verhoogd. Wacht niet tot het te laat is! ";0;2023-11-14T12:10:19.000Z
"Sterkte aan alle kinderen en ouders hier in ons dorp #Oisterwijk, die hier vanochtend door geschrokken zijn. 

Hopelijk lukt het de politie om de verdachte snel te vinden. ";1;2023-11-14T10:00:00.000Z
"#Rusland bombardeert vandaag weer lukraak een ziekenhuis in #Cherson, terwijl Oekraïne geen enkele dreiging voor Rusland vormt (foto links).

#Israël bevecht de terroristen van #Hamas, die na de beestachtige afslachting militair opereren vanuit ziekenhuizen in Gaza en mensen inzetten als schild (foto rechts).

Iedere onschuldige burgerslachtoffer is even pijnlijk en verdrietig. Zeker als het om kinderen gaat. Dat moet zo goed als mogelijk worden voorkomen.

Om Hamas uit te schakelen is niet alles geoorloofd. Daarom is het belangrijk dat #Nederland en andere landen stevige druk uitoefenen om meer hulpgoederen toe te laten en burgerslachtoffers te voorkomen. Druk uitoefenen aan tafel is zinvoller dan alleen kritiek leveren vanaf de zijlijn.

Maar wat Rusland en Israël doen is wel fundamenteel verschillend. Israël verdedigt zich tegen terreur, Rusland valt aan met staatsterreur. Dat moeten we ons blijven realiseren.";1;2023-11-13T17:27:30.000Z
"Ook al is het weer nogal grijs en grauw, we kleuren de straten oranje en blauw!

Vandaag in #Boxtel en #Hilvarenbeek! 🧡💙

En zelfs in Hilvarenbeek veroveren we het Binnenhof 😉👇 ";1;2023-11-12T19:35:07.000Z
"Zonnetje, zaterdag, zeer gezellige VVD’ers: dus zin om campagne te voeren!

Vandaag in #Moergestel, in mijn mooie gemeente #Oisterwijk! 🧡💙 ";1;2023-11-11T13:13:10.000Z
"De hoge #asielinstroom valt NIET mee.

Ook volgens de nieuwste cijfers blijft de asielinstroom tussen de ca 45.000-65.000.

Dat is 1.5 tot 2 keer zo hoog als in normale jaren voor corona, en boven het niveau dat de IND aan kan (door een structureel tekort aan beschikbaar personeel).

Daardoor blijft het aantal benodigde opvangplekken alsmaar stijgen, en worden de problemen alsmaar groter.

In het verleden waren in de meeste jaren circa 30.000 bedden voldoende, en was het verstandig geweest om meer buffer aan te houden (bijv 10-20%).

Maar nu zijn al meer dan 60.000 (!) bedden nodig. En zonder maatregelen stijgt dat in 2024 door tot meer dan 80.000. Daar kan geen buffer tegenop.

En dat allemaal bovenop 100.000 Oekraïners, die ook allemaal een plek nodig hebben.

Daarnaast nemen de capaciteitsproblemen rondom woningen, onderwijs, zorg en politie alsmaar toe. De totale kosten van asielopvang rijzen de pan uit.

Voor asielzoekers is deze situatie ook ernstig. Zij moeten lang wachten, regelmatig verhuizen, en verblijven vaak in ondermaatse voorzieningen. Met zo’n hoge instroom kan Nederland niet aan de standaarden voor fatsoenlijke opvang voldoen.

Kortom, om uit deze crisis te komen MOET de asielinstroom omlaag. Er is geen andere optie. Dat laten de cijfers voor de zoveelste keer zien.";0;2023-11-10T15:44:36.000Z
"Zo is het exact!

#Kristallnacht #antisemitisme ";1;2023-11-09T18:49:51.000Z
"Interessant werkbezoek aan Schijndel en Sint-Oedenrode.

Hier zorgt de gemeente #Meierijstad zelf voor de opvang van Oekraïners en asielzoekers op kleinschalige locaties. En dat op een efficiënte manier.

Echter, dit is alleen vol te houden met behapbare aantallen. De rek gaat er steeds meer uit. Daarom moet er grip komen op de asielinstroom!

Weer ben ik onder de indruk van de tomeloze inzet van betrokken medewerkers, die al tijdenlang in crisis-modus werken. 

Dank aan de gemeente en aan de @vvd_meierijstad voor de ontvangst!";1;2023-11-09T10:32:16.000Z
"Leuke gespreksavond met de #JOVD #Eindhoven en #DenBosch.

Met een belangrijke boodschap: niet alleen immigratie maar ook emigratie is een probleem. Talentvolle Nederlandse studenten vertrekken namelijk naar het buitenland, omdat toonaangevende bedrijven zijn weggegaan.

Weer een zorgelijk signaal, dat laat zien hoe zuinig we moeten zijn op onze bedrijven!

P.S. En dat allemaal tijdens een Champions League wedstrijd van #PSV: wat een politieke diehards!";1;2023-11-08T21:37:39.000Z
"Het stopzetten van de levering van #F35 reserve-onderdelen zou #Israël vleugellam maken en #Nederland een onbetrouwbare partner.

Dat zou onwenselijk zijn. 

Juist nu Israel zich moet verdedigen tegen terrorisme (Hamas-Hezbollah), onze internationale veiligheid zo onder druk staat, en defensiesamenwerking van cruciaal belang is.

Ter achtergrond: Nederland doet sinds 2002 mee aan het internationale F35-programma, en heeft nu een distributiecentrum van waaruit reserve-onderdelen aan partnerlanden worden geleverd, waaronder Israël. 

Het is belangrijk dat Nederland blijft deelnemen aan dit F35-programma. Daarvoor moeten we internationale afspraken nakomen. 

Dat is in het belang van onze veiligheid en dat van partnerlanden. En laten we niet vergeten dat Israël het recht heeft zichzelf te verdedigen tegen de terreur van Hamas en Hezbollah.";1;2023-11-08T15:16:28.000Z
"Wat een mooie bijeenkomst in #Vught!

We hebben alles besproken: Israël, Oekraïne, China, de EU, grip op asiel en arbeidsmigratie etc. Maar ook mijn persoonlijke ervaringen in Den Haag.

Veel dank aan Albert Verlinde voor het goede gesprek! Dat smaakt naar een theatertour 😉… ";1;2023-11-08T08:52:44.000Z
"Wat een misplaatst stuk over de pogrom van #Hamas.

Pogrom = ‘Een uitbarsting van geweld en buitensporigheden tegen een deel vd bevolking, met name Joden’.

Hamas wil Joden in #Israël uitroeien, een minderheid in een vijandige regio. 7 okt was een pogrom, zonder mitsen en maren… ";0;2023-11-07T23:07:51.000Z
"Leuk debat op de middelbare school in #Boxtel.

‘Een basisinkomen, hoe gaan we dat ooit betalen?’ ‘Een Europees leger, dat gaat toch nooit werken?’

Mooi hoe veel scholieren realistischer zijn dan sommige politici! ";1;2023-11-07T17:51:23.000Z
"Niks leukers dan terug te zijn op mijn oude Universiteit van @TilburgU!

In een aula vol herinneringen een stevig debat over asiel, kernenergie en bestaanszekerheid. Met veel betrokkenheid van studenten.

Veel dank aan @FractieFront, Juribes en @sgtilburg voor de organisatie! ";1;2023-11-06T21:42:40.000Z
"Terwijl de aandacht naar Israël/Gaza gaat (en helaas minder Oekraïne), voert #China grote militaire oefeningen uit rond #Taiwan.

Dit vraagt van de #VS veel capaciteit ter afschrikking.

Weer laat dit zien waarom EU-landen zelf (via NAVO) meer moeten zorgen voor onze veiligheid! ";0;2023-11-06T15:13:18.000Z
"Het is vreemd dat bij pro-Palestijnse demonstraties wereldwijd niet meer anti-Hamas boodschappen te zien zijn.

#Hamas gebruikt gewone Palestijnen als menselijk schild, lokt met terrorisme harde tegenreacties uit van Israël, en verrijkt zichzelf ten koste van de bevolking.

Voor de route naar vrijheid in #Gaza is Hamas een wezenlijk obstakel.";0;2023-11-05T15:21:44.000Z
"Ondanks het grijze weer een kleurrijke campagne-ochtend in #DenBosch.

Eerst een goede gedachtewisseling over asiel, daarna veel mooie gesprekken op de markt.

Enorm veel dank aan de @bosschevvd voor al jullie inspanningen en enthousiasme, door weer en wind! 🙏 ";1;2023-11-04T13:24:06.000Z
"Goed debat over het Midden-Oosten.

Naast meningsverschillen ook eensgezindheid over: steun aan #Israël in het recht op zelfverdediging, meer humanitaire hulp naar #Gaza, harde lijn tegen #Iran, en stevig optreden tegen #antisemitisme.

Dank aan @CIDI_nieuws voor de organisatie! ";1;2023-11-03T10:30:26.000Z
"Het regime van #Iran is het grote kwaad achter de terreur op #Israël.

Deze #Hamas leider zegt het openlijk:

‘Iran gaf ons geld, wapens en expertise. Zij steunden ons met alles, waarmee we de vijand verpletterden’.

Alle Iraanse betrokkenen verdienen sancties en de #IRGC moet zsm op de EU terroristenlijst!";0;2023-11-02T15:55:25.000Z
"Tussen alle ellende gelukkig ook eens een klein beetje goed nieuws.

Hopelijk lukt het om de humanitaire corridors (hulpgoederen #Gaza in, buitenlanders en gewonden eruit) snel uit te breiden. ";1;2023-11-02T11:32:42.000Z
"Wat een stuitend interview met een prominent #Hamas ‘politicus’:

“Wij zullen de aanval van 7 oktober herhalen, keer op keer opnieuw… Israël moet worden vernietigd… Wij zijn er trots op mensen als martelaar op te offeren”

Dit toont wederom aan dat #Israël voor haar veiligheid niet anders kan dan Hamas fors verzwakken.

Israël moet zich daarbij houden aan het internationaal recht en onschuldige slachtoffers zo goed als mogelijk voorkomen.

Maar Hamas is een terreurorganisatie zoals IS, daarmee kan geen duurzame vrede worden gesloten.

De Gazanen hebben een andere vertegenwoordiger nodig. Om niet langer te worden gebruikt als menselijk schild en martelaar. En om te kunnen werken aan duurzame vredesoplossingen.";0;2023-11-01T11:33:47.000Z
"#Iran wordt voorzitter van het sociaal forum van de #VN mensenrechtenraad.

Het thema in 2023 is ‘de bijdrage van wetenschap, technologie en innovatie aan mensenrechten’.

En dat terwijl het wrede Iraanse regime haar eigen bevolking, #Israël, de regio en de wereld bedreigt met:
- De ontwikkeling van nucleaire wapens
- Geavanceerde raketten (o.a. via Hezbollah)
- Drones (o.a. via Rusland in Oekraïne)
- Cyberaanvallen
- Surveillance technologie
- Giftige gassen (om schoolmeisjes te vergiftigen)

Cynischer en krankzinniger wordt het niet!";0;2023-10-31T16:34:58.000Z
"In het debat over internationale veiligheid was gelukkig veel overeenstemming.

Over steun aan #Oekraïne, minder afhankelijkheid van #China, en meer investeringen in #Defensie.

Het wordt cruciaal dit met urgentie, prioriteit en realisme te gaan doen.

Veel dank aan de @Atl_Comm! ";1;2023-10-31T14:08:35.000Z
"‘We need signs of life’

Hartverscheurende gesprekken met familie en vrienden van de 240 gijzelaars uit #Israël. Al 24 dagen zitten zij in diepe angst en complete onzekerheid.

Internationale druk en aandacht zijn noodzakelijk om de gijzelaars zsm vrij te krijgen. ";0;2023-10-31T10:26:53.000Z
"Onthouden van stemming in de #VN was voor #Nederland inhoudelijk, politiek en diplomatiek de beste keuze.

Inhoudelijk:
- Fundamentele punten ontbraken in de resolutie: een veroordeling van de terreuraanval van #Hamas, het recht op zelfverdediging van #Israël, en een oproep om de gijzelaars direct vrij te laten
- Als Nederland de internationale rechtsorde serieus neemt, MOETEN deze punten erin zitten. Zo niet, dan is ‘onthouden’ op zijn plaats.

Politiek:
- Een meerderheid van de Kamer had zich uitgesproken vóór humanitaire pauzes en corridors, maar tegen een algeheel staakt-het-vuren (die Israël de mogelijkheid zou ontnemen met militaire middelen Hamas te verzwakken en gijzelaars te bevrijden). 
- Door te ‘onthouden’ volgde het kabinet de uitkomsten van een urenlang Kamerdebat. Lijkt me wel zo democratisch.

Diplomatiek:
- Door op te komen voor zowel het recht op zelfverdediging van Israël als de (humanitaire) rechten van Palestijnen, blijft Nederland met beide kanten in gesprek. En kan Nederland als partner ook kritische boodschappen overbrengen.
- Het is effectiever om te kunnen bemiddelen en kritisch met beide kanten te spreken, dan alleen langs de zijlijn te roepen (zoals bijvoorbeeld België). Het is niet voor niets dat premier Rutte als eerste westerse leider een bezoek kon brengen aan Netanyahu én Abbas.

Laten we deze discussie afronden en vooruit kijken. Het vinden van een goede balans tussen het recht van Israël om Hamas te verzwakken en de humanitaire rechten van gewone Palestijnen is ingewikkeld genoeg.";1;2023-10-31T07:44:53.000Z
"Zeer verontrustend dat de aandacht voor #Oekraïne dreigt te verslappen.

Dit is precies wat #Rusland en #Iran willen: verdeeldheid in het Westen, minder focus op Oekraïne.

Juist nu Oekraïne het moeilijk heeft op het slagveld en het counter-offensief tegenvalt, is het zo belangrijk een nieuw plan te ontwikkelen.

Belangrijke vragen zijn:
- Hoe gaat Oekraïne weer militair de overhand krijgen?
- Hoe gaan Europese landen de productie van wapens en munitie substantieel verhogen?
- Hoe gaan we de bevroren Russische tegoeden eindelijk kunnen inzetten?
- Welke structurele veiligheidsgaranties kunnen we Oekraïne geven?

Allemaal vragen die snel moeten worden beantwoord. Dat vereist onze niet aflatende aandacht.

Goed gesprek hierover met @dkaleniuk! 🇺🇦";1;2023-10-30T12:32:01.000Z
"Weerzinwekkende beelden van steeds enger #antisemitisme.

In Dagestan (zuid-#Rusland) bestormt een losgeslagen menigte het vliegveld, jagend op Joden in een vlucht vanuit #Israël.

We kunnen dit niet krachtig genoeg veroordelen. Consequent, steeds opnieuw.

Kritiek op Israël mag, Jodenhaat nooit!

En laat #Poetin eerst zijn eigen land eens de-nazificeren…";0;2023-10-29T20:26:14.000Z
"Gezellige bijeenkomst vandaag met #VVD kandidaten en leden uit #Brabant!

Met @ThierryAartsen, @Daandekort92, @MartijnBuijsse, @annevanberlo en Ilona Klerks.

We gaan met veel enthousiaste VVD’ers Brabant weer oranje-blauw kleuren de komende weken! 🧡💙 ";1;2023-10-28T19:23:51.000Z
"Nogal wat ophef over de stemming in de #VN, waar #Nederland zich begrijpelijkerwijs onthouden heeft van stemming.

Natuurlijk is Nederland voor een humanitaire pauze en een snelle levering van hulpgoederen, zoals onze VN-ambassadeur heeft toegelicht in de stemverklaring.

Echter, in de resolutie zat geen veroordeling van #Hamas, terwijl de gruwelijke terreuraanval pas 20 dagen geleden plaatsvond. 

Ook zegt de resolutie niks over Israël’s recht op zelfverdediging en de tijdelijkheid van humanitaire pauzes, terwijl #Israël militaire middelen moet kunnen blijven inzetten om Hamas te verzwakken en gijzelaars te bevrijden.

De resolutie heeft geen dwingend karakter, het is puur een politiek en diplomatiek signaal.

Terecht dat Nederland het signaal afgeeft dat humanitaire corridors hoognodig zijn, maar dat de brute terreur van Hamas moet worden veroordeeld en Israël het recht heeft op zelfverdediging.

Daarom niet ‘voor’ of ‘tegen’ de resolutie, maar ‘onthouden’. Een juiste balans.

P.S: Nederland doet hiermee hetzelfde als o.a. Australië, Canada, Denemarken, Estland, Finland, Duitsland, Japan, Zweden en het VK. Geen verkeerd rijtje om tussen te staan…";1;2023-10-28T12:47:01.000Z
"Mijn interview in Trouw over hoe de VVD grip wil krijgen op migratie.

Door onzorgvuldig formuleren van mijn kant lijkt het of ik een standpunt inneem over toekomstige coalitievorming. Dat was niet de bedoeling en is niet aan mij. ";0;2023-10-26T08:00:40.000Z
"Joden in Nederland en Europa worden bedreigd, #antisemitisme neemt vreselijk toe.

Dit is onacceptabel en moet ook Europees krachtig worden veroordeeld.

De motie van @UlysseEllian en mij is unaniem aangenomen. Een stevig signaal van de Kamer dat we de Joodse gemeenschap steunen! ";1;2023-10-25T13:14:15.000Z
"Het geopolitieke verkiezingsdebat van de @JongeAtlantici!

Goede discussie over grote thema’s: Oekraïne, China, Israël-Palestijnen, hervorming EU, samenwerking met VS, migratiedeals, en meer investeringen in Defensie.

Mooi om de sterke betrokkenheid van studenten hierop te zien! ";1;2023-10-23T19:42:26.000Z
"Sommigen maken nu de vergelijking tussen #Rusland en #Israël.

Waarom iedere vergelijking mank gaat:

1. Het doel van Rusland is het inlijven en verwoesten van een soeverein buurland (#Oekraïne), het doel van Israël is het verzwakken en uitschakelen van een terreurorganisatie (#Hamas).

2. Rusland viel zonder aanleiding Oekraïne aan, Israël verdedigt zichzelf na een gruwelijke terreuraanval (raketregens, executies, martelingen, gijzelingen).

3. Rusland bombardeert op grote schaal burgerdoelen zonder enige militaire relevantie, Israël valt doelen aan van waaruit Hamas-terroristen opereren en raketten afschieten.

Een betere vergelijking is tussen #Rusland en #Hamas, die allebei de afschuwelijkste gruweldaden plegen op onschuldige burgers: executies, martelingen en verkrachting.

Natuurlijk maakt Israël fouten en moet het worden gewezen op proportionaliteit en het humanitair oorlogsrecht. Ook is kritiek op zijn plaats wanneer Israël handelt in strijd met het internationaal recht. Het moet zich inspannen om burgerslachtoffers zo goed als mogelijk te voorkomen.

Maar laten we de acties van het democratische Israël niet verwarren met die van het autocratische Rusland.";0;2023-10-23T07:58:17.000Z
"Eerste townhall met @DilanYesilgoz!

Met 5 duidelijke prioriteiten voor een beter #Nederland, waaronder grip op onze grenzen en (internationale) veiligheid voor ons land.

Mooie inhoudelijke aftrap van de campagne, met veel enthousiasme en energie! Let’s go! ";1;2023-10-21T10:06:09.000Z
"Door de aanslag in #Brussel staat de schijnwerper op de haperende terugkeer van mensen zonder recht op asiel.

Laat de #EU eindelijk meer druk zetten op herkomstlanden om eigen burgers terug te nemen. 

En #Nederland moet strenger optreden bij illegaal verblijf, zeker bij overlastgevers en veiligelanders! (1/2)";0;2023-10-20T19:33:49.000Z
"Een gruwelijke terreuraanval en haat tegen Joden of moslims moeten we krachtig veroordelen.

Maar politici in #Nederland hebben ook de verantwoordelijkheid geen olie op het vuur te gooien.

We hebben beperkte invloed op oplossingen daar, maar grote invloed op de spanningen hier. ";0;2023-10-20T12:36:07.000Z
"“Ik sluit geen waterige compromissen waar je geen verschil mee maakt.”

“Vooral op klimaat en migratie wil ik echte doelen bereiken. Betaalbaarheid is belangrijk bij klimaat. Migratie moeten we beheersbaar maken.”

Sterk interview met @DilanYesilgoz👇!";1;2023-10-20T08:54:25.000Z
"Deze ochtend spreek ik bij Goedemorgen Nederland over de actuele ontwikkelingen rond #Israël en #Gaza.

Om 7.00u-10.00u te zien bij WNL op NPO1! ";1;2023-10-20T05:07:52.000Z
"The fingerprints of #Iran’s Revolutionary Guard (#IRGC) are on the terrorist attacks by Hamas.

After these attacks, the #EU should gather the required legal evidence to put the IRGC on the EU terrorist list.

I called on the Dutch government to push this forward on @IranIntl👇 ";1;2023-10-19T13:25:02.000Z
"Mijn eerste verkiezingsdebat van deze campagne.

Over de noodzaak de asielinstroom omlaag te brengen, werkende migratie-afspraken te maken met landen buiten Europa, en ook grip te krijgen op arbeidsmigratie.

Terug te kijken via de website van De Balie 👉 ";1;2023-10-19T08:49:17.000Z
"Het zijn vooral de terroristen die garen spinnen bij de afgelopen 24 uur.

Een voorlopige samenvatting:

1. Verschrikkelijke explosie in een ziekenhuis in #Gaza met vele slachtoffers. Oorzaak in het begin onduidelijk, daarna steeds meer aanwijzingen dat het gaat om een afgezwaaide raket door terroristen uit Gaza. Nog geen finale conclusie.

2. Hamas beweert direct dat het een Israëlische luchtaanval betreft met vele honderden doden.

3. Media wereldwijd nemen de beweringen van Hamas over, sommige media tonen hier later spijt van.

4. Protesten en agressie tegen Israëlische ambassades en Joodse instellingen. Veel Joden in het Westen en Midden-Oosten verkeren in grote angst.

Kortom: onschuldige burgerdoden, een kras in het vertrouwen van media, agressie en woede richting Israël, angst onder de Joodse gemeenschap. 

Helaas is dit precies wat terroristen willen.";0;2023-10-18T14:20:55.000Z
"Het zijn vooral de terroristen die garen spinnen bij de afgelopen 24 uur.

Een voorlopige samenvatting:

1. Verschrikkelijke explosie in een ziekenhuis in #Gaza met vele slachtoffers. Oorzaak in het begin onduidelijk, daarna steeds meer aanwijzingen dat het gaat om een afgezwaaide raket door terroristen uit Gaza. Nog geen finale conclusie.

2. Hamas beweert direct dat het een Israëlische luchtaanval betreft met vele honderden doden.

3. Media wereldwijd nemen de beweringen van Hamas over, sommige media tonen hier later spijt van.

4. Protesten en agressie tegen Israëlische ambassades en Joodse instellen. Veel Joden in het Westen en Midden-Oosten verkeren in grote angst.

Kortom: onschuldige burgerdoden, een kras in het vertrouwen van media, agressie en woede richting Israël, angst onder de Joodse gemeenschap. 

Helaas is dit precies wat terroristen willen.";0;2023-10-18T14:20:55.000Z
"Eén ding is zeker: het groot aantal slachtoffers in het ziekenhuis in #Gaza is tragisch. We leven mee met alle onschuldige slachtoffers.

De rest is nog onzeker, laten we daarom voorzichtig zijn met conclusies👇 ";0;2023-10-17T19:37:39.000Z
"#Zelensky bevestigt nu officieel dat de Amerikanen #ATACMS in het geheim hebben geleverd.

Met deze lange afstand raketten (300km) kan Oekraïne de Russische aanvoerlijnen op grotere afstand treffen. 

Een welkome opsteker voor #Oekraïne in deze moeilijke fase van de oorlog! ";1;2023-10-17T16:27:30.000Z
"#Orban is een paard van Troje, en steekt het niet onder stoelen of banken.

Terwijl de EU oorlogsmisdadiger #Poetin isoleert, zegt Orban een nauwere band te wensen.

Terwijl EU leiders het Belt and Road Forum van #China boycotten, gaat Orban er als enige naar toe.

Dit is een perfecte illustratie waarom het vetorecht in het #EU buitenlandbeleid moet worden afgeschaft. 

We mogen ons niet laten verlammen door deze Hongaarse pion van Rusland en China!";0;2023-10-17T12:20:03.000Z
"Ook eens wat leuk nieuws, over mijn mooie dorp #Oisterwijk.

Volgens een Chinees gezegde is het beste moment om een boom te planten 20 jaar geleden. Blijkbaar is dit 650 jaar geleden…
";1;2023-10-17T08:58:26.000Z
"Volgens exit-polls heeft de oppositie in #Polen gewonnen.

Drie partijen (Civic Coalition, Third Way, Lewica) gaan samenwerken en hebben ca 248 van 460 zetels.

Met de hoogste opkomst ooit (73%, record was 63% in 1989) kiezen Polen massaal voor een betere relatie met de #EU! ";1;2023-10-15T20:10:39.000Z
"#Hamas houdt buitenlanders gevangen in #Gaza.

#Egypte en #Israël willen Amerikanen (en ook Nederlanders) uit Gaza laten, maar Hamas werkt dit tegen en stelt hier eisen tegenover.

Zo zetten de Hamas-terroristen niet alleen gegijzelden maar ook buitenlanders in als drukmiddel. ";0;2023-10-15T14:19:23.000Z
"Alle beetjes helpen om meer grip te krijgen op #migratie.

Deze week zijn 6 moties van mij en @BartvdBrink aangenomen, die bijdragen aan een lagere #asielinstroom.

1) Aanscherping van nareisbeleid, zodat minder nareis-op-nareis kan plaatsvinden en minder jongeren vooruit worden gestuurd

2) Opvang en voorzieningen voor asielzoekers met kansarme aanvraag versoberen, meldplicht intensiveren, en capaciteit van strenge opvanglocaties (PBL’s) zsm fors uitbreiden

3) IND minder snel en vaak het voordeel van de twijfel laten toepassen, bewijslast zoveel mogelijk bij asielzoeker leggen

4) Iedere asielzoeker met een kansrijke aanvraag fysiek horen (niet alleen schriftelijk), zodat indringend kan worden getoetst en Nederland hierin niet aantrekkelijker is dan omringende landen

5) Informatie uit mobiele telefoons gebruiken om asielrelaas te toetsen

6) Werkinstructies van IND niet langer openbaar maken, net als in andere Europese landen

Dit zijn allemaal maatregelen die het demissionaire kabinet relatief snel kan uitvoeren, hiervoor zijn geen lange wetstrajecten nodig.

Uiteraard is dit niet genoeg en zal een volgend kabinet nog veel meer moeten doen om de asielinstroom omlaag te brengen!";1;2023-10-15T13:06:23.000Z
"Complimenten aan alle betrokkenen voor de voortvarende repatriëring van Nederlanders uit #Israël.

Inmiddels zijn 632 Nederlanders opgehaald, en een vijfde vlucht is nu onderweg.

Eerder bevestigde de minister mij door te gaan zolang dit nodig is en de veiligheid het toelaat. ";1;2023-10-15T10:51:25.000Z
"#Iran verbergt op geen enkele wijze haar steun aan #Hamas.

Hier een warme ontmoeting in Qatar tussen de Iraanse minister van BuZa en de leider van Hamas.

De #EU moet dit aangrijpen om eindelijk de IRGC op de terreurlijst te zetten en nog meer betrokkenen sancties op te leggen. ";0;2023-10-14T20:53:49.000Z
"Terwijl we terecht veel aandacht hebben voor Israël en Gaza, moet onze steun aan #Oekraïne doorgaan!

Goed dat de premier in #Odesa nieuw materieel toezegde, zoals Patriot-raketten, drones en anti-mijnapparatuur.

We blijven verenigd tegen terreur, zowel van #Rusland als #Hamas! ";1;2023-10-13T16:22:31.000Z
"Gelukkig meldt het Israëlisch leger (#IDF) zojuist dat de #Hezbollah-aanval vanuit het noorden vals alarm was. 

Voor nu is de opluchting groot. De reden dat alle alarmen afgingen wordt nader onderzocht. ";1;2023-10-11T17:42:24.000Z
"Eerste berichten van een mogelijk grotere aanval door #Hezbollah, met drones en paragliders.

Het angstbeeld van een tweede front zou hiermee werkelijkheid kunnen worden.

Zojuist in het debat bevestigt de minister mij dat #Nederland en de #EU de landen in de regio maximaal aansporen om deze escalatie te ontmoedigen.

Helaas is de realiteit dat alleen de #VS met het vliegdekschip USS Gerald R. Ford beschikt over geloofwaardige afschrikking.

Laten we hopen voor #Israël dat deze escalatie kan worden afgewend.";0;2023-10-11T16:15:38.000Z
Indrukwekkende toespraak van premier Rutte in de Tweede Kamer, bij de herdenking van de slachtoffers van de terreur in #Israël. ;1;2023-10-11T11:00:48.000Z
"Goed nieuws voor Nederlanders die willen vertrekken uit #Israël.

Er melden zich steeds meer Nederlanders die weg willen en geen vliegticket kunnen boeken. Terecht dat het kabinet nu een militair transportvliegtuig inzet.

Zo kunnen de komende dagen ca 200 landgenoten terugkeren. ";1;2023-10-10T17:59:31.000Z
"Steeds als je denkt het niet gruwelijker kan, wordt het toch nog erger.

Nu dit bericht dat er onthoofde baby’s zijn gevonden. Zó sadistisch. Hier zijn geen woorden voor…

Laten we verenigd blijven tegen deze monsterlijke terreur. ";0;2023-10-10T14:16:57.000Z
"Natuurlijk mag je (stevige) kritiek hebben op het beleid van #Israël, maar:

- Dit is nóóit een legitimatie voor beestachtige terreur (onthoofding, ontvoering, verkrachting van onschuldige burgers)
- De regering in Israël is niet hetzelfde als ‘de Joden’

Op pijnlijke wijze vliegt Derksen hier dubbel uit de bocht. Zulke woorden komen hard aan, juist nu. Ik hoop dat hij zijn woorden rechtzet. 

En zo niet, laat dan iedereen dit doen die het wél begrijpt.";0;2023-10-09T20:33:05.000Z
"Iedere paar uur wordt de verschrikking nog erger.

Hieronder dreigt #Hamas gijzelaars te executeren en dit openlijk uit te zenden.

De wonden worden dieper, de angsten steeds meer existentieel. Hierdoor zal #Israël harder (moeten) terugslaan. 

Nog meer onschuldige burgers aan beide kanten zullen slachtoffer worden. Allemaal het gevolg van de monsterlijke praktijken van Hamas.";0;2023-10-09T18:06:07.000Z
"Voor de terroristen van #Hamas is niks heilig.

Geen mensenlevens, geen Palestijnse burgers, geen moskee en zelfs #Jeruzalem niet👇 ";0;2023-10-09T15:10:03.000Z
"Als terreuraanslagen in Frankrijk worden gepleegd, hijsen we de Franse vlag.

Als terreuraanslagen in #Israël worden gepleegd, hijsen we de Israëlische vlag.

Laten we onze steun tonen aan de slachtoffers van afschuwelijke barbarij. Zonder mitsen en maren. ";0;2023-10-09T08:30:01.000Z
"Deze ochtend spreek ik met Naomi Mestrum en @AfshinEllian1 bij Goedemorgen NL over de vreselijke terreuraanval op #Israël en de actuele ontwikkelingen.

Nu te zien op NPO 1. ";1;2023-10-09T05:33:56.000Z
"Niet alleen de beelden uit #Israël zijn afschuwelijk, maar ook de aantallen.

Hieronder het aantal Israëlische doden in de laatste 15 jaar door het conflict met de Palestijnen (bron: VN). In 2023 komen er nu &gt;1000 doden bij.

Na deze massale terreur verdient Israël massale steun! ";0;2023-10-08T19:58:31.000Z
"Een terechte steunbetuiging aan #Israël!

Onze premier neemt het juiste besluit, hopelijk volgen er nu meer (lokale) bestuurders in #Nederland! ";1;2023-10-08T12:17:25.000Z
"Ongelofelijk, dit statement van het hoofd van de Palestijnse vertegenwoordiging in #Nederland.

De brute terreur van #Hamas wordt niet afgekeurd, maar goedgepraat en een ‘roep om hulp’ genoemd. Geen enkele aansporing het geweld te stoppen. 

En landen als Nederland zouden het recht op zelfverdediging van #Israël niet mogen benadrukken.

Genoeg aanleiding voor onze minister van Buitenlandse Zaken om deze vrouw ter verantwoording te roepen.";0;2023-10-08T07:14:12.000Z
"Zelfs vandaag zijn er politici en opiniemakers die zeggen dat dit de eigen schuld is van #Israël.

Die beweren dat duizenden raketten, het afslachten van onschuldige burgers, en het gijzelen van vrouwen en kinderen best begrijpelijk en gerechtvaardigd zijn.

Laten we ons daarom duidelijk blijven uitspreken. Terrorisme is een keuze en nóóit gerechtvaardigd.

Ook al is er allerlei kritiek mogelijk op het beleid van Israël, dit mag géén rechtvaardiging zijn voor terreur. En is daarmee niet de eigen schuld van Israël.

Dit is wél de schuld van #Hamas terroristen, van het brute regime in #Iran en andere steunpilaren, en van #Rusland die hier rugdekking aan geeft.";0;2023-10-07T19:19:10.000Z
"De reacties uit het #MiddenOosten blijven schokkend!

Nog geen land heeft de wrede terreur door #Hamas veroordeeld. Er wordt vooral gewezen naar Israël:

- #Iran: steun en felicitaties aan Hamas
- #Qatar, #SaoediArabië: eigen schuld van Israël
- #Palestijnsegebieden: ons volk heeft recht om zich te verdedigen
- #Turkije, #Egypte, #Jordanië: beide kanten moeten terughoudend zijn

In zo’n vijandige omgeving moet #Israël zich dus zien te verdedigen. 

Daarom is nu de steun van de rest van de wereld (inclusief #Nederland en de #EU) des te harder nodig!";0;2023-10-07T14:30:23.000Z
"Onacceptabele terreurgolf van #Hamas op #Israël.

Niks legitimeert het afschieten van 5000 (!) raketten en het gewapend binnenvallen door milities. 

Dit dient onomfloerst te worden veroordeeld. Israël heeft het recht zich hiertegen te verdedigen.

Onze steun en gedachten zijn bij de slachtoffers en alle Israëliërs die nu in angst leven.";0;2023-10-07T07:49:07.000Z
"Zo misleidend dit.

Arbeidsmigranten en studenten vertrekken vaak weer na enige tijd, terwijl asielzoekers vaker permanent blijven (met nareizende familie).

Van het meerjarig migratiesaldo vormen asielzoekers ca 25-30%.

Hoe vaak moet dit worden uitgelegd?";0;2023-10-06T20:14:43.000Z
"Harde en confronterende conclusies over de evacuatie uit #Afghanistan. 

Confronterend voor Nederland en andere westerse landen, die zich schuldig maakten aan collectief wensdenken en de Taliban onderschatten. 

Confronterend voor het kabinet en ministeries, die onvoldoende luisterden naar de medewerkers ter plaatse, beperkt voorbereid waren op de crisis, en in het begin niet slagvaardig genoeg opereerden. 

Confronterend voor de Tweede Kamer, die tijdens de acute crisis in de weg liep en zich met te weinig terughoudendheid hield aan haar controlerende taak.

Vooral deze conclusie dienen wij ons als Kamer goed in de oren te knopen: “Terughoudendheid met informatieverzoeken vanuit de Kamer zou gepast zijn geweest tijdens de crisisoperatie. Het informeren van de Kamer vraagt tijd en inzet van direct betrokken medewerkers, die zij niet kunnen besteden aan de uitvoering van de crisisoperatie. Een groot deel van de vragen vanuit de Kamer had kunnen wachten tot na de crisisfase.”

Ten slotte is de erkenning zeer terecht voor alle inspanningen van het evacuatieteam in Kaboel en de honderden medewerkers in Den Haag. Onder hoge spanning en heftige emoties hebben zij een buitengewone prestatie geleverd.

De komende weken zullen wij als VVD uitgebreider reflecteren op dit rapport en hieruit de nodige lessen trekken. (1/2)";0;2023-10-06T13:23:17.000Z
"Terechte erkenning en eerbetoon voor alle heldhaftige vrouwen in #Iran!

#Mohammadi is veroordeeld tot 31 jaar cel en 154 zweepslagen.

Laat het voor ons een aanmoediging zijn om de vrijheidsstrijd in Iran te steunen en de druk op het wrede regime op te voeren!

#WomanLifeFreedom ";1;2023-10-06T10:37:21.000Z
"De agressie gaat maar door…

Nu weer een aanval op het centrum van #Kharkiv, met ten minste één dood kind onder het puin.

#Rusland wil geen vrede, maar Oekraïne zoveel mogelijk inlijven, verwoesten, bedreigen en destabiliseren.

Daarom gaat ook onze steun aan #Oekraïne door…🇺🇦 ";0;2023-10-06T06:41:06.000Z
"Eervol om te spreken op de jaarlijkse feestdag van #Taiwan!

Als vrije democratieën met sterke economische banden moeten we nauw samenwerken.

De Chinese dreiging van Taiwan is ook een probleem voor Europa. Deze agressie moeten we helpen ontmoedigen, in ons gezamenlijk belang. ";1;2023-10-04T19:46:34.000Z
"Zonder inperking van de #asielinstroom wordt de asielcrisis alsmaar groter.

Volgens de laatste cijfers en prognoses moeten gemeenten volgend jaar 60.000 à 100.000 opvangplekken regelen. Met daarna nog een verdere stijging als niks aan de instroom wordt gedaan.

En dat alles bovenop de opvang van circa 100.000 Oekraïners. Een aantal dat ook blijft stijgen.

Dit biedt géén duidelijkheid en zekerheid aan gemeenten. Het leidt wel tot een onuitvoerbare taak: voor gemeenten, COA, sociale hulpverleners, politie, onderwijs, zorg etc.

Vandaag werden onze amendementen weggestemd om de #Spreidingswet iets draaglijker te maken.

Daardoor is er straks geen plicht om de instroom te beperken, geen maximum aantal om te spreiden, en geen tijdelijke wet.

Onze prioriteit blijft helder: de asielinstroom moet omlaag. We moeten problemen oplossen en niet alleen maar verspreiden. 

Daarom stemt de VVD volgende week tegen de Spreidingswet.";0;2023-10-03T18:54:39.000Z
"Important motion adopted by Dutch Parliament!

The Dutch government should take the lead within the #EU to create the legal basis to put the Revolutionary Guard of #Iran on the EU terrorist list.

Legal obstacles should be taken away asap. More effort is needed! #IRGCterrorists ";1;2023-10-03T14:42:04.000Z
"NOG MAAR 1 WEEK!

Woon je in het buitenland en wil je stemmen voor de Tweede Kamer? Dan heb je nog 1 week om jezelf te registreren.

Of ken je Nederlanders in het buitenland die willen stemmen? Geef het door!

🗳️ Meer info via: ";1;2023-10-03T09:34:36.000Z
"Terwijl de Amerikaanse steun aan #Oekraïne meer onder druk staat, vergaderen de Europese ministers van Buitenlandse Zaken in #Kyiv.

Een goed en krachtig signaal! 

En historisch, omdat zo’n vergadering nooit eerder buiten de EU plaatsvond.

In deze fase moeten we als EU-landen laten zien dat we onderlinge verdeeldheid kunnen overwinnen. Dat we meer wapens/munitie kunnen produceren en leveren, zodat Oekraïne zich kan blijven verdedigen. En dat we weerbaar zijn tegen Russische desinformatie en handlangers.

Dit is cruciaal voor de veiligheid van Oekraïne én onszelf! 🇺🇦";1;2023-10-02T12:44:56.000Z
"Zouden de Oekraïners hierom kunnen lachen, die familie of vrienden zijn verloren en wiens huizen zijn verwoest?

Zouden Oekraïense militairen hierom kunnen lachen, die vechten voor hun leven en militaire steun nodig hebben?

Kunnen wij hierom lachen? Ik word er misselijk van. ";0;2023-10-02T10:11:26.000Z
"Mooie discussie op het #JOVD congres over #Europa!

Soms zijn collega @JaspervanDijkSP en ik het best eens, zoals de noodzaak om de #EU te hervormen bij uitbreiding.

Maar gelukkig vaker oneens: zo moeten EU-landen meer besteden aan Defensie en snel de asielinstroom verminderen! ";1;2023-09-30T15:26:08.000Z
"Is het Servische intimidatie of de opmaat naar een militaire aanval op #Kosovo?

Beide opties zijn zeer kwalijk en verdienen een stevige reactie. Niet alleen vanuit de #VS en #NAVO, ook vanuit de #EU (incl #Nederland).

De EU moet harder optreden tegen #Servië: het destabiliseert Kosovo en Bosnië, onderhoudt nauwe banden met Rusland, en frustreert diplomatieke afspraken.

Zachte heelmeesters maken stinkende wonden. Deze spanningen aan de EU buitengrens vormen een risico voor de Europese stabiliteit en veiligheid.";0;2023-09-30T08:41:46.000Z
"Vandaag was de laatste werkdag van mijn steun en toeverlaat Lavina Heesterbeek (@_Lavina_). 

Ook al gaat ze zich inzetten voor een nobele zaak (Defensie), ik zal haar missen! Bedankt voor alles!! 🙏 ";1;2023-09-28T20:14:46.000Z
"LET OP!! Voor alle Nederlanders in het buitenland.

Wil je stemmen voor de Tweede Kamer?

Registreer je dan vóór 11 OKTOBER!

Voor meer info, zie: ";0;2023-09-25T18:26:18.000Z
"“Terwijl het stormde in de wereld, stond jij er altijd.”

Onze dank is groot @markrutte 🙏 ";1;2023-09-23T20:02:50.000Z
"Wat een energie op het #VVD Congres!

Een spetterende partijleider, een geweldig team van kandidaten, het beste verkiezingsprogramma, en talloze leden die klaar staan voor de campagne.

“Wij strijden voor een beter Nederland, waar je weer vrijheid en zuurstof ervaart. Elke dag!” ";1;2023-09-23T19:11:33.000Z
"IJzersterke speech van onze partijleider @DilanYesilgoz:

“Mensen maken zich zorgen over de hoge instroom van migranten.

Kunnen we die wel aan, terwijl er al zo veel problemen zijn in Nederland?

Is dat eerlijk naar mensen die al jaren op de wachtlijst staan voor een woning?

Is dat eerlijk naar échte vluchtelingen, voor wie straks geen plek of draagvlak meer is?

Dit zijn terechte zorgen, waar de politiek niet blind voor mag zijn.

Waterige compromissen, daar hebben we simpelweg geen tijd meer voor.

We kunnen niet nog jaren blijven aanmodderen met migratie.”";1;2023-09-23T12:39:48.000Z
"Gisteren de hele dag debat in Den Haag, vandaag een gepassioneerde speech bij de #VN.

“Een onmiddellijk staakt-het-vuren zou een overwinning zijn voor #Rusland, dat is de realiteit.”

Met ook duidelijke handreikingen naar alle landen die (indirect) door de oorlog worden geraakt. ";1;2023-09-22T15:50:35.000Z
"Het regime in #Iran onderdrukt de bevolking, doodt demonstranten, gijzelt westerlingen, ontwikkelt nucleaire wapens, steunt Rusland, bedreigt Iraniërs in Nederland etc.

Ik mag hopen dat onze minister haar Iraanse ambtsgenoot hier zeer scherp en kritisch op aanspreekt, en niet ‘de relatie wil versterken’.

Maandag in het debat zal ik vragen om opheldering.";0;2023-09-22T12:40:41.000Z
"Zo zien we dat graag: eenheid!

#Oekraïne, #Polen en #Litouwen hebben afspraken gemaakt over graantransport en doorvoer.

We zijn niet elkaars tegenstanders, de vijand zit in het Kremlin. ";1;2023-09-21T12:58:17.000Z
"#SaoediArabië: “als #Iran kernwapens krijgt, moeten wij die ook hebben”.

Grote kans dat #Turkije dan ook kernwapens wil.

Dit laat precies zien waarom Iran geen nucleair wapen mag ontwikkelen (naast de directe dreiging voor de bevolking en de regio)… ";0;2023-09-21T09:55:22.000Z
"In Europa maken landen ruzie over graan, in Nederland dreigen sommige politici de steun aan #Oekraïne stop te zetten.

Ondertussen bombardeert #Rusland weer 6 steden in Oekraïne. Weer doden en gewonden, waaronder kinderen.

Wie herinnert zich dat gevoel van verontwaardiging 1.5 jaar geleden nog, toen Rusland de eerste raketten afschoot? Ik wel. Dat gevoel mag niet weggaan.

Laten we Oekraïne blijven steunen. Met eenheid en urgentie. In het belang van Oekraïne én onze veiligheid! 🇺🇦";1;2023-09-21T07:32:15.000Z
"Een diplomatieke oorvijg in de #VN Veiligheidsraad.

#Rusland maakt bezwaar dat #Zelensky als eerste spreekt. De reactie van de voorzitter (premier van Albanië) is raak: 

“Als jij de oorlog stopt, is het niet meer nodig dat Zelensky spreekt”. ";0;2023-09-20T19:36:41.000Z
"Vreselijke beelden uit #Stepanakert, de hoofdstad van #NagornoKarabach.

#Azerbeidzjan moet deze onnodige aanval en agressie zsm stoppen.

Het is aan #Nederland, de #EU en de internationale gemeenschap om nu stevige druk uit te oefenen om tot een staakt-het-vuren te komen. ";0;2023-09-19T12:53:22.000Z
"Vandaag vieren we het feest van onze democratie! Juist belangrijk in een tijd dat deze wereldwijd zo onder druk staat.

#Prinsjesdag2023 ";1;2023-09-19T10:49:03.000Z
"Het blijft maar doorgaan.

De enige manier om dit snel onder controle te krijgen is strengere grensbewaking en afspraken om migranten direct terug te sturen (zoals bij de Turkije-deal).

En op termijn alleen nog asiel op uitnodiging, zodat asielzoekers geen reden meer hebben zelf de gevaarlijke reis naar Europa te maken.

Helaas willen veel politici in Europa én in Nederland alleen met spoed praten over het verdelen van asielzoekers, en niet over het tegengaan van de instroom. En wordt iedere poging tot migratieafspraken direct bekritiseerd en gesaboteerd.

Dat is een groeiend probleem uitsmeren, in plaats van structureel oplossen.

Niet alleen de inwoners in doorreislanden zoals ItaIië en eindbestemmingen zoals Nederland zijn hiervan de dupe, dit geldt óók voor de meest kwetsbare vluchtelingen (die niet weg kunnen en achterblijven).

Het is nu zaak dat de Europese Commissie en lidstaten snel de grenzen strenger bewaken. Dat de Tunesië-deal echt wordt uitgevoerd. En dat snel méér migratiedeals worden gesloten met landen in Afrika en het Midden-Oosten.

Zolang de instroom niet daalt wordt het probleem alsmaar groter: voer daarom de druk op richting iedereen die niet meewerkt!";0;2023-09-18T13:55:02.000Z
"1 jaar geleden werd #MahsaAmini gedood, vanwege het verkeerd dragen van een hoofddoek.

Sindsdien tonen vrouwen en mannen in #Iran ongekende moed. Door op te staan tegen het brute regime en te strijden voor vrijheid.

Vandaag laten we onze steun zien aan alle dappere Iraniërs! ";1;2023-09-16T16:44:42.000Z
"Wat een talent weer in #Brabant en #Limburg!

Persoonlijke verhalen, mooie drijfveren, concrete oplossingen: en dat allemaal vervlochten in krachtige speeches.

Het was een groot genoegen om training te geven aan VVD Zuid Masterclass. Aan alle deelnemers veel succes en plezier! ";1;2023-09-16T14:41:31.000Z
"De onzin van Russische propaganda voor de zoveelste keer in beeld.

Zie hier de zogenaamde noodzaak tot ‘denazificatie van #Oekraïne’.

En dat nog wel tijdens het Joodse Nieuwjaar. Shana Tova! ";0;2023-09-15T16:40:33.000Z
"#Rusland deporteert honderdduizenden kinderen uit Oekraïne. Afschuwelijke misdaden, op ongekende schaal.

We moeten dit blijven veroordelen (met sancties), en kunnen #Oekraïne helpen met onderzoek en steun aan families.

Goed gesprek met Oekraïense ombudsman en hulpverleners. 🇺🇦 ";1;2023-09-14T16:00:39.000Z
"Uit de nieuwste peiling blijkt dat 62% van de Nederlanders immigratie van buiten Europa zoveel mogelijk wil inperken.

Slechts 15% is het hiermee oneens.

Een ruime meerderheid begrijpt heel goed dat een lagere instroom nodig is om uit de migratiecrisis te komen. ";1;2023-09-13T12:14:07.000Z
"Von der Leyen zegt in haar jaarlijkse speech terecht dat #migratie moet worden beheerst.

En dat hiervoor afspraken nodig zijn met landen buiten de EU.

Maar eerst moet de Europese Commissie nu zorgen dat de Tunesië-deal snel wordt uitgevoerd, zodat de instroom werkelijk daalt! ";1;2023-09-13T10:31:25.000Z
"Er wordt soms wat lacherig gedaan over #NoordKorea en Kim Jong-un.

Het is de meest wrede en verstikkende dictatuur ter wereld. Met kernwapens, raketproeven en cyberaanvallen vormt het een grote dreiging voor de internationale veiligheid.

Als Poetin wapensystemen aan Noord-Korea levert, is dit in strijd met door #Rusland ondertekende VN-sancties. Dan zijn extra sancties tegen Rusland op zijn plaats!";0;2023-09-13T08:08:38.000Z
"Eerste debat met de nieuwe minister van Buitenlandse Zaken, over de Nederlandse inzet bij de #VN.

Belangrijke toezeggingen:
> Extra sancties tegen #Rusland bij wapendeal met Noord-Korea
> Prioriteit geven aan afspraken over #migratie
> Op basis van wederzijdse belangen relaties met ‘ongebonden landen’ versterken (mede als tegenwicht tegen ondermijnende rol van #China)

Daarnaast de bevestiging dat Nederland klaar staat om #Marokko te helpen met de aardbevingsramp.

Veel succes minister @HankeBruinsSlot! 🇳🇱🇺🇳";1;2023-09-12T18:32:16.000Z
"Duizenden doden en vermisten door rampzalige overstromingen in #Libië.

Door minder nauwe banden met Nederland krijgt het wat minder aandacht, maar dat maakt het natuurlijk niet minder vreselijk.

Hopelijk is snel (internationale) hulpverlening mogelijk in dit moeilijke gebied. ";0;2023-09-12T10:28:14.000Z
"Door de terroristische aanslagen van 9/11 werd de VS in het hart getroffen, de wereldgeschiedenis veranderd, en mijn generatie gevormd.

De mensen die het van dichtbij meemaakten zijn voor hun leven getekend.

Laten we dit nooit vergeten. #NeverForget911 ";1;2023-09-11T10:30:48.000Z
"Wat een verschrikkelijke aardbevingsramp in #Marokko.

Honderden slachtoffers, duizenden mensen in angst, vele miljoenen schade. Internationale steun is snel nodig.

Heel veel sterkte aan de getroffenen daar, en iedereen hier in Nederland met familie en vrienden in het gebied. ";1;2023-09-09T07:37:51.000Z
"Yesss, enorm vereerd met plek 6!!

Met een prachtig team van kandidaten gaan we er een mooie campagne van maken en hard aan het werk voor ons land! 💪 #VVD ";1;2023-09-07T13:00:27.000Z
"Zowel Republikeinse als Democratische Congresleden waren glashelder.

De Amerikaanse steun aan Oekraïne en Europese veiligheid (NAVO) is rotsvast, maar Europese landen moeten wel hun eerlijke bijdrage leveren.

Gelukkig is hiervoor brede politieke steun! ";1;2023-09-06T19:22:48.000Z
"Leden van het Amerikaanse Congres brachten een bezoek aan Nederland.

We benadrukten onze eenheid in de steun aan #Oekraïne, bescherming van onze veiligheid (#NAVO) en weerbaarheid tegen #China.

Dank aan @RepMcCaul en andere Congresleden voor de steun en hechte vriendschap. 🇺🇸🇳🇱 ";1;2023-09-06T16:17:04.000Z
"Deze antisemitische drek is zelfs voor #Poetin een nieuw dieptepunt.

De werkelijkheid en geschiedenis zo absurd verdraaien om de Russische agressie te legitimeren…

Hopelijk komt er weer een kritische reactie van Israëlische politici. ";0;2023-09-05T16:27:06.000Z
"Begin dit jaar zag ik met eigen ogen de verwoeste brug in #Irpin.

Deze brug werd bekend in maart 2022 toen de inwoners van Irpin vluchtten voor het Russische leger.

Vandaag is de brug heropend. De veerkracht van #Oekraïne is ongekend. Laten we blijven helpen met de wederopbouw! ";1;2023-09-05T14:33:36.000Z
"Voordat we #Poetin framen als ‘constructief’, even terug naar de realiteit.

Er lag een werkende graandeal, maar Poetin wil er door chantage meer uit slepen. Daarbij bombardeert hij havens en graanvoorraden, en zet voedsel in als wapen. 

Dat is niet constructief, maar misdadig. ";0;2023-09-04T14:28:56.000Z
"#Italië is bezig met diplomatieke voorbereidingen om zich terug te trekken uit het ‘Belt and Road Initiative’ van #China.

Nu is Italië nog het enige land van de G7 en West-Europa (met Portugal) dat hier lid van is.

Een goede stap tegen de Chinese inmenging in Europa. Ciao! ";1;2023-09-03T17:05:12.000Z
"Ook in #Oekraïne begint het schooljaar weer. Met nieuwe klaslokalen in de metro, om te schuilen voor Russische raketten.

Ondertussen vertelt #Poetin aan schoolkinderen dat #Rusland onoverwinnelijk is.

Dit is Europa anno 2023 en waarom we de Russische agressie moeten bestrijden. ";0;2023-09-03T08:02:55.000Z
"Krachtig samengevat!

“De boodschap is glashelder: De VVD wil grip terugkrijgen op migratie, de instroom van asielzoekers én arbeidsmigranten verlagen, en dat alleen een kleine groep mensen die echt bescherming nodig heeft zich permanent in NL kan vestigen”";1;2023-09-01T16:59:11.000Z
"Het is onwenselijk dat asielzoekers uit #Syrië en #Jemen alleen ‘schriftelijk worden gehoord’.

Andere EU-landen doen dit gewoon fysiek. Dit maakt Nederland aantrekkelijker. Zo wordt het probleem van de hoge asielinstroom juist groter.

Wat mij betreft stopt de IND hier zsm mee👇 ";0;2023-08-31T15:21:37.000Z
"Wél deelnemen aan de #BRICS meeting, maar de #G20 waarschijnlijk afzeggen.

Hiermee laat de Chinese President #Xi zijn prioriteiten zien.

Het zoveelste voorbeeld dat de multilaterale wereldorde wordt ondermijnd (door #China), en vervangen door rivaliserende invloedssferen… ";0;2023-08-31T12:20:34.000Z
"Weer slaat hoogleraar Koopmans in de Volkskrant een setje spijkers op zijn kop.

Over het onrechtvaardige en failliete asielsysteem. De noodzaak van migratiedeals. En de effecten op criminaliteit en vervreemding.

Met als bonus deze rake passage voor de probleemontkenners👇 (1/2) ";1;2023-08-29T08:56:36.000Z
Enkeltje Den Haag wellicht… #InternationaalStrafhof ;0;2023-08-28T14:39:20.000Z
Twee koningen! ;1;2023-08-27T19:06:29.000Z
"Gezellige aftrap van het nieuwe politieke jaar bij mijn lokale cluppie: de #VVD Hart van Brabant.

We gaan er in de gemeenten Oisterwijk-Hilvarenbeek-Goirle, de provincie #Brabant en natuurlijk de landelijke verkiezingscampagne weer een mooi jaar van maken! ";1;2023-08-26T20:27:59.000Z
"Gezellige aftrap van het nieuwe politieke jaar bij mijn lokale cluppie: de #VVD Hart van Brabant.

We gaan er in de gemeente #Oisterwijk, de provincie #Brabant en natuurlijk de landelijke verkiezingscampagne weer een mooi jaar van maken! ";1;2023-08-26T20:27:59.000Z
"Als #Rusland de oorlog in #Oekraïne zou winnen is dat een cadeau voor haar grootste partner #China.

Het is daarom vreemd dat sommige Republikeinen fel zijn tegen China, maar wel de steun aan Oekraïne willen afbouwen. Of zelfs sympathie tonen voor Poetin.

Hopelijk zien veel Republikeinse kiezers (net als @SenatorRomney) dat steun aan Oekraïne ook in het belang is van de Amerikaanse veiligheid👇";1;2023-08-26T13:55:09.000Z
"Een juiste stap van #Heineken, die ook laat zien hoe #Rusland bedrijven gijzelt.

Er zijn nauwelijks kopers, autoriteiten werken tegen, en als je een bedrijf failliet laat gaan worden medewerkers crimineel vervolgd.

Toch hoop ik dat anderen snel volgen.";0;2023-08-25T09:30:10.000Z
"Met zoveel slachtoffers en verdriet mogen we nooit wennen aan de Russische agressie. 

Daarbij voel ik verantwoordelijkheid om brede politieke steun voor #Oekraïne te behouden.

Vandaag op de #onafhankelijkheidsdag van Oekraïne lieten @KatiPiri, @NicoDrost en ik onze steun zien! ";1;2023-08-24T20:33:39.000Z
"Terwijl wij het wrede regime van #Iran proberen te isoleren, versterkt #China de samenwerking en wordt Iran toegelaten tot de #BRICS.

Zo ondermijnt China de internationale veiligheid en rechtsorde.

Dit is de harde geopolitieke realiteit, waarvan de dappere Iraanse vrijheidsstrijders het grootste slachtoffer zijn.";0;2023-08-24T15:40:37.000Z
"Ik lees nu vooral over #Prigozhin dat hij Wagnerleider, opstandeling en criticaster van de Russische legerleiding was.

Laten we niet vergeten dat hij bovenal een oorlogsmisdadiger, terreurleider, crimineel en brute beul was.

In een rechtsstaat zou hij in de cel thuishoren, in terreurstaat #Rusland is zijn lot anders…";0;2023-08-23T19:56:50.000Z
#Poetin in 2018: ‘wat ik niet kan vergeven, is verraad’ ;0;2023-08-23T19:10:06.000Z
"Volgens #Xi moeten #BRICS landen helpen respecteren dat “alle landen onafhankelijk hun pad naar modernisering kiezen”.

Maar waarom geldt dit niet voor #Oekraïne?

De steun van #China aan agressor #Rusland laat zien dat Xi’s woorden alleen een anti-westerse betekenis hebben. ";0;2023-08-23T14:39:41.000Z
Niet alleen de weg kwijt, nu ook de tijd… ;0;2023-08-22T20:05:49.000Z
"Goed dat nu definitief is dat #Nederland #F16’s gaat leveren aan #Oekraine.

Zo helpen we de luchtverdediging te versterken en moderniseren. Hopelijk lukt het om piloten en technici snel te trainen.

Oekraïne vraagt onze structurele steun, daar kunnen ze op rekenen! 🇺🇦🇳🇱 ";1;2023-08-20T13:32:44.000Z
"Als woordvoerder BuZa en Asiel dacht ik veel te hebben gezien.

Maar dit zag ik niet aankomen: een pleidooi voor soepeler Nederlands asielbeleid door… #Rusland

Een land dat >6 miljoen vluchtelingen veroorzaakt, massaal kinderen deporteert, en lukraak journalisten en oppositie opsluit.

Zelfs voor Russische propaganda is dit totaal maf 😵‍💫…";0;2023-08-01T14:30:52.000Z
"De coup in #Niger dreigt te escaleren tot een militair conflict in West-Afrika.

> #ECOWAS (regio-organisatie van 15 landen) dreigt na 7 dagen militair in te grijpen in Niger 
> Mali, Burkina Faso en Guinee kiezen de kant van de coupplegers in Niger
> Leger van #Nigeria (belangrijkste land in regio) zegt orders van ECOWAS op te volgen

In een regio met zoveel armoede, terrorisme en mensensmokkel zou een langdurig militair conflict dramatisch zijn.

Ook voor Nederland en de EU is nóg meer instabiliteit en gewapend conflict in de brede ring rond Europa zeer onwenselijk.

De EU reageerde goed door met sancties direct de druk op de coupplegers in Niger op te voeren.

De internationale gemeenschap (EU, VS, VN) is behoorlijk eensgezind. Alleen Rusland steunt de junta’s en heeft belang bij conflict.

Hopelijk lukt het om binnen een week tot een diplomatieke oplossing te komen…";0;2023-08-01T08:20:05.000Z
"#Poetin tijdens zijn massale agressie-oorlog op Oekraïens grondgebied: 

‘Een staakt-het-vuren is niet mogelijk als we worden aangevallen’ 

🤯🤯🤯 ";0;2023-07-30T09:17:37.000Z
Plaat van de dag… 🇺🇦 ;1;2023-07-27T19:29:36.000Z
"Laten we dit bericht meteen in perspectief plaatsen!

#Poetin probeert mooie sier te maken door circa 200.000 ton graan weg te geven. Maar hij stopte de graandeal waarmee in 1 jaar ruim 30.000.000 ton is geëxporteerd (150x zoveel).

Poetin is geen weldoener, maar een misdadiger! ";0;2023-07-27T10:59:22.000Z
"De staatsgreep in #Niger is zorgwekkend voor de bevolking, maar ook voor #Europa.

Niger is een belangrijke partner in het bestrijden van terrorisme en tegengaan van irreguliere migratie. 

Het land is een knooppunt van Afrikaanse migratieroutes. Daarom wilde #Nederland dit jaar met Niger een migratiepartnerschap sluiten over grensbewaking, de aanpak van mensensmokkel en terugkeer van migranten naar herkomstlanden.

Hopelijk keert Niger nog terug op het rechte pad en glijdt het niet verder af, zoals Mali en Burkina Faso…";0;2023-07-27T09:25:17.000Z
"Volgens de @nytimes is de hoofdaanval van het tegenoffensief begonnen.

#Oekraïne zou proberen door te stoten richting het Zuiden (via Tokmak naar Melitopol). Deze aanval bevat veel westers materieel, kan 1 tot 3 weken duren, en wordt ‘de grote test’ genoemd.

#Zelensky sprak vandaag over ‘zeer goede resultaten aan het front’. En zei dat later meer details komen…";1;2023-07-26T21:04:09.000Z
"Leven in #Oekraïne onder de terreur van #Rusland👇

De zoveelste reeks raketten, bedoeld om angst te zaaien onder de bevolking. Maar Rusland zou onderhand moeten weten dat dit niet werkt.

Oekraïners zijn dapper en vastberaden. En wij blijven hen steunen, zolang als nodig. 🇺🇦 ";1;2023-07-26T16:36:29.000Z
"Terwijl veel democratische landen wapens leveren aan #Oekraïne, moet de Russische minister van Defensie steun zoeken in #NoordKorea.

Dieper kun je niet zinken. #Rusland is er trots op. ";1;2023-07-25T19:37:19.000Z
"Democratie versus autocratie:

In #Nederland stopt de een na de andere politicus. Meestal uit eigen overweging, met uitgebreide brief.

In #China verdwijnt een prominent minister zomaar, na een maand niet openbaar te zijn verschenen. Zonder toelichting… ";0;2023-07-25T12:43:17.000Z
"Sommigen beschuldigen mij van het verdraaien van cijfers of zelfs van leugens, omdat ik zeg dat de HUIDIGE asielinstroom CIRCA 50.000 is.

> In 2022 was de instroom 47.991, dit is het totaal van eerste aanvragen, nareizigers en herhaalde aanvragen (bron: CBS, UNHCR).
> In 2023 is het aantal t/m week 29 bijna hetzelfde als in 2022 (bron: J&V weekinstroom).
> De laatste officiële prognose voorspelt een jaarlijkse instroom in 2023-2025 van tussen de 45.740 en 76.910 (bron: MPP van J&V).

Laten we op zijn minst de officiële cijfers  erkennen, en dan het debat voeren over gewenste oplossingen. Dat lijkt me zinvoller dan elkaar voortdurend uitmaken voor leugenaar.";0;2023-07-25T11:43:30.000Z
"#Poetin beweert de Russische cultuur en christelijke waarden te beschermen.

Vannacht verwoest hij een prachtige Russisch orthodoxe kathedraal in #Odesa.

Het gaat #Rusland niet om cultuur, religie of waarden, maar om het vernietigen van #Oekraïne. Daarom moeten wij ze helpen! 🇺🇦 ";0;2023-07-23T08:58:52.000Z
"Warm welkom voor de nieuwe Oekraïense ambassadeur @karasevych in NL, georganiseerd door de Amerikaanse ambassade.

Demissionair of niet, #Nederland moet de steun aan #Oekraïne onverkort doorzetten.

Ik kijk uit naar het voortzetten van de goede en intensieve samenwerking! 🇳🇱🇺🇦 ";1;2023-07-21T10:59:20.000Z
"Vandaag in #Assen en #TerApel in gesprek met bewoners, ondernemers, handhavers en COA-medewerkers.

Ter Apel ervaart al veel te lang de overlast van het asielsysteem.

Goed dat Ter Apel nu wordt ontlast door de tijdelijke locatie in Assen. En dat overlastgevers nu in een strenge en sobere opvanglocatie (PBL) zitten. Dit lijkt de eerste vruchten af te werpen.

Uiteraard is het nog niet genoeg. De instroom moet omlaag en overlast moet structureel afnemen. Pas dan kan in Ter Apel het draagvlak weer terugkeren.";1;2023-07-20T16:18:48.000Z
"Hoe kunnen politici dat toch roepen zonder enige onderbouwing?

De IND kan veel minder asielprocedures aan (ca 35.000). Er zijn nauwelijks woningen beschikbaar. Zorg, onderwijs, politie én overheidsfinanciën staan onder druk.

Stop met wensdenken, laten we realistisch zijn!

P.S. En één verzoek: gebruik aub de juiste getallen. Niet de jaarlijkse instroom van asielzoekers (ca 50.000) vergelijken met het totaal aantal arbeidsmigranten in Nederland (800.000). Loon is ook iets anders dan vermogen.";0;2023-07-19T18:47:13.000Z
"Een helnacht voor #Odesa, met de grootste luchtaanval tot nu toe (31 raketten en 32 drones).

Zo blaast #Rusland niet alleen de graandeal op, maar ook de belangrijkste havenstad voor dit graan.

Dit bewijst voor de zoveelste keer waarom #Oekraïne onze steun verdient! ";1;2023-07-19T07:52:25.000Z
"Enorm blij voor @marielle_paul en het onderwijs!

Een gepassioneerd politicus, met veel wijsheid en warmte. Precies wat ons onderwijs nodig heeft.

Heel veel succes Marielle! ";1;2023-07-18T14:27:25.000Z
"Werkbezoek aan de opvang van jonge vluchtelingen in Biezenmortel.

Indrukwekkend hoe 50 jongeren hier worden opgevangen en begeleid.

Maar ook dramatisch wat voor barre tochten zij hebben doorstaan. Hoe de aantallen fors toenemen. En het daardoor onmogelijk is iedereen fatsoenlijke opvang te bieden.

Het is aan de politiek om hier scherpe keuzes in te (durven) maken!";1;2023-07-18T09:45:48.000Z
"In het verleden gaf de #EU economische voordelen vaak zomaar weg.

Door de deal met #Tunesië worden economische voordelen nu eindelijk gekoppeld aan migratie-afspraken.

Hiermee kan de EU ook economisch tegengas geven, als een autocraat migratie inzet als drukmiddel. ";1;2023-07-17T19:04:18.000Z
"Het lijkt erop dat #Oekraïne weer flinke schade heeft toegebracht aan de #Krim brug.

Deze brug is een belangrijke aanvoerlijn en van symbolische waarde voor Poetin. En daarom streng beveiligd.

Een welkom succes voor Oekraïne in deze moeilijke fase van het tegenoffensief. ";0;2023-07-17T07:49:32.000Z
"Essentiële stap voor een lagere asielinstroom!

Strenger grensbeheer, hardere aanpak mensensmokkel en meer terugkeer: hoognodig op de grootste migratieroute naar de #EU.

Complimenten aan premier #Rutte voor zijn persoonlijke inzet op deze #Tunesië deal! ";1;2023-07-16T17:43:27.000Z
"De minister-president MOET bij de Europese Raad zijn om #Nederland in de #EU te vertegenwoordigen.

Iemand als vervanger sturen is niet toegestaan volgens het Verdrag van Lissabon.

Een ‘binnenlandse premier’ is daarmee niet alleen onwenselijk, maar ook praktisch onmogelijk. ";0;2023-07-15T16:43:21.000Z
"Heb me erg gestoord aan linkse kritiek op @DilanYesilgoz.

Door haar verleden mag ze geen scherp standpunt hebben op migratie. Haar afkomst wordt leidend gemaakt, niet haar ideeën voor de toekomst.

Gelukkig leggen Marbe (TG) &amp; Bilic (NRC) dit betuttelracisme ragfijn bloot. (1/3) ";0;2023-07-15T09:32:54.000Z
"De nieuwste cijfers van #Frontex laten precies het probleem zien.

Het aantal grensoverschrijdingen daalt op elke route, maar de centrale route via Italië is in 2023 meer dan verdubbeld!

Daarom is het belangrijk dat #Rutte zondag weer naar #Tunesië gaat voor migratie-afspraken. ";0;2023-07-14T20:35:33.000Z
"Zelfs na zo’n week “gewoon” weer geinen met mensen op straat.

We gaan hem missen… ";1;2023-07-14T12:09:09.000Z
"In dit interview slaat @Ruud_Koop_mans wéér vele spijkers op zijn kop.

Zoals hieronder over de ‘psychologie van de nabijheid’.

Maar ook over het belang van migratiedeals, wegnemen van verkeerde prikkels, en dat veel Syrische nareizigers al bescherming hebben in Turkije… (1/2) ";1;2023-07-13T21:22:11.000Z
"Ik vind dat NL iemand nodig heeft die effectief opkomt voor de Nederlandse belangen in het buitenland.

Een premier die begrijpt dat juist internationale crises en dreigingen (oorlog, China, migratie etc) gewone Nederlanders raken.

Iemand die geen karikaturen maakt van het buitenland (WEF), maar goed samenwerkt met zowel onze trouwste bondgenoten (VS) als nieuwe partners (zoals Indonesië).

Iemand die begrijpt dat bij de Europese Raad of een NAVO-top de premier moet deelnemen, omdat Nederland anders geen invloed heeft.

Kortom, iemand die niet simplistisch denkt dat je binnen- en buitenland kunt scheiden, maar dit juist met elkaar verbindt. En zo écht opkomt voor de gewone Nederlander.";1;2023-07-13T13:30:32.000Z
"Ik vind dat NL iemand nodig heeft die effectief opkomt voor de Nederlandse belangen in het buitenland.

Een premier die begrijpt dat juist internationale crises en dreigingen (oorlog, China, migratie etc) gewone Nederlanders raken.

Iemand die geen karikaturen maakt van het buitenland (WEF), maar goed samenwerkt met zowel onze trouwste bondgenoten (VS) als nieuwe partners (zoals Indonesië).

Iemand die begrijpt dat bij de Europese Raad of een NAVO-top de premier moet deelnemen, omdat Nederland anders geen invloed hebt.

Kortom, iemand die niet simplistisch denkt dat je binnen- en buitenland kunt scheiden, maar dit juist met elkaar verbindt. En zo écht opkomt voor de gewone Nederlander.";1;2023-07-13T13:30:32.000Z
"Het vertrek van @SigridKaag is een persoonlijk drama, maar ook voor onze democratie.

Blijkbaar kun je een toppoliticus weg krijgen door intimidatie en bedreiging.

Laat dit een wake-up call zijn. We moeten er samen voor zorgen dat dit geen precedent wordt!";0;2023-07-13T07:05:27.000Z
"Krachtige speech van President #Biden in #Vilnius na de NAVO-top:

> ‘#NAVO is sterker, energieker en meer verenigd dan ooit’

> ‘Wij zullen niet weifelen, onze inzet voor #Oekraïne zal niet verzwakken’

> ‘Het idee dat de #VS kan floreren zonder een veilig #Europa is onredelijk’

Voor onze veiligheid mogen we in Europa blij zijn met deze Amerikaanse President!";1;2023-07-12T21:31:37.000Z
"#Zelensky spreekt op de NAVO-top warme woorden over #Nederland:

“Ik ben dankbaar voor het leiderschap van Nederland bij belangrijke beslissingen van bondgenoten voor Oekraïne, zoals de straaljagercoalitie”

Demissionair of niet, de steun aan #Oekraïne moeten we voortzetten! 🇳🇱🇺🇦 ";1;2023-07-12T12:56:28.000Z
"The right woman for the job!

Zowel voor als achter de schermen ben ik enorm van @DilanYesilgoz onder de indruk geraakt. Altijd scherp, energiek en menselijk. Dat heeft de VVD én Nederland nodig!

Terwijl anderen opzij stappen, ben ik blij dat zij naar voren stapt! 💪 ";1;2023-07-12T09:00:53.000Z
Helemaal eens, wat een rake woorden van @PieterHeerma! ;0;2023-07-11T21:21:27.000Z
"De #NAVO-top vindt in 2025 voor het eerst plaats in #Nederland!

Dit weerspiegelt de grotere bijdrage die Nederland nu levert aan internationale veiligheid. Onze bondgenoten waarderen dit.

Groot compliment aan #Rutte, #Hoekstra, #Ollongren en onze diplomaten en militairen! 🇳🇱 ";1;2023-07-11T19:38:07.000Z
"Positieve stappen vandaag bij de #NAVO-top, zowel voor #Oekraïne als onze internationale #veiligheid:

1) Lidstaten spreken af MINIMAAL 2% van BBP aan Defensie te besteden, dus geen streefgetal maar een bodem.

2) F16-coalitie van 11 landen voor training aan Oekraïense piloten, met speciale dank aan #Nederland (👇)

3) Frankrijk kondigt aan lange afstand raketten (250 km) te gaan leveren

4) Drie concrete stappen om Oekraïne dichterbij NAVO-lidmaatschap te brengen (👇)";1;2023-07-11T18:12:23.000Z
"Leestip! Dit voormalig PvdA-Kamerlid slaat de spijker op zijn kop.

Hopelijk staan er ter linkerzijde meer (oud-)politici op met zo’n realistische kijk op de asielproblematiek. ";1;2023-07-11T16:00:59.000Z
"Ik houd niet van online fitties tussen politici, daar zit niemand op te wachten.

Maar zo’n goedkoop verwijt kan ik niet onweersproken laten.

Uit deze tabel uit de ambtelijke stukken blijkt dat gemiddeld ca 50% subsidiaire bescherming krijgt. In 2023 zelfs 68%.

Voor die groep wordt NL minder aantrekkelijk door een tweestatusstelsel. Daar komt mijn 40-50% vandaan.

Niemand kan precies berekenen met hoeveel de instroom hierdoor omlaag gaat. Daarom zeg ik alleen dat het minder aantrekkelijk wordt voor 40-50% van alle asielzoekers (uitgaande van een actueel inwilligingspercentage van 85%).

Dat is een feitelijke constatering, op basis van recente statistiek.";0;2023-07-11T09:41:47.000Z
"Onzin, het zou Nederland ook minder aantrekkelijk maken voor ca 40-50% van alle asielzoekers.

Dat wordt even vergeten te vermelden.

En wéér wordt niet meegerekend dat veel vluchtelingen in NL blijven, terwijl arbeidsmigranten en studenten vaak terugkeren.";0;2023-07-11T08:42:40.000Z
"Natuurlijk was het stoppen van Mark Rutte het nieuws van de dag.

Maar het belangrijkste moment uit het debat was onderstaand fragment.

Over het valse frame van D66 (en andere partijen) over kinderen in oorlogsgebieden: ";1;2023-07-10T18:33:55.000Z
"De dag nadat Mark van Rita won werd ik lid van de VVD.

Sindsdien is Mark Rutte uitgegroeid tot onze beste partijleider en beste premier ooit.

Altijd menselijk, met bovenmenselijke energie. Een staatsman van wereldniveau, en toch gewoon ‘Mark’.

@markrutte, wat ga ik je missen! ";1;2023-07-10T10:35:14.000Z
"Ik hoor sommige politici wéér beweren dat de #asielinstroom wel meevalt.

Zij begrijpen echt weinig van de (laatste) instroomcijfers:
- Sinds zomer 2021 is het 1.5 à 2 keer zo hoog als normaal
- Ca 40% hoger dan wat IND aan kan
- Zonder maatregelen is er géén zicht op verlaging

En dat allemaal exclusief 95.000 Oekraïners, een krappe woningmarkt, en overal personeelstekorten (zorg, onderwijs, asielketen)!";0;2023-07-09T19:59:57.000Z
"Kijktip! Bij #Op1 legt @DilanYesilgoz precies uit hoe het zit.

Wat er maandenlang is besproken. Wat er wanneer is gebeurd. Dat het pakket zonder nareismaatregel veel minder effect zou hebben (volgens ambtenaren).

En dat iedereen baalt van de val en er geen strategie achter zit. ";1;2023-07-08T21:58:28.000Z
"Een goede reconstructie.

Maandenlang zeiden wij dat de asielinstroom omlaag moest. Dat echt onderhandeld moest worden. Dat het ons menens was. Dat het voor de zomer moest.

Dan is het logisch dat de premier vlak voor de deadline de boel op scherp zet (1/2)";1;2023-07-08T19:14:44.000Z
"Ik zie veel discussie rond de asielmaatregelen die op tafel lagen.

Voor de VVD staat centraal dat de huidige #asielinstroom onhoudbaar is. Deze moet fors omlaag, en daarvoor zijn ook nationaal maatregelen nodig. 

Mijn blik op de discussie en recente gebeurtenissen 🧵(1/10) ";0;2023-07-08T10:12:41.000Z
"Vannacht een luchtaanval op #Lviv, in het westen van #Oekraïne. 4 doden, vele gewonden.

We spreken zo in de Kamer over veiligheidsgaranties aan Oekraïne.

Het maakt ons alleen maar vastberadener dat #Nederland structureel moet bijdragen aan de luchtverdediging van Oekraïne. 🇺🇦 ";0;2023-07-06T07:03:13.000Z
"VACATURE: Ik zoek een nieuwe persoonlijk medewerker!

Wil jij mijn rechterhand worden? Werken aan buitenlandse zaken en migratie, in het hart van politiek Den Haag? Zorgen dat alles in ons team op rolletjes verloopt?

Aarzel dan niet om te solliciteren!👇 ";1;2023-07-05T09:27:10.000Z
"#Zelensky: “Rusland heeft explosieven geplaatst op het dak van kerncentrale Zaporizja.”

Zojuist meldt Zelensky aan #Macron dat #Rusland ‘gevaarlijke provocaties’ voorbereidt.

Niet alleen het Westen, ook andere landen (bijv China) zouden #Poetin moeten manen hiermee te stoppen. ";0;2023-07-04T21:06:10.000Z
"Sommige partijen willen AZC’s verplicht meer open maken.

Ik vind dat COA samen met gemeente en omwonenden moet bepalen hoe open/gesloten een AZC is. Zorgen over overlast zijn zeer begrijpelijk.

Belangrijk voor omwonenden en lokaal draagvlak dat mijn motie is aangenomen👇! ";1;2023-07-04T14:06:24.000Z
"Goed besluit! 

In tijden van oorlog en geopolitieke turbulentie blijft het #NAVO leiderschap in stabiel vaarwater. ";1;2023-07-04T09:42:43.000Z
"Dit interview roept vooral vragen op:

- Asielinstroom 75% omlaag: zonder nieuwe maatregelen? Gelukkig wel steun voor huidig beleid

- 1/3 woningen naar statushouders: is een VERDRIEVOUDIGING. Nu is het 12%

- Geldkraan dicht naar Marokko: NL geeft al nauwelijks ontwikkelingshulp ";0;2023-07-04T07:01:08.000Z
"Dit was te verwachten: #China gaat grondstoffen inzetten als wapen.

Laat dit een wake-up call zijn voor Europese landen!

We moeten veel meer tempo maken met het afbouwen van strategische afhankelijkheden van China. En zsm een specifiek plan maken voor gallium en germanium. 1/2 ";0;2023-07-03T17:57:43.000Z
Als je dacht dat #Rusland het summum van schaamteloosheid al had bereikt…👇 ;0;2023-07-03T08:12:48.000Z
"In gesprek met VVD bestuurders en raadsleden in West-Friesland.

De combinatie van hoge aantallen asielzoekers/statushouders en nauwelijks kunnen bouwen is onhoudbaar.

Daarom is de boodschap helder: asielinstroom omlaag en meer ruimte om te bouwen! Dank voor het goede gesprek! ";1;2023-07-01T13:02:14.000Z
"Wéér een militaire missie die ons tot realisme dwingt.

Na jarenlange internationale betrokkenheid (Frankrijk, EU én VN) kiest de junta in #Mali zelfs nu nog voor #Wagner ipv de #VN.

We moeten in #Afrika realistisch beleid voeren, als beter alternatief voor China en Rusland. ";0;2023-06-30T13:39:15.000Z
"Goede kennismaking met de nieuwe Franse ambassadeur!

Grip op migratie, steun aan Oekraïne, internationale veiligheid, strategische soevereiniteit: nauwe samenwerking tussen #Frankrijk en #Nederland is van grote waarde!

Ik zie uit naar een goede en plezierige  samenwerking! 🇫🇷🇳🇱 ";1;2023-06-29T12:10:35.000Z
"Goed portret van de internationale rol van onze premier #Rutte.

“Hij stopt nooit. Als iedereen moe is zit hij weer in een hoekje, denkt over een follow-up, ziet weer een kansje.”

Mede door onze premier bokst Nederland internationaal boven haar gewicht. ";1;2023-06-29T06:59:40.000Z
"Laten we met zijn allen om @ElineVedder, @DerkBoswijk en @MustafaAmhaouch gaan staan!

Deze intimidatie van politici gaat echt veel te ver. Dit beschadigt onze democratie, die zo kostbaar is. Volstrekt onacceptabel!

En persoonlijk veel sterkte aan de getroffen CDA-collega’s! ";0;2023-06-28T21:46:59.000Z
"De ernstige overlast door een specifieke groep asielzoekers is onacceptabel, vooral in #TerApel!

Toezeggingen in debat:
&gt; Meer gesloten locatie (PBL) in Ter Apel vanaf volgende week
&gt; Meer straatverboden
&gt; Meer snelrecht
&gt; Ook Algerijnen snel door procedure en in PBL (1/3) ";0;2023-06-28T15:45:05.000Z
"Absolute waanzin!

Steeds vinden deze veiligelanders weer een nieuwe (juridische) truc om hun terugkeer te frustreren.

Gelukkig heeft de staatssecretaris dit probleem samen met #Marokko direct opgelost. Dat kan nu vanwege de goede samenwerking! ";0;2023-06-28T14:14:03.000Z
"Dutch Prime Minister #Rutte gives an important speech on #Ukraine and #NATO:

&gt; Membership: “Ukraine’s future and rightful place lies within NATO”

&gt; Security assurance: “The Netherlands is working hard to enhance Ukraine’s air defense and will remain committed to that goal” 🇳🇱🇺🇦 ";1;2023-06-27T20:05:48.000Z
"Goed gesprek met de Deense minister van immigratie!

We waren het zeer eens over het belang van migratiedeals, strenge aanpak van illegaliteit, en het voorkomen van misbruik van het asielsysteem.

#Denemarken kan in veel opzichten als voorbeeld dienen! ";1;2023-06-26T10:19:02.000Z
"Goedemorgen Nederland!

Deze ochtend spreken we over de laatste ontwikkelingen in #Rusland en #Oekraïne.

Van 7.00u tot 10.00u op NPO1! ";1;2023-06-26T05:04:58.000Z
"Gisteren kwam de kwetsbaarheid van #Rusland aan het licht.

Dit is goed voor de westerse eenheid en bereidheid om steun aan #Oekraïne vol te houden.

Daarentegen spraken de internationale vrienden van #Poetin zich nauwelijks voor hem uit. Die eenheid heeft een deuk opgelopen. 1/2 ";0;2023-06-25T08:44:26.000Z
"‼️ En ineens is het voorbij! #Wagner trekt zich terug!!

Hier de Nederlandse vertaling van de verklaring van #Prigozjin:

“Ze gingen PMC Wagner ontmantelen. We kwamen op 23 juni naar de Mars van Gerechtigheid. In een dag liepen we tot bijna 200 km van Moskou. In deze tijd hebben we geen enkele druppel bloed van onze strijders verspild… Nu is het moment aangebroken dat er bloed kan vloeien. Daarom, de verantwoordelijkheid begrijpend voor het vergieten van Russisch bloed aan een van de zijden, keren we onze konvooien terug en gaan we terug naar de legerkampen volgens het plan.""";0;2023-06-24T17:43:50.000Z
Het meest heldere overzicht van de opmars van #Wagner in #Rusland vandaag: ;1;2023-06-24T16:36:18.000Z
"Drie actuele tekenen van paniek in #Rusland:

1) Wegen in de regio Lipetsk worden gesaboteerd om #Wagner te stoppen

2) Nationale Garde ligt paraat in het zuidelijke deel van #Moskou

3) Inwoners van #Rostov aan de Don proberen massaal met de trein weg te komen ";0;2023-06-24T15:33:23.000Z
"De rebellie van #Wagner heeft ook effect op de Russische invloed in de wereld, met name #Afrika.

Poetin is een minder stabiele partner. En kunnen Afrikaanse regimes nog rekenen op Wagner, zonder rugdekking van het Kremlin?

Hopelijk neemt in Afrika de steun voor #Rusland nu af… ";0;2023-06-24T14:04:20.000Z
Dit lijkt me toch wel een moment om het #reisadvies voor #Rusland aan te passen… ;1;2023-06-24T12:29:16.000Z
"Te midden van alle chaos in #Rusland, hieronder een heldere overzichtskaart.

#Wagner rukt via Voronezh op naar #Moskou, waar het Russische leger een verdedigingslinie heeft opgeworpen.

Ook duidelijk zichtbaar hoe Wagner hiermee de aanvoerlijnen naar #Oekraïne afsnijdt. ";1;2023-06-24T10:52:41.000Z
"Zo moet dat! 

Overlastgevers nog sneller door de procedure halen en afwijzen. Dan vertrekken deze veiligelanders vanzelf en komen ze minder naar Nederland.

Goed kordaat optreden van de asielketen! 
";1;2023-06-23T17:49:42.000Z
"Vandaag bezoek aan diverse locaties voor #asielopvang in #Limburg.

Van crisisnoodopvang tot jarenlange AZC’s: het is erg indrukwekkend hoe hard iedereen werkt voor goede asielopvang.

Dank voor de open ontvangst, het delen van zorgen en ervaringen, en de ideeën voor verbetering! ";1;2023-06-23T15:54:15.000Z
"Het tegenoffensief van #Oekraïne lijkt lang te gaan duren.

Er zullen nieuwe tekorten ontstaan. Om offensieve operaties vol te houden heeft Oekraïne doorlopend steun nodig. 

Mooi dat met brede meerderheid (&gt;75%) onze motie is aangenomen voor meer en flexibele militaire steun! 🇺🇦 ";1;2023-06-22T17:13:33.000Z
"De hoge asielinstroom leidt tot schrijnende situaties.

Zorg, onderwijs en andere voorzieningen komen steeds meer onder druk te staan. Voor zowel asielzoekers als Nederlanders.

Gelukkig durven zorgverleners nu ook de vinger op de zere plek te leggen👇 ";1;2023-06-22T10:54:41.000Z
"Waarom de #EU een migratiedeal met #Tunesië moet sluiten:

&gt; De centrale route naar Italië maakt nu 50% uit van alle illegale grensoverschrijdingen naar de EU (👇)
&gt; Alle andere routes dalen in 2023, de centrale route stijgt met 158%
&gt; Een deal voorkomt duizenden verdrinkingen ";1;2023-06-20T20:01:55.000Z
"Volgens het #Indonesië-onderzoek was het merendeel van de Nederlandse militairen NIET schuldig of medeplichtig aan extreem geweld.

Toch is dit beeld ontstaan. Dat doet veteranen en families veel pijn.

Vandaag zet de Kamer dit recht. Onze motie is zeer ruim (&gt;90%) aangenomen! ";1;2023-06-20T13:55:34.000Z
"Sancties blokkeren, warme banden met Rusland: we zijn het gewend van #Hongarije.

Maar dat Hongarije nu ook 11 krijgsgevangen van #Rusland overneemt, en #Oekraïne géén toegang tot hen geeft… Absurd! 

Dit lijkt een schending van het oorlogsrecht. (1/2) ";0;2023-06-19T19:43:39.000Z
"Wij zijn weer op zoek naar een stagiair!

Heb jij:
- Interesse in politiek 🏛
- Kennis over buitenlandse zaken en/of migratie 🌍
- Hart voor de liberale zaak 🧡💙

Reageer dan snel👇! Wellicht tot binnenkort! #stage #vacature ";1;2023-06-19T08:39:07.000Z
"Nog onduidelijk hoe constructief het diplomatieke topoverleg tussen #VS (Blinken) en #China (Wang Yi) is verlopen.

Links de officiële lijn van Chinese officials, rechts de harde opmerkingen die zijn gelekt via Chinese staatsmedia.

Dat is nogal een verschil… (zeker tav #Taiwan) ";0;2023-06-19T07:07:25.000Z
"Geopolitieke rivaliteit kan onze economie ontwrichten.

Om ons hiertegen te verweren moeten we niet wachten op nieuwe agressie (bijv China-Taiwan), maar NU actie ondernemen.

Goed inhoudelijk gesprek bij @BNR met HCSS-expert @joristeer en @PaulvanLiempt👇 ";1;2023-06-18T14:48:56.000Z
"Onze vrijheid en liberale waarden staan internationaal onder druk.

Dit beschermen brengt dilemma’s met zich mee. Vrijhandel inperken voor veiligheid? Zaken doen met corrupte regimes? Wanneer militair ingrijpen?

Diepgaande gesprekken bij onze liberale denktank #Teldersstichting! ";1;2023-06-18T12:28:02.000Z
"Deze week ging #Baudet weer over de schreef met racistische zinspelingen.

In zijn lofzang over het kolonialisme sprak hij over ‘genetische zegeningen’ van Europa.

We blijven hier in de Kamer gericht weerstand tegen bieden. Mooi compliment van @nausicaamarbe in de Telegraaf👇 ";0;2023-06-17T12:28:43.000Z
"Zes Afrikaanse leiders bezoeken #Kyiv met een ‘vredesplan’.

Precies dan schiet #Rusland 12 raketten op Kyiv. De grootste aanval in weken. Iedereen snel de schuilkelder in.

Dát is de Russische houding: intimidatie en agressie, geen vrede. Hopelijk zien deze leiders dat nu ook… ";0;2023-06-16T15:23:57.000Z
"Zes Afrikaanse leiders bezoeken #Kyiv, met een ‘vredesplan’ onder de arm.

Precies op dat moment schiet #Poetin 12 moderne raketten op Kyiv. De grootste aanval in weken. Iedereen moest snel een schuilkelder in.

Het illustreert de houding van #Rusland. Intimidatie en agressie, geen interesse in vrede. Hopelijk zien deze Afrikaanse leiders dat nu ook…";0;2023-06-16T15:15:38.000Z
"Door #migratiedeals met landen buiten Europa vervalt de reden een gevaarlijke oversteek te maken.

Zo gaat de #asielinstroom omlaag en ontstaat ruimte om vluchtelingen uit te nodigen.

Dit voorkomt verdrinkingen en steeds chaos in Nederland. Het is dus humaner én effectiever! ";1;2023-06-16T12:47:30.000Z
"‘Brekelmans (VVD) pleit al jaren voor een daadkrachtiger optreden tegen de ongewenste invloed van #China.’

Klopt, en dat blijf ik doen!

De @decorrespondent beschrijft hier goed wat de EU en Nederland inmiddels doen, en wat nog moet gebeuren👇 ";1;2023-06-16T08:20:43.000Z
"Vreselijk, het zoveelste menselijk drama op de Middellandse Zee. 

De EU moet migratiedeals sluiten met derde landen, zodat migranten geen reden meer hebben voor deze gevaarlijke oversteek.

Opvang in de regio en asiel op uitnodiging in Europa. Dat is humaner én geeft meer grip. ";0;2023-06-14T12:36:13.000Z
"16 maanden lang bombardeert #Rusland voortdurend burgerdoelen.

Flatgebouwen, ziekenhuizen, scholen, elektriciteitsystemen. Hele dorpen in puin en as.

En dan nog beweert #Poetin geen burgerdoelen aan te vallen. Het blijft absurd om te zien👇 ";0;2023-06-13T20:28:37.000Z
"Voor een helder overzicht: hieronder een kaart met de plekken van het Oekraïens offensief. 

In de middelste cirkel boekt #Oekraïne nu de meeste terreinwinst.

Bij inzoomen zie je in donkerrood de Russische verdedigingslinies. Hieruit blijkt hoe complex het is.

Bron: @War_Mapper ";1;2023-06-12T07:26:08.000Z
"De vlag van de #bevrijding wordt weer gehesen.

#Oekraïne heeft 3 dorpen in #Donetsk bevrijd, en is daar door een eerste verdedigingslinie gebroken.

Dit is de eerste zichtbare terreinwinst van het tegenoffensief, al is het nu afwachten hoe ver Oekraïne daar komt. 🇺🇦 ";1;2023-06-11T19:58:30.000Z
"Een wezenlijke stap naar een lagere #asielinstroom!

Afspraken met #Tunesië over strengere grensbewaking en de terugkeer van migranten, met respect voor mensenrechten. Dat zet zoden aan de dijk!

Goed dat nog deze maand een concrete deal wordt uitgewerkt. ";1;2023-06-11T13:39:27.000Z
"Op sommige plekken in #Brabant gaat de asielopvang best goed.

Het gaat mis als de aantallen te hoog worden of als er overlastgevende veiligelanders komen (bijv in Budel).

Daarom moeten we de asielinstroom omlaag brengen en veiligelanders aan de EU buitengrens terugsturen. (1/2) ";0;2023-06-11T12:40:11.000Z
"Mijn debuut in DE geopolitieke podcast!

Alles over het Oekraïens tegenoffensief, militaire steun aan #Oekraïne, en langjarige investeringen in defensie.

Goed gesprek met @robdewijk, @ajboekestijn en @PaulvanLiempt (1/2). ";1;2023-06-10T11:36:01.000Z
"Als het EU migratiepact straks werkt, is er minder overlast in Nederland.

De meeste overlast in bijv Ter Apel en Budel wordt nu veroorzaakt door veiligelanders (uit Marokko, Algerije, Tunesië).

Zij zullen worden tegengehouden aan de EU buitengrens en daar direct teruggestuurd. ";1;2023-06-10T09:11:57.000Z
"Als het EU migratiepact straks werkt, is er minder overlast in Nederland.

De meeste overlast in bijv Ter Apel en Budel wordt nu veroorzaakt door veiligelanders (uit Marokko, Algerije, Tunesië).

Zij worden straks tegengehouden aan de EU buitengrens en daar direct teruggestuurd. ";1;2023-06-10T09:11:57.000Z
"Het EU migratiepact is positief voor Nederland, maar het is nog niet genoeg.

Het kan pas echt werken als migranten kunnen worden teruggestuurd naar herkomst- en doorreislanden als Tunesië.

De EU moet zsm migratiedeals sluiten om dit ontbrekende puzzelstuk in te vullen! (1/3) ";0;2023-06-09T21:06:56.000Z
"Een positief akkoord voor #Nederland na een jarenlange impasse!

Strengere grensprocedures, snellere terugkeer van veiligelanders, herstel van het Dublin-akkoord, en ruimte voor migratiedeals met derde landen.

Met deze regels kan de #asielinstroom naar Nederland worden verlaagd. ";1;2023-06-08T20:24:29.000Z
"Belangrijk overleg om de asielinstroom omlaag te brengen.

Betekenisvol dat de gesprekken tussen de #EU en #Tunesië over migratie nu op het allerhoogste niveau plaatsvinden.

En goed dat onze premier #Rutte hierin  persoonlijk ook het voortouw neemt!
";1;2023-06-08T11:11:07.000Z
"De #asielinstroom naar Europa moet snel omlaag! Daarvoor zijn migratiedeals nodig, bijv met #Tunesië.

De #EU moet de druk op omringende landen nu opvoeren! Durf handel, visa en ontwikkelingshulp stop te zetten. Stel harde deadlines.

Opiniestuk van @MalikAzmani en mij in #AD👇 ";0;2023-06-07T07:29:15.000Z
"‘Niks aan de hand! Mensen lopen kalm over straat, werken rustig, winkels zijn open’.

Zo belachelijk is dus de Russische desinformatie.

Deze Russische ‘gouverneur’ is na 20 jaar een waardig opvolger van de Iraakse Minister van Informatie. ";0;2023-06-06T18:27:51.000Z
"Rusland: na ons de zondvloed…

Er zit geen ondergrens aan de terreurdaden van #Poetin. Vreselijk weer voor alle Oekraïners die hierdoor getroffen worden.

#RussiaIsATerroristState 
#PutinWarCrimes ";0;2023-06-06T10:36:23.000Z
"Rusland: na ons de zondvloed…

#RussiaIsATerroristState 
#PutinWarCrimes ";0;2023-06-06T10:31:50.000Z
"#Rusland wordt teruggedrongen, dus pleegt het oorlogsmisdaden.

Het opblazen van de Kakhovka dam is een menselijke ramp en een risico voor de nabijgelegen kerncentrale.

Iedere oorlogsmisdaad maakt ons alleen maar standvastiger om #Oekraïne te steunen! 🇺🇦 ";0;2023-06-06T06:12:08.000Z
"In deze asielcrisis moet de focus nu gericht zijn op het omlaag brengen van de #asielinstroom.

Asielzoekers meer laten werken tijdens de procedure geeft juist het risico op een hogere instroom en minder terugkeer.

Dit klinkt dus sympathiek, maar is nu onverstandig! ";0;2023-06-05T19:35:09.000Z
"Op 4 juni 1989 werd het massale protest op #TiananmenSquare bloedig neergeslagen. Rollende tanks door de straten van #Beijing, met duizenden doden tot gevolg. 

#China wil dat we dit vergeten en de geschiedenis herschrijven.

That’s not how we roll!! ";0;2023-06-04T14:59:34.000Z
"Rake woorden van bondskanselier #Scholz! 

Met voor hem ongekende passie: 

‘De oorlogsstoker is Poetin. Hij wil #Oekraïne vernietigen. Hij doodt talloze burgers, ouderen en kinderen. Dat is moord. Dat accepteren wij niet!’ ";1;2023-06-04T12:46:18.000Z
"70.000 asielzoekers is niet te dragen, ook niet op korte termijn:

> IND kan 39.000 beslissingen nemen in 2023 en heeft al een achterstand van tienduizenden aanvragen
> COA heeft ca 53.000 bedden, waarvan 40% (crisis)noodopvang
> Gemeenten moeten al meer statushouders huisvesten dan ooit (27.300 dit najaar), terwijl er enorme woningtekorten zijn

En dan zijn er nog de personeelstekorten in de zorg en het onderwijs.

Laten we feitelijk naar dit probleem kijken en stoppen met wensdenken!";0;2023-06-04T09:23:17.000Z
"Vandaag veel goede en scherpe gesprekken bij het #VVD congres.

Logisch dat het geduld bij veel VVD-leden opraakt. Dat geldt voor mij ook. De #asielinstroom moet omlaag. 

Terecht doet het kabinet een uiterste inspanning om tot een pakket maatregelen te komen. Dat moet er voor de zomer liggen. Wij zullen als VVD-fractie de uitkomst daarvan kritisch wegen. En sluiten op voorhand niks uit.

Tot slot niet te vergeten… wij blijven #Oekraïne steunen en onze internationale veiligheid versterken!";1;2023-06-03T18:11:14.000Z
"Onze fractievoorzitter Sophie Hermans heeft een stevige boodschap bij het #VVD Congres:

‘Voor de zomer moet er een pakket zijn om de #asielinstroom omlaag te brengen. Als dit kabinet vooruitgang biedt, gaan we door. Zo niet, dan maken we een afweging en liggen alle opties open.’ ";1;2023-06-03T12:31:20.000Z
"Momenteel zitten &gt;200 uitgeprocedeerde Marokkanen vast in bewaring.

Zonder afspraken met #Marokko had dit juridisch niet gekund en liepen zij nu op straat.

Uiteraard moet terugkeer omhoog en overlast hard worden aangepakt. Maar er is wel degelijk effect! ";1;2023-06-02T19:07:02.000Z
"Amerikaans minister van Buitenlandse Zaken #Blinken:

‘#Rusland beweerde het 2e sterkste leger te hebben ter wereld. Nu hebben ze het 2e sterkste leger…. in #Oekraïne!’ ";0;2023-06-02T16:23:12.000Z
"Warme ontvangst door de Amerikaanse ambassadeur Razdan Duggal.

We spraken over de steun aan Oekraïne, internationale veiligheid, China, en politieke ontwikkelingen in de #VS en #Nederland.

Laten we onze vriendschap en samenwerking nog verder blijven versterken! 🇺🇸🇳🇱 ";1;2023-06-02T13:41:27.000Z
"Dag van de geopolitieke groepsfoto’s:

1) #EPG - Europa test nieuwe vormen van overleg en samenwerking

2) #NAVO - Sterker dan voorheen, steun aan Oekraïne en voorbereidend op belangrijke top in Vilnius

3) #BRICS - Staat India bewust wat meer op afstand? ";1;2023-06-01T21:14:04.000Z
"Mei was weer een maand van terreur voor #Oekraïne.

Bijna dagelijks Russische luchtaanvallen (met name op #Kyiv), met &gt;400 drones en &gt;160 raketten.

Laten we hopen dat juni de maand wordt van een geslaagd tegenoffensief. En zo een stap naar meer veiligheid en uiteindelijk vrede. ";0;2023-06-01T09:22:55.000Z
"85% van de Nederlanders wil de #asielinstroom beperken.

Van vrijwel alle partijen (ca 140 zetels) wil de meerderheid van de kiezers dit.

Aan alle partijen die nog aarzelen: laten we luisteren naar onze kiezers, de handen ineenslaan, en samen de asielinstroom omlaag brengen! ";1;2023-05-31T20:01:27.000Z
"Oplopende spanningen in #Kosovo ontaarden in onacceptabel geweld van Servische demonstranten tegen #NAVO vredestroepen.

Alles moet erop gericht zijn de spanningen in dit kruitvat te deëscaleren. En oplossingen te vinden voor de geboycotte lokale verkiezingen (4% opkomst). ";0;2023-05-29T20:37:20.000Z
"Leven in een schuilkelder.

Colleges, vergaderingen, zelfs huwelijksfeesten gaan in #Oekraïne door in schuilkelders. Terwijl het luchtalarm weer afgaat vanwege Russische bombardementen.

Laten we het abnormale nooit normaal gaan vinden. ";0;2023-05-29T14:45:17.000Z
"Wéér massale luchtaanvallen op #Oekraïne (vooral Kyiv), met 40 kruisraketten en 35 drones.

Wéér een avond waarop een Russisch politicus zegt dat Oekraïne totaal moet worden uitgewist.

Oekraïne betaalt de hoogste prijs. Wij moeten hen blijven helpen tegen Russisch imperialisme. ";0;2023-05-29T07:50:04.000Z
"#Erdogan maakt in zijn overwinningsspeech direct anti-LHBT opmerkingen.

‘De oppositie is pro-LHBT. LHBT komt niet binnen bij ons’

Gefeliciteerd aan alle Turken die weer hebben gekozen voor meer repressie, meer Turkse vluchtelingen, en meer verdeeldheid in de NAVO! ";0;2023-05-28T18:54:46.000Z
"Het geduld raakt op.

Vóór de zomer moet een stevig pakket komen om de #asielinstroom omlaag te brengen. Mét nationale maatregelen om Nederland minder aantrekkelijk te maken.

Zonder zicht op een lagere instroom kan niet weer het uiterste van iedereen worden gevraagd. (1/2) ";0;2023-05-28T14:40:00.000Z
"Afstudeerfeestjes in #Oekraïne en #Rusland.

Op de rechtse foto is één van de vlaggen van de Wagner Group.

Een generatie jongeren wordt getekend door de Russische agressie. Diep treurig! ";0;2023-05-27T12:14:33.000Z
"Er moet inderdaad zsm een migratiedeal komen.

Dit moet een pakket maatregelen zijn om de asielinstroom omlaag te brengen.

De VVD heeft hier wél een mening over!
";1;2023-05-26T16:05:43.000Z
"Mooi dat #Denemarken en #Nederland de leiding nemen in trainen van F16-piloten.

Vier andere Europese landen doen ook mee, en meer volgen nog. Dit alles met volle steun en waardering van de #VS.

Zo dragen we met onze partners opnieuw bij aan de zelfverdediging van #Oekraïne! 🇺🇦 ";1;2023-05-25T20:14:22.000Z
"Steeds meer politici spreken niet vrijuit in debatten en online. Of overwegen helemaal te stoppen.

Zo wint de agressieve minderheid van de goedwillende meerderheid. Dat mag niet gebeuren.

Democratie gaat boven agressie. Laten we daar samen voor zorgen! ";0;2023-05-25T17:40:05.000Z
"In de logica van #Poetin kunnen we Limburg voortaan als betwist gebied beschouwen.

Hij gebruikt nu immers ook een kaart uit de 17e eeuw om het bestaansrecht van #Oekraïne te ontkennen.

Het laat zien hoe Poetin en zijn vazallen met de dag idioter worden… ";0;2023-05-24T08:33:25.000Z
"Goed dat #Nederland stevige gesprekken heeft met #China.

Wij beschermen onze nationale veiligheid tegen Chinese druk, inmenging en spionage.

En staan voor eerlijke handel, soevereiniteit Oekraïne, status quo Taiwan, en mensenrechten (Oeigoeren). (1/3)";1;2023-05-23T21:10:05.000Z
"De komende weken staan minstens 4 asieldebatten op de agenda.

Laten we dit soort flauwe Haagse spelletjes niet doen, heeft niemand iets aan👇 ";0;2023-05-23T20:08:33.000Z
"Unaniem aangenomen!

De Kamer steunt mijn oproep voor een breed onderzoek naar Chinese intimidatie en inmenging in Nederlandse media.

Minister Hoekstra kan vandaag in #China direct benadrukken dat bedreiging en intimidatie van journalisten in #Nederland onacceptabel is! ";1;2023-05-23T14:23:51.000Z
"Iedereen wil liever vrede dan oorlog, maar wat biedt #Rusland?

Vrede waarbij #Oekraïne haar eigen grondgebied moet opgeven, de agressie van Rusland wordt beloond ipv bestraft, en het risico op herhaling levensgroot is?

Logisch dat de Oekraïense bevolking en politiek leiders niet open staan voor dit soort uitkomsten in het voordeel van Rusland.

De eerste prioriteit blijft daarom Oekraïne helpen zich te verdedigen (bijv tegen Russische luchtaanvallen zoals vannacht in #Dnipro👇), haar eigen grondgebied te bevrijden, en een sterkere positie aan de onderhandelingstafel te krijgen.

Dan komt hopelijk op den duur het moment dat gesproken kan worden over duurzame vrede. Met respect voor de soevereiniteit en waarborgen voor de veiligheid van Oekraïne. En met gerechtigheid voor de slachtoffers van de massale Russische oorlogsmisdaden.";0;2023-05-22T09:01:39.000Z
"Toch nog even in perspectief.

#Rusland richt maandenlang zijn offensief op één plek, ten koste van tienduizenden doden.

De opbrengst is #Bachmoet: 58e stad van #Oekraïne, nauwelijks strategische waarde, compleet verwoest.

En toch vieren Russen dit als ‘grote overwinning’… 🤯 ";0;2023-05-21T21:00:53.000Z
"Is dit een foto van?
a) Een Pyrrusoverwinning 
b) Russische ‘bevrijding’
c) Tragisch menselijk leed voor niks
d) All of the above 

#Bakhmut #Bachmoet 🇺🇦 ";0;2023-05-21T14:53:58.000Z
"Aftrap van een nieuw VVD netwerk migratie en integratie!

Kritische vragen (terecht!), maar vooral ook veel voorstellen en ideeën.

Dat hebben we nodig om de asielinstroom omlaag te brengen, integratie te verbeteren, en weer grip te krijgen op migratie! ";1;2023-05-20T13:43:59.000Z
"Een belangrijke doorbraak!

Afhankelijk van hoe het Oekraïens offensief de komende tijd verloopt, kan straks snel worden geleverd. Dit versterkt de verdediging van #Oekraïne en de afschrikking van #Rusland.

Goed hoe Nederland hierin (achter de schermen) een voorname rol vervult! ";1;2023-05-19T16:14:00.000Z
"De aandacht mag niet afnemen, de wreedheden van het regime in #Iran gaan door.

Executies van demonstranten (👇), martelingen, vergiftigingen van schoolmeisjes.

Zet de IRGC op de EU terreurlijst, scherp de sancties aan, isoleer Iran in de VN, en blijf de demonstranten steunen! ";0;2023-05-19T12:48:46.000Z
"Weer luchtaanvallen op #Oekraïne met raketten en drones, voor de 3e nacht op rij en 10e keer deze maand.

Zo doet #Poetin er alles aan om de internationale steun voor het leveren van F16’s aan Oekraïne te vergroten.

Een beslissing lijkt eindelijk dichterbij te komen, zie CNN👇 ";0;2023-05-19T07:49:20.000Z
"Terecht dat #Frankrijk dit doet!

Ook #Nederland voert zulke grenscontroles uit, maar wat mij betreft doen we dit nog intensiever.

Het zou goed zijn om deze strengere controles van de binnengrenzen te coördineren met andere EU-landen. (1/2) ";1;2023-05-18T15:30:03.000Z
"Vannacht weer massaal raketaanvallen, vooral op Kyiv en Odesa.

29 van de 30 raketten zijn onderschept. De licht beschadigde Patriot was operationeel.

Dit is geen reden achterover te leunen, maar munitie, onderdelen en wapens te blijven leveren voor de luchtafweer van #Oekraïne! ";1;2023-05-18T09:38:56.000Z
"Ieder beeld van de Russische verwoesting in #Bachmoet is opnieuw schokkend.

Dit geldt ook voor de satellietbeelden van nu en een jaar geleden👇

Maar dit was natuurlijk écht nodig omdat “#Rusland bedreigd wordt door het Westen…” Totaal krankjorum! ";0;2023-05-17T20:25:16.000Z
"#Xi spreekt tegen #Kazachstan over een ‘unieke band’ en een gezamenlijke gemeenschap met #China.

Dit is een steek naar #Rusland, dat het noorden van Kazachstan beschouwt als ‘Russkiy Mir’.

Hoe lang accepteert #Poetin dat hij steeds meer tweede viool speelt in Centraal-Azië? ";0;2023-05-17T19:50:25.000Z
"#Nederland is #6 in de wereld op het gebied van LHBTI gelijkheid.

Laten we ervoor zorgen dat we hierin voorop blijven lopen en LHBTI-rechten in de wereld blijven stimuleren!

#IDAHOT #IDAHOT2023 🌈 ";1;2023-05-17T16:04:18.000Z
"Vannacht redde #Oekraïne veel levens met westerse wapens.

#Rusland voerde een geavanceerde aanval uit met 18 raketten en 9 drones. Met westerse luchtafweer (oa Patriots) is alles onderschept.

De angst en schade van brokstukken zijn niet weg, maar de ergste ellende is voorkomen. ";1;2023-05-16T07:13:37.000Z
"Berichten over de uitslag in #Turkije lopen enorm uiteen.

Staatsmedia: #Erdogan staat 4% voor (49% vs 45%), maar hierin ontbreken veel stemmen door bezwaren AKP.

Oppositie: #Kilicdaroglu staat 2% voor (48% vs 46%).

&gt; Voorlopige conclusie: een 2e ronde lijkt noodzakelijk. ";0;2023-05-14T21:40:58.000Z
Grappig moment bij het stemhokje: ‘wie staat er nou ineens achter me’. ;0;2023-05-14T13:20:39.000Z
"De laatste campagnefilmpjes voor de verkiezingen in #Turkije morgen. 

Wat een verschil in stijl!

#Erdogan #Kilicdaroglu ";1;2023-05-13T20:38:25.000Z
"#Oekraïne lijkt 2 Russische straaljagers en minstens 2 helikopters te hebben neergehaald.

Hiermee zouden nieuwe bombardementen en veel slachtoffers zijn voorkomen.

Dit zijn ongekende verliezen voor #Rusland. Wederom tekenen dat de balans omslaat in het voordeel van Oekraïne. ";1;2023-05-13T18:18:01.000Z
"Eindelijk een zonnige zaterdag? 

Natuurlijk gaan we dan met de @VVDBrabant en @VVDLimburg in een zaaltje zitten om met elkaar en @markrutte te spreken over actuele politieke thema’s! 💪 ";1;2023-05-13T14:04:50.000Z
"In 3 dagen wint #Oekraïne 17 km2 terug rond #Bachmoet, een oppervlakte waar #Rusland weken over deed.

En dat terwijl Rusland alle aandacht richtte op dit stadje, met meer symbolische dan strategische waarde.

Zoveel onnodige doden door de idiote Russische agressie en strategie. ";0;2023-05-12T20:32:16.000Z
"Verlies van #Erdogan zou van grote invloed zijn op de opstelling van #Turkije in de #NAVO.

Ook de omgang met #Syrië heeft door migratie grote gevolgen. En er zouden duizenden Turkse asielzoekers minder naar #Nederland komen.

Mijn commentaar bij @BNR👇
";1;2023-05-12T14:38:08.000Z
"Voor degenen die de Russische agressie steeds meer bagatelliseren, hier nieuwe schokkende beelden van de verwoesting in #Marinka (Donetsk).

Ooit een dorpje van 10 duizend inwoners, nu de hel op aarde.

Gelukkig zijn nu de eerste voortekenen van het tegenoffensief door #Oekraïne. ";0;2023-05-12T12:59:11.000Z
"Volledig losgezongen van de realiteit. 

Zorgelijk voor een VN-organisatie die zich inzet om “publieke steun voor vluchtelingen in de wereld te bevorderen”.

Dit ondermijnt juist het draagvlak nog verder. ";0;2023-05-11T20:21:27.000Z
"Volledig losgezongen van de realiteit. 

Zorgelijk voor een VN-organisatie die zich inzet om “om publieke steun voor vluchtelingen in de wereld te bevorderen”.

Dit ondermijnt juist het draagvlak nog verder. ";0;2023-05-11T20:21:27.000Z
"In de laatste peiling in #Turkije loopt oppositiekandidaat #Kilicdaroglu uit op #Erdogan.

En zojuist trok Ince zich terug, waardoor Kilicdaroglu in de 1e ronde al boven 50% kan komen.

Zondag wordt ongemeen spannend, met grote gevolgen voor internationale veiligheid en migratie. ";1;2023-05-11T12:08:22.000Z
"#Trump heeft als president geen oorlogen opgelost, laat staan in 24 uur.

Maar het ergste is: hij denkt niet in termen van agressor en verdediger, soevereiniteit, en oorlogsmisdaden.

#Rusland en #China zien dat je bij Trump met alles wegkomt, als je daarna maar een deal sluit… ";0;2023-05-11T07:38:20.000Z
Exact! Dat is precies hoe we het hebben afgesproken in het regeerakkoord: “deze voorzieningen zijn altijd gericht op terugkeer”. ;1;2023-05-10T19:47:30.000Z
"Vandaag was eerder een overwinningsparade voor #Oekraïne dan voor #Rusland:
- 1 oude tank
- Geen straaljagers
- Nauwelijks internationale vrienden
- Een nog kortere speech (&lt;10 min) met grijsgedraaide nonsens
- Geen concrete overwinning (bijv Bakhmut)

Zie het verschil 2022-2023: ";0;2023-05-09T17:20:11.000Z
"Winkeliers en inwoners van #TerApel hebben hier genoeg van.

Daarom diende ik vorige maand een motie in voor snel straffen (snelrecht), makkelijker aangifte doen, en meer inzet van de strenge toezichtlocatie.

Mijn oproep kreeg ruime steun (80%), nu spoedig uitvoeren in Ter Apel! ";1;2023-05-09T14:40:04.000Z
"Vandaag viert #Rusland de overwinning op Duitsland in WO-II.

Een normaal land viert zo’n feestdag hoogstens met vuurwerk, maar Rusland schiet 25 raketten naar #Oekraïne (👇).

De overwinning op oorlogsmisdadigers vieren met nieuwe oorlogsmisdaden, #Poetin kan het… ";0;2023-05-09T08:52:14.000Z
"Wat is nou leuker dan een ouderwets avondje training geven, ditmaal bij @VVDBilt.

Mooi om weer zoveel nieuw debattalent in onze partij te zien! ";1;2023-05-09T07:05:34.000Z
"78 jaar geleden werd #Nederland bevrijd.

Onze #vrijheid voelt misschien als normaal, maar is het niet. Slechts 20% van de wereldbevolking leeft in een vrij land.

Laten we onze vrijheid daarom elke dag koesteren en beschermen. En vandaag extra vieren! 🇳🇱 #5mei #Bevrijdingsdag ";1;2023-05-05T20:19:30.000Z
Gisteravond op de Russische staatstelevisie… 😣 ;1;2023-05-05T14:11:28.000Z
"‘Het geheim van geluk is vrijheid. En het geheim van vrijheid is moed’.

Velen brachten het hoogste offer voor onze vrijheid. Hier in Nederland en ver van huis. Wij zijn hen eeuwig dankbaar.

#Dodenherdenking #4mei 🇳🇱 ";1;2023-05-04T16:54:06.000Z
"The difference between Zelensky and Putin:

#Zelensky considers every win as a loss (because he has lost people)👇

#Putin considers every loss as a win (because he has lost reality) ";1;2023-05-04T14:32:42.000Z
"#Zelensky: “alle landen in Europa kennen de enorme tragedie van de Tweede Wereldoorlog: bloed en slachtoffers.

Wij vechten ertegen dat het regime in Rusland ons een nieuwe wereldoorlog brengt, een nieuwe tragedie voor de wereld.” ";0;2023-05-04T12:20:39.000Z
"Je mag de timing ongelukkig vinden, maar een bevriend staatshoofd boycotten gaat echt héél ver. Zeker als grootste partij in de Senaat.

En dat terwijl in deze oorlog 196 Nederlanders zijn omgekomen (MH-17) en #Oekraïne slachtoffer is van de grootste invasie in Europa na WO-II. ";0;2023-05-03T22:46:00.000Z
"Je mag de timing ongelukkig vinden, maar een bevriend staatshoofd boycotten gaat echt héél ver. Zeker als grootste partij in de Senaat.

En dat terwijl in deze oorlog 196 Nederlanders zijn omgekomen (MH-17) en #Oekraïne slachtoffer is van de grootste invasie sinds WO-II. ";0;2023-05-03T22:46:00.000Z
"De asielinstroom moet omlaag door migratiedeals en grensbewaking (zoals in 2015-16).

Ook moeten we NL minder aantrekkelijk maken. Nu zijn we soepeler dan EU regels voorschrijven.

Goed dat het kabinet bijvoorbeeld inwilligingspercentages meer in lijn brengt met buurlanden. ";1;2023-05-01T09:14:37.000Z
"De Indo-Pacific wordt het hoofdtheater van de geopolitiek.

Voor onze welvaart en veiligheid moeten we nauw samenwerken met partners in de regio, zoals #Japan en #ZuidKorea. En gezamenlijk de agressie van #China afschrikken.

Dit vereist wederzijds begrip en zichtbare steun! ";1;2023-05-01T08:06:06.000Z
"Goedemorgen Nederland!

Deze ochtend ga ik in gesprek over #Japan en #ZuidKorea: de geopolitieke spanningen in de regio en onze economische verwevenheid. En natuurlijk spreken we over de laatste ontwikkelingen rond #asiel.

Schakel in op NPO1! ";1;2023-05-01T04:59:03.000Z
"#Nederland is het eerste EU-land dat een strategisch partnerschap heeft met #ZuidKorea.

Wij staan beiden voor de uitdaging om de afhankelijkheden van #China te verminderen (bijv tav chips, batterijen en grondstoffen).

Samen kunnen we onze economische veiligheid vergroten! 🇳🇱🇰🇷 ";1;2023-04-29T11:56:02.000Z
"Bezoek aan de grenszone tussen #ZuidKorea en #NoordKorea.

De oorlog is nooit beëindigd, er is slechts een wapenstilstand. Door de nucleaire wapens en rakettesten leeft Zuid-Korea onder constante dreiging.

Niet bepaald een aantrekkelijk draaiboek voor Oekraïne. (1/2) ";0;2023-04-29T07:14:16.000Z
"De asielinstroom is onhoudbaar én steeds meer onbetaalbaar.

Eén van de oorzaken zijn de hoge inwilligingspercentages in Nederland. 

Op mijn aandringen zet het kabinet enkele stappen, o.a:
- Minder vaak voordeel van de twijfel (👇)
- Zwaardere individuele toetsing
- Niet alle IND werkinstructies openbaar
- Mogelijk uitlezen van telefoons voor beoordeling asielrelaas

Hiermee komt de Nederlandse werkwijze meer in lijn met wat Europese regels voorschrijven.

Uiteraard is dit nog lang niet genoeg. Er is spoedig meer nodig om de asielinstroom te verlagen!";0;2023-04-28T17:58:57.000Z
"In 1950-53 vochten ca 5000 Nederlandse militairen in #Korea, ook wel ‘de vergeten oorlog’ genoemd.

117 zijn begraven op de VN-begraafplaats in Busan.

Op deze Koningsdag herdenken wij onze moedige landgenoten en eren wij hen met een kranslegging. Opdat wij hen nooit vergeten! 🇳🇱 ";1;2023-04-27T07:33:42.000Z
"De asielcrisis raakt veel EU-landen, zoals #Italië en #Nederland.

Maar onze rechter houdt nu wél rekening met wat Italië aan kan, maar niet met wat Nederland aan kan.

Dat betekent dat meer politieke maatregelen nodig zijn om de instroom omlaag te brengen.";0;2023-04-26T09:08:36.000Z
"#Japan wordt omringd door de dreiging van China, Noord-Korea en Rusland.

Om deze agressie te ontmoedigen, is  internationale steun essentieel. Niet alleen door de VS, maar een brede coalitie van landen.

Daarom wordt zichtbare betrokkenheid van Europese landen zeer gewaardeerd! ";1;2023-04-25T19:08:24.000Z
"Wat een waanzin!

Als iemand zich vreedzaam en weloverwogen inzet voor vrijheid in #Iran, dan is het wel @rosenthal_uri.

Het toont de paniek binnen dit kwaadaardige regime aan. Dit zal Uri en het Comité Iran Vrij alleen maar aanmoedigen! ";1;2023-04-25T14:33:06.000Z
"Betekenisvol bezoek aan #Japan!

De agressie van China en Rusland, vrije zeeroutes, economische veiligheid, sancties in de chipsindustrie: #Nederland en #Japan hebben veel gezamenlijke uitdagingen.

Daarvoor is nauwere samenwerking nodig. Als Kamer dragen we daaraan bij! 🇳🇱🇯🇵 ";1;2023-04-24T09:26:53.000Z
Een noodzakelijke actie, met de nodige risico’s. Veel sterkte aan iedereen die hierbij betrokken is of in spanning afwacht! 🙏 ;1;2023-04-23T07:49:41.000Z
"Uiterst gevaarlijke uitspraak!

De Chinese ambassadeur in Frankrijk zegt dat de 14 voormalige Sovjet-staten volgens het internationaal recht GEEN soevereine landen zijn. 

Voor #China kunnen de grenzen van landen als Oekraïne, Estland, Letland, Litouwen, Moldavië, Kazachstan etc. dus ter discussie worden gesteld.

Met een dominant China staan onze veiligheid en de internationale rechtsorde permanent onder druk!";0;2023-04-22T10:50:43.000Z
"Onlangs was er westerse verdeeldheid rond #China en #Taiwan.

Goed dat de Kamer wél eensgezind is, met brede steun (90%) voor mijn motie:

‘Chinese dreiging van Taiwan is een probleem voor Europa. Dit moet worden ontmoedigd, door met meer westerse eenheid druk uit te oefenen.’ ";1;2023-04-20T19:35:06.000Z
"World Press Photo 2023. 

Een hoogzwangere vrouw wordt weggedragen, na Russische bombardementen op een kraamkliniek in #Marioepol. De baby wordt dood geboren, de moeder sterft vlak na de geboorte.

De Russische oorlogsmisdaden in één ijzingwekkend beeld: ";0;2023-04-20T17:21:32.000Z
"Gastcollege aan honours studenten van de Universiteit Leiden over de opkomst van autoritaire staten.

Over de nieuwe wereldorde, de dreiging van #China en #Rusland, strategische soevereiniteit, ingewikkelde dilemma’s en politieke keuzes.

Veel dank voor het inspirerende gesprek! ";1;2023-04-19T20:21:08.000Z
"Het toppunt van cynisme.

#Rusland geeft vandaag een persconferentie over ‘westerse misdaden tegen kinderen in militaire conflictgebieden.’

&gt; “Het doel van propaganda is niet om mensen iets te laten geloven, maar om mensen niets meer te laten geloven.” ";0;2023-04-19T09:07:53.000Z
Bezoek aan het front: #Zelenski versus #Poetin. ;1;2023-04-18T13:24:38.000Z
"Onze inlichtingendiensten beschrijven wat #China doet.

Als China andere conclusies wil, is dat heel simpel: stop met spioneren, kennis stelen, journalisten bedreigen etc.

Tot die tijd beschermen we ons tegen de Chinese dreiging. En benoemen we de feiten. ";1;2023-04-18T10:19:23.000Z
"Onverstandig van de IND!

Een deel van de asielzoekers wordt schriftelijk gehoord. Dit leidt mogelijk tot onterechte asielverlening en maakt Nederland aantrekkelijker. Dat kunnen we ons met de hoge instroom niet permitteren.

VVD en CDA vragen het kabinet om dit te herzien. (1/2) ";0;2023-04-18T07:34:24.000Z
"De sancties op luxe-producten (incl. kleding) doen hun werk.

#Lavrov #werkbezoek #Brazilië ";1;2023-04-17T10:58:27.000Z
"Zelfde tafel, andere setting.

Ongekend veel symboliek:
1) De Chinese en Russische ministers van Defensie zij-aan-zij, vlakbij #Poetin.
2) President Macron op maximale afstand tegenover Poetin. ";1;2023-04-16T20:21:28.000Z
"#Rusland viert vandaag Orthodox #Pasen. 

En hoe viert een terreurstaat dat? Door een kerk in Zaporizja te bombarderen. Voor Rusland is werkelijk niets meer heilig.

Wij zullen #Oekraïne helpen te herrijzen. 🇺🇦 ";0;2023-04-16T12:39:21.000Z
"Ook vandaag weer hevige gevechten in #Sudan, tussen het leger en de paramilitaire RSF.

De bevolking zit hier niet op te wachten. Ook internationaal roept iedereen op tot een staakt-het-vuren: buurlanden, Afrikaanse Unie, Arabische Liga, EU, VS, China, Rusland etc.

Het leger heeft gezegd niet te willen onderhandelen. Hopelijk zorgt interne en externe druk er toch voor dat het de-escaleert.";0;2023-04-16T08:43:51.000Z
"Geen onderscheid maken tussen de agressor en de verdediger, de verkeerde schuldige aanwijzen, niks over Russische oorlogsmisdaden.

President #Lula volgt hier het narratief van #Rusland en #China.

En dat terwijl #Brazilië de 4e democratie ter wereld is. Uiterst kwalijk en zorgelijk (1/2).";0;2023-04-15T13:35:58.000Z
"Het is vreemd dat #Algerije geen ‘veilig land’ meer is, terwijl &lt;1% asiel krijgt.

Hierdoor duren procedures voor Algerijnen langer en is er meer overlast.

Daarom diende ik eerder een motie in (95% steun) om de status van Algerije te herbeoordelen. (1/3) ";0;2023-04-15T09:18:16.000Z
"Kijkt elke partij die tegen het handelsverdrag is met o.a. #Brazilië even mee?

Brazilië verdiept de samenwerking met #China en wil samen ‘de geopolitiek in de wereld in evenwicht brengen’.

We drijven Brazilië verder in handen van China. Dit is kortzichtig en geopolitiek naïef. ";0;2023-04-15T07:24:05.000Z
"#Rusland viert vandaag Goede Vrijdag, een strenge vastendag.

Toch bombardeert Rusland vandaag burgers in #Sloviansk: 5 doden, 15 gewonden en nog mensen onder het puin (incl een kind).

Dat gedweep met het Russisch christendom (‘heilige oorlog’) is hiermee nog ongeloofwaardiger. ";0;2023-04-14T18:16:48.000Z
"Na alle aandacht voor Macron in #China, nu graag aandacht voor de Duitse minister #Baerbock in China!

Zij durft wél klinkklare taal te spreken over #Taiwan, #Oekraïne (👇), wapens aan #Rusland, de-risking en mensenrechten.

De Chinese minister Qin slaat direct fel terug. (1/3) ";0;2023-04-14T12:17:45.000Z
"Een week vol geopolitiek!

Bij #BNR de Wereld sprak ik uitgebreid over #China, #Taiwan, de uitspraken van #Macron, #Oekraïne, en de #Pentagon_Leaks.

Terug te luisteren via 👉 ";1;2023-04-13T15:58:39.000Z
"Als deze cijfers kloppen bevestigt dit maar één ding: de #asielinstroom is onhoudbaar en moet omlaag.

Met internationale, Europese én nationale maatregelen.

We kunnen hier niet te lang meer mee wachten! ";0;2023-04-12T18:01:21.000Z
"Breaking - #Macron nuanceert zijn eerdere uitspraken over #Taiwan:

‘We zijn voor de status quo, onze positie is niet veranderd… Wij hebben een gedeelde visie met #Biden over vrij zeevaart in de Indo-Pacific, en willen escalatie en provocatie voorkomen.’

Dat klinkt al beter! ";1;2023-04-12T16:44:32.000Z
"Breaking - #Macron nuanceert zijn eerdere uitspraken over #Taiwan:

‘We zijn voor de status quo, onze positie is niet veranderd… Wij hebben een gedeelde visie met #Biden over vrij zeevaart in de Indo-Pacific, en wij willen samen escalatie voorkomen.’

Dat klinkt al beter! ";1;2023-04-12T16:44:32.000Z
"Afschuwelijke beelden gaan rond van de onthoofding van een Oekraïense soldaat.

Steeds weer gaat #Rusland nóg beestachtiger tekeer. Het lijkt nu zelfs op IS.

Op Russische kanalen wordt dit toegejuicht. Laten wij ons hiertegen blijven uitspreken. En #Oekraïne blijven steunen! 🇺🇦";0;2023-04-12T10:45:53.000Z
"#Italië roept de noodtoestand uit door de hoge asielinstroom.

Ik heb ook vaak aangedrongen op noodmaatregelen, maar kreeg als antwoord dat dit juridisch niet kan.

Vandaag is mijn motie aangenomen om uit te zoeken hoe andere EU-landen dit WÉL onderbouwen. Italië kan hierin mee👇 ";0;2023-04-11T20:14:24.000Z
"Ernstige overlast door een kleine groep asielzoekers is een hardnekkig probleem.

Daarom roep ik op tot:
&gt; Lik-op-stuk beleid, o.a. door snelrecht
&gt; Makkelijker aangifte doen
&gt; Meer gebruik van strenge toezichtlocatie (‘aso-AZC’)

Mijn motie is met 80% meerderheid aangenomen! ";1;2023-04-11T13:56:25.000Z
"Het staatsbezoek van Macron kan de Frans-Nederlandse samenwerking verdiepen, o.a. op migratie.

Maar vrienden kunnen ook scherp discussiëren, bijv over #China:

#Taiwan is wél ons probleem, de EU moet strategisch minder afhankelijk worden, en westerse eenheid (EU-VS) is cruciaal. ";1;2023-04-11T10:06:39.000Z
"Met de grove intimidatie van een NL journalist is #China te ver gegaan.

Naast een stevige diplomatieke reactie zijn deze acties nodig:
&gt; Onderzoek doorzetten, ook breder naar Chinese inmenging in NL media
&gt; Spionage strafbaar stellen
&gt; Strenger screenen van werkvisa aan Chinezen ";0;2023-04-11T08:07:06.000Z
"Suggereren dat #Taiwan niet ons probleem is, is een strategische fout.

Juist nu:

1) Wij zelf steun zoeken in de wereld voor #Oekraïne (incl Azië)

2) Wij Amerikaanse steun heel hard nodig hebben

3) China grootse militaire oefeningen doet tegen Taiwan ";0;2023-04-10T12:52:25.000Z
"Chinese staatsmedia verspreiden deze animatie van raketaanvallen op #Taiwan.

Zo’n aanval zou wereldwijd tot een gigantische economische crisis leiden.

Europa moet niet doen alsof Taiwan niet ons probleem is, maar #China met economische en diplomatieke druk helpen afschrikken. ";0;2023-04-09T20:34:29.000Z
"Één van de indrukwekkendste mensen die ik ooit ontmoette, is helaas overleden.

Op 95-jarige leeftijd sprak hij nog vol energie met studenten. Hierover grapte hij: “I don’t have time to rest, not even to get old or die”.

Nu is die tijd dan toch gekomen.🕯️";1;2023-04-09T07:34:09.000Z
"Bomb scares, threats and a professional intimidation campaign.

This is how #China tries to silence a journalist in the #Netherlands. 

A shocking story! People should be aware of these unacceptable Chinese practices, because this can happen in any country.";0;2023-04-08T12:19:40.000Z
"Valse bommeldingen, dreigementen, een professionele intimidatiecampagne.

Zo ver gaat #China om een journalist hier in #Nederland monddood te maken.

De Chinese dreiging is niet ver weg en abstract, maar tast de vrijheid in ons land aan. Onaanvaardbaar! ";0;2023-04-08T10:15:12.000Z
"Lang leve de vriendschap…

…met een land dat genocide pleegt, Rusland en Iran steunt, de internationale rechtsorde ondermijnt, de grootste dreiging vormt voor onze economische veiligheid etc.

Diplomatieke relaties onderhouden met #China is nodig, maar het mag een onsje minder. ";0;2023-04-07T19:25:56.000Z
"Zoek de 9 verschillen.

De gelekte Amerikaanse stukken (links) zijn gefotoshopt door Russische propagandakanalen (rechts). Hierdoor lijken de verliezen van #Oekraïne groter dan die van #Rusland.

Het zoveelste voorbeeld van de Russische informatieoorlog. ";0;2023-04-07T13:03:14.000Z
"Weinig aandacht, zorgelijke stap!

#China voert nu inspecties uit op schepen in de Straat van #Taiwan. Dit zijn internationale wateren, met recht op vrije doorvaart.

Voor onze handel is vrije zeevaart cruciaal! Von der Leyen en Macron kunnen dit nu direct in China aankaarten. ";0;2023-04-06T17:39:29.000Z
"Foto van de nieuwe wereldorde.

#China gebruikt haar geopolitieke macht niet langer alleen om westerse bemoeienis te verhinderen, maar ook om zelf diplomatiek een dominante rol te spelen.

Dit vereist een realistischere houding in ons buitenlandbeleid. ";1;2023-04-06T11:18:02.000Z
"Een opmerkelijk interview!

De Chinese ambassadeur bij de EU noemt de grenzeloze vriendschap tussen #China en #Rusland ‘niets anders dan retoriek’.

Na alle warme woorden geeft dit een inkijk in hoe China werkelijk naar Rusland kijkt. ";0;2023-04-06T08:05:08.000Z
"Één van de ergste misdaden van #Rusland in Oekraïne is de gedwongen deportatie van bijna 20.000 kinderen.

Vandaag hebben 49 landen dit streng veroordeeld, vanwege Russische desinformatie in de VN.

#Servië is het enige Europese land dat NIET meedoet (naast Belarus). Een schande! ";0;2023-04-05T19:39:57.000Z
"Vandaag spraken we in de Tweede Kamer met #Jezidi slachtoffers.

Zij vertelden zeer aangrijpend over afschuwelijke misdaden (genocide) en hun persoonlijk leed.

We moeten ons hier bewust van blijven en ons blijven inzetten voor betere omstandigheden en steun aan Jezidi’s. ";1;2023-04-05T11:03:31.000Z
"De Finse vlag wappert fier! 🇫🇮

Speciaal moment voor #Finland, de #NAVO en onze gezamenlijke #veiligheid! 

Met zo’n sterke bondgenoot erbij in de NAVO wordt onze verdediging en afschrikking tegen Rusland sterker.

Nu de druk opvoeren om ook Zweden zsm te kunnen verwelkomen. ";1;2023-04-04T14:00:40.000Z
"Bijzonder! Vlak voor het #China-debat stuurt de Chinese ambassade een brief naar de Tweede Kamer.

De toon is vriendelijk en diplomatiek, wel 2 opvallende passages:

1) “China ziet Nederland als de poort naar andere EU-landen” - lijkt me overdreven (muv de Rotterdamse haven)

2) “Het concept veiligheid moet niet worden overdreven” - oneens, de pot verwijt de ketel…";1;2023-04-04T11:04:06.000Z
"Bijzonder! Vlak voor het #China-debat stuurt de Chinese ambassade een brief naar de Tweede Kamer.

De toon is vriendelijk en diplomatiek, wel 2 opvallende passages:

1) “China ziet Nederland als poort naar andere EU-landen” - lijkt me overdreven (muv de Rotterdamse haven)

2) “Het concept veiligheid moet niet worden overdreven” - oneens, de pot verwijt de ketel…";1;2023-04-04T11:04:06.000Z
"If Wikipedia says so, it must be true…

#Finland, welcome to #NATO! ";1;2023-04-04T10:34:13.000Z
"Morgen gaan Von der Leyen en Macron naar #China.

Onlangs sprak Von der Leyen stevige taal over China, zelfs scherper dan Nederlandse teksten.

Het wordt interessant welke woorden zij in China kiezen. Eensgezindheid is van groot belang.

🧵Een vergelijking EC-NL op 6 thema′s👇 ";1;2023-04-03T20:27:09.000Z
"Drie interessante verkiezingen vandaag in Europa:

1) #Finland: rechts liberalen winnen nipt, oa van sociaal-democraten (premier Marin)

2) #Montenegro: na 30 jaar aan de macht verliest Dukanovic van pro-Servische kandidaat

3) #Bulgarije: 5e verkiezing in 2 jaar weer nek-aan-nek ";1;2023-04-02T21:26:48.000Z
"Uit de laatste cijfers valt de hoge asielinstroom in de EU niet meer te ontkennen.

Het aantal asielaanvragen in 2022 was 50% hoger dan normaal en benadert crisisjaren 2015-16.

De EU moet daarom alles op alles zetten om met migratiedeals en grensbewaking de instroom te verlagen. ";0;2023-04-01T15:53:53.000Z
"In maart heeft #Rusland met haar offensief 70 km2 terrein gewonnen. 

Dat is 0,01% van #Oekraïne, even groot als de rode stip hieronder.

In dit tempo is een offensief van &gt;40 jaar nodig, om de illegaal geannexeerde provincies te veroveren. De Russische tactiek is krankzinnig. ";0;2023-04-01T11:45:32.000Z
"Één van de vele strategische fouten van #Poetin.

Door de Russische agressie treedt #Finland (en later Zweden) na decennialange neutraliteit toe tot de #NAVO. Zo wordt de Baltische Zee straks omringd door NAVO-landen. 

Het maakt de NAVO en onze #veiligheid alleen maar sterker. ";0;2023-03-31T14:32:16.000Z
"Het Chinese leger kondigt nauwere samenwerking aan met #Rusland, en een verdieping van het vertrouwen.

En dat terwijl Rusland een brute en verwoestende oorlog uitvoert in Europa.

Dit is het zoveelste voorbeeld hoe #China onze veiligheid en de internationale rechtsorde bedreigt! ";0;2023-03-31T12:02:55.000Z
"Terecht veel ophef over statushouders die een flexwoning weigeren. Het is een belediging naar mensen die jarenlang op een woning wachten.

Ook blijven asielbedden zo langer bezet, die hard nodig zijn voor anderen.

Het kabinet moet hiertegen optreden…(1/2)";0;2023-03-31T09:17:31.000Z
"Vele doden, totale verwoesting, nauwelijks terreinwinst.

Aan de frontlinie in Donetsk steeds hetzelfde beeld, zie hieronder Bakhmut, Vuhledar, Avdiivka en Mariinka.

Dat is wat het Russisch offensief heeft opgeleverd. Hopelijk kan #Oekraïne snel weer het initiatief terugnemen. ";0;2023-03-29T08:44:40.000Z
"Interessante grafiek!

In 30 jaar is het aandeel inwoners van #Taiwan dat zich als Chinees identificeert gedaald van 26% naar 3%, en als alleen Taiwanees gestegen van 18% naar 61%.

Het illustreert hoe de afstand van Taiwan tot #China toeneemt. Waar hebben we dit eerder gezien… ";1;2023-03-28T18:03:57.000Z
"Interessante grafiek!

In 30 jaar is het aandeel inwoners van #Taiwan dat zich als Chinees identificeert gedaald van 36% naar 3%, en als alleen Taiwanees gestegen van 18% naar 61%.

Het illustreert hoe de afstand van Taiwan tot #China toeneemt. Waar hebben we dit eerder gezien… ";1;2023-03-28T18:03:57.000Z
"In gesprek met Von der Leyen drong ik aan op actie om de #asielinstroom omlaag te brengen.

De Europese Commissie moet zich actiever inzetten om migratiedeals te sluiten en EU-lidstaten aan afspraken te houden.

In crisistijd bewijst de #EU vaak haar waarde. Dat is nu hard nodig! ";1;2023-03-28T13:39:13.000Z
"Relevant feit om toe te voegen aan dit nieuwsbericht is dat Maksym Kononenko de nieuwe ambassadeur van #Oekraïne in #Estland wordt.

Niet bepaald een onbelangrijk land in deze tijd. ";1;2023-03-27T21:20:40.000Z
"Vandaag in Italië, binnenkort in andere EU-landen. Deze asielinstroom is onhoudbaar!

Daarom moet de #EU zsm migratiedeals sluiten en de grenzen strenger bewaken.

Hoe lang duurt het nog voordat iedereen in EU en NL inziet dat dit zo niet langer gaat? ";0;2023-03-25T14:30:07.000Z
"Volgens de Britse inlichtingendienst is het Russisch winteroffensief waarschijnlijk voorbij, inclusief in Bachmoet.

Hieronder is zichtbaar dat #Rusland nauwelijks terrein heeft gewonnen (maar helaas wel tienduizenden doden).

Het leger van #Oekraïne houdt wederom krachtig stand. ";0;2023-03-25T09:31:10.000Z
"De award voor ‘hypocriet van het jaar’ gaat naar de Iraanse minister van Buitenlandse Zaken.

#FreeIran #WomanLifeFreedom ";0;2023-03-24T19:23:03.000Z
"Premier #Meloni is on fire en slaat de spijker op zijn kop over #Oekraïne!

Goedkoop oproepen tot onderhandelingen draagt niet bij aan vrede, maar aan Russische propaganda tegen een soeverein land, een vrij volk, en het internationaal recht.

Kijktip! 👊 ";1;2023-03-23T21:17:26.000Z
"Dit is niet mijn wereld.

En laten we ervoor zorgen dat Europa ook nooit onderdeel van deze wereld wordt. ";0;2023-03-23T18:57:33.000Z
"Gisteren - Statement #Rusland en #China: ‘Het internationaal recht moeten worden gerespecteerd’ en ‘wij roepen op iedere beweging te stoppen die leidt tot spanningen en verdere gevechten’.

Vandaag - #Zaporizhzhia👇

En wij moeten dit soort statements serieus blijven nemen? ";0;2023-03-22T13:43:28.000Z
"Drie conclusies na bezoek #Xi aan #Poetin:

1) #China wordt nog dominanter tov #Rusland (afhankelijkheid energie-inkomsten, transacties in Yuan, Chinese investeringen in Rusland)

2) Geen bijzondere stappen tav #Oekraïne

3) Overdreven vlagvertoon en gevlij (zeker door Poetin)👇 ";0;2023-03-22T07:17:02.000Z
"Al een half jaar dringen we in ieder debat aan op een flinke verhoging van de #munitieproductie in Europa.

Goed dat er nu eindelijk een akkoord is.

Hopelijk is het genoeg voor #Oekraïne om zich te kunnen blijven verdedigen in deze uitputtingslag! 🇺🇦 ";1;2023-03-20T17:48:44.000Z
"Afspraken zoals met Turkije zijn nodig voor grip op migratie.

Anders blijft de asielinstroom zo hoog en verdrinken nog meer mensen op zee.

Nu willen ngo’s de Nederlandse staat voor de rechter dagen, om #migratiedeals nog moeilijker te maken. Ongelofelijk.";0;2023-03-20T09:26:58.000Z
"Interessant artikel van #Poetin over #China.

Het leest als een liefdesverklaring: ‘Xi is als een broer en de relaties zijn op het hoogste niveau ooit’.

Het laat zien hoe hard Poetin China nodig heeft. En dat hij tweede viool speelt achter de grote broer. ";1;2023-03-19T21:30:22.000Z
"2007 vs 2023

#Putin #PutinWarCrimes ";1;2023-03-19T16:34:38.000Z
"Een wezenlijke stap naar gerechtigheid!

Uniek dat zo’n wereldleider een arrestatiebevel aan zijn broek krijgt. Een stevig juridisch en moreel signaal.

Ben benieuwd wat gastlanden nu doen als #Poetin een diplomatieke bijeenkomst (bijv G20) wil bezoeken…";1;2023-03-17T15:55:56.000Z
"Ein-de-lijk kondigt #Erdogan aan dat #Turkije de toetreding van #Finland tot de #NAVO gaat ratificeren.

De Finse President Niinisto geeft de enige juiste reactie aan Erdogan:

‘Het Finse lidmaatschap is niet compleet zonder #Zweden. Ik wil in juli een alliantie van 32 landen’. ";1;2023-03-17T15:23:47.000Z
"Ein-de-lijk kondigt #Erdogan aan dat #Turkije de toetreding van #Finland tot de #NAVO gaat ratificeren.

De Finse President Niinistro geeft de enige juiste reactie aan Erdogan:

‘Het Finse lidmaatschap is niet compleet zonder #Zweden. Ik wil in juli een alliantie van 32 landen’. ";1;2023-03-17T15:23:47.000Z
"Great honour to welcome the courageous and inspirational @AlinejadMasih in our Dutch Parliament!

We strongly support the people of #Iran fighting for freedom. Regardless of how many people go to the streets or the attention by international media.

And we keep pushing our government to increase pressure on the regime. The EU should put the IRGC on the terrorist list, and disclose the legal advice which is impeding this.

#WomanLifeFreedom #FreeIran #MahsaAmini";1;2023-03-17T11:37:17.000Z
"Hier nu de officiële Amerikaanse beelden van het drone-incident.

Duidelijk zichtbaar dat een Russische straaljager onverantwoord dichtbij komt en brandstof dumpt over de drone.

Dit ontkracht (zoals vaker) het valse narratief van #Rusland. ";0;2023-03-16T10:24:23.000Z
"Telkens als je denkt alles te hebben gezien, doet #Rusland er weer een schepje bovenop.

Hier staatsbeelden van militaire lessen op een basisschool op de bezette #Krim.

Hersenspoeling en indoctrinatie kent voor het Russische regime geen minimum leeftijd. ";0;2023-03-15T15:25:01.000Z
"Op veel plekken in de wereld strijden mensen voor #democratie. Voor het recht om te mogen stemmen over jouw toekomst.

Vandaag kunnen wij stemmen in ons vrije land. Het lijkt zo normaal, maar dat is het helaas niet.

Ik heb vandaag gestemd. Jij toch ook? 

#PS2023 @VVD ";1;2023-03-15T10:38:50.000Z
"Goed dat #Nederland steeds manieren vindt om #Oekraïne te steunen!

Hiermee kan straks de handel via de Zwarte Zee worden hersteld.

En omdat het gaat om afgestoten materieel en directe leveringen door de industrie raakt het onze krijgsmacht minimaal. 🇺🇦🇳🇱";1;2023-03-14T16:12:39.000Z
"Iedere dag worden we er weer op gruwelijke wijze aan herinnerd hoe kostbaar #vrijheid en #democratie zijn. Ook in Europa.

(Vandaag weer 1 dode en 7 gewonden door een Russische raketaanval op #Kramatorsk, regio Donetsk) ";0;2023-03-14T12:51:05.000Z
"#Desantis vindt #Oekraïne géén vitaal belang voor de #VS en noemt de agressieoorlog een ‘territoriaal dispuut’.

Zorgelijk dat zo’n populaire Republikein (en mogelijk Presidentskandidaat) dit nu zegt.

Dit toont weer dat Europese landen meer moeten investeren in onze #veiligheid. ";0;2023-03-14T10:01:52.000Z
"Ron #Desantis vindt #Oekraïne géén vitaal belang voor de #VS en noemt de agressieoorlog een ‘territoriaal dispuut’.

Zorgelijk dat zo’n populaire Republikeinse Presidentskandidaat dit nu zegt.

Dit toont eens te meer dat Europese landen meer moeten investeren in onze #veiligheid. ";0;2023-03-14T09:51:03.000Z
"Ron #Desantis noemt #Oekraïne géén vitaal belang voor de #VS en noemt de agressieoorlog een ‘territoriaal dispuut’.

Zorgelijk dat zo’n populaire Republikeinse Presidentskandidaat dit nu zegt.

Dit toont eens te meer dat Europese landen meer moeten investeren in onze #veiligheid. ";0;2023-03-14T09:45:11.000Z
"Ron #Desantis noemt #Oekraïne géén vitaal belang voor de #VS en spreekt over een ‘territoriaal dispuut’.

Zorgelijke ontwikkeling dat zo’n populaire Republikeinse Presidentskandidaat dit zegt.

Dit toont eens te meer dat Europese landen meer moeten investeren in onze #veiligheid. ";0;2023-03-14T09:43:17.000Z
"Aan iedere tafel je mannetje staan, van de nationale voetbalkantine tot de G7.

Ik ben niet geheel onpartijdig, wel weer diep onder de indruk van onze premier.

#vandaaginside #rutte ";1;2023-03-13T22:27:20.000Z
"De #EU Buitenlandchef Borrell is twee dagen in #Algerije.

Hij benoemt allerlei thema’s, maar niks over #migratie.

Dit laat zien waarom het cruciaal is dat #Nederland dit steeds weer hoog op de agenda zet. Grip krijgen op migratie moet bij dit soort bezoeken topprioriteit zijn! ";0;2023-03-13T20:36:28.000Z
"De #EU Buitenlandchef Borrell is twee dagen in #Algerije.

Hij benoemt allerlei thema’s, maar niks over #migratie.

Dit laat zien waarom het zo belangrijk is dat #Nederland dit steeds weer hoog op de agenda zet. Grip krijgen op migratie moet bij dit soort bezoeken topprioriteit zijn!";0;2023-03-13T20:36:28.000Z
"Het zonnetje schijnt, strakke blauwe lucht: heerlijk om langs de deur te gaan.

Hier in mijn dorp #Oisterwijk hebben we 2 geweldige #VVD kandidaten voor de verkiezingen!

@JellevanNuland voor de Provincie Brabant (#5) en Bas Peeters voor het Waterschap (#1). Stem op 15 maart! ";1;2023-03-11T15:15:12.000Z
"Toen ik studeerde leek door globalisering een nieuw tijdperk aangebroken.

Nu groeien studenten op in een andere wereld, met geopolitieke strijd tussen grootmachten.

Interessant om hierover te spreken met de #JOVD Amsterdam! En natuurlijk over Oekraïne, asiel en de verkiezingen. ";1;2023-03-09T21:58:26.000Z
"Laatste cijfers over #vrijheid en #democratie in de wereld!

Glas half leeg: voor het 17e jaar op rij gingen meer landen achteruit (35) dan vooruit (34).

Glas half vol: de achteruitgang (-1 land) was lang niet zo klein.

Kortom, strijden voor vrijheid heeft wel degelijk effect. ";0;2023-03-09T18:15:37.000Z
"De Russische agressie stopt niet in Oekraïne.

Zo streeft Rusland ernaar #Moldavië te destabiliseren, o.a. met desinformatie, protesten, dreigementen, en militairen in Transnistrië.

Goed gesprek met de nieuwe ambassadeur over hoe we Moldavië kunnen steunen zich te verweren. 🇳🇱🇲🇩 ";1;2023-03-09T15:41:35.000Z
"Wéér raketaanvallen door heel #Oekraïne, wéér op burgerdoelen (zoals hieronder in de regio #Lviv).

Minder raketten zijn onderschept dan eerder, omdat #Rusland meer geavanceerde raketten gebruikt.

We moeten Oekraïne luchtafweer blijven leveren. De Russische agressie stopt niet! ";0;2023-03-09T07:36:55.000Z
"Cruciaal voor onze veiligheid!

Met deze exportbeperkingen wordt belemmerd dat #China geavanceerde chips kan produceren (voor bijv wapens) en technologisch dominant wordt.

Goed dat #Nederland, #VS en #Japan samen optrekken en de lasten delen. 🇳🇱🇺🇸🇯🇵 ";1;2023-03-08T19:01:42.000Z
"Vaak stonden #Nederland en #Italië tegenover elkaar in de EU op migratie.

Goed dat nu wordt samengewerkt om de asielinstroom omlaag te brengen.

#Meloni: samen moeten we dit concreet en pragmatisch aanpakken door het bewaken van buitengrenzen en bestrijden van mensensmokkelaars. ";1;2023-03-08T17:20:15.000Z
"Across the world women are showing exceptional courage. Today we honour them even more.

#InternationalWomensDay #internationalevrouwendag ";1;2023-03-08T09:01:53.000Z
"Volgens #China zorgt een ‘onzichtbare hand’ voor de voortzetting en escalatie van de ‘crisis’ in #Oekraïne.

Vreemd, ik heb zelden zo’n zichtbare hand gezien.

En nee, het is geen Oekraïne crisis, maar een Russische agressie-oorlog. ";0;2023-03-07T10:27:16.000Z
"We hebben al zoveel Russische ravage gezien, maar de totale verwoesting in #Marinka (Donetsk) blijft onvoorstelbaar.

#Rusland heeft dit stadje ‘bevrijd’. Het resultaat is nul inwoners, vele doden, ontelbaar leed.

We blijven #Oekraïne helpen deze terreur te stoppen. 🇺🇦 ";0;2023-03-06T21:21:44.000Z
"Deelname aan verkiezingen in #Belarus betekent: door massale fraude verliezen en dan 15 jaar celstraf krijgen.

Dat kan in het Europa van Loekasjenko en Poetin.

Niet vreemd dat veel landen afscheid namen en willen nemen van deze dictatoriale onderdrukking.";0;2023-03-06T13:59:18.000Z
"Nederlanders in het buitenland kunnen nu voor het eerst stemmen voor de Eerste Kamer!

Daarom organiseren we morgen om 19.00u speciaal een VVD-live sessie, over thema’s die voor Nederlanders in het buitenland belangrijk zijn.

Kijk en praat mee! Tot morgen! #verkiezingen15maart ";1;2023-03-05T14:17:00.000Z
"Dit nieuws was te verwachten: #China verhoogt de Defensie-uitgaven al jaren meer dan het BBP👇

Voor onze veiligheid is het cruciaal dat wij hier meer tegenover stellen.

En dat Europese landen meer bijdragen aan verdediging van Europa, zodat de VS zich meer op Azië kan richten. ";1;2023-03-05T10:03:02.000Z
"Weer vergiftigingen van schoolmeisjes in #Iran.

Inmiddels zijn al meer dan 1000 meisjes en 58 scholen getroffen.

Hoe laag, angstig en meedogenloos is een regime dat dit soort middelen nodig heeft om de bevolking te onderdrukken… (1/2)

#MahsaAmini #WomanLifeFreedom ";0;2023-03-04T12:01:14.000Z
"Opmerkelijk moment! 

Op het belangrijkste congres over geopolitiek in #India wordt #Lavrov hard uitgelachen als hij zegt: “De oorlog die wij willen stoppen en tegen ons is gelanceerd”.

Gelukkig nemen experts wereldwijd de Russische propaganda met een korreltje zout. ";0;2023-03-03T15:07:38.000Z
"Hét grote struikelblok voor #Oekraïne wordt een tekort aan munitie.

Na weken discussie in de #EU over meer munitieproductie komt er nu eindelijk beweging!

Volgens de FT wordt “Gezamenlijke gefinancierde munitie binnen weken geleverd”. Goed nieuws! (1/2) ";1;2023-03-03T12:38:46.000Z
"Het staatsbezoek van #Loekasjenko aan #China was een diplomatieke klap in het gezicht van de #EU:

&gt; De EU erkent zijn valse herverkiezing in 2020 niet
&gt; #Belarus is een vazal van #Rusland en militaire springplank naar Oekraïne

En dan 3 dagen zoveel ceremonie en hoge ontvangst… ";0;2023-03-02T15:19:15.000Z
"Actuele beelden van de hel van #Bachmoet.

Na maandenlange gevechten en vele duizenden slachtoffers wint #Rusland hier langzaam terrein. 

De prijs: een stad in puin met nauwelijks strategische waarde. Pure waanzin. ";0;2023-02-28T14:36:43.000Z
"Als je denkt dat Iraanse tirannen niet dieper kunnen zinken…

Weer beelden van vergiftiging met chemische stoffen van schoolmeisjes in #Iran. Als straf voor eerdere protesten.

Nederland, de EU en VN moeten dit veroordelen en aandringen op internationaal onderzoek. #MahsaAmini ";0;2023-02-28T10:10:42.000Z
"Een bekend feit, maar toch is dit plaatje verbijsterend.

In de meeste regio’s in #Rusland zijn er 10-30 keer meer oorlogsslachtoffers dan in #Moskou en #SintPetersburg.

#Poetin gebruikt minderheden als kanonnenvoer. En muv sancties merken stedelijke elites weinig van de oorlog. ";0;2023-02-27T21:18:34.000Z
"Met zoveel dreiging voor onze veiligheid en welvaart, moeten we samenwerken als goede buren.

Daarom is het mooi om de Britse premier na al die jaren weer te horen zeggen: ‘de #VK en de #EU zijn bondgenoten en vrienden’.

Laat dit inderdaad het begin zijn van een nieuw hoofdstuk! ";1;2023-02-27T16:25:59.000Z
"Na een jaar Russische invasie raken sommige mensen het overzicht kwijt. 

Daarom weer even een helder overzichtskaartje van het grondgebied van #Oekraïne voor en na de invasie: ";1;2023-02-25T13:12:01.000Z
"Onlangs zei #Biden resoluut ‘nee’ tegen het verzoek om #F16 straaljagers door #Oekraïne.

De vraag was of dit betekende ‘NU niet’ of ‘NOOIT niet’.

Hier geeft Biden duidelijkheid: het antwoord is ‘NU niet’, maar dat kan in de toekomst veranderen. ";0;2023-02-25T09:10:55.000Z
"Het langverwachte ‘#vredesplan’ van #China stelt niks voor.

Bovendien komt China hiermee neutraal en redelijk over, maar is het in feite een dekmantel om #Rusland te steunen. Uiterst kwalijk dus!

Hier mijn 5 belangrijkste kritiekpunten 🧵: ";0;2023-02-24T18:22:40.000Z
"In The #Netherlands there is broad political support for #Ukraine.

Today 12 political parties are making a joint statement.

“We shall continue to stand side-by-side with the Ukrainians. Now, and for as long as necessary” 🇺🇦🇳🇱 ";1;2023-02-24T11:17:02.000Z
"In Nederland is er brede politieke steun voor #Oekraïne.

Daarom hebben 12 partijen vandaag samen een verklaring opgesteld.

“Wij zullen zij-aan-zij met de Oekraïners blijven staan. Nu, en voor zo lang als nodig” 🇺🇦🇳🇱 ";1;2023-02-24T09:55:16.000Z
"Nog steeds veel internationale steun voor #Oekraïne! 

141 landen in de #VN stemmen VOOR een resolutie die Rusland oproept te vertrekken uit Oekraïne.

Tov oktober stemmen slechts enkele landen uit Afrika negatiever (o.a. Angola, Eritrea, Mali). De diplomatieke schade valt mee! ";0;2023-02-23T21:36:37.000Z
"#India is een belangrijke partner voor #Nederland.

Met de grootste democratie ter wereld zijn er veel kansen voor samenwerking, bijv in waterstof en technologie. Dat zijn de banen van de toekomst!

Fantastisch dat India als G20-voorzitter Nederland direct heeft uitgenodigd! 🇮🇳🇳🇱 ";1;2023-02-22T13:37:34.000Z
"“Wij zijn nu allemaal de generatie van 24 februari.”

Mijn opening bij het debat over 1 jaar oorlog in #Oekraïne👇 ";1;2023-02-22T08:58:40.000Z
"De inspanningen van dit kabinet werpen zijn vruchten af.

#Marokko neemt steeds meer uitgeprocedeerde asielzoekers terug en werkt hierop zichtbaar samen met #Nederland.

Goed dat het kabinet prioriteit geeft aan onze veiligheid en meer grip op migratie! ";1;2023-02-21T13:04:35.000Z
"Indrukwekkend gesprek met burgemeesters en lokale bestuurders uit #Marioepol, #Cherson en #Mykolaiv.

We moeten proberen om hulp en wederopbouw daar zsm voor elkaar te krijgen.

En blijven zoeken naar manieren om dit te financieren met bevroren tegoeden uit Rusland! 🇺🇦 ";1;2023-02-21T09:53:17.000Z
"Wat een foto… 

#Biden #Zelensky ";1;2023-02-20T22:44:37.000Z
"Letterlijk in de hoek zitten waar de klappen vallen. Wat een miserie, weer nieuwe aardbevingen in #Turkije en #Syrië.

Laten we hopen dat het aantal slachtoffers dit keer beperkt blijft en dit nu ophoudt 🙏 ";0;2023-02-20T19:02:23.000Z
"De belangrijkste garantie voor onze veiligheid is de #NAVO.

Grootste uitdaging de komende tijd is het verder opschalen van steun aan #Oekraïne: meer munitie en luchtverdediging zijn cruciaal!

Goede meetings vandaag met #Stoltenberg, NAVO-ambassadeurs en politici uit 30 landen. ";1;2023-02-20T17:31:46.000Z
"In 2007 gaf Poetin een historische speech in München. Een voorbode voor alles daarna.

In 2023 ontkent Chinees topdiplomaat Wang niet dat militaire escalatie met #Taiwan op komst is. Niets over ‘vreedzame hereniging’, enkel agressieve taal.

Laat dit niet weer een voorbode zijn… ";0;2023-02-19T20:12:02.000Z
"NEWS: The #Netherlands is taking new diplomatic measures against #Russia:

&gt; Expulsion of 10 diplomats
&gt; Rule: not more Russian diplomats in The Hague than Dutch diplomats in Moscow
&gt; Closure of Russian trade office in NL

We do not accept Russian war crimes and espionage! 🇳🇱🇺🇦";0;2023-02-18T17:25:36.000Z
"Zeer terechte stap van #Nederland!

We mogen niet toestaan dat #Rusland blijft proberen om spionnen vermomd als diplomaat in ons land te krijgen.

Daarnaast is het sluiten van het Russische handelskantoor in Amsterdam een goede sanctie. ";1;2023-02-18T17:09:12.000Z
"Waarom heeft #Rusland zoveel invloed in #Afrika?

Rusland is de grootste wapenexporteur en zeer actief in mijnbouw en (nucleaire) energie.

Het Westen zal hier iets tegenover moeten stellen als het wil dat de invloed van Rusland afneemt.. (1/2) ";0;2023-02-18T13:28:39.000Z
"Eerst de Verenigde Staten (2021), toen Irak (2022) en Brazilië (2023), en vandaag ook #Suriname.

Steeds vaker bestormen en vernielen demonstranten het #parlement.

Een zorgelijke ontwikkeling voor de #democratie… ";0;2023-02-17T17:42:58.000Z
"Weer zo’n dappere daad.

Een Iraanse ingenieur gooit haar hoofddoek weg, nadat haar kandidatuur voor een technische organisatie in Teheran is geweigerd.

Gisteren weer vele protesten, vandaag deze actie. De vrijheidsstrijd in #Iran gaat door!

#MashaAmini #WomanLifeFreedom ";1;2023-02-17T13:04:01.000Z
"Bijzonder inkijkje in de interne Russische machtsstrijd: leden van de #WagnerGroup smeken het leger van #Rusland om munitie.

Een gevecht binnen een gevecht. Hopelijk kan #Oekraïne hiervan profiteren. ";0;2023-02-16T21:21:21.000Z
"NAVO-chef #Stoltenberg spreekt klare taal in #Turkije:

“De tijd is gekomen om het NAVO-lidmaatschap van #Finland én #Zweden te ratificeren. Ze hebben grote stappen gezet.” ";1;2023-02-16T14:51:51.000Z
"Laatste cijfers laten zien dat in #Nederland het bewustzijn over onze internationale veiligheid stijgt.  

Bijna 90% vindt de #NAVO nu van groot belang voor onze veiligheid.

En een ruime meerderheid (77%) vindt dat alle NAVO-landen zich aan de 2%-norm moeten houden… (1/2) ";1;2023-02-16T12:52:03.000Z
"Bij #BNR De Wereld sprak ik uitgebreid over ons bezoek aan #Oekraïne. 

Over de sfeer in en rondom #Kyiv, de ongekende veerkracht van Oekraïners, militaire en diplomatieke opgaven, en de steun vanuit Nederland.

Terug te luisteren vanaf 24m30s via 👉 ";1;2023-02-09T16:10:07.000Z
"De omvang van de schade en het leed in #Turkije en #Syrië is echt onvoorstelbaar.

Duizenden huizen en levens plotsklaps verwoest.

Goed dat zoveel landen hun politieke meningsverschillen terzijde schuiven en klaar staan om te helpen. ";1;2023-02-07T20:32:41.000Z
"Ons bezoek aan #Oekraïne maakte diepe indruk.

De wreedheden in Bucha en Irpin, de dreiging van weer een Russisch offensief, maar vooral de veerkracht en moed van Oekraïners.

Grootste zorg is nu of westerse wapens op tijd aankomen. Daar moeten we ons maximaal voor inspannen! 🇺🇦 ";1;2023-02-07T17:30:15.000Z
"Weer Russische raketten op het centrum van #Charkov.

Vijf gewonden, veel appartementen en universiteitsgebouwen verwoest.

Media berichten inmiddels nauwelijks meer over dit soort ‘kleine’ raketbeschietingen, maar we mogen dit nooit normaal gaan vinden! 🇺🇦 ";0;2023-02-05T14:59:58.000Z
"Ingezoomde HD beelden van de neergeschoten ballon.

#China reageert met ‘sterke afkeuring en protest’ op het neerschieten.

Ja heel vreemd dat de #VS niet accepteren dat onbekende technologie over haar grondgebied vliegt. Zoiets zou China vast geen enkel probleem vinden… ";0;2023-02-05T09:13:31.000Z
"CIA Directeur Burns: ‘Xi Jinping heeft het leger opgedragen om in 2027 in staat te zijn tot een invasie van #Taiwan’.

Zo’n aanval zou een enorme klap zijn voor onze handel, welvaart en veiligheid.

Er is dus nog maar een paar jaar tijd om serieuze afschrikking vorm te geven. ";0;2023-02-04T12:23:27.000Z
"Zo stuitend om te zien.

Ayatollah Khamenei speelt de leuke opa, terwijl hij onschuldige meisjes en vrouwen in #Iran laat opsluiten, martelen, verkrachten en vermoorden.

Hopelijk wordt één van deze meisjes ooit de leider van een vrij Iran.

#MashaAmini #WomanLifeFreedom ";0;2023-02-04T08:49:59.000Z
"Volgens de laatste cijfers leeft meer dan de helft van de wereldbevolking (55%) niet in een #democratie.

Slechts 8% leeft in een volledige democratie, waaronder #Nederland. 

Op zoiets zeldzaams moeten we zuinig zijn… ";0;2023-02-03T19:17:37.000Z
"Ondanks het geweld van het regime in #Iran, protesteren dappere Iraniërs voor de 18e week op rij.

Ook zitten vele duizenden opgesloten, die het protest in stilte voortzetten.

We blijven de demonstranten steunen en manieren zoeken om het regime onder druk te zetten.#mahsaami̇ni̇ ";1;2023-02-03T13:46:16.000Z
"Russisch minister van Buitenlandse Zaken #Lavrov noemt nu al het volgende doelwit: #Moldavië.

Zolang #Rusland de invasie in #Oekraïne beschouwt als een ‘succesvol project’, zullen ze dit op andere plekken willen herhalen.

De Russische agressie moet een halt worden toegeroepen. ";0;2023-02-02T20:26:50.000Z
"De #VS leggen sancties op aan 22 bedrijven en personen, die sancties tegen de Russische militaire industrie omzeilen.

De #EU heeft hiervoor nog NUL sancties opgelegd.

Overleg met de VS, wissel informatie uit, en zet deze 22 ook op de EU sanctielijst! ";0;2023-02-02T08:58:56.000Z
"Het meest heldere en eenvoudige overzicht van het verloop van 1 jaar oorlog.

Op het ‘dieptepunt’ had #Rusland ca 24% van #Oekraïne in handen. Dit is in twee fasen teruggebracht naar ca 17%.

Het is te hopen dat Oekraïne dit voorjaar nog meer terrein kan terugwinnen. ";1;2023-02-01T18:44:51.000Z
"#Trump herhaalt dat hij #Poetin meer vertrouwt dan de Amerikaanse inlichtingendiensten.

Krankzinnig dat een voormalig President van de VS dit zelfs nu nog zegt… ";0;2023-02-01T10:53:16.000Z
"Persbureaus melden dat de #VS raketten gaan leveren met een bereik van 150km (ipv 80km).

Hiermee kan #Oekraïne aanvoerlijnen van #Rusland in het grootste deel van bezette gebieden raken (zie hieronder).

Dit kan in het voorjaar een positieve impact hebben op het strijdverloop! ";1;2023-02-01T08:51:30.000Z
"De Duitse regering is nog terughoudend in strenge asielmaatregelen.

Nu sturen lokale politici (CDU, SPD, FDP, Grunen) uit de regio Frankfurt een brandbrief: ‘breng de instroom omlaag, er is geen capaciteit meer’. 

Ook in #Duitsland neemt de druk toe…";0;2023-01-31T22:40:32.000Z
"Al komen er minder beelden naar buiten, iedere dag wordt hevig gevochten in de #Donbas.

Hier foto’s van het dorpje Mariinka, dat al maanden in de frontlinie ligt. Het lijkt meer op een maanlandschap.

Dit is hoe ‘bevrijding’ door #Poetin van de Donbas er nu uit ziet. ";1;2023-01-31T21:55:53.000Z
"Er ontstaat meer druk in de juiste richting.

Het beperken van de instroom en het vergroten van terugkeer is in het gezamenlijk belang van EU landen.

Dat #Frankrijk dit nu prioriteit geeft op het hoogste niveau samen met #Nederland is erg belangrijk.";1;2023-01-30T22:10:11.000Z
"De nieuwe President van #Tsjechië noemt in zijn eerste 48 uur slechts 2 buitenlandse leiders waarmee hij tot nu toe gesproken heeft: Zelensky (#Oekraïne) en Tsai Ing-wen (#Taiwan).

Een krachtig diplomatiek signaal! ";1;2023-01-30T15:42:44.000Z
"Helder overzicht van de diverse fasen in 1 jaar oorlog.

Al veroverde #Oekraïne in de eerste fase ook al veel terrein terug (bij Kyiv en Charkiv). 

Grote vraag is nu wie het initiatief neemt in fase 4. Laten we hopen dat de westerse wapens voor Oekraïne genoeg en op tijd zijn… ";1;2023-01-30T14:26:58.000Z
"Hier wordt onterecht een tegenstelling gesuggereerd.

Veel Nederlandse politici definiëren ‘winnen’ als: ófwel Rusland verdrijven ófwel #Oekraïne in staat stellen met een sterke onderhandelingspositie tot een akkoord te komen.

Dit is net zoals Amerikanen erover spreken. (1/2) ";1;2023-01-29T13:07:42.000Z
"1 jaar oorlog, 10 jaar ouder. 

#Zelensky 🇺🇦 ";1;2023-01-28T14:09:10.000Z
"Een laffe terreurdaad op onschuldige mensen in #Jeruzalem. En dat tijdens sjabbat bij een synagoge.

#Hamas noemt dit echter een ‘heroïsche operatie’.

Wat je ook vindt van het Israëlisch-Palestijns conflict; deze terreur moet volstrekt worden veroordeeld. ";0;2023-01-27T20:40:44.000Z
"Hier moet snel veel harder tegen worden opgetreden!

Bedrijven en inlichtingendiensten moeten (internationaal) nauw samenwerken om foute tussenhandelaren te identificeren.

En vervolgens moeten deze direct op de #EU sanctielijst komen (1/2). ";0;2023-01-27T15:20:53.000Z
"Terugkijkend op de ‘tank episode’ is dit de harde realiteit:

&gt; “Er is grote angst onder Europese landen om iets te doen dat Rusland provoceert, zonder garantie dat de VS hetzelfde als eerst doet”

&gt; “De VS blijft de lijm die de NAVO en Europa bijeenhoudt”";0;2023-01-26T19:30:40.000Z
"In de #EU groeit het besef dat de asielinstroom omlaag moet en terugkeer omhoog.

Goed dat #Nederland het voortouw neemt (met o.a. Denemarken):
- Naast visa ook ontwikkelingsgeld inzetten als drukmiddel
- Gezamenlijke projecten voor strenge grensbewaking ";1;2023-01-26T17:04:22.000Z
"We moeten #Oekraïne blijven helpen zich te verdedigen en de Russische agressie te stoppen.

Hiervoor is brede politieke steun. Dit stelt #Nederland in staat om internationaal een belangrijke rol te vervullen.

Goed gesprek samen met @TomvanderLee (GL) bij #Nieuwsuur (1/3): ";1;2023-01-26T08:59:43.000Z
"Schandalig dat #Iran mijn collega @bgroothuis uit het Europees Parlement op de sanctielijst plaatst.

Bart komt onverschrokken op voor vrijheid en veiligheid, zowel in Iran als hier op Europese bodem.

Dat Iran juist hem bestraft, laat nogmaals zien hoe kwaadaardig het regime is. ";0;2023-01-25T15:22:34.000Z
"Eindelijk krijgt terugkeer van afgewezen asielzoekers prioriteit in Brussel.

Onlangs besloten EU ministers om naast visa ook handel in te zetten als drukmiddel naar herkomstlanden. Het krachtigste instrument.

Nu moet dit zich snel vertalen in resultaat! ";1;2023-01-25T09:15:04.000Z
"Sorry @VVD, ik kan vanavond niet bij ons verjaardagsfeestje zijn.

Debat gaat altijd voor…

Veel plezier! #75jaar 🎉 ";1;2023-01-24T19:48:52.000Z
"Toch nog sneller duidelijkheid dan verwacht!

#Duitsland neemt nu het juiste besluit: tanks leveren aan #Oekraïne om zich te kunnen verdedigen tegen Russische agressie.

Ook belangrijk dat hiermee de westerse eenheid wordt hersteld! ";1;2023-01-24T18:45:43.000Z
"Tot de Turkse verkiezingen in mei kunnen we meer van zulke acties van #Erdogan verwachten.

Weer een gelegenheid voor Nederland om #Turkije uit te leggen hoe vrijheid van meningsuiting werkt.

En kritiek te uiten op de Turkse blokkade van #Zweden tot #NAVO.";0;2023-01-24T11:21:35.000Z
"#Erdogan zegt toetreding van #Zweden tot de #NAVO voorlopig niet te steunen.

Reden zijn protesten in Stockholm en de Koranverbranding bij de Turkse ambassade.

Schandalig dat Erdogan hierom Zweden gijzelt en veiligheid ontzegt. Is vast goed voor zijn populariteit in #Turkije… ";0;2023-01-23T17:04:15.000Z
"Woon je in het buitenland en wil je stemmen voor de Eerste Kamer?

LET OP! Dan heb je nog maar één week om jezelf te registreren. De deadline is 1 februari.

Registreren kan via deze link: ";1;2023-01-23T13:00:34.000Z
"De #EU exporteert minder dan de helft naar #Rusland dan vorig jaar.

Maar China, Turkije en buurlanden springen in dit gat.

Als bedrijven sancties tegen Rusland helpen omzeilen, moet de EU hen bestraffen. Hoekstra zegde mij toe zich hier vandaag in Brussel voor in te zetten! ";0;2023-01-23T09:07:03.000Z
"Grote doorbraak! 

Minister van Buitenlandse Zaken #Baerbock zegt dat #Duitsland niet in de weg zal staan als #Polen Leopard tanks aan #Oekraïne levert.

Vraag is nu of Bondskanselier #Scholz dit gaat bevestigen. En of Duitsland nu snel doorpakt en besluit ook zelf te leveren. ";1;2023-01-22T20:43:32.000Z
"Bij iedere wapenleverantie aan #Oekraïne zijn er mensen die oproepen tot vredesonderhandelingen met #Rusland.

Uiteraard wil ik ook liever vrede dan oorlog.

Echter, nu onderhandelen met #Poetin biedt geen weg naar vrede, maar naar langdurige agressie. (1/8) 🧵";0;2023-01-22T14:22:39.000Z
"Juist bij een oorlog is eensgezindheid van belang.

Ondanks alle internationale discussie is in de Nederlandse politiek brede steun voor wapens aan #Oekraine (incl Patriot en tanks).

Goed gesprek met @KatiPiri (PvdA) bij @oogopmorgen. Vanaf 11m15s via 👉 ";1;2023-01-22T09:03:49.000Z
"Geopolitiek heeft grote impact op bedrijven.

In een turbulente wereld moeten politici en bedrijven samen optrekken. Om onze veiligheid te vergroten, afhankelijkheden te verminderen, en sterktes uit te bouwen.

Goed gesprek met ondernemers uit #Brabant en #Zeeland bij @vnoncwbz! ";1;2023-01-20T15:14:22.000Z
"De hotline van het kwaad. 

#Poetin en #Raisi bellen voor de tweede keer in 10 dagen.

De #EU moet meer sancties instellen tegen personen en entiteiten die de wederzijdse steun tussen #Rusland en #Iran faciliteren. En strenger optreden tegen constructies om sancties te omzeilen. ";0;2023-01-19T15:26:59.000Z
"Bekende beelden uit Rusland, maar dit zijn Amerikaanse tanks en pantservoertuigen in Polen.

Hopelijk zien we ook snel Leopard tanks richting #Oekraïne.

EU landen moeten #Duitsland verzekeren dat het verleden geen rol meer speelt en het een gezamenlijk besluit is tanks te geven. ";1;2023-01-18T14:00:13.000Z
“Strong allies and personal friends” 🇺🇸🇳🇱 ;1;2023-01-17T19:55:33.000Z
"NEWS - Dutch Prime Minister #Rutte: “we have the intention to join what you are doing with Germany on the #Patriot project”.

The #Netherlands is discussing with Germany and the US what this support entails. ";1;2023-01-17T18:05:15.000Z
"De #VS zien #Nederland als een belangrijke partner binnen de EU tov #China.

Nederland is zich meer bewust van de Chinese dreiging voor onze internationale veiligheid dan veel andere EU-landen.

We moeten de technologische en militaire opmars van China daarom afremmen (1/2). ";1;2023-01-17T12:28:11.000Z
"Onze internationale veiligheid is niet gratis.

De #VS blijven cruciaal, maar Europese landen moeten meer leveren aan #Oekraïne, investeren in defensie en veiligheid centraler stellen tov #China.

Goed gesprek hierover met studenten uit Breda, Nijmegen en @JongeAtlantici! ";1;2023-01-16T20:34:46.000Z
"23 jaar, alles kwijt…

Middenin een verwoest appartement, wachtend om te worden gered. Ouders nog onder het puin, vriend al eerder omgekomen in de oorlog. Enig persoonlijk bezit zijn een knuffelbeer en wat feestdecoratie.

Dit is hoe Russische terreur levens verwoest. ";0;2023-01-15T08:11:35.000Z
"Voor onze veiligheid en welvaart is een sterke relatie met de #VS essentieel.

Als Tweede Kamer willen we daaraan bijdragen. Daarom voerden we deze week talloze gesprekken in #Washington en #Atlanta.

Voor Goedemorgen Nederland deed ik kort verslag van ons bezoek 🇺🇸🇳🇱: ";1;2023-01-13T15:26:20.000Z
"#Atlanta is één van de snelstgroeiende regio’s in de VS.

Voor handel, innovatie en minder afhankelijkheid van China moeten we niet alleen kijken naar ‘nieuwe landen’, maar ook naar groeiregio’s in het Westen.

Mooi om te zien hoe Nederlanders hier actief zijn! 🇺🇸🇳🇱 ";1;2023-01-13T12:33:59.000Z
"⏰ LAATSTE KANS!

Vandaag kun je nog solliciteren voor een #stage in ons team!

Heb jij:
- Interesse in politiek 🏛
- Kennis over buitenlandse zaken en/of migratie 🌍
- Hart voor de liberale zaak 🧡💙

Reageer dan snel👇! #vacature ";1;2023-01-12T13:21:30.000Z
"Goede gesprekken met #Democraten en #Republikeinen.

Met een verdeeld Congres is wetgeving ingewikkeld. Veel initiatieven zullen voorbereidend zijn op de Presidentsverkiezingen in 2024.

Gelukkig wel brede steun voor #Oekraïne en Defensie-uitgaven, mits EU partners ook leveren! ";1;2023-01-11T14:12:09.000Z
"Deze week bezoeken we #Washington en #Atlanta met de Contactgroep VS.

Veel gesprekken met Congres-leden, diplomaten en denktanks. Over steun aan #Oekraïne, druk op #China, sancties en militaire samenwerking.

Zeker nu is trans-Atlantische samenwerking van essentieel belang! 🇺🇸🇳🇱 ";1;2023-01-10T11:46:36.000Z
"Aanhangers van #Bolsonaro bestormen het parlement in #Brazilië.

Het respecteren van een verkiezingsuitslag (én -nederlaag) is een fundamentele pilaar van de #democratie.

Zorgelijk dat nu de 4e democratie ter wereld zo onder druk staat. Dit laat weer zien hoe kwetsbaar het is… ";0;2023-01-08T19:55:30.000Z
"Nederlanders in het buitenland mogen dit jaar voor het eerst stemmen voor de Eerste Kamer.

Let op, daarvoor is het nodig om je vóór 1 februari (!) als kiezer te registeren!

Wacht niet te lang, registreer je snel!
Hier meer info 👉 ";1;2023-01-08T10:18:58.000Z
"Computerfabrikant #Dell wil al in 2024 geen chips uit #China meer gebruiken.

Veel Amerikaanse bedrijven bouwen hun afhankelijkheden van China snel af en zoeken hard naar alternatieven.

Als we in Europa hierin geen tempo maken, worden we nog kwetsbaarder. ";0;2023-01-05T20:44:51.000Z
"Een doorzichtige poging van #Poetin om #Oekraïne neer te zetten als agressor.

Ik hoop toch dat iedereen hier direct doorheen prikt:
&gt; OEK kan niet stoppen het eigen land te verdedigen
&gt; RUS gebruikt deze tijd om aan te sterken
&gt; Bij recente feestdagen bombardeerde RUS nog volop ";0;2023-01-05T17:35:45.000Z
"Nieuw jaar, nieuwe kansen!

Wij zijn weer dringend op zoek naar een stagiair.

Heb jij:
- Interesse in politiek 🏛
- Kennis over buitenlandse zaken en/of migratie 🌍
- Hart voor de liberale zaak 🧡💙

Reageer dan snel👇! #stage #vacature ";1;2023-01-04T14:11:09.000Z
"Onze premier belt minstens 1 keer per maand met #Zelensky.

Goed dat #Nederland steeds laat zien #Oekraïne structureel te steunen.

Ook voor onze vrijheid en veiligheid is het essentieel dat de Russische agressie wordt gestopt en landen in Europa zelf hun toekomst bepalen. 🇳🇱🇺🇦 ";1;2023-01-03T14:04:25.000Z
"Natuurlijk voert #Rusland ook op oudejaarsdag nog massaal raketaanvallen uit.

In #Kyiv sluiten mensen het jaar af in schuilkelders en in angst.

Voor mij versterkt het alleen maar de boodschap voor 2023: we blijven #Oekraïne steunen zolang als het nodig is! 🇺🇦 ";1;2022-12-31T13:10:53.000Z
"25 dec: #Poetin zegt ‘klaar te zijn voor vredesonderhandelingen’

29 dec: 69 raketaanvallen, 11 kamikaze drones, 28 gebouwen geraakt, 2 doden, miljoenen zonder stroom.

En nog zijn er mensen die Poetin’s woorden serieus nemen en #Oekraïne verwijten niet direct aan tafel te gaan… ";0;2022-12-29T16:38:08.000Z
"“Er is niets dat #Poetin meer provoceert dan zwakheid.”

8 jaar geleden (!) zag wijlen John #McCain al vlijmscherp welke intenties Poetin had.

Zo ziet achteraf gelijk krijgen eruit👇 ";0;2022-12-28T19:29:20.000Z
"Wat een dappere actie op de Afghaanse TV.

Uit protest tegen de onderdrukking van vrouwen in #Afghanistan, verscheurt deze professor uit Kaboel zijn diploma’s.

‘Als mijn zussen en moeder niet kunnen studeren, accepteer ik dit onderwijs niet’ #LetHerLearn ";1;2022-12-28T16:39:07.000Z
"De dreiging van #Rusland stopt niet in Oekraïne.

Op de Russische TV roept de belangrijkste propagandist nu op de 14 landen (“Nazi-staten”) die deel waren van de Sovjet-Unie én de hereniging van Duitsland niet meer te erkennen.

Het Russisch revanchisme wordt steeds waanzinniger. ";0;2022-12-28T14:36:45.000Z
"Belangrijke stap ter afschrikking van 
#China!

Dit laat zien hoe serieus #Taiwan de Chinese dreiging neemt.

Vraag is nu hoe zwaar Taiwan dit inricht: met herhaaltrainingen van vaste eenheden (zoals Finland/Israël) en genoeg uitrusting voor mobilisatie?";1;2022-12-27T20:07:28.000Z
"Als jouw stad ‘van symbolisch belang’ is voor #Poetin, dan is dit het lot.

En daarbij zegt Poetin ook nog eens dat dit bedoeld is ‘om het Russische volk te verenigen’.

Ook na 10 maanden van dit soort beelden blijft de Russische razernij krankzinnig…

#Bachmoet #Bakhmut ";0;2022-12-27T15:40:30.000Z
"In #Oekraïne staan miljoenen levens op het spel, maar ook onze veiligheid.

Brute agressie van een grootmacht mag in Europa niet worden beloond. Landen mogen hun eigen toekomst bepalen.

Daarom is het zo belangrijk dat we Oekraïne blijven steunen! 🇳🇱🇺🇦 ";1;2022-12-23T10:30:01.000Z
Veel kritiek op #Twitter is meer dan terecht, maar als cijfer-nerd vind ik het toevoegen van deze bereikstatistiek wel echt heel nice. ;1;2022-12-22T21:52:33.000Z
"With multiple members of the Foreign Affairs committee of the Dutch Parliament, we support and sponsor detained protestors in #Iran who have been sentenced to death.

#FreeIran #WomanLifeFreedom ";1;2022-12-22T11:40:20.000Z
Meest persoonlijke moment van de persconferentie met #Zelensky en #Biden: ;1;2022-12-21T22:29:44.000Z
"Nu de oorlog in #Oekraïne al 300 dagen duurt en het einde voorlopig niet in zicht is, is het belangrijk dat #Biden deze boodschap herhaalt:

“Wij blijven je steunen zolang als het nodig is” ";1;2022-12-21T22:12:40.000Z
"Historic moments for freedom: 1941 - 2022

#FDR #Churchill #Zelensky #Biden ";1;2022-12-21T21:32:08.000Z
"De rechter erkent de realiteit. Het is nu onmogelijk genoeg opvangplekken te realiseren die aan alle normen voldoen.

Nu is de politieke vraag of we de #asielinstroom omlaag brengen naar een behapbaar niveau.

Wat mij betreft is dit echt nodig om de asielproblemen op te lossen. ";1;2022-12-21T09:29:12.000Z
"#Belarus is in feite sluipenderwijs geannexeerd door #Rusland.

Zeer kwalijk dat #Oekraïne weer door Poetin wordt bedreigd vanuit Belarus, waardoor het minder troepen kan inzetten in de Donbas en het zuiden.

Belarus verdient even zware sancties als Rusland, trek dit snel gelijk! ";0;2022-12-20T15:01:42.000Z
"Realistische uitspraak van de rechter over de #asielcrisis. 

Terecht wordt erkend dat we deze aantallen in de asielopvang niet aankunnen: “Niemand is tot het onmogelijke gehouden”.

Het is nodig om de #asielinstroom omlaag te brengen, zodat de opvang weer op orde kan komen. ";0;2022-12-20T12:30:14.000Z
"Om fatsoenlijke opvang te kunnen bieden moet de #asielinstroom omlaag.

Bij voorkeur door internationale afspraken en strengere grensbewaking, maar ook door met nationale maatregelen doorreis naar Nederland te ontmoedigen.

Dit wordt de grote politieke opgave voor komend jaar. ";0;2022-12-20T09:50:01.000Z
"Goedemorgen Nederland!

Deze ochtend spreek ik op NPO 1 over de laatste ontwikkelingen op #asiel. ";1;2022-12-20T06:03:42.000Z
Stalen zenuwen. Beste voetballer die ik heb zien spelen. Definitief te groot voor enig wangedrag. #Messi #ARGFRA ;1;2022-12-18T18:37:08.000Z
Leuk zo’n spannende WK-finale, maar in huize Brekelmans krijgt Tik Tak toch echt voorrang. #ARGFRA ;1;2022-12-18T17:50:05.000Z
"Tweede Kamerlid is en blijft het mooiste en meest eervolle ambt.

Helaas is er wel veel reden tot zorg: steeds meer polarisatie, verharding, bedreigingen en burn-outs.

We moeten zuinig zijn op onze democratie en samen de politieke cultuur verbeteren.. (1/2) ";1;2022-12-18T09:31:13.000Z
"Zeer interessante grafiek!

Bijna de helft van de buitenlandse bedrijven besloot te vertrekken uit #Rusland.

#Nederland zit in de buurt van dat gemiddelde (ca 40% van 92 bedrijven). Meer dan DUI, FRA, ITA, minder dan VS, VK en Scandinavië.

Dit raakt de Russische economie zeker! ";0;2022-12-16T20:06:38.000Z
"76 raketten afgeschoten, waarvan 60 onderschept. Enkele doden en massale uitval van elektriciteit.

Het was weer zo’n dag in #Oekraïne. Ditmaal met minder beelden, mogelijk omdat 1/3 van het internet is weggevallen.

Deze Russische terreur mogen we nooit normaal gaan vinden. 🇺🇦 ";0;2022-12-16T17:20:20.000Z
"Vandaag een genuanceerd debat over onze militaire inzet in #Irak.

Geen hoogdravende verwachtingen zoals bij eerdere missies. Wél #realisme over de doelen, resultaten, risico’s en complexiteit.

Gelukkig trekt de Tweede Kamer soms wel lessen uit het verleden. ";1;2022-12-15T17:15:55.000Z
"“Met #Scholz en #Macron heb ik afgesproken dat migratiebeperking onze hoogste prioriteit heeft.”

Belangrijk dat onze premier op het allerhoogste niveau in de #EU werkt aan een lagere #asielinstroom. En dit terecht de hoogste prioriteit geeft! ";1;2022-12-15T10:57:52.000Z
"Soms lijkt het op Twitter of de steun voor #Oekraïne afbrokkelt.

Volgens een nieuwe enquête steunt 93% (!) van de Nederlanders de brede steun aan Oekraïne en sancties tegen Rusland.

Hiermee zijn we #3 van de EU! Dit draagvlak onder de zwijgende meerderheid moeten we vasthouden. ";1;2022-12-14T19:54:34.000Z
"Beter laat dan nooit: #Iran is zojuist uit de VN-commissie voor vrouwenrechten gezet!

Het regime raakt internationaal steeds meer geïsoleerd. 

Tegelijk laat ook deze stemming weer zien welke landen het regime stutten (China en Rusland).

#FreeIran #WomanLifeFreedom ";0;2022-12-14T16:59:13.000Z
"Onlangs moest alles rond ‘strategische autonomie’ nog landenneutraal zijn. Dus niet tegen #China gericht.

Nu is @vonderleyen in een brief aan EU-leiders expliciet: ‘een club vormen met de VS tegen China’s monopolie op grondstoffen’.

Stapsgewijs komt de juiste beweging op gang! ";1;2022-12-14T16:34:18.000Z
"Belangrijk geopolitiek nieuws.

#China zet een flinke stap in haar ambitie de ‘technologieoorlog te winnen’ en zelfredzaam te worden in chips-productie.

Samen met bondgenoten en nieuwe partners moeten we voorkomen dat China hierin slaagt en dominant wordt!";1;2022-12-13T20:52:13.000Z
"Steeds opnieuw imponeert de moed van demonstranten in #Iran.

Een vrouw zonder hoofddoek beeldt een ophanging uit in #Mashad, vlak nadat dit plaatsvond in deze stad.

We blijven deze dappere demonstranten steunen en de druk op het wrede regime opvoeren! #FreeIran ";1;2022-12-13T19:52:11.000Z
"Laatste Europese migratiecijfers zijn weer verontrustend.

- 306.000 illegale grensoverschrijdingen vastgesteld in 2022
- Dit is +68% tov 2021 en hoogste na 2016
- Belangrijkste routes via Balkan en Italië

En dit geeft niets eens de hele asielinstroom weer. Dit moet snel omlaag! ";0;2022-12-12T20:29:48.000Z
"Vrijheid en mensenrechten bevorderen begint bij je eigen gedrag.

Daarom is het des te schokkender dat bij Buitenlandse Zaken racisme voorkomt.

Racisme en discriminatie zijn volstrekt ontoelaatbaar. Ik verwacht dat beide ministers dit fel bestrijden.";0;2022-12-12T15:54:28.000Z
"En alsof dat niet wreed genoeg is, zijn de ouders pas geïnformeerd na de begrafenis. Dus konden ze geen afscheid meer nemen.

De tirannie in #Iran kent geen grenzen.

Vandaag moeten EU ministers van BuZa dit streng veroordelen en nieuwe sancties instellen. ";0;2022-12-12T09:22:31.000Z
"Dit is waarom de handhaving van #EU sancties beter moet.

Constructies om #sancties te omzeilen worden steeds ingewikkelder, vaak via derde landen.

Daarom moeten EU Commissie, inlichtingendiensten en bedrijven nauw gaan samenwerken, zoals in de VS (1/2). ";0;2022-12-10T15:09:46.000Z
Echt, hoe onsportief kun je zijn. #NEDARG ;0;2022-12-09T22:35:50.000Z
"Balen als een stekker, maar met opgeheven hoofd het veld af. 

Trots op dit team! 🧡 #onsoranje ";1;2022-12-09T22:27:37.000Z
Jullie hebben Lionel Messi, wij Wout Weghorst!! #NEDARG #WorldCup2022 ;0;2022-12-09T21:09:30.000Z
"Iedereen denkt natuurlijk terug aan de goal van Bergkamp, maar deze aanval mocht er ook zijn. We kunnen ze hebben, kom op!
#NEDARG #WorldCup2022 ";1;2022-12-09T18:55:31.000Z
"Belangrijk: een ruime meerderheid in de Tweede Kamer toont zich geopolitiek wakker.

Voor militaire steun aan #Oekraïne moeten we nu een lange termijn plan maken, ÉN tegelijkertijd de versterking van onze #krijgsmacht onverminderd doorzetten.

Het is niet of-of, maar en-en! 🇺🇦🇳🇱 ";1;2022-12-08T20:46:12.000Z
"Volgens de #Dublin afspraken moeten asielzoekers worden opgevangen in het eerste EU-land van aankomst.

Diverse EU-lidstaten komen deze afspraak structureel niet na. Dat is onaanvaardbaar.

Mooi dat er brede steun is in de Kamer om de druk op deze landen op te voeren! ";0;2022-12-07T19:15:04.000Z
"Dappere Iraniërs strijden vastberaden voor vrijheid, en tegen wrede onderdrukking.

In de Tweede Kamer horen wij hun stem. Steunen we de demonstranten. Proberen we de druk op het regime te vergroten, bijv met sancties.

En we accepteren geen lange arm van Teheran in NL! #FreeIran ";1;2022-12-07T17:13:48.000Z
"Uit #Algerije krijgt minder dan 1% asiel.

Toch is Algerije niet meer als veilig land aangemerkt. Hierdoor krijgen Algerijnen geen versnelde procedure en versoberde opvang.

En dat terwijl zij de grootste groep overlastgevers vormen.

Genoeg redenen om dit snel te heroverwegen! ";0;2022-12-06T20:39:33.000Z
"Blijkbaar kan #Orban nog dieper zinken: nu chanteert hij de #EU over de rug van #Oekraïne.

En dat terwijl veel Oekraïners dagelijks in de kou zitten zonder elektriciteit.

De EU-lidstaten moeten zsm een andere manier vinden om de €18 mld steun te leveren.";0;2022-12-06T12:37:25.000Z
"Zo diep in #Rusland, ver van #Oekraïne, en dichtbij #Moskou.

Onderstaande kaart laat zien hoe opmerkelijk het is als Oekraïne de explosies op 2 militaire vliegvelden heeft veroorzaakt.

Een derde dreun zoals het Moskva-schip en de Krim-brug? Vraag is hoe Poetin hierop reageert… ";0;2022-12-05T15:45:52.000Z
Het is weer zo’n maandag in de metro van een Europese hoofdstad. 🇺🇦 #Kyiv #RussianWarCrimes ;0;2022-12-05T13:53:56.000Z
21 passes. One minute of good old ‘total football’! #NEDUSA #QatarWorldCup2022 ;0;2022-12-03T15:27:12.000Z
"Wat een walgelijke actie.

Hopelijk kan worden achterhaald wie de dader is. Dit soort intimidatie mag in Nederland niet worden geaccepteerd. ";0;2022-12-02T11:43:20.000Z
"Deportaties van duizenden kinderen. 

Steeds weer bezorgen oorlogsmisdaden door #Rusland koude rillingen.

Voor wie begint te ‘wennen’ aan raketaanvallen en twijfelt aan de steun voor #Oekraïne, moeten we dit soort afschuwelijke berichten blijven delen. 🇺🇦 ";0;2022-12-01T13:42:25.000Z
"Voor meer grip op migratie zijn afspraken nodig met herkomst- en doorreislanden.

Hiervoor moet Buitenlandse Zaken haar diplomatieke gewicht en capaciteit volop inzetten.

Mooi dat de Kamer mijn oproep steunt om dit een belangrijke prioriteit te maken in ons buitenlandbeleid! ";1;2022-11-30T15:05:11.000Z
"Het kabinet stelt de juiste prioriteiten met #Marokko: migratie en veiligheid

Dit is nodig om uitgeprocedeerde asielzoekers terug te sturen en criminelen aan te pakken.

Daarbij kritisch in gesprek blijven over mensenrechten is effectiever dan een opgeheven vinger voor de bühne. ";1;2022-11-30T08:28:10.000Z
"Bijna alle Nederlanders (84%!) maken zich zorgen over de #asielinstroom.

De instroom moet fors omlaag. Bij voorkeur door strenge bewaking van EU buitengrenzen en internationale afspraken, en tegelijk door ook nationaal maatregelen te nemen.

Het asielbeleid moet worden herzien! ";0;2022-11-29T21:00:35.000Z
"73% van de Nederlanders wil een maximum aantal asielzoekers.

Ook bij de meeste midden- en linkse partijen wil een meerderheid van de kiezers een lagere #asielinstroom.

Dus: laten we grenzen strenger bewaken en internationale afspraken maken om dit voor elkaar te krijgen! ";1;2022-11-29T18:30:19.000Z
"‘Bevrijding’ was nog nooit zo grijs en grauw.

De Russische terreur in #Severodonetsk en andere plaatsen in de #Donbas is gruwelijk.

We moeten #Oekraïne volop blijven steunen om deze donkere periode door te komen. 🇺🇦 ";0;2022-11-29T14:42:54.000Z
"De protesten in #China zijn in vele opzichten zeer uitzonderlijk:

&gt; Boodschap: tegen lockdowns, maar ook tegen Xi en CCP
&gt; Vorm: protestmarsen, barricades doorbreken etc
&gt; Aantallen: verspreid door China

Hier 2 mooie overzichtskaarten van deze glinsteringen van vrijheid👇 (1/2) ";1;2022-11-28T19:20:08.000Z
"Laten we het zoveelste alarmsignaal over onze nationale #veiligheid serieus nemen!

In plaats van ‘landenneutraal beleid’ moet de overheid ons gericht beschermen tegen #Rusland, #China en #Iran.

Daarom pleit de VVD voor een lijst met statelijke dreigingen. (1/2) ";0;2022-11-28T14:25:57.000Z
"De @VVDBrabant gaat met een geweldig team aan de slag!

Al deze talenten gaan ervoor zorgen dat #Brabant de mooiste provincie blijft om te wonen, werken en ontspannen. En gaan moeilijke keuzes daarbij niet uit de weg.

Op naar een mooie uitslag bij de verkiezingen op 15 maart! ";1;2022-11-26T13:05:09.000Z
"Overlastgevende asielzoekers moeten hard worden aangepakt.

Goed dat het kabinet steviger optreedt: consequent en strenger straffen, sobere opvang, en snellere uitzetting.

Een kleine groep mag het niet langer verpesten voor bewoners in Ter Apel, Budel etc!";0;2022-11-24T17:03:05.000Z
Poetin’s duisternis in #Oekraïne… 😞 ;0;2022-11-23T22:06:06.000Z
"Poetin’s hel op aarde, het gaat maar door.

Weer raketaanvallen op burgerdoelen in #Kyiv. Uitval van elektriciteit door heel het land, bij temperaturen rond het vriespunt.

Het effect van deze Russische terreur blijft averechts: we zullen #Oekraïne nog vastberadener steunen! 🇺🇦 ";0;2022-11-23T13:44:59.000Z
"Goed gesprek met de @jovdbreda en cadetten van de KMA!

Het raakte me dat cadetten soms worden uitgescholden als ze in uniform over straat gaan. Dit zijn onze jonge helden!

Belangrijk en hoognodig dat collega @pvalstar zich zo inzet voor waardering van onze militairen. ";1;2022-11-22T21:32:29.000Z
"Mooi! Zojuist zijn 3 moties van mij aangenomen om de #asielinstroom te beheersen:

✅ Gezamenlijke aanpak voor intensievere bewaking binnengrenzen
✅ Opties aandragen om inwilligingspercentage terug te brengen
✅ Betere monitoring van EU lidstaten die asielafspraken niet nakomen ";1;2022-11-22T15:18:28.000Z
"De #EU komt in beweging, deel 2.

Naast diverse EU ministers ziet nu ook de Europese Commissie dat de #asielinstroom omlaag moet.

De EC moet in actie komen voor migratiedeals met herkomstlanden, strengere aanpak mensensmokkelaars, en versnelde terugkeer. ";1;2022-11-21T14:41:34.000Z
"President #Zelensky tegen de #NAVO parlementaire vergadering:

“Ons 10 puntenplan is een Oekraïense formule voor vrede. Een Europese formule voor vrede. Een wereldwijde formule voor vrede.”

“En tot die tijd verdedigen wij onze gezamenlijke waarden op het slagveld.” (1/2) ";1;2022-11-21T13:23:38.000Z
"Sterke speech van #NAVO-chef #Stoltenberg in Madrid:

&gt; Wij betalen de prijs van de oorlog in geld, #Oekraïne betaalt de prijs in mensenlevens

&gt; 2% uitgaven aan Defensie is een bodem, geen plafond

&gt; #China mag onze afhankelijkheden niet uitbuiten, we moeten weerbaarder worden ";1;2022-11-21T10:27:30.000Z
"Bij de #NAVO parlementaire vergadering in #Madrid.

Met politici uit 48 landen spreken we over internationale veiligheid. Over de oorlog in Oekraïne, dreiging door Rusland en China, en instabiliteit in Noord-Afrika.

We zijn ditmaal wat later, maar vol energie na het VVD-congres! ";1;2022-11-20T14:08:24.000Z
"Stevig debat, maar vooral eensgezindheid op het #VVDcongres.

De VVD wil een lagere #asielinstroom, geen mensen die op straat slapen, eerlijkere spreiding, en niet steeds gemeenten verrassen.

Daarom steun voor de spreidingswet, met een heldere opdracht: breng de instroom omlaag! ";1;2022-11-19T13:29:23.000Z
"Ook de #EU komt in beweging.

De hoge #asielinstroom leidt namelijk ook in andere EU-landen tot steeds meer problemen.

Dit biedt kansen: sluit meer migratiedeals met landen buiten de EU, bewaak de buitengrenzen strenger, en versterk intern grenstoezicht. ";1;2022-11-17T19:47:22.000Z
"De afgelopen week heb ik veel informatie voorbij zien komen over de #spreidingswet. Deels juist, maar deels ook onjuist. 

Wat staat er wel en niet in? En hoe werkt het in de praktijk? 

Hier een zo feitelijk mogelijke beschrijving in 10 punten 🧵:";0;2022-11-16T12:59:46.000Z
"Geen nadere info na Poolse Veiligheidsraad.

Wellicht vraagt #Polen de NAVO spoedig bijeen te komen (art 4).

Als het een afzwaaier blijkt, is het gepast dit krachtig te veroordelen (G20), #Oekraïne meer wapens te leveren, en indien nodig luchtverdediging in Polen te versterken. ";0;2022-11-15T22:07:28.000Z
"Onbevestigde berichten gaan rond dat twee raketten #Polen hebben geraakt. Er zijn twee slachtoffers gevallen.

Polen heeft de Nationale Veiligheidsraad bijeen geroepen.

Snelle opheldering is nodig. In de tussentijd het hoofd koel houden. ";0;2022-11-15T18:31:29.000Z
"Een internationale top (G20), dus laat #Poetin weer zijn meest misdadige kant zien.

#Rusland bombardeert weer door heel #Oekraïne, waaronder burgerdoelen in Kyiv.

Het is nu aan G20 deelnemers om (krachtiger) te reageren op Poetin’s provocaties. En Rusland verder te isoleren! ";0;2022-11-15T14:14:09.000Z
"Goed resultaat! Steeds meer uitgeprocedeerde asielzoekers worden uitgezet naar #Marokko.

Hierdoor staat de rechter weer toe dat Marokkanen tijdelijk worden vastgezet tot hun vertrek.

Dit vermindert overlast en ontmoedigt veiligelanders hierheen te komen! ";1;2022-11-15T12:34:16.000Z
"Een wereld waarin #China de norm bepaalt, is een grote dreiging voor onze vrijheid en veiligheid.

Om tegendruk te kunnen uitoefenen, moeten we minder afhankelijk worden.

Als we niks doen worden we alsmaar kwetsbaarder👇. We moeten het tij keren! ";0;2022-11-14T09:32:36.000Z
Een zege voor de Democraten, een zege voor de democratie (in de VS), en een zegen voor democratieën wereldwijd. ;1;2022-11-13T09:32:00.000Z
"In mei verloor #Oekraïne nog grondgebied, maar zei minister #Kuleba al tegen de 2e Kamer:

- Vanaf de zomer slaat de balans om en winnen wij terrein terug
- Vóór december bevrijden wij #Cherson en wil Rusland aan tafel

Het leek toen onvoorstelbaar, maar komt nu allemaal uit!! 🇺🇦 ";1;2022-11-11T16:07:31.000Z
"#Oekraïne wint meer terrein, maar houdt dit alleen vol met structurele steun uit het Westen.

Goed dat #Nederland zojuist €100 miljoen bijdraagt in een militair fonds voor Oekraïne.

Imperiale agressie mag niet overwinnen in Europa. Dat is fundamenteel voor onze veiligheid! 🇺🇦🇳🇱 ";1;2022-11-10T15:08:57.000Z
"Rusland, China en Iran bedreigen onze nationale veiligheid.

Maar toch is onze overheid ‘landenneutraal’. Daarom hangen er Chinese camera’s. En krijgen Chinezen eenvoudig werkvergunningen.

Laten we ons beschermen obv een lijst met statelijke dreigingen!👇";0;2022-11-09T21:35:23.000Z
"Er moet meer gebeuren om de #asielinstroom omlaag te brengen. 1000 asielzoekers per week kunnen we simpelweg niet aan.

Door internationaal de druk op te voeren, strengere grensbewaking en Nederland minder aantrekkelijk te maken.

Dat heeft de hoogste prioriteit! ";1;2022-11-09T15:17:40.000Z
"Goed dat #Nederland manieren blijft zoeken om zware wapens te leveren.

Als #Rusland met oorlogsagressie wint, wordt de bedreiging van de veiligheid in Europa alleen maar groter.

Daarom is het ook in ons belang dat #Oekraïne deze invasie kan weerstaan. 🇺🇦";1;2022-11-04T18:17:09.000Z
"Dit stuk van #Scholz over #China laat zien dat nog veel werk aan de winkel is.

Hij erkent sommige issues, maar niet hoe de Chinese agressie (infiltratie, investeringen, cyber, Taiwan) onze vrijheid en welvaart bedreigt.

Meer scherpte en urgentie is nodig!";0;2022-11-03T09:00:05.000Z
"Oud-Senator #McCain draait zich om in zijn graf. 30 jaar was hij het politieke gezicht van Arizona.

Ik vergeet nooit hoe hij zijn kiezers tegensprak en Obama beschreef als ‘nette familieman, waar je niet bang voor hoeft te zijn’. 

14 jaar geleden, het voelt als een eeuwigheid… ";0;2022-11-02T22:13:50.000Z
"#Griekenland houdt zich al jaren niet aan EU afspraken over asiel.

Volgens de NL rechter mogen we daarom geen asielzoekers terugsturen naar Griekenland. Zelfs niet als ze daar zijn geregistreerd of een status hebben gekregen.

Het is tijd Griekenland hier hard op aan te spreken! ";0;2022-11-02T20:50:46.000Z
"Gaat #Poetin nu ook migranten inzetten als wapen tegen de #EU?

Opmerkelijk is de dagelijkse vlucht van Turkije naar #Kaliningrad, die online niet vindbaar is. Ook routes via steden in #Rusland zijn mogelijk.

De EU moet zich niet laten chanteren en deze grens streng bewaken! ";0;2022-11-02T16:56:44.000Z
"Eindelijk treedt #Nederland eens snel en ferm op tegen Chinese wanpraktijken.

En nu doorzetten! Onderzoek of #China meer van zulke ‘agenten’ inzet. Maak een register voor buitenlandse vertegenwoordigers. Stel spionage snel strafbaar.

We moeten onze vrijheid actief beschermen. ";1;2022-11-01T19:26:44.000Z
"Voor wie denkt dat #Trump effectief was in het afschrikken van #Rusland…

..of denkt dat #Poetin en zijn marionetten ontzag hebben voor Trump…

…think again! De Russische staatstelevisie geeft een onthutsende inkijk👇 ";0;2022-10-31T19:15:05.000Z
"De huichelarij van machthebbers in #Iran!

De Iraanse minister van Transport (en lid Revolutionaire Garde) viert vakantie met zijn vriendin in Maleisië. Zonder hoofddoek! Terwijl vrouwen in Iran hierom worden opgepakt en gedood.

Het is schaamteloos en pure onderdrukking. ";0;2022-10-31T15:36:25.000Z
"Voor wie blijft beweren dat de #asielinstroom niet hoog is, zie de laatste CBS cijfers👇

&gt; Afgelopen kwartaal was de hoogste instroom in 10 jaar, muv de Syriëcrisis
&gt; Vanaf 2021 Q3 is de instroom hoog

Gecombineerd met het personeels- en woningtekort is deze instroom onhoudbaar. ";1;2022-10-31T10:46:30.000Z
"Het is maandagochtend, en dus voert #Rusland weer raketaanvallen uit.

In vrijwel heel #Oekraïne gaat het luchtalarm. In o.a. Kyiv is infrastructuur geraakt en zitten mensen zonder stroom.

Ook op dag 250 is deze terreur onverteerbaar. We blijven #Oekraïne vastberaden steunen! 🇺🇦 ";0;2022-10-31T07:57:51.000Z
"Een president die vooraf al spreekt over verkiezingsfraude.

Berichten over 500+ controles van de verkeerspolitie, waardoor veel kiezers moeite hadden op tijd te stemmen.

Wie er ook wint in #Brazilië, het is een nederlaag dat de 4e democratie ter wereld zo onder druk staat. 🇧🇷 ";0;2022-10-30T20:52:34.000Z
"Waarom ik demonstranten in #Iran zó dapper vind:

1) Het regime reageert zeer gewelddadig (300 doden, 14.000 arrestaties)
2) Regime change is helaas moeilijk
3) Westerse sancties brengen niet meteen verandering

Toch strijden ze elke dag weer voor vrijheid. Steun en diep respect! ";1;2022-10-30T14:45:31.000Z
"Dit moet zsm stoppen!

Technologische sancties zijn véél belangrijker dan het bevriezen van rekeningen en boten. Dit raakt direct de oorlogsmachine van #Rusland.

De overheid moet hier bovenop zitten! Samen met tech-bedrijven, de VS, EU en andere partners! ";0;2022-10-28T13:05:05.000Z
"Wéér alarmerende migratiecijfers van het #CBS.

Zelfs zonder 80.000 Oekraïners is het #migratiesaldo het hoogste in 20 jaar!

Dit is onhoudbaar. Meer grip op migratie is snel nodig en de asielinstroom moet omlaag. Dit moet voor het kabinet de allerhoogste prioriteit zijn! ";0;2022-10-27T08:12:56.000Z
"Vroeger was er de hoop van ‘wandel durch handel’, nu is het gewoon #slaapwandelen.

Wanneer wordt #Scholz wakker? Als #China werkelijk Taiwan aanvalt? En #Duitsland klem zit en helemaal niks kan doen?

Met deze Duitse houding wordt de #EU nooit stevig tegen China. Zeer zorgelijk! ";0;2022-10-26T12:47:18.000Z
"Het zoveelste voorbeeld hoe #China in #Nederland infiltreert!

Het kabinet moet dit tot op de bodem uitzoeken. De Chinese ambassadeur ter verantwoording roepen. En deze buitenposten sluiten.

De repressie van Beijing mag ons land niet binnensijpelen…(1/2) ";0;2022-10-25T16:24:49.000Z
"Als het kabinet niet meer doet blijft de #asielinstroom zo hoog.

Door personeelstekorten kunnen COA, IND en hulpverleners dit niet aan. Problemen worden erger.

De instroom moet dus omlaag! Door migratiedeals, grenstoezicht en de reis naar NL ontmoedigen.";0;2022-10-24T13:24:17.000Z
"In #Oekraïne staan fundamentele principes op het spel, ook voor #Nederland!

Respecteren we landsgrenzen in Europa? Mogen kleine landen hun eigen toekomst bepalen? Geldt internationaal recht, of het recht van de sterkste?

Onze vrijheid en veiligheid zijn het waard te beschermen! ";1;2022-10-23T18:23:54.000Z
"De Britse politiek lijkt een soap, maar is vooral een drama.

Ook voor #Nederland is de chaos nadelig. Het #VK is een belangrijke partner voor handel en veiligheid, bijv op de Noordzee.

Het VK blijft #Oekraïne vast steunen, maar de uitgaven aan Defensie komen onder druk… (1/2) ";0;2022-10-23T15:15:42.000Z
"Ik zou verwachten dat #Johnson zijn terugkeer nog even uitstelt.

Eerst #Sunak de kastanjes uit het vuur laten halen, en dan bij de verkiezingen terugkomen als de verlosser.

Door nu te laten zien dat hij nog meetelt, kan Johnson zijn geest 2 jaar boven de partij laten hangen… ";0;2022-10-23T12:53:22.000Z
"Schandelijk, deze lange arm van Teheran.

Intimidatie door #Iran van de diaspora in #Nederland tast de vrijheid en veiligheid op onze bodem aan!

Ik roep Buitenlandse Zaken al een jaar op hier werk van te maken. Tot nu toe gebeurt er nauwelijks iets.. (1/2)";0;2022-10-21T07:55:05.000Z
"De nieuwe coalitie in #Zweden kondigt scherpe maatregelen aan op asiel. 

Ik vroeg @StasJenV te kijken of #Nederland hetzelfde kan doen voor een lagere instroom en strengere grenscontroles.

Dit zou toch moeten kunnen. Zweden is een fatsoenlijke rechtstaat met dezelfde EU regels. ";0;2022-10-19T14:04:20.000Z
"De #EU sancties aan #Iran voor het gewelddadig optreden tegen vrouwen en demonstranten zijn zeer terecht.

Nu moeten snel stevige sancties volgen voor het leveren van drones en raketten aan #Rusland.

Gebrek aan bewijs is geen excuus, het stapelt zich op👇";0;2022-10-18T20:04:58.000Z
"Vanuit Tunesië en andere (veilige) landen kunnen mensen zonder visum naar #Servië reizen. 

Vervolgens lopen ze door naar de #EU en vragen asiel aan. Het gaat om tienduizenden. 

Deze route moet zsm sluiten! De EU moet de druk op Servië maximaal opvoeren! ";0;2022-10-18T06:16:39.000Z
"De aankondiging van gezamenlijke troepen door #Belarus en #Rusland voedt de angst voor een nieuwe aanval op #Oekraïne via het noorden.

Dit lijkt onterecht. Rusland stuurt alleen reservisten, geen zwaar materieel, en traint op grote afstand.

Hier een zeer inzichtelijke draad👇 ";0;2022-10-17T20:43:07.000Z
"Net als vorige week wordt #Kyiv maandagochtend weer wakker door de terreur van #Rusland.

Ditmaal door laffe aanvallen met Iraanse drones, wederom op burgerdoelen.

Het Westen moet zsm meer wapens leveren voor de luchtverdediging van #Oekraïne! 🇺🇦 ";0;2022-10-17T05:51:18.000Z
"Haha, spoiler alert: dit ging over de &gt;1000 Russen op de Europese sanctielijst… (1/2) ";0;2022-10-16T13:50:24.000Z
"Op het Congres zegt #XiJinping over #Taiwan:

“Wij beloven nooit om geweld af te zweren… Volledige hereniging moet worden gerealiseerd.” (met daarna het langste applaus in de speech)

Dit wordt het grootste geopolitieke issue. Het Westen moet dit afschrikken en voorbereid zijn! ";1;2022-10-16T10:04:42.000Z
"De geopolitieke strijd wordt harder.

De #VS zet grote stappen om #China technologisch te verzwakken. Xi zal stevig reageren bij het partijcongres.

Intussen blijven we veel te afhankelijk van China, bijv voor grondstoffen. Xi heeft ons in de tang. We moeten dit sneller afbouwen! ";0;2022-10-15T09:27:57.000Z
"“Om aan die uitdagingen het hoofd te bieden, is het zaak met zijn allen overeind te blijven. Elkaar enigszins heel te laten. Dus zorg goed voor elkaar en kijk naar elkaar om.”

Warme en wijze woorden. Precies hoe ik je ken @ockjetellegen. Ik ga je missen en wens je veel sterkte! ";1;2022-10-14T14:52:33.000Z
"We moeten #Rusland, #Belarus en #Iran nog meer onder druk zetten.

Hoekstra zegde mij deze inzet in de EU toe:
-Rusland: sancties voor niet-EU bedrijven die technologie leveren aan leger
-Belarus: zelfde aanpak als Rusland
-Iran: meer sancties en aanpak bedrijven die dit omzeilen ";1;2022-10-13T15:09:03.000Z
"Goed nieuws! 143 landen in de #VN veroordelen de illegale annexaties door #Rusland.

Echter, dit zijn slechts 2 landen meer dan de veroordeling van de invasie in maart. China en India onthielden zich weer van stemmen.

Veel inspanning blijft nodig om Rusland verder te isoleren! ";0;2022-10-12T20:52:57.000Z
Heel goed dat #Nederland na alle raketaanvallen deze week bijdraagt aan de luchtafweer van #Oekraïne! 🇺🇦🇳🇱 ;1;2022-10-12T14:04:19.000Z
"De #asielinstroom is onhoudbaar. Deze moet omlaag, bij voorkeur door internationale afspraken.

Vier toezeggingen door @StasJenV in debat over EU asielbeleid:

1) EU-landen steviger aanspreken op #Dublin-afspraken en zorgen dat asielzoekers terug kunnen naar aankomstland in EU ";0;2022-10-12T13:28:28.000Z
"Goed gesprek bij de @VVDUtrecht over de #asielcrisis.

Over de onderliggende oorzaken van de hoge instroom, oplossingen om meer grip te krijgen op migratie, en natuurlijk de problemen in #Utrecht met statushouders.

Dank voor alle scherpe vragen en de warme ontvangst! ";1;2022-10-10T20:30:15.000Z
"Ik wist niet dat het Oekraïense leger vergadert in een speeltuin, of midden op straat. Of dat #Oekraïne op die plekken energie opwekt.

Leugens👇                    Realiteit 👇 ";1;2022-10-10T13:41:11.000Z
"#Loekasjenko kondigt aan gezamenlijk regionale troepen te gaan vormen met #Rusland.

Nu is het helemaal duidelijk dat we #Belarus hetzelfde moeten behandelen als Rusland.

Dat betekent: dezelfde sancties, internationale isolatie en militaire afschrikking. ";0;2022-10-10T09:41:22.000Z
"Typisch #Rusland: de aanslag op de Krimbrug (vitale militaire aanvoerlijn) vergelden met een raketaanval op een voetgangersbrug.

In heel #Oekraïne worden burgerdoelen aangevallen. #Poetin laat weer zien hoe primitief hij is.

De zoveelste reden om Oekraïne te blijven steunen. 🇺🇦 ";0;2022-10-10T07:23:42.000Z
"“Wij maken het in #Brabant!”

Zojuist heeft de @VVDBrabant het verkiezingsprogramma vastgesteld voor de aankomende verkiezingen.

Een goede basis om Brabant nog mooier en sterker te maken! ";1;2022-10-08T11:46:15.000Z
"Het moment van de explosie op de #Krimbrug.

Nog veel speculatie over de oorzaak, bijv. een raketaanslag of opgeblazen truck.

Het heeft grote logistieke gevolgen en hoge symbolische waarde.

#Poetin kan dit aangrijpen voor een verdere escalatie en nieuwe wending aan de oorlog… ";0;2022-10-08T07:15:44.000Z
"De #VS delen een geopolitieke klap uit aan #China.

Export van chip-technologie wordt sterk aan banden gelegd. Dit beperkt China’s ontwikkeling van geavanceerde wapens en technologie.

Vraag is hoe China reageert, zeker met het partijcongres in aantocht. ";0;2022-10-07T21:19:40.000Z
"Dutch Minister of Justice and Security @DilanYesilgoz is the first minister in the world who cuts her hair in solidarity with women in #Iran.

A great act of support!

#MashaAmini #IranProtests #WomanLifeFreedom ";1;2022-10-07T08:08:58.000Z
"Voor iedereen die zegt dat de #sancties tegen #Rusland geen effect hebben: #Poetin geeft nu zelf toe dat de sancties economisch pijn doen.

Het is nu dus een kwestie van doorzetten, handhaven en waar nodig verder aanscherpen! ";1;2022-10-06T20:25:53.000Z
"Debat over de dienstverlening aan Nederlanders in het buitenland.

Toezeggingen:
&gt; Meer diensten digitaliseren
&gt; Verder verbeteren reisadviezen
&gt; Lessen verzamelen uit experimenten met digitaal stemmen (door bijv Frankrijk)

Belangrijk voor meer dan 1 miljoen Nederlanders! 🇳🇱🌍 ";1;2022-10-06T18:39:08.000Z
"In een tijd dat…

…autocratieën aan macht en invloed winnen

…democratieën in veel landen van binnenuit worden uitgehold

…tonen dappere vrouwen en mannen in #Oekraïne en #Iran aan de wereld hoe kostbaar vrijheid en zelfbeschikking zijn. En het waard zijn om voor te strijden. ";1;2022-10-04T20:19:38.000Z
"Op het Malieveld om steun te betuigen aan Iraanse demonstranten.

Iedere dag tonen vrouwen en meisjes in #Iran reusachtige moed. Net als protesterende mannen, op straat en universiteiten.

We veroordelen het wrede regime en steunen de vrijheid in Iran!

#Mahsa_Amini #IranProtests ";1;2022-10-04T13:43:45.000Z
"Zo frustrerend en onacceptabel!

We kunnen eindeloos praten over hervormingen van het EU asielsysteem, maar EU-landen moet zich eerst eens aan bestaande afspraken houden.

Samen met andere West-Europese landen moet #Nederland de druk opvoeren! ";0;2022-10-03T17:40:42.000Z
"Vanmiddag keurde de #Doema de annexatie van 4 provincies in #Oekraïne goed.

Maar hieronder zegt de woordvoerder van #Poetin dat de grenzen van 2 provincies nu nog onduidelijk zijn. Dus #Rusland weet niet eens welk gebied het heeft geannexeerd.

Wat een amateuristisch toneelstuk! ";0;2022-10-03T14:35:33.000Z
"Duitsland, Noorwegen en Denemarken kopen in Slowakije nieuwe Pantserhouwitsers voor #Oekraïne.

Dit type internationale samenwerking is nodig om Oekraïne te blijven steunen met meer en zware wapens.

Het zou goed zijn als #Nederland ook aan dit soort constructies deelneemt! 🇺🇦 ";1;2022-10-02T14:32:59.000Z
"Juist nu #Poetin verdeeldheid wil zaaien, is eensgezindheid van belang!

Gezamenlijk veroordelen 13 parlementen in de EU (incl. #Nederland) de nep-referenda en Russische agressie.

Wij versterken onze steun aan #Oekraïne en de sancties tegen #Rusland!

🇳🇱🇩🇪🇫🇷🇪🇪🇱🇻🇱🇹🇫🇮🇩🇰🇵🇱🇨🇿🇸🇰🇷🇴🇪🇸 ";1;2022-10-02T09:45:57.000Z
"We moeten ons voorbereiden op ieder scenario, maar #Poetin geen angst en verdeeldheid laten zaaien.

Dus standvastig doorgaan met wapens en sancties. Niet alleen kijken naar de felle woorden, maar ook de daden (nog geen nucleaire stappen).

Kortom, laten we het hoofd koel houden. ";1;2022-10-01T15:40:08.000Z
"#Nederland kan meer afgewezen asielzoekers terugsturen naar #Marokko!

Overlastgevers worden daardoor sneller vastgezet en uitgezet. Dit maakt het onaantrekkelijker om hierheen te komen. 

Compliment aan ⁦@StasJenV⁩ en iedereen die hieraan werkt! ";1;2022-10-01T11:32:31.000Z
"In dezelfde speech waarin #Rusland vier provincies van #Oekraïne illegaal annexeert, gaat #Poetin los op het westen vanwege kolonialisme en kondigt hij een ‘anti-koloniale’ beweging aan.

Dit kan alleen in het hypocriete en sinistere wereldbeeld van #Poetin… ";0;2022-09-30T14:23:01.000Z
"#Poetin zegt nu openlijk zich niet meer te houden aan de internationale rechtsorde, inclusief landsgrenzen.

“Deze regels zijn allemaal nep en bedacht door het westen.”

Hiermee zet Poetin het fundament voor onze veiligheid en soevereiniteit opzij. Dit is volstrekt onacceptabel! ";0;2022-09-30T12:58:38.000Z
"Wat een peiling in #Rusland!

56% van de Russen is ZEER BEZORGD over de actuele ontwikkelingen in #Oekraïne. In augustus was dit nog 37%. 

Nog maar 12% is nauwelijks of niet bezorgd.

#Poetin wil morgen de annexatie groots vieren, maar voor de Russen is het een feest van angst! ";0;2022-09-29T20:58:01.000Z
Voor wie na de ‘referenda’ het overzicht even kwijt is: ;0;2022-09-29T11:57:24.000Z
"#Rusland heeft de ‘uitslag’ van de nep-referenda gepubliceerd.

Met zulke percentages voorstanders (87%-99%) en opkomst (77%-97%) maakt #Poetin overduidelijk dat de referenda niet serieus zijn. Een extra dikke middelvinger.

De #EU moet snel het nieuwe sanctiepakket vaststellen! ";0;2022-09-28T20:46:53.000Z
"De VS en het VK roepen hun burgers op #Rusland zsm te verlaten.

De #VS gaf vandaag zelfs een veiligheidsalarm af. Mogelijk hebben zij info over Russische acties (zoals het sluiten van grenzen).

Het reisadvies van #Nederland is nog oranje. Waarom scherpen we dit niet aan? (1/2) ";0;2022-09-28T15:59:27.000Z
"#China neemt ons stapsgewijs in zijn wurggreep.

Nu blijkt dat 900 bedrijven in #Nederland al in Chinese handen zijn: in infrastructuur, energie, technologie etc. Het risico op Chinese druk en spionage is groot.

We moet ons hier steviger tegen beschermen! ";0;2022-09-28T07:14:17.000Z
"Het amateurisme rond de mobilisatie door #Rusland is absurd.

Opgeroepen rekruten moeten hun eigen slaapzak en medicijnen meenemen, en ook… #tampons. Om schotwonden door kogels te dichten.

Was het allemaal maar een grap… ";0;2022-09-26T20:44:57.000Z
"The Netherlands is further strengthening its support to #Ukraine. 

The right step at the right time! 🇳🇱🇺🇦 ";1;2022-09-26T16:26:02.000Z
"Wat een heldhaftige vrouwen en mannen in #Iran!

Internationale steun is belangrijk in hun strijd tegen het barbaarse regime.

NL en EU moeten de gewelddadige repressie blijven veroordelen, helpen met internettoegang, sancties instellen en demonstranten steunen. (1/2) #MashaAmini ";1;2022-09-26T10:23:23.000Z
"Volgens de Exit Polls in #Italië haalt het (radicaal) rechtse blok een meerderheid in zowel de Kamer als de Senaat.

We gaan een ruige tijd tegemoet in de #EU, waarin de eenheid opnieuw op de proef zal worden gesteld (o.a. op sancties richting Rusland)… ";1;2022-09-25T21:11:56.000Z
"Dit weekend zei minister Hugo de Jonge dat het migratiesaldo flink omlaag moet. En ons asielbeleid fundamenteel moet worden herzien.

Ik ben het hier volledig mee eens. Goed dat naast de VVD het CDA dit ook bepleit. Met creativiteit en lef moeten we de instroom omlaag brengen. ";1;2022-09-25T15:00:25.000Z
"De dreiging door #Rusland stopt niet in 
#Oekraïne.

#Poetin bedreigt ook onze vrijheid en veiligheid. De fundamentele principes van ons vrije leven in Europa staan op het spel.

Politici die beweren dat de oorlog in Oekraïne niet over ons gaat, schetsen een valse tegenstelling. ";0;2022-09-25T11:07:27.000Z
"Vannacht nam een sportlegende afscheid.

#Federer was de enige voor wie ik thuis bleef. Waar ik urenlang ademloos naar kon kijken.

Vanwege zijn pure klasse. Zijn techniek. Zijn elegantie, binnen en buiten de baan.

Gelukkig kunnen we al die unieke slagen terugkijken, zoals deze: ";1;2022-09-24T09:38:49.000Z
"Sterke speech van premier #Rutte bij de Verenigde Naties:

“Deze oorlog gaat over meer dan #Oekraïne. Het gaat over het handhaven van internationaal recht. Het gaat over het recht van een soeverein volk haar eigen pad te kiezen. Het gaat over vrijheid. Van hen en van ons.” 🇳🇱🇺🇦🇺🇳 ";1;2022-09-23T18:00:46.000Z
"Democratie op zijn Russisch.

Gewapende militairen halen in de bezette delen van #Oekraïne stemmen op voor het ‘referendum’. 

Stemmen met het pistool op de borst, dat is vrijheid onder #Poetin. ";1;2022-09-23T16:25:49.000Z
"Terechte oproep uit Utrecht!

Laten we de juridische grenzen opzoeken om overlastgevende veiligelanders aan te pakken. Er kan al veel, maar meer is nodig.

Meer gesloten opvang en sneller straffen. Politie, OM, gemeenten en COA moeten er samen bovenop zitten! ";1;2022-09-22T19:14:40.000Z
"In #Rusland liggen 21 autonome republieken. Hier worden massaal mensen gemobiliseerd voor de oorlog, zoals in Dagestan en Boerjatië👇.

Tegelijk is het in Kazachstan en Oezbekistan juist verboden mee te vechten.

Onafhankelijk worden van Rusland is ineens veel aantrekkelijker… ";0;2022-09-22T16:12:14.000Z
"Premier #Rutte: “We kunnen niet toestaan dat Poetin alles vernietigt wat we met elkaar hier in Europa na de Tweede Wereldoorlog hebben opgebouwd.”

#algemenepolitiekebeschouwingen #APB2022 ";0;2022-09-22T14:01:37.000Z
"Inmiddels zijn de colonnes van Russen die het land verlaten langer dan de colonnes van Russische tanks.

Hier de grens met #Mongolië, hetzelfde gebeurt in Georgië. ";0;2022-09-22T08:53:43.000Z
"Terwijl Baudet feminien gelijkstelt aan zwak, laten vrouwen in #Iran echte moed zien.

Voor de 5e dag protesteren zij tegen onderdrukking.

Het barbaarse regime treedt steeds harder op en sluit het internet af. Juist nu moeten we deze beelden delen. En de demonstranten steunen. ";1;2022-09-21T20:23:41.000Z
"#Poetin durft geen volledige mobilisatie aan, maar ook de gedeeltelijke stap leidt al tot onrust.

Nog meer Russen proberen het land te verlaten. En nu zijn er ook vreedzame protesten in o.a. #Moskou. 

Het zijn tekenen van hoe wankel de steun is voor de oorlog in #Oekraïne. ";0;2022-09-21T17:11:28.000Z
Bijzonder eervol om samen bij te mogen zijn. #Prinsjesdag ;1;2022-09-20T10:49:21.000Z
"Er is duidelijk sprake van een hoge asielinstroom. 

Maar nog steeds wringen veel experts, politici en media zich in allerlei bochten om dit niet zo te noemen.

En dat terwijl de asielinstroom 49.200 was in de laatste 52 weken. 

Hier 4 veelgemaakte fouten met de asielcijfers 🧵: ";0;2022-09-19T16:18:19.000Z
"Ditmaal geen verspreking.

#Biden zegt heel bewust dat Amerikaanse militairen #Taiwan zullen verdedigen bij een Chinese invasie. En dat Taiwan zelf beslist over onafhankelijkheid.

De strategie van ‘strategische ambiguïteit’ verandert steeds meer in directe afschrikking. ";0;2022-09-19T08:37:05.000Z
"Hartverscheurend. Het verdriet achter de slachtoffers die Rusland onnodig maakt.

De vader van dit meisje kwam om het leven bij de bevrijding van de regio rond #Kharkiv. 🇺🇦 ";1;2022-09-17T09:37:48.000Z
"Normaal stelt #India zich neutraal op tussen Rusland en het Westen.

Maar nu deelt #Modi een ongekende tik uit aan #Poetin: “Dit is niet het tijdperk van oorlog, ik heb jou daar telefonisch over gesproken”.

Naast militair raakt #Rusland ook diplomatiek meer in de verdediging. ";0;2022-09-16T18:00:48.000Z
"Laten we de Russische gruweldaden niet bagatelliseren.

Het massagraf in #Izjoem is weer een dieptepunt. Lijken met vastgebonden handen en een touw om de nek; dit duidt op executies.

Ondanks hoge energieprijzen moeten we #Oekraïne blijven steunen en #Rusland onder druk zetten! ";0;2022-09-16T16:37:47.000Z
Dat is nou een ‘strafbankje’… ;0;2022-09-15T19:49:07.000Z
"Pijnlijk voor #Poetin!

#China gebruikt niet meer de term ‘grenzeloos partnerschap’ ten aanzien van #Rusland.

Daarnaast weigert China niet alleen om expliciet steun uit te spreken voor de invasie in #Oekraïne, maar heeft het nu zelfs ‘vragen’ en ‘zorgen’.
";0;2022-09-15T15:51:45.000Z
"Het moet voor #China duidelijk zijn dat wapens en technologie leveren aan het Russische leger onacceptabel is. In dat geval moet het Westen sancties opleggen.

Structureel moeten we onze afhankelijkheden van China verminderen. Dat is topprioriteit in ons buitenlandbeleid! ";0;2022-09-15T12:01:05.000Z
"#China en #Rusland vormen een grote bedreiging voor onze vrijheid, veiligheid en welvaart.

Ik verwacht niet dat Xi militaire steun aan Poetin toezegt, uit angst voor sancties en het vervreemden van andere partners. 

Wél wordt interessant hoeveel eenheid ze uitstralen (1/2).. ";0;2022-09-15T10:10:48.000Z
"Goedemorgen Nederland! 

Deze ochtend bespreken we de ontmoeting tussen Poetin en Xi Jinping.  
Te zien tot 10.00u op NPO 1! ";1;2022-09-15T05:33:22.000Z
"Een leger van criminelen. Letterlijk!

De Wagner Group rekruteert Russische gevangenen om mee te vechten in #Oekraïne.

Na zes maanden wordt de straf kwijtgescholden. Wie tussentijds wegloopt wordt doodgeschoten. Gevangenen hebben 5 minuten om te beslissen. ";0;2022-09-14T19:38:11.000Z
"We moeten minder afhankelijk worden van #China, o.a. voor zeldzame grondstoffen.

Goed dat Von der Leyen dit expliciet benoemt en hierop meer initiatief aankondigt! ";1;2022-09-14T09:39:12.000Z
"#Pentagon: “het snelle tegenoffensief van #Oekraïne verraste ons niet. Als iemand verrast was…waren het de Russen”.

Als de #VS denken dat Oekraïne kan winnen, is een belangrijke vraag of ze bereid zijn hiervoor precisiewapens (ATACMS) te leveren met een groter bereik (300km). ";0;2022-09-13T20:38:37.000Z
Dit soort plaatjes verveelt nooit. Ongekend wat #Oekraïne presteert! 🇺🇦 ;1;2022-09-13T08:07:11.000Z
"Nu #Rusland zwak staat, ziet #Azerbeidzjan haar kans schoon.

Diverse berichten dat Azerbeidzjan nu #Armenië lijkt aan te vallen met drones en artillerie.

Dit kan de spanningen in de regio verder op scherp zetten (o.a. tussen Rusland, Turkije en Iran). ";0;2022-09-12T21:49:53.000Z
"Peskov: “#Poetin is op de hoogte en de militaire operatie gaat door tot alle doelen zijn bereikt”.

Ongeloofwaardig, nu elk doel zo ver weg is (#Donbas bevrijden, #Oekraïne denazificeren, Russisch Rijk herstellen etc).

Kan Poetin nog een nieuw doel verzinnen dat wél haalbaar is? ";0;2022-09-12T15:41:25.000Z
"Nu #Rusland wordt teruggedrongen op het slagveld, grijpt #Poetin naar laffe tactieken.

Door het electriciteitsnet te bombarderen zitten #Charkov en omliggende regio’s tijdelijk zonder stroom en water.

Maar zelfs dit lukt amper; #Oekraïne heeft de meeste raketten onderschept…🇺🇦 ";0;2022-09-11T19:27:31.000Z
"Een Oekraïense commandant hijst de vlag in de bevrijde stad Balakliya.

Wat een kracht en karakter! Door het indrukwekkende tegenoffensief zal dit snel in meer steden en dorpen volgen (o.a. Izyum).

Rusland bevestigt zojuist officieel zich terug te trekken naar Donetsk. 🇺🇦 ";1;2022-09-10T14:34:15.000Z
"De Duits-Nederlandse samenwerking zit in de #lift. En wat voor één!

#Duitsland #ministeriebuitenlandsezaken ";1;2022-09-09T15:23:35.000Z
"Werkbezoek aan #Berlijn!

Goede gesprekken met Duitse politici en experts over internationale veiligheid, Oekraïne, Rusland, China, de energiecrisis en de ‘Zeitenwende’.

Om geopolitiek een vuist te kunnen maken moeten we in de EU nauw met #Duitsland samenwerken! 🇩🇪🇳🇱 ";1;2022-09-09T11:58:51.000Z
"Meer dan 70 jaar toewijding. Een Koningin die haar bijzondere ambt wist te ontstijgen. Een icoon in onze moderne geschiedenis. 

Rust in vrede! ";1;2022-09-08T18:08:15.000Z
"De asielinstroom is de laatste 12 maanden veel hoger dan voor corona.

Door de tekorten aan personeel en huizen lopen we tegen de grenzen aan van wat Nederland aan kan. Dat is gewoonweg de realiteit.

Daarom moeten we maatregelen nemen om de instroom te beperken. (1/2) ";0;2022-09-08T07:57:20.000Z
"Debat over de jaarlijkse vergadering van de Verenigde Naties.

Onvoorstelbaar dat Nederland niet volop inzet op het tegengaan van irreguliere migratie en versnellen van terugkeer.

Op mijn aandringen zal minister Hoekstra hier prioriteit aan geven en de Kamer erover rapporteren. ";0;2022-09-07T09:45:27.000Z
"Goed gesprek met leden van de @VVDDenHaag over de #asielcrisis. 

We bespraken zowel lokale issues als landelijk beleid. Dank voor alle ideeën en persoonlijke verhalen! ";1;2022-09-07T07:43:55.000Z
"Dagelijks beweren experts en politici dat er geen hoge #asielinstroom is.

Het laatste jaar was de instroom van asielzoekers en nareizigers ca 44.000.

Dat is &gt;50% meer dan in normale jaren voor corona. En komt in de buurt van de crisis in 2015-16.

Ik noem dat een hoge instroom. ";0;2022-09-06T11:33:34.000Z
"De sancties op export van chips raken de militaire slagkracht van #Rusland, met name precisiewapens.

#Poetin wendt zich nu tot Noord-Korea en Iran voor wapens.

Het westen moet #Oekraïne geavanceerde wapens blijven leveren en gaten in de sancties dichten!
";0;2022-09-06T07:21:16.000Z
"De woordvoerder van #Poetin zegt het openlijk: ‘door de energiecrisis maken we het leven in Europa slechter en komen leiders onder druk te staan’.

We mogen niet toegeven aan deze chantage door #Rusland. Niet alleen #Oekraïne, ook onze vrijheid en veiligheid staan op het spel! ";0;2022-09-05T12:46:55.000Z
"Het is makkelijk om vanaf de zijlijn commentaar te leveren.

Het is veel moeilijker om op asiel compromissen te sluiten tussen vier partijen met zeer verschillende standpunten.

Maar dit is wél nodig om de huidige #asielcrisis op te lossen. ";1;2022-09-02T15:43:25.000Z
"Martelingen, verkrachtingen, massadetentie en geboortebeperking.

Deze horror was al bekend, maar nu stelt ook de #VN de ernstige mensenrechtenschendingen tegen #Oeigoeren vast.

Dit biedt een stevigere basis om #China verantwoordelijk te houden. (1/2) ";0;2022-09-01T08:49:12.000Z
Stevig en openhartig gesprek met VVD-leden over de #asielcrisis. Niemand die nog kan beweren dat wij geen discussiepartij zijn. Dank voor alle input! ;1;2022-08-31T08:09:02.000Z
"De asielinstroom wordt beperkt en dwangmaatregelen zoals in Tubbergen zijn van tafel!

Ook zijn er brede afspraken over opvang, flexwoningen, terugkeer en een stevigere aanpak van overlast.

Een goede stap, ik zal kritisch toezien of dit genoeg is de #asielcrisis op te lossen. ";1;2022-08-27T09:23:42.000Z
"Geen dwang meer zoals in Tubbergen!

Het kabinet kiest andere maatregelen tegen de #asielcrisis:
- Tijdelijke stop op nareis
- Meer en strengere grenscontroles
- Minder hervestiging

Zo daalt de instroom en zijn geen dwangmaatregelen nodig! (1/5) ";0;2022-08-26T18:26:17.000Z
"#Oekraïne viert onafhankelijkheidsdag vandaag met luchtalarmen en Russische bombardementen.

Nu onze aandacht na 6 maanden oorlog afneemt, moeten we Oekraïne blijven steunen!

Niet alleen het lot van Oekraïne staat op het spel, maar ook de vrijheid en soevereiniteit in Europa! 🇺🇦 ";1;2022-08-24T16:10:15.000Z
"Dwangmaatregelen voor asielopvang vond en vindt de @VVD onwenselijk. 

Het leidt tot onrust in gemeenten en tast het draagvlak voor asielopvang nog verder aan. We zien dat nu in #Tubbergen. (1/3)";0;2022-08-17T14:01:34.000Z
Eerste keer op het strand! ❤️ ;1;2022-08-04T18:55:35.000Z
Belangrijk moment: het eerste schip met graan vertrekt uit de haven van #Odessa. ;1;2022-08-01T07:04:04.000Z
"Spanningen aan de grens #Servië-#Kosovo, maar het lijkt mee te vallen:

&gt; Luchtalarm en schoten, maar geen gewonden
&gt; Wegversperringen, maar gebeurt vaker
&gt; Agressieve retoriek Servië met steun #Rusland, maar escalatie onwaarschijnlijk (mede door aanwezigheid #NAVO)

Meer info👇 ";1;2022-07-31T20:37:29.000Z
"Nieuws: in een persbericht van #Pelosi over haar reis naar Azië wordt een bezoek aan #Taiwan NIET genoemd.

Dit zou de spanningen verminderen, maar ook worden gezien als zwichten voor de druk van #China. ";0;2022-07-31T06:06:42.000Z
"#China houdt militaire oefeningen aan de kust in de buurt van #Taiwan.

Deze raketoefeningen met MLRS lijken een reactie op een mogelijk bezoek van #Pelosi aan Taiwan.

Grote vraag is of het bij dit militair machtsvertoon blijft. China zegt ‘te hebben gewaarschuwd’… ";0;2022-07-30T19:55:17.000Z
#Ukraine (left) - Ukraine liberated by #Russia (right) ;0;2022-07-30T10:59:21.000Z
"Dit is geen uitspraak van een Russische schreeuwer of haatdragende soldaat, maar van professionele diplomaten.

Het illustreert hoe diep #Rusland gezonken is. ";0;2022-07-29T20:38:12.000Z
"Steeds opnieuw de gruwelijkste #oorlogsmisdaden door #Rusland.

Vandaag:
- Een Russische soldaat castreert een Oekraïense krijgsgevangene
- 40 Oekraïense krijgsgevangenen gedood
- 5 doden door raketaanval op een busstation

Het houdt maar niet op, dus mogen we ook niet wegkijken! ";0;2022-07-29T13:13:32.000Z
"#Rusland wordt economisch hard getroffen door de sancties!

Export neemt af, minder import leidt tot cruciale tekorten, productie zakt in elkaar, &gt;1000 bedrijven zijn vertrokken etc etc.

Nieuw onderzoek door #Yale biedt vele inzichten en weerspreekt Russische propaganda👇(1/8) ";0;2022-07-27T20:53:26.000Z
"Bezoek aan Ter Apel.

De #asielcrisis wordt het hardst gevoeld in #TerApel. Iedere week weer honderden asielzoekers aan de poort. Specifieke groepen veroorzaken ernstige overlast voor omwonenden en winkeliers.

De huidige instroom en overlast zijn onhoudbaar… 🧵 (1/7) ";0;2022-07-26T18:46:10.000Z
"Nauwelijks opgepikt, maar #Trump deed nóg een zeer opmerkelijke uitspraak.

‘Ik zei bij de #NAVO dat ik Europese leiders NIET zou helpen bij een aanval van #Rusland’.

Dat Trump dit zelfs nu nog trots herhaalt, en dat het publiek klapt… Een groot risico voor onze veiligheid! ";0;2022-07-25T14:30:48.000Z
"Gisteren tekende de Russische minister van Defensie Sjojgoe een internationale graandeal.

Vandaag bombardeert hij havenstad #Odessa, waar het meeste graan doorheen moet.

De zoveelste dikke middelvinger van #Rusland naar #Oekraïne, de #VN en de internationale gemeenschap! ";0;2022-07-23T11:05:35.000Z
"Grote doorbraak! Er is een graandeal tussen #Oekraïne en #Rusland, gefaciliteerd door de #VN en #Turkije.

Vraag blijft of Rusland zich aan afspraken houdt.

Dit lijkt géén opmaat naar een wapenstilstand. OEK en RL sloten bewust een indirecte deal en zaten niet samen aan tafel👇 ";1;2022-07-22T15:01:30.000Z
"Verkrachtingen van kinderen en baby’s. Schijnexecuties en groepsverkrachtingen, waar ouders en kinderen naar moeten kijken.

Nu allemaal onafhankelijk vastgelegd.

Iedereen die gruweldaden van #Rusland bagatelliseert, moet ook het lef hebben dit te lezen👇
";1;2022-07-22T12:35:39.000Z
"#Poetin die aan de gaskraan draait, een mogelijke #graandeal, de val van Draghi in #Italië, en de #asielcrisis in Nederland. 

Er gebeurde veel deze week. Met @BNR sprak ik er uitgebreid over.

Voor op het strand, de camping of gewoon in de auto of trein👇";1;2022-07-22T12:07:24.000Z
"Bezoek aan #Budel en het asielzoekerscentrum (na Ter Apel het grootste van Nederland).

De dorpen Budel en Maarheeze ervaren al jaren onacceptabele overlast door een specifieke groep veiligelanders.

Er zijn veel maatregelen genomen, maar het is nog niet genoeg… 🧵(1/6) ";0;2022-07-21T08:59:40.000Z
"Zeldzame spanningen in #China!

Net als in 1989 zet China weer tanks in tegen protesten. Ditmaal om banken in de provincie #Henan te beschermen.

Chinezen kunnen niet bij hun spaargeld. Banken noemen dit ‘investeringsproducten’. 

Vraag is of demonstranten nog durven doorgaan… ";0;2022-07-20T20:55:14.000Z
"De oplossing voor de #asielcrisis is NIET massaal opvanglocaties aanwijzen tegen de wil van gemeenten in. Dit zou het broze draagvlak voor asielopvang aantasten.

WEL moeten we de asielinstroom beperken, de uitstroom vergroten en sneller flexwoningen realiseren. ";0;2022-07-20T09:06:38.000Z
"Wow, that escalated quickly.

Chinese staatsmedia dreigen met militair conflict als #Pelosi werkelijk #Taiwan bezoekt.

Het laat zien dat #China 1) geïrriteerd is over de toenemende steun aan Taiwan en 2) geen provocaties wil tot aan het Congres dit najaar waar Xi wordt herkozen. ";0;2022-07-19T13:20:19.000Z
"Na de hoge asielinstroom in 2015 is te snel afgeschaald.

Maar zelfs enkele duizenden bedden als buffer waren niet genoeg geweest voor de huidige instroom (in korte tijd van 30.000 naar 50.000 bedden).

We moeten de asielinstroom dus omlaag brengen! Vandaag in 20.00u journaal👇 ";0;2022-07-18T20:16:10.000Z
"Xi Jinping was sinds 8 jaar weer in de Oeigoerse regio Xinjiang.

In #China heet dit geen bezoek, maar zeer treffend een ‘inspectie tour’.

In aanloop naar zijn herverkiezing zag Xi tevreden dat de #genocide op #Oeigoeren is geslaagd. Stuitend wat hij hier verdekt over zei👇: ";1;2022-07-17T20:25:28.000Z
"#Poetin studeerde Rechten aan de Staatsuniversiteit van Sint-Petersburg.

Het motto van deze universiteit is: ‘veilig hier voor altijd’ (hic tuta perennat).

Vandaag schiet Rusland 10 raketten op twee universiteiten in #Mykolaiv. Poetin is een schande voor zijn alma mater! ";0;2022-07-15T11:19:00.000Z
"Raketaanval op het centrum van #Vinnytsia. Er worden 8 doden gemeld, waaronder een kind.

Deze stad ligt in de westelijke helft van #Oekraïne, in een relatief veilig gebied.

Dit lijkt puur bedoeld om angst te zaaien. Boodschap van #Poetin: niemand in Oekraïne is veilig. ";0;2022-07-14T09:23:54.000Z
"De belangrijkste adviseur van Poetin is #Patroesjev, secretaris van de Russische veiligheidsraad.

‘Diplomats don’t know what #Putin wants, Patrushev does. He is the devil on Putin’s shoulder whispering poison into his ear.’

Goed stuk over de opperhavik👇 ";1;2022-07-13T19:33:45.000Z
"Noord-Korea erkent nu de volksrepublieken Loegansk en Donetsk.

Vijf maanden na #Rusland zijn vazalstaten #NoordKorea en #Syrië de enige 2 landen die deze stap hebben gezet.

Dit laat zien dat geen normaal land in de wereld de Russische ‘bevrijding’ van de Donbas serieus neemt. ";0;2022-07-13T14:55:18.000Z
"Weer weet #Oekraïne munitiedepots van #Rusland te raken, ditmaal in #Loegansk.

Het laat zien dat de Westerse wapens Oekraïne echt helpen in deze slijtageslag, die nog lange tijd zal voortduren. 🇺🇦 ";1;2022-07-12T21:21:17.000Z
"Good to be back!

Tien jaar geleden zette ik mijn eerste stappen in de VVD als presentator van politiek café #Libertijn in #Amsterdam.

Nu hadden we een enerverend gesprek over Oekraïne, Rusland, China, de geopolitieke realiteit, asielcrisis, en uitdagingen voor onze democratie. ";1;2022-07-12T08:06:11.000Z
"Vandaag herdenken we de 8.372 slachtoffers van de #genocide in #Srebrenica in 1995.

We erkennen wat is gebeurd en proberen het leed om te zetten naar een toekomst van #vrijheid.

Bij de herdenking op het #Malieveld mocht ik een toespraak geven. Hieronder terug te zien👇(1/4) ";1;2022-07-11T16:50:10.000Z
"Uitzonderlijk in #China! Grote protesten in de stad #Zhengzhou. 

Vanwege corruptie en omdat mensen sinds april geen geld van de bank kunnen halen.

Helaas werden de protesten hard neergeslagen. Maar dat zoveel Chinezen openlijk durven demonstreren is een lichtpunt! ";1;2022-07-10T20:09:21.000Z
"Het krijgt minder aandacht, maar #Rusland blijft #Oekraïne hevig bombarderen.

In 24 uur een flatgebouw en school in Donetsk, huizen in Mykolaiv, en het centrum van Kharviv. Weer vele doden en gewonden, waaronder kinderen.

Al gaat dit nog vele maanden door, het mag nooit wennen! ";0;2022-07-10T10:24:38.000Z
"Schandalig. Op social media reageren Chinezen juichend op de moord op de Japanse oud-premier #Abe.

Waarom? Abe voerde een harde lijn tegen #China.

Zijn laatste column illustreert dit goed. Het kreeg hier weinig aandacht, maar bracht veel teweeg in de VS👇";0;2022-07-09T13:36:40.000Z
"We zijn te afhankelijk van #China voor essentiële grondstoffen, producten en technologie.

Om deze afhankelijkheden te verminderen is meer strategie, coördinatie en actie nodig.

Goed dat onze motie voor een #Taskforce met brede steun is aangenomen! (1/2) ";1;2022-07-08T14:37:37.000Z
"Een vreselijke aanslag op een staatsman en op de democratie.

#Abe was de langstzittende premier van #Japan. Een liberaal die de economie hervormde, zijn land veiliger maakte, en opkwam voor vrijheid in de wereld.

Ik wens onze vrienden in Japan veel sterkte en veerkracht. 🇯🇵🙏 ";1;2022-07-08T10:13:48.000Z
Dutch House of Representatives just ratified the accession protocols of #Finland and #Sweden to join #NATO!!! 🇫🇮🇸🇪🇳🇱 ;1;2022-07-07T22:02:24.000Z
"Er viel het nodige op het buitenlandbeleid van #BorisJohnson aan te merken (zeker richting de EU), maar ik waardeerde zijn grote steun aan #Oekraïne en stevige lijn richting #Rusland.

Ik hoop dat zijn opvolger deze lijn van het #VK tegenover Oekraïne en Rusland voortzet! ";1;2022-07-07T12:56:55.000Z
"Ongekend. Amerikaanse en Britse veiligheidsdiensten (FBI en MI5) noemen #China een ‘immense dreiging’.

Voor onze bedrijven, veiligheid en democratie. En daarbovenop de risico’s van een aanval op #Taiwan.

We moeten onze kwetsbaarheden stevig verminderen! ";0;2022-07-06T16:53:26.000Z
"#Poetin kondigt een operationele pauze aan om te herstellen.

Hij zegt een belangrijke overwinning in de #Donbas te hebben geboekt. 

In feite won het grote Russische leger in 75 dagen ‘fase 2’ een gebied niet groter dan Noord-Brabant. En alles totaal verwoest. Wat een afgang! ";0;2022-07-05T09:17:36.000Z
"Eindelijk weer eens goed nieuws uit de #Donbas!

#Oekraïne weet steeds vaker Russische munitiedepots in de Donbas te raken met zware westerse wapens (o.a. HIMARS)👇

De Oekraïense Defensie-minister noemt deze wapens vandaag ‘game changers’ aan de frontlinie. Laten we het hopen!🇺🇦 ";1;2022-07-04T19:19:36.000Z
"Een nieuw weekrecord van 1.100 #asielinstroom.

Gemeenten en COA houden hun hart vast voor de komende maanden, en ik ook!

De instroom moet omlaag. Op mijn verzoek inventariseert het kabinet de (juridische) mogelijkheden van intensiever grenstoezicht en een tijdelijke asielstop. ";0;2022-07-04T12:46:45.000Z
"Ter Apel neemt enorme verantwoordelijkheid in de asielopvang. En draagt ook nog eens tien punten aan om het asielsysteem te verbeteren. Dubbel waardering!

Als BBB mij dan onterecht verwijt niet op deze punten te willen reageren, geef ik graag 10 antwoorden in 1 minuut: ";1;2022-07-02T08:29:55.000Z
"De huidige asielinstroom is onhoudbaar.

Voor de VVD zijn er geen taboes om de instroom te beheersen, waaronder een tijdelijke asielstop.

Maar het moet juridisch wél houdbaar zijn. Daarom vraag ik het kabinet de juridische mogelijkheden snel te verkennen. ";1;2022-06-30T16:15:05.000Z
"Specifieke groepen asielzoekers zorgen voor onaanvaardbare overlast.

Op aandringen van de VVD komen er aanvullende acties, zoals:
&gt; Nog soberdere opvang met verscherpt toezicht
&gt; Geld voor boa’s, camera’s etc.
&gt; Meer inzet vreemdelingenbewaring (1/3) ";1;2022-06-30T08:05:30.000Z
"Een beetje terloops, maar een belangrijke aankondiging!

De #VS gaan structureel nóg meer bijdragen aan de #veiligheid van #Europa. Met o.a. een brigade, marineschepen, en een hoofdkwartier in Polen.

En dat terwijl de VS zich liever op de Indo-Pacific zouden richten… ";1;2022-06-29T12:30:55.000Z
"Een geweldige doorbraak!

Goed voor de veiligheid van #Finland, #Zweden en de #NAVO (waaronder Nederland).

Nu moet de Tweede Kamer dit snel goedkeuren! ";1;2022-06-28T19:03:10.000Z
"Vandaag ontvingen we een politieke delegatie uit #NieuwZeeland. 

Wist je dat Nieuw-Zeeland WEL een vrijhandelsverdrag heeft met #China, maar nog NIET met de #EU en #VS?

Zelfs met de meest gelijkgezinde landen is er nog veel ruimte om de samenwerking te versterken! 🇳🇱🇳🇿 ";1;2022-06-28T11:56:00.000Z
"Ons asielsysteem loopt tegen de grenzen van wat we aankunnen.

Er is een breed tekort aan #personeel. Zelfs in deze krappe arbeidsmarkt groeide het #COA met bijna 1.000 FTE. Nog meer mensen aannemen is nauwelijks mogelijk. 

We zullen daarom de asielinstroom moeten beperken! ";0;2022-06-28T09:02:18.000Z
"En weer creëert #Rusland hel op aarde. 

Meerdere raketaanvallen op een winkelcentrum in #Kremenchuk, in het midden van #Oekraïne. Naar verluidt waren hier 1.000 mensen aan het winkelen. Gevreesd wordt voor enorme aantallen slachtoffers.

Poetin’s barbarij kent geen grenzen. ";0;2022-06-27T14:43:17.000Z
"Een historische aankondiging van #Stoltenberg!

Aan de oost-flank gaat de #NAVO flitsmacht van 30.000 naar 400.000 militairen. Er komen permanente brigades, sterkere luchtverdediging en meer materieel.

Deze afschrikking en verdediging tegen #Rusland vergroot onze veiligheid! ";1;2022-06-27T13:28:56.000Z
"‘Complete focus op het bevrijden van de Donbas’?

Dit weekend voerde #Rusland weer raketaanvallen uit in heel #Oekraïne, vanuit drie kanten👇

De reden? De G7, angst aanjagen, aanvoerlijnen vernietigen? Hoe dan ook, de zoveelste bevestiging dat we Oekraïne moeten blijven steunen. ";0;2022-06-27T08:57:32.000Z
"Vandaag eren we onze #veteranen, die Nederland en andere landen vrij en veilig hielden. 

Juist in deze tijd waarin onze veiligheid zo onder druk staat is de waardering extra groot. Voor onszelf, onze kinderen en toekomstige generaties.

#veteranendag #Veteranendag2022 ";1;2022-06-25T11:21:58.000Z
"Hoe zorgen we voor onze veiligheid in de huidige geopolitieke realiteit?

De dreiging van Rusland en China stellen de #NAVO en #EU voor fundamentele vragen.

Interessante paneldiscussie bij het VVD symposium met Jaap de Hoop Scheffer, @bgroothuis, Frans Osinga en Laurien Crump! ";1;2022-06-24T15:50:46.000Z
"Specifieke groepen asielzoekers verpesten het voor de rest.

Algerijnen, Marokkanen en Tunesiërs vormden 5,5% van asielzoekers in 2021, maar 65% (!) van verdachten van misdrijven. Voor bijv Syriërs is dit precies andersom.

Deze groepen ondermijnen het draagvlak voor asielopvang. ";0;2022-06-24T09:25:26.000Z
"Volgende week is een cruciale top van de #NAVO. Van essentieel belang voor onze #veiligheid.

Op de agenda staan #Oekraïne, de versterking van de oost-flank, en de nieuwe NAVO-strategie 2030.

Vanuit de Kamer zijn 4 partijen aanwezig bij het debat. Zeer zorgwekkend… ";0;2022-06-23T18:10:55.000Z
"Xi Jinping legt de schuld voor de oorlog bij #Oekraïne.

‘Landen die zich willen aansluiten bij militaire allianties (lees: #NAVO) kunnen dit verwachten’.

Een intimiderende boodschap van #China aan landen die militair samenwerken met het Westen. We mogen hier niet aan toegeven! ";0;2022-06-23T11:32:14.000Z
"Wie beweert dat de #asielcrisis niet komt door een hoge instroom, kijk naar onderstaande grafiek. 

De afgelopen 52 weken is de instroom bijna iedere week hoger dan in het laatste jaar voor corona!

In totaal is dit 46.000 in 2021-22 tov 32.000 in 2018-19. Dat is bijna 50% hoger! ";0;2022-06-21T20:30:49.000Z
"De partij van #Macron (Ensemble) haalt met afstand géén meerderheid van 289 zetels. Een domper.

De Republikeinen (LR) lijken kingmaker, terwijl juist linkse en rechtse populisten wonnen.

Voor het Franse buitenlandbeleid is de impact beperkt, gezien de rol van het parlement. 🇫🇷 ";0;2022-06-19T19:05:18.000Z
"⏰ LAATSTE KANS! 

Solliciteer vandaag nog voor een stage in ons team!  

Vanaf september zoeken we een (part time) stagiair met kennis over buitenlandse zaken, interesse in politiek en hart voor de liberale zaak!

Meer info👇! #stage #vacature
";1;2022-06-19T14:23:11.000Z
"🌡 30 graden!
☀️ Zonnetje!
😎 Vrije zaterdag!

De ideale omstandigheden om… nieuwe VVD-talenten te trainen in debatteren!

#VVD #Kadertraining ";1;2022-06-18T15:24:41.000Z
"Laten we de realiteit onder ogen zien.

1.000 asielzoekers per week kunnen we niet langer aan. Er zijn te weinig opvangplekken en woningen. Niet genoeg personeel. En geen draagvlak voor 2 AZC’s per week erbij.

Kijk daarom ook naar crisismaatregelen om de instroom te beperken! ";0;2022-06-18T08:32:43.000Z
"Steeds weer noemen #Poetin en #Lavrov een andere schandelijke reden voor de invasie van #Oekraïne👇.

Het laat zien waarom het weinig zin heeft om Poetin een ‘uitweg’ te bieden.

Los van de werkelijkheid verzint hij wel een reden waarom de oorlog nodig was en deze gewonnen heeft. ";0;2022-06-17T09:57:19.000Z
"Debat over de hoofdlijnen van ons buitenlandbeleid.

Hoe houden we in deze geopolitieke realiteit #Nederland veilig, welvarend en vrij?

Mijn punten:
&gt; Stevigere lijn op China
&gt; Afhankelijkheden van RUS/CHI sneller afbouwen
&gt; Grip op migratie is topprioriteit, ook voor min BuZa ";1;2022-06-15T07:57:40.000Z
"Aardige adviezen, maar ook te makkelijke kritiek!

Flexibele opvang, buffercapaciteit, sneller onderscheid tussen kansrijke en kansarme aanvragen: allemaal nodig.

Maar zelfs dan is de huidige asielinstroom onhoudbaar. 

Enkele feiten op een rij 🧵: (1/6) ";0;2022-06-14T08:01:41.000Z
"Gisteren konden Fransen in het buitenland digitaal stemmen bij de verkiezingen.

Als #Frankrijk het kan, moet #Nederland dat toch ook veilig kunnen?

Dat zou stemmen voor Nederlanders in het buitenland veel makkelijker maken!

Daarom stel ik met @strolenberg en d66 deze vragen👇: ";1;2022-06-13T20:23:36.000Z
"Een dag vol goede gesprekken, inspirerende speeches en ook stevige discussies op het #VVDcongres.

Uiteraard spraken we over de actualiteit in #Oekraïne, onze internationale veiligheid, en de grote uitdagingen rond de asielinstroom. ";1;2022-06-11T18:03:58.000Z
"Goede afspraken vandaag tussen #EU landen om de asielinstroom te beperken:

&gt; Interne grenscontroles bij dreiging en crisis

&gt; Illegale migranten overdragen aan buurlanden

&gt; Strengere bewaking buitengrens als dictators migranten inzetten als wapen (1/2) ";1;2022-06-10T19:01:51.000Z
"We zoeken weer een (part time) stagiair om ons team vanaf september te versterken!

Heb jij:
- Interesse in politiek 🏛
- Kennis over buitenlandbeleid 🌍
- Hart voor de liberale zaak 🧡💙

Reageer dan snel👇! #stage #vacature 
";1;2022-06-10T14:12:59.000Z
"This is NOT true! 

Support for #EU candidate status was expressed by political parties representing less than 30% of our Dutch Parliament.

Officials from #Ukraine, we do firmly support you in the war against Russia, but stop spreading false information! ";0;2022-06-09T18:59:29.000Z
"De huidige aantallen asielzoekers zijn onhoudbaar!

60.000 Oekraïners, en daarbovenop nog eens 600-1.000 asielzoekers per week.

Er zijn maar 2 structurele oplossingen: de instroom omlaag en terugkeer omhoog!

In het debat bepleitte ik de volgende inzet van NL in de #EU (1/4): ";0;2022-06-08T15:24:37.000Z
"Juist in deze asielcrisis moet de #terugkeer omhoog!

Dit geldt voor asielzoekers die zijn uitgeprocedeerd of al asiel aanvroegen in een ander EU-land.

Maar de terugkeercijfers in 2022 zijn zelfs lager dan in corona-jaren 2020/2021. Dat kan niet! Zo meteen debat hierover. ";0;2022-06-08T09:33:14.000Z
"De #Taliban doen te weinig om terroristen te bestrijden en schenden massaal mensenrechten in #Afghanistan.

#Nederland moet zich daarom blijven verzetten tegen internationale erkenning van de Taliban!

Een brede meerderheid steunt mijn oproep. (Op één partij na natuurlijk…) ";1;2022-06-07T18:10:00.000Z
"#BorisJohnson mag blijven!

211 Voor, 148 Tegen.

Maar de onrust is voorlopig nog niet voorbij, met zoveel partijgenoten die geen vertrouwen meer hebben in Johnson. ";1;2022-06-06T20:07:37.000Z
"#Lavrov kan geen bezoek brengen aan #Servië, omdat buurlanden het luchtruim sluiten.

Als deze buurlanden dit blijven doen, kan #Rusland ook geen wapens meer leveren aan Servië (tanks, pantservoertuigen, raketten etc). 

Wellicht krabt #Servië zich nu wel eens achter de oren... ";0;2022-06-06T15:35:36.000Z
"Dit zijn de plekken die #Zelensky gisteren aan de frontlinie bezocht.

Ondertussen zit #Poetin al maanden op honderden kilometers afstand in het Kremlin.

#leiderschap ";0;2022-06-06T09:25:18.000Z
"Voorzitter Afrikaanse Unie: na mijn gesprek met #Poetin ben ik gerustgesteld over graanexport.

1 dag later: Rusland bombardeert een graanterminal in Mykolaiv.

Niet alleen Oekraïne en het Westen, maar ook zijn ‘vrienden’ in de rest van de wereld kunnen Poetin niet vertrouwen… ";0;2022-06-05T07:52:49.000Z
"#Rusland heeft wederom een kerk in Donetsk gebombardeerd.

Hoe zouden al die Russisch Orthodoxen hiernaar kijken, die Poetin steunen? Of #Orban en zijn vrienden, die het christendom in Europa willen beschermen? ";0;2022-06-04T12:58:36.000Z
"Precies 33 jaar geleden was het bloedbad op het #Tiananmenplein in #Beijing. Het massale protest werd hardhandig neergeslagen.

Voor wie nog denkt dat zulke protesten of ‘verandering van onderop’ wederom mogelijk is in #China..👇 ";0;2022-06-04T12:22:53.000Z
"100 days of war.

1.000 km front line.

10.000 war crimes.

100.000+ casualties.

1.000.000+ people deported to Russia.

10.000.000+ people displaced.

100.000.000.000+ euro infrastructure damage.

1 man responsible.

#UkraineWar #StandWithUkraine️ ";0;2022-06-03T20:59:48.000Z
"100 dagen oorlog.

1.000 km frontlinie.

10.000 oorlogsmisdaden.

100.000+ doden en gewonden.

1.000.000+ gedeporteerd naar Rusland.

10.000.000+ ontheemden.

100.000.000.000+ euro schade aan infrastructuur.

1 man eindverantwoordelijk. ";0;2022-06-03T20:33:16.000Z
"Door de graanexport uit #Oekraïne te blokkeren zet #Poetin honger in als chantagemiddel. 

Via de #VN kunnen landen deze Russische wurggreep veroordelen en oproepen tot een veilige corridor via zee.

D66-collega @swsjoerdsma en ik bepleiten een door de VN gesteunde missie: ";0;2022-06-03T08:12:51.000Z
"#Hongarije blokkeerde vandaag sancties tegen de Russische patriarch #Kirill, met als reden ‘godsdienstvrijheid’.

Op dezelfde dag bombardeert #Rusland een klooster in oost-Oekraïne, met steun van patriarch Kirill. 

Niet te geloven en godgeklaagd! ";0;2022-06-02T21:13:12.000Z
"De oorlog in #Oekraïne mag niet gaan wennen.

We zien nu minder beelden dan in de eerste weken. Minder Severodonetsk dan Marioepol/Kyiv. En wat we zien veroorzaakt minder verontwaardiging.

Iedere dag opnieuw verwoest #Rusland duizenden levens. Onze aandacht mag niet verslappen! ";0;2022-06-01T19:00:13.000Z
"Zoveel gruwelijkheden, maar we weten pas de top van de ijsberg.

Volgens een laatste schatting zijn er 50.000 doden in #Marioepol. Dat is 1 op de 8 bewoners!

#Rusland dekt dit toe met massagraven. Oekraïners zoeken wanhopig naar verdwenen familieleden👇 ";0;2022-06-01T13:55:13.000Z
"Na alle verwarring is President #Biden nu kristalhelder!

Gelukkig leveren de VS wél geavanceerde raketsystemen aan #Oekraïne, met raketten tot 70km.

Biden laat Oekraïne niet in de steek, zeker niet in zo’n zware fase op het slagveld... (1/4)
";0;2022-06-01T07:48:16.000Z
"#Taiwan is an important partner to get less dependent on Chinese technology.

Good to see a major Taiwanese newspaper reporting my call to reduce our dependence on #China. We shouldn’t repeat the mistake we made with #Russia! ";1;2022-05-31T17:53:15.000Z
"✅ Wil je Kamerleden (waaronder mij) adviseren?
✅ Op politiek belangrijke thema’s als asiel en migratie?
✅ In een dynamische en leuke omgeving?

Solliciteer dan snel bij ons als beleidsmedewerker!👇 ";1;2022-05-31T09:43:06.000Z
"Goed dat eindelijk EU-sancties zijn afgesproken op #olie uit #Rusland!

Dit sanctiepakket schept wel een gevaarlijk precedent: individuele EU-landen krijgen uitzonderingen. 

Voortaan wordt eenheid in de #EU rond sancties nóg moeilijker... ";0;2022-05-31T05:33:02.000Z
"President #Biden schept weer eens onduidelijkheid.

Wil hij geen RAKETSYSTEMEN (mlrs) of geen RAKETTEN (atacms) leveren met een bereik tot in #Rusland?

Dat is een groot verschil!

Als hij ‘raketten’ bedoelde kan de VS nog steeds MLRS leveren met raketten tot 70km. (1/2) ";0;2022-05-30T16:25:35.000Z
"Goed dat #Nederland niet zwicht voor de betalingseisen van #Poetin!

We moeten onze poot stijf houden om sancties tegen #Rusland effectief te laten zijn! Ik hoop dat andere EU-landen dit voorbeeld volgen. ";1;2022-05-30T15:09:42.000Z
Als je dacht dat #Hongarije binnen de EU alleen opkomt voor de belangen van #Rusland… Think again! ;0;2022-05-30T11:44:02.000Z
"#China: ‘het VN-bezoek van Bachelet laat zien dat beschuldigingen van genocide op #Oeigoeren onjuist zijn’.

Zo gebruikt China het bezoek voor het ‘witwassen’ van mensenrechtenschendingen.

De #VN moet dit snel weerleggen, o.a. door eindelijk haar rapport hierover te publiceren! ";0;2022-05-29T14:57:46.000Z
"De #VN zit in de tang van #China!

VN-commissaris #Bachelet bezocht Xinjiang en gaat mee in propaganda: counter-terrorisme, trainingscentra etc. Geen kritiek op onderdrukking van #Oeigoeren, alleen ‘vragen’.

Wel benoemt ze de ‘vreselijke mensenrechtensituatie in de VS’. Absurd! ";0;2022-05-28T18:48:42.000Z
"#Oekraïne ligt zwaar onder vuur in de #Donbas. 

Oekraïense strijdkrachten hebben meer geavanceerde raketsystemen (MLRS, HIMARS) nodig om zich te kunnen verdedigen.

Het is goed dat de VS bereid lijkt deze te leveren! Zeker met munitie tot 70km (GMLRS) is dit geen provocatie. ";1;2022-05-28T13:39:34.000Z
"Laten we met #China niet dezelfde fout maken als met Rusland!

Momenteel zijn we veel te afhankelijk van China, waardoor we nauwelijks druk op hen kunnen uitoefenen. We moeten niet weer wachten tot een militair conflict, maar NU deze afhankelijkheid afbouwen! ";0;2022-05-28T09:00:09.000Z
"Als je de tragedie van de schietpartij op de school in Texas tot je laat doordringen…

19 kinderen gedood. Honderden levens van familieleden en vrienden verwoest.

Ongelooflijk triest. (🧵1/6) ";0;2022-05-26T15:40:55.000Z
"Hoe verlies je ALLE steun onder een bevriend volk.

In een laatste enquête in #Oekraïne is nog maar 2% positief en 92% negatief over #Rusland.

Tot aan 2014 waren vrijwel alle Oekraïners positief (&gt;80%), en zelfs daarna was het nog 50-50. Een strategische miskleun van Poetin. ";0;2022-05-26T13:00:19.000Z
"We moeten voorkomen dat honderden asielzoekers op straat slapen.

De VVD wil daarom de hoogste prioriteit geven aan het beperken van de instroom, het bespoedigen van terugkeer, en sneller bouwen van flexibele woonlocaties.

Asielopvang realiseren met dwang is een zwaktebod…(1/4) ";0;2022-05-25T13:19:01.000Z
"De gezichten van een #genocide.

Hoeveel leed is er nog nodig voordat we onze relatie met #China herzien? En hoeveel dreiging naar Taiwan, cyberaanvallen, etc etc?

We moeten onze afhankelijkheid van China afbouwen, zodat we een vuist kunnen maken. Geen holle woorden, maar actie! ";0;2022-05-24T21:13:26.000Z
"#Rusland gebruikt honger als wapen, zelfs tegen ‘partners’!

Onderstaande landen veroordelen de Russische invasie NIET. Zij ervaren nu WEL voedselinflatie van &gt;10%!

Ook met deze landen moet de druk op Rusland worden opgevoerd om de blokkade van graan uit #Oekraïne op te heffen. ";0;2022-05-24T19:49:49.000Z
"De droom van vrijheid en zelfbeschikking voor #Oeigoeren.

De dappere @Ahmedjankasim vluchtte als 15-jarige naar Nederland. Hier strijdt hij voor zijn droom. Met overtuiging én realisme.

In zijn boek beschrijft hij zijn levensverhaal en visie. Een eer om in ontvangst te nemen! ";1;2022-05-23T12:11:24.000Z
"HUGE NEWS, of de zoveelste verspreking?

President #Biden zegt niet mee te willen vechten in Oekraïne, maar WEL met #Taiwan tegen #China!

Biden lijkt hier te zeggen wat hij werkelijk vindt, maar onvoldoende steun te hebben in de VS. Zijn woordvoerder corrigeerde het direct. ";0;2022-05-23T08:10:19.000Z
"Hoe moet Europa antwoorden op de Russische agressie en tirannie?

In @DeBalie ging ik in gesprek over de  geopolitieke realiteit, het aanscherpen van sancties, de steun aan getroffen landen, en veel meer.

Terugkijken via: ";1;2022-05-22T13:06:16.000Z
"Naast vele andere Amerikanen heeft #Rusland John McCain weer op een sanctielijst gezet. De oud-senator is al bijna 4 jaar overleden. 

Een groter eerbetoon kon #Poetin postuum niet geven aan #McCain, die hem al in 2007 (!) het best karakteriseerde👇 ";1;2022-05-21T17:43:07.000Z
"Hier in #Moldavië is een grap dat “de defensie van een Engelse voetbalclub meer waard is dan die van Moldavië”.

Met de huidige staat van het leger kan Moldavië zich nauwelijks verdedigen tegen #Rusland.

Daarom goed dat NAVO-landen willen helpen het leger te versterken. ";0;2022-05-21T10:04:47.000Z
"Als buurland vangt #Moldavië veel vluchtelingen uit #Oekraïne zeer gastvrij op.

Momenteel zijn er ca 80.000. Honderdduizenden zijn doorgereisd of weer teruggekeerd.

Moldaviërs vangen de meeste Oekraïners (95%) thuis op. De rest in opvangcentra, zoals die wij bezochten. (1/2) ";1;2022-05-20T14:54:31.000Z
"Deze dagen bezoeken we #Moldavië met een Tweede Kamer delegatie.

Moldavië wordt stevig geraakt door de oorlog in Oekraïne. Door Russische dreigingen, grote aantallen vluchtelingen, en een enorme inflatie van 27%.

Dank aan premier Gavrilița voor de warme ontvangst! ";1;2022-05-19T13:28:49.000Z
"Eergisteren sprak deze oud-kolonel nog openhartig over de slechte vooruitzichten voor #Rusland op het slagveld.

Nu is hij 180 graden gedraaid: ‘de geruchten van Oekraïense successen en tegenaanvallen zijn vals’.

Blijkbaar werd zijn openheid niet geaccepteerd door het #Kremlin. ";0;2022-05-18T20:01:25.000Z
"Zojuist spraken we met de Oekraïense minister van Buitenlandse Zaken #Kuleba.

Hij voorspelde dat #Rusland mogelijk een staakt-het-vuren zal voorstellen als het meer terrein verliest.

In dat geval moet het westen #Oekraïne niet dwingen tot concessies. Dat bepaalt Oekraïne zelf! ";0;2022-05-18T10:01:16.000Z
"Op officiële beelden worden gewonde Azov-strijders vreedzaam weggebracht.

Ondertussen spreken parlementsleden in #Rusland over de doodstraf, Azov aanmerken als terreurorganisatie, en geen uitlevering van ‘oorlogsmisdadigers’ aan Oekraïne.

Het lot van deze militairen is ongewis. ";0;2022-05-17T18:51:06.000Z
"Zweden en Finland kondigen zojuist aan morgen #NAVO-lidmaatschap aan te vragen.

Ook voor #Zweden is dit echt historisch. Een lange traditie van neutraliteit houdt hiermee op.

Door de oorlog schoot de steun omhoog van ca 30% naar 55%-65%👇. #Poetin heeft dit zelf veroorzaakt! ";1;2022-05-17T15:32:22.000Z
"Geopolitiek goed nieuws!

De sancties dragen eraan bij dat #India een belangrijke aankoop van helikopters uit #Rusland stopzet.

Dit is hoe sancties moeten werken: de Russische defensie-industrie wordt getroffen en raakt meer geïsoleerd! ";1;2022-05-17T08:26:28.000Z
"De wereld op zijn kop!

NAVO-bondgenoot #Erdogan doet nu moeilijker dan #Poetin over het NAVO-lidmaatschap van #Finland en #Zweden👇.

Schaamteloos hoe autocraten als Erdogan en Orban dit soort momenten misbruiken om het westen te chanteren (juist als eenheid nodig is)! ";0;2022-05-16T18:45:04.000Z
"Belangrijke toezeggingen van minister Hoekstra in debat over #NAVO en #Oekraïne! 

1) NAVO:
&gt; Zo snel mogelijke behandeling van aanvraag #Finland en #Zweden om tot NAVO toe te treden
&gt; Nederland staat ervoor open om in tussenperiode bij te dragen aan veiligheidsgaranties (1/2) ";1;2022-05-13T06:46:57.000Z
"Bij @BNRdewereld sprak ik uitgebreid over de laatste ontwikkelingen rond #Oekraïne.

Over de speech van Rutte, de uitputtingsslag in de Donbas, het nieuwe Europese sanctiepakket en veel meer.

Terug te luisteren via 👉 ";1;2022-05-12T16:10:01.000Z
"Historisch moment!

De Finse president en premier willen dat #Finland lid wordt van de #NAVO.

Wij steunen dit van harte! Het versterkt onze internationale veiligheid.

VS en VK gaven Finland al veiligheidsgaranties voor de tussenperiode. Andere NAVO-landen moeten hetzelfde doen! ";1;2022-05-12T07:44:39.000Z
"De nieuwe geopolitieke realiteit betekent veel voor landen in het oosten van Europa.

Vandaag spraken we hierover in de Kamer met #Estland 🇪🇪 (parlementariërs), #Moldavië 🇲🇩 (ambassadeur) en #Armenië 🇦🇲 (premier en ministers).

Juist nu moeten we nog sterker samenwerken! ";1;2022-05-11T15:48:39.000Z
"#Oekraïne wint steeds meer terrein rondom #Charkiv.

Hiermee lijkt het erop dat na Kyiv ook de Russische inname van de tweede stad van Oekraïne is afgeslagen!

#StandWithUkraine ";1;2022-05-10T20:11:43.000Z
"In zijn toespraak durfde #Poetin niet een overwinning te claimen, te escaleren, of nieuwe doelen te stellen.

Dit is een teken dat het Oekraïens verzet en onze steun werken.

We moeten #Oekraïne wapens blijven leveren en de sancties aanscherpen. Stug doorgaan op deze weg! #hlf8 ";1;2022-05-09T19:57:04.000Z
"Een overwinningsdag zonder overwinning. Een speech zonder grote aankondiging. Geen groots verhaal, alleen gebruikelijke verwijten aan het westen. 

Als deze toespraak van #Poetin een indicatie is voor het moreel van het Russische regime en leger, dan is dat een goed teken. ";0;2022-05-09T07:52:12.000Z
Zelfs de jongste kinderen worden in #Rusland al geïndoctrineerd. Met een symbool dat staat voor oorlogsmisdaden. Weerzinwekkend! ;0;2022-05-08T20:26:14.000Z
"De Amerikaanse inlichtingendiensten zijn steeds zeer transparant over Russische dreigingen.

Directeur van de #CIA William Burns: “we zien geen praktisch bewijs dat #Rusland plannen maakt voor de inzet van tactische #kernwapens, maar we nemen dit risico serieus”. ";1;2022-05-07T20:02:45.000Z
"Op 18 april begon #Poetin met plan B: het offensief in de #Donbas.

Na drie weken heeft #Rusland nog nauwelijks terrein gewonnen👇. En er zijn meer wapens naar #Oekraïne onderweg.

Welke draai Poetin er ook aan geeft maandag op Overwinningsdag: ook plan B is aan het mislukken. ";0;2022-05-07T14:49:25.000Z
A Dutch way to symbolize support 💙💛 #StandWithUkraine️ ;1;2022-05-06T19:52:23.000Z
"Vandaag vieren we onze #vrijheid!

Maar helaas is dit geen gegeven. Ik gun zoveel mensen nu ook een #Bevrijdingsdag. Vooral in #Oekraïne, maar ook in Belarus, Syrië, China etc.

Nog maar 20% van de wereld leeft in een vrij land👇. We moeten de vrijheid beschermen én bevorderen! ";1;2022-05-05T15:39:02.000Z
Bezoek aan het parlement van #Frankrijk. C’est magnifique! ;1;2022-05-05T13:24:13.000Z
"Allemaal geven we iets.
Sommigen gaven alles.

#dodenherdenking ";1;2022-05-04T18:04:33.000Z
"Stevige bezorgdheid, stevige prioriteit!

In #Nederland is de afhankelijk van #China een zorg én prioriteit.

Volgens @ETNC17 behoren we hiermee tot een kopgroep van 5 Europese landen👇. Daar ben ik blij om!

Maar aan de oplossingen moet nog heel veel gebeuren... (1/6) ";1;2022-05-03T17:50:28.000Z
"Het #Pentagon noemt het Russisch offensief in de #Donbas op dit moment ‘lauw’. Het doet op sommige plekken denken aan ‘bloedarmoede’.

Op diverse plekken won Rusland kort terrein, maar weet #Oekraïne dit snel weer te heroveren.

Hier de laatste stand van zaken👇: ";0;2022-05-02T19:24:26.000Z
"Een week in #Parijs voor gesprekken met diplomaten, politici en denktanks. 

Over Oekraïne, Rusland, China, Afrika, strategische autonomie en onze internationale veiligheid.

Veel dank aan het Franse ministerie van Buitenlandse Zaken voor de uitnodiging en warme ontvangst! 🇫🇷🇳🇱 ";1;2022-05-02T12:53:17.000Z
"100 mensen zijn met behulp van de #VN uit de staalfabriek in #Marioepol geëvacueerd.

Het lijkt dat het bezoek van VN-topman Guteress aan Moskou en Kyiv gelukkig toch iets heeft opgeleverd.

Hopelijk volgen er de komende dagen nog honderden Oekraïners! ";1;2022-05-01T19:11:11.000Z
"Het is voorlopig onmogelijk voor #Zelensky om een akkoord te sluiten met Rusland over het oosten of zuiden van Oekraïne.

We moeten #Oekraine blijven steunen met (zware) wapens in de strijd voor hun grondgebied, en om hun positie te versterken aan de onderhandelingstafel. ";1;2022-05-01T12:37:12.000Z
"Er blijft veel speculatie over #Transnistrië (TN).

Analisten in de #VS zeiden ons:
- 1500 slecht bewapende Russen in TN zijn niet in staat Oekraïne aan te vallen
- Rusland is nu niet sterk genoeg naar TN door te stoten

Eerdere explosies en uitspraken lijken om onrust te zaaien. ";0;2022-04-29T20:38:27.000Z
"De laatste raketaanval op #Kyiv was twee weken geleden.

Uitgerekend TERWIJL VN-topman Guteress Kyiv bezoekt, voert Poetin weer raketaanvallen op Kyiv uit.

Dit is opnieuw een dikke middelvinger van #Rusland aan de #VN! Dit moet snel en krachtig worden veroordeeld. ";0;2022-04-29T07:59:56.000Z
"Een dag vol afspraken bij de #VerenigdeNaties.

Interessant om hier te spreken over #Oekraïne, juist nu VN-topman Guterres overlegt met Zelensky.

Daarnaast bespreken we de brede gevolgen voor de geopolitieke verhoudingen en voedselzekerheid. ";1;2022-04-28T14:40:00.000Z
For once, we agree! ;1;2022-04-26T15:35:10.000Z
Bij Goedemorgen NL lichtte ik kort toe waarom we deze week met een Tweede Kamer delegatie de #VS bezoeken. Live vanuit #Washington: ;1;2022-04-26T11:35:38.000Z
"Met een Tweede Kamer delegatie bezoeken we deze week #Washington en #NewYork.

Vandaag spraken we bij het Amerikaanse ministerie van Buitenlandse Zaken over #Oekraïne, #Afghanistan en #China.

Goed dat Nederland en de VS op al deze vraagstukken zo intensief samenwerken! 🇳🇱🇺🇸 ";1;2022-04-25T18:27:27.000Z
"21 april - #Poetin tegen #Sjojgoe: bestorm de Azov staalfabriek NIET, maar zorg dat er geen vlieg uit kan.

23/24 april - Russen beschieten en bestormen #Azovstal.

Wilde Poetin zo de Oekraïners verrassen? Of zijn leger indekken voor de trage overname? Vreemde tactiek! ";0;2022-04-24T20:12:59.000Z
"#Macron wint ruim! Wat een enorme opluchting! 

Voor #Nederland, de #EU en de #NAVO. En voor #Oekraïne (dat geavanceerde Franse wapens krijgt). 

En bovenal voor iedereen in #Frankrijk die vooruit wil! 🇫🇷";1;2022-04-24T18:04:53.000Z
"Neutraal blijven is ook partij kiezen! 

Deze positie van #Zwitserland is in dit geval onhoudbaar. Unglaublich! #StandWithUkraine ";1;2022-04-24T10:05:27.000Z
"Vanmiddag in #BNR Friday Move! 

Over asielopvang, Oekraïne, de Franse verkiezingen, politiek leiderschap en veel meer…

Met @sophievleeuwen, @kimputters en @wilfredgenee! Later terug te luisteren via: ";1;2022-04-22T15:01:44.000Z
"Om de asielinstroom te beheersen zijn #migratieovereenkomsten met landen in de regio nodig.

Het #VK liet deze week zien dat migratiedeals mogelijk zijn (al zal de EU andere afspraken moeten maken).

Vandaag nam het kabinet mijn oproep over om hier meer actie op te ondernemen👇! ";1;2022-04-21T18:58:54.000Z
"Goed gesprek met de Belarussische oppositieleider #Tichanovskaja.

De bevolking in #Belarus is fel TEGEN de Russische invasie. En probeert deze actief tegen te werken.

Er is nog veel ruimte om de EU sancties tegen Belarus aan te scherpen en uit te breiden. Dit moet zsm gebeuren! ";1;2022-04-20T14:58:30.000Z
"De IND kiest de verkeerde weg!

Snelle asielprocedures zijn belangrijk, maar niet ten koste van zorgvuldigheid. 

We moeten zeker weten dat iemand die hier komt voor gezinshereniging daar ook echt recht op heeft. 

Ik zal het kabinet hier morgen in het debat kritisch op bevragen! ";0;2022-04-20T09:57:44.000Z
"In de peilingen houdt #Macron gelukkig een voorsprong van 6 à 11%. 

In slechts één peiling tot nu won Le Pen (zie oranje cirkel).

Ook relevant: vorige keer was de uitslag van Macron beter dan de polls.

Toch blijft het spannend, met veel ontevreden kiezers en niet-stemmers. ";1;2022-04-20T08:15:53.000Z
"In de slag om de #Donbas heeft #Oekraïne meer en zwaardere wapens nodig. Meer pantservoertuigen, artillerie, munitie etc.

Heel goed dat #Nederland nu zwaarder materieel levert! En dat onze bondgenoten hetzelfde doen. ";1;2022-04-19T14:20:31.000Z
"Een kernteam van de Nederlandse ambassade is teruggekeerd naar #Lviv, in het westen van #Oekraïne.

Goede stap! Nederland moet steeds een juiste balans zoeken tussen veiligheid en het belang van diplomatiek werk. ";1;2022-04-19T09:26:27.000Z
"Het Russisch offensief in de #Donbas is begonnen. De oorlog is een tweede, cruciale fase ingegaan.

Vanuit de frontlinie (o.a. in #Donetsk) komen er direct berichten over tekorten aan wapens en munitie.

Westerse landen moeten zsm wapens en munitie blijven leveren! #ArmUkraineNow ";0;2022-04-18T20:46:13.000Z
"De nieuwe geopolitieke realiteit heeft grote gevolgen voor iedereen.

We moeten mensen meenemen in deze veranderingen. Zorgen serieus nemen. Anders kiezen ze voor extremen als Le Pen en Trump.

Vandaag in #Buitenhof: (1/2) ";1;2022-04-17T18:22:18.000Z
"Deze beelden van #Marioepol zullen nooit wennen. Russische hel op aarde… 

Laten we zo vlak voor Pasen hopen dat ook Marioepol weer zal herrijzen.

#StandWithUkraine ";0;2022-04-16T19:54:34.000Z
"Wat een schandalige actie in Ter Apel!

Russische LHBT asielzoekers zijn bedreigd vanwege hun seksuele geaardheid, en ook nog eens geïntimideerd door het Z symbool op de muur te kladden.

Deze vorm van haatzaaien moet hard worden aangepakt! Zowel door het COA als politie en OM! ";0;2022-04-15T19:27:10.000Z
"#Rusland geeft nu toe dat de #Moskva is gezonken.

Zogenaamde reden: ‘brand aan boord, explosie van munitie, gezonken tijdens storm op zee’.

Zouden Russen echt geloven dat zo’n belangrijk oorlogsschip hierdoor zinkt? De werking van Russische propoganda moet toch grenzen kennen.. ";0;2022-04-14T20:33:10.000Z
"Belangrijk debat over internationale #cyberveiligheid!

De minister zei mij toe te werken aan:
1️⃣ EU sancties voor hackers(groepen) uit #Rusland
2️⃣ Stevigere cyberdiplomatie (incl. sancties), o.a tegen #China
3️⃣ Meer ruimte voor offensieve cyberaanpak, waar nodig ter afschrikking ";1;2022-04-13T17:51:01.000Z
"Iedere schaarse opvangplek hebben we nu hard nodig!

Daarom moet het kabinet zich extra inspannen om meer #terugkeer van uitgeprocedeerde vreemdelingen te realiseren.

Vandaag steunde een brede meerderheid in de Kamer mijn oproep👇(1/2) ";1;2022-04-12T20:37:10.000Z
Goede bijeenkomst over #Oekraine bij de @VVDRotterdam. Met veel scherpe vragen en inzichten. Het was een groot genoegen! ;1;2022-04-12T19:43:51.000Z
"Als je denkt dat het niet krankzinniger kan, is daar altijd nog #Loekasjenko: 

“#Boetsja was een speciale operatie uitgevoerd door de Britten.”

#Belarus verdient dezelfde sancties als Rusland. En Nederland moet ook spionnen van Belarus het land uitzetten! ";0;2022-04-12T14:09:06.000Z
"Berichten over inzet chemische wapens door #Rusland in #Marioepol zijn nog afkomstig van één bron, maar wel zeer zorgelijk.

Dit moet zsm worden geverifieerd (bij voorkeur door de OPCW).

En ondertussen moet de #EU nieuwe tegenmaatregelen voorbereiden, om snel te kunnen reageren! ";0;2022-04-11T20:37:25.000Z
"#China ontnam #Hongkong haar vrijheid met een repressieve veiligheidswet.

Vanmiddag ontmoette ik Samuel Chu. Hij was de eerste in het buitenland die een arrestatiebevel kreeg obv deze wet.

We bespraken hoe de #EU steviger moet optreden tegen China en afhankelijkheden afbouwen! ";0;2022-04-11T14:29:58.000Z
"Positief dat #Macron ronde 1 ruimer wint dan vijf jaar geleden.

Als I) de opkomst in ronde 2 gelijk is en II) de Fransen het advies van hun eerste keus volgen, dan wint Macron straks ruim (ca 67%👇).

Dit zijn wel spannende aannames. Zeker zolang de prijzen en onvrede stijgen… ";1;2022-04-10T20:21:11.000Z
"Mooi dat ook in ons dorp de vlag wappert!

#StandWithUkraine #Oisterwijk #Oekraïne ";1;2022-04-10T14:54:49.000Z
"Meer en zwaardere wapens aan #Oekraïne vereist internationaal samenwerken!

1) Doorschuiven: Slowakije levert luchtafweersystemen S300s, en NAVO (incl. #Nederland) helpt Slowakije met luchtafweer

2) Coördineren van inkoop

3) Gezamenlijke druk op landen die leveringen blokkeren ";1;2022-04-09T14:47:32.000Z
"Zeer terechte stap! De Verenigde Naties zetten #Rusland uit de Mensenrechtenraad!

Dit gebeurt zelden, mede omdat 2/3 meerderheid nodig is.

Opmerkelijk positief: Servië, Hongarije, Turkije, Israël. Helaas stellen China en veel landen in Afrika, Azië en Midden-Oosten weer teleur. ";1;2022-04-07T16:27:13.000Z
"Protestactie bij het parlement in #Georgië.

#StandWithUkraine️ #BuchaMassacre ";0;2022-04-06T19:21:10.000Z
"Laatste overzicht.

Ook in het zuiden wint #Oekraïne terrein. Maar in het oosten dreigen troepen omsingeld te raken. Daar vindt intensieve strijd plaats.

In het debat vandaag bepleitte ik meer en zwaardere wapens te leveren. En voor gezamenlijke druk op landen die dit blokkeren! ";1;2022-04-06T13:53:04.000Z
"Afschuwelijke oorlogsmisdaden vragen om hardere sancties tegen #Rusland!

Goed dat de Europese Commissie een stevig vijfde pakket voorstelt. Dit voert de druk op Poetin nog verder op.

#Nederland moet deze sancties steunen en stimuleren dat de 27 EU-landen hier zsm mee instemmen! ";1;2022-04-05T13:36:24.000Z
"In #Hongarije en #Servië wonnen autoritaire leiders weer ruim.

Overwinningsspeeches:
-#Orban: ‘ik won van iedereen, ook mijn opponent Zelensky’
-#Vucic: ‘wij blijven vriendschappelijke relaties met Rusland onderhouden’

En dat allemaal net na #Boetsja. Schaamteloos en triest… ";0;2022-04-04T07:32:12.000Z
"Actuele overzichtskaart.

#Rusland wordt snel teruggedrongen in het noorden, zelfs helemaal tot Belarus. De oorlog verplaatst zich nog meer naar het oosten en zuiden, waar de gevechten nóg heviger zullen worden.

Hiervoor moeten we wapens aan #Oekraïne blijven leveren! ";1;2022-04-03T19:30:01.000Z
"De echte zwakte van het Russische leger is niet de terugtrekking bij #Kyiv, maar de barbaarse wijze waarop ze onschuldige burgers vermoorden.

De Z van het Russische leger staat voor Zwak, Ziekelijk en Zielloos. (1/2)

#BuchaMassacre #Boetsja ";0;2022-04-03T12:58:03.000Z
"Een moment om ook even trots te zijn op onze steun aan #Oekraïne.

Zoals #Zelensky terecht zei mag een oorlog nooit wennen. #Nederland moet leidend blijven met militaire, humanitaire en financiële steun.

#StandWithUkraine ";1;2022-03-31T13:28:49.000Z
"Helaas ben ik nu ook aan de beurt…

Voor mij daarom even geen speech Zelensky, geen debat en geen verkiezingswaarneming in Servië.

Gelukkig vallen de klachten nog mee en staan er direct geweldige mensen klaar om me te vervangen! #COVID19 ";1;2022-03-30T17:30:56.000Z
"Goede stap van #Nederland! Onze veiligheid staat voorop.

Het laat zien hoe serieus deze dreiging van #Rusland is. Het langer in de gaten houden van deze spionnen woog niet op tegen de veiligheidsrisico’s.

Diverse bondgenoten doen hetzelfde. Wederom een teken van eensgezindheid! ";1;2022-03-29T14:31:55.000Z
"We staan voor een enorme opgave! Alle creativiteit is nodig voor opvang van vluchtelingen en betaalbare woningen voor alle Nederlanders.

Nieuwe locaties vrijmaken, overheids- en kantoorpanden ombouwen, meer flexwoningen neerzetten etc.

Behoud van draagvlak is daarbij cruciaal! ";1;2022-03-29T12:01:04.000Z
Goedemorgen! Deze ochtend spreken we over de actuele ontwikkelingen in #Oekraïne en de opvang van vluchtelingen. ;1;2022-03-29T05:04:18.000Z
"A delegation of the foreign affairs committee of the Dutch Parliament visited #Bosnia-#Herzegovina.

We have serious concerns about the current political situation and recent events. 

Here is our common statement👇 ";0;2022-03-28T20:16:27.000Z
"Zo ziet “bevrijding” door #Poetin eruit.

#StandWithUkraine️ #Charkov #Kyiv ";0;2022-03-28T12:14:14.000Z
"De omvang van de huidige vluchtelingencrisis is ongekend voor #Europa.

In de afgelopen jaren was oktober 2015 de maand met de meeste asielaanvragen in de EU: 162.000

Nu zijn in één maand ca 3.500.000 mensen gevlucht uit #Oekraïne. Dat is &gt;20 keer (!) het eerdere recordaantal. ";1;2022-03-27T19:58:23.000Z
"Een aangrijpend bezoek aan #Srebrenica.

We herdachten de &gt;8000 slachtoffers van de genocide. Spraken met de moeders. En reflecteerden op alles wat misging.

Het is zeer belangrijk om hierbij stil te blijven staan. Helaas zijn extreem gedachtegoed en geweld niet weg uit #Europa. ";1;2022-03-26T16:00:56.000Z
"Met enkele Kamerleden bezoeken we Bosnië-Herzegovina.

De oorlog speelt nog een prominente rol in de politiek en het leven van mensen. #Sarajevo was &gt;3 jaar (!) omsingeld, met slechts één tunnel naar de buitenwereld.

Helaas zijn dit soort verschrikkingen weer terug in #Europa. ";0;2022-03-24T15:40:35.000Z
"🧵 Door de oorlog in #Oekraïne is er een ongekende vluchtelingencrisis in de EU. 

Heel #Nederland draagt bij aan deze opvang. Dat is geweldig. Om zoveel draagvlak te blijven houden moet dit op een beheersbare manier gebeuren.

Enkele conclusies uit het debat vandaag👇(1/4) ";0;2022-03-23T18:44:15.000Z
"Massale braindrain uit #Rusland!

Circa 60.000 ICT-specialisten vertrokken uit Rusland sinds de oorlog in #Oekraïne. Naar verwachting komen daar in april nog 100.000 bij.

Dit zei het hoofd van een Russische ICT-associatie vandaag in de Doema. Een grote klap voor de economie! ";0;2022-03-22T21:59:33.000Z
"Volgende week spreekt president #Zelensky de Tweede Kamer toe.

Hij zal vragen #Oekraïne te blijven steunen. Dat moeten we doen!

Met meer humanitaire hulp, financiële steun en wapens (o.a. munitie en luchtafweersystemen). En door sancties steviger te handhaven en uit te breiden. ";1;2022-03-22T09:24:20.000Z
"#Rusland blijft desinformatie verspreiden over bio-labs in #Oekraïne.

Dit kan een opmaat zijn voor #Poetin om zelf biologische wapens in te zetten.

Onlangs diende ik een motie in om tegenmaatregelen voor te bereiden. 

Brede steun, behalve FvD en BVNL. Ongelooflijk! (1/2) ";0;2022-03-21T21:48:55.000Z
"Russische militairen beschieten zojuist vreedzame demonstranten in #Cherson, in het zuiden van #Oekraïne. Er zijn ook al eerste beelden van slachtoffers.

Iedere dag handelt #Rusland weer krankzinniger! #StandWithUkraine ";0;2022-03-21T11:52:35.000Z
"Deze week spraken we digitaal met diverse Oekraïense parlementariërs.

Zij verwachten weinig van de gesprekken tussen #Oekraïne en #Rusland. Zeker geen vredesakkoord.

Volgens Turkije is dit wél dichtbij. Zoveel concessies lijkt me nu nog onwaarschijnlijk. ";0;2022-03-20T20:35:43.000Z
"Zeer zorgwekkend!

Landen in #Afrika zijn voor de import van tarwe voor 30%-100% afhankelijk van #Rusland en #Oekraïne.

De graanproductie in Afrika en de rest van de wereld moet snel omhoog om grotere voedselproblemen te voorkomen! @KlinkJan zet zich hier nadrukkelijk voor in. ";0;2022-03-20T10:18:22.000Z
"Heldere overzichtskaart. 

De verdediging en afschrikking door de #NAVO aan de oost-grens tegen #Rusland is flink versterkt. 

Goed dat #Nederland hier steeds meer aan bijdraagt! ";1;2022-03-19T20:17:11.000Z
"Sinds de oorlog uitbrak zijn meer dan 260.000 Oekraïners (!) naar hun land teruggekeerd.

80% zijn mannen om te vechten voor #Oekraïne, maar het gaat ook om tienduizenden vrouwen. Vaak om voor familie te zorgen.

Wat een dappere mensen! #standwithukraine ";1;2022-03-17T14:13:53.000Z
"#Zelensky zojuist in een historische speech aan het Amerikaanse Congres:

‘Ik ben nu bijna 45 jaar. Vandaag is mijn leeftijd gestopt, toen de harten van meer dan 100 kinderen stopten. Ik zie geen betekenis in het leven, als het de doden niet kan tegenhouden’

#StandWithUkraine ";1;2022-03-16T14:30:09.000Z
"Nederland werkt hard om de eerste vluchtelingen uit #Oekraïne op te vangen.

Ik maak me vooral zorgen over grote aantallen daarna. Al 3 miljoen Oekraïners zijn op de vlucht. Als 5% naar NL komt is dit enorm!

In het #Vragenuur zei @ericvanderburg hierop te anticiperen. Heel goed! ";1;2022-03-15T16:19:14.000Z
"#Poetin zette President #Biden en andere hoge Amerikanen op de sanctielijst.

Direct veel grappen over jachten en villa’s in #Rusland (die Biden niet heeft).

Maar nu is diplomatiek overleg tussen de staatshoofden van VS-Rusland ook niet meer mogelijk in Moskou. Een slechte zaak! ";0;2022-03-15T15:37:26.000Z
"Helaas zijn in mijn gemeente geen verkiezingen, maar ik heb wel een goed advies!

Woon je in #Breda? ✅
Stemmen op een echte Brabander met internationale blik? ✅
Kies je graag voor groot talent? ✅

Stem dan op mijn steun en toeverlaat in de Kamer: Lavina Heesterbeek, VVD nr 40! ";1;2022-03-15T10:32:45.000Z
"Momenteel worden per dag ca 1000 vluchtelingen uit #Oekraïne geregistreerd in #Nederland.

Dat lijkt nog beperkt, maar is &gt;10 keer zoveel als het normaal aantal asielaanvragen!

Gelukkig komt heel Nederland in actie. Het is nu alle hens aan dek! ";1;2022-03-14T21:48:12.000Z
"Wat een moedige demonstrant zojuist op de staatszender in #Rusland!

Op het bord staat: ‘stop de oorlog, geloof de propoganda niet, hier worden leugens verteld’. ";1;2022-03-14T19:25:24.000Z
"Een aardverschuiving in #Finland!

Jarenlang was ca 20% van de Finnen voorstander van lidmaatschap van de #NAVO, in een peiling vandaag is dit 62% (!)

Hieruit blijkt een strategische fout van #Poetin: hij heeft de NAVO populairder gemaakt dan ooit. ";1;2022-03-14T15:41:00.000Z
"De economie van #Rusland krijgt een stevige klap door de #sancties!

De aandelenbeurs blijft dicht en er zijn nog geen recente exportcijfers, maar de wisselkoers en rente op staatsobligaties geven een goede indicatie.

De waarde van de #Roebel is onlangs bijna gehalveerd.. (1/2) ";0;2022-03-14T10:51:00.000Z
"Wat een schandelijke uitspraken van de ambassadeur van #Rusland bij Buitenhof. Pure desinformatie!

Overigens is dit de man die eerder met kernwapens dreigde dan #Poetin. ";0;2022-03-13T12:56:49.000Z
"Een zonnige zaterdag: dus op campagne in #Kaatsheuvel, #Dongen en #Tilburg.

Veel gesprekken aan de deur, bloemen bezorgen en natuurlijk een biertje ter afsluiting. 

En dat allemaal met één boodschap: ga stemmen op 16 maart!! 🗳🖍 ";1;2022-03-12T15:58:13.000Z
Wat een mooi straatnaambordje. Only in #Dongen! ;1;2022-03-12T13:02:08.000Z
"Goede gesprekken vandaag in het mooie #Hilvarenbeek.

Veel vragen over #Oekraïne, de energierekening en het tekort aan woningen. Maar ook vertrouwen dat we veel problemen ook nu weer kunnen oplossen! ";1;2022-03-11T20:26:51.000Z
"Ook internationaal worden gewone Russen steeds meer geïntimideerd en de Russische cultuur geboycot.

Dit is verkeerd! We moeten ook nu proberen contact te blijven houden.

We veroordelen de gruwelijke misdaden van het regime van #Poetin, niet de bevolking of cultuur van #Rusland! ";0;2022-03-10T11:40:01.000Z
Een krater bij het #kinderziekenhuis in Marioepol. Dit is de kracht waarmee #Poetin kinderen in #Oekraïne bombardeert. Misselijkmakend. ;0;2022-03-09T17:44:05.000Z
"Het allerlaagste van het allerlaagste. 

Massale bombardementen van een #kinderziekenhuis in Marioepol, in het zuiden van #Oekraïne. Volgens berichten liggen er nog volwassenen en kinderen onder het puin.

Een vreselijke oorlogsmisdaad! #Poetin kent geen enkele schaamte. ";0;2022-03-09T16:40:35.000Z
"Zo kennen we het #Turkije van #Erdogan weer.

Internationaal probeert het een constructieve rol te spelen rondom #Oekraïne, maar nationaal slaat het een vreedzaam vrouwenprotest neer. Diep treurig!

#InternationalWomensDay #InternationaleVrouwendag ";0;2022-03-08T22:19:17.000Z
"Onze fractievoorzitter @hermans_sophie en ik gingen in gesprek met VVD-leden over de oorlog in #Oekraïne.

We spraken over de actuele situatie, humanitaire hulp, NAVO en Defensie, vluchtelingen, de gevolgen voor Nederland en veel meer.

Dank voor alle vragen en het goede gesprek! ";1;2022-03-08T20:35:56.000Z
"Laatste overzicht van de situatie in #Oekraïne.

Helaas wint #Rusland weer terrein. #Kyiv, Marioepol en andere plekken raken meer omsingeld. Het is des te verwerpelijker dat Rusland de humanitaire corridors blijft aanvallen.

Meer humanitaire hulp zal de komende tijd nodig zijn! ";0;2022-03-08T17:34:42.000Z
"Het leed en verdriet in #Oekraine zijn verschrikkelijk.

44 miljoen mensen leven in angst, onzekerheid en steeds slechtere omstandigheden. 

Wat zou het mooi zijn als #Nederland minimaal dit symbolische bedrag van €44 miljoen bijeenbrengt. Dat moet lukken!

Steun #Giro555! ";1;2022-03-07T19:30:30.000Z
"We moeten onderscheid blijven maken tussen gewone Russen en het regime van #Poetin!

In Amsterdam zijn de ramen ingeslagen van een supermarkt met Slavische producten, met als naam: ‘Hallo #Rusland’.

Dit soort acties moet stoppen! Intimidatie en discriminatie zijn onacceptabel! ";0;2022-03-07T15:49:18.000Z
"We hebben iedere opvangplek nodig voor échte vluchtelingen uit #Oekraïne.

Maar er zijn in #Nederland nog duizenden uitgeprocedeerde vreemdelingen, zonder recht op asiel.

Daarom is nu het moment voor een terugkeeroffensief! 

Mijn opiniestuk bij Elsevier👇";1;2022-03-07T13:22:59.000Z
Voor iedereen die hoopt dat we #China nu wel kunnen losweken van #Rusland… ;0;2022-03-07T08:55:06.000Z
"De kracht van propaganda.

Op de vraag ‘wie zijn de oorlog in #Oekraïne gestart’ noemen Russen:
- VS: 60%
- Oekraïne: 30%
- NAVO: 29%
- #Rusland: 16% (!)

Dit was nog vóórdat alle westerse media moesten sluiten.

Kortom, los van de realiteit kan #Poetin ieder narratief verkopen. ";0;2022-03-06T20:48:25.000Z
"Een zware invasie vereist zware verdediging!

Goed dat #Polen bereid lijkt straaljagers (MiG-29) te leveren aan #Oekraïne.

De VS levert Polen dan vervangende straaljagers, en intussen kan de NAVO (evt met bijdrage van #Nederland) luchttaken van Polen overnemen! #StandWithUkraine ";1;2022-03-06T15:20:14.000Z
"Barbaars en niets ontziend! 

#Rusland valt mensen aan die vluchten via een corridor (in Irpin, vlakbij Kyiv).

Zo durven mensen niet te vluchten. En blijven ze achter in steden in #Oekraïne, waar Rusland straks iedereen beschouwt als strijder ipv burger. Het is afschuwelijk. ";0;2022-03-06T13:47:02.000Z
"De sancties kosten #Rusland naar schatting €1-1.5 miljard per dag.

Daarvan verdient Rusland al €500 miljoen terug uit hogere gasexport naar de #EU👇. Daar komen hogere olie-inkomsten en gasverkoop aan anderen nog bij.

Dit toont weer dat we zsm Russisch gas moeten afbouwen! ";0;2022-03-05T22:05:14.000Z
"We zullen iedere opvangplek in #Nederland nodig hebben voor vluchtelingen uit #Oekraïne.

Dat vraagt om veel creativiteit. Gelukkig zijn veel mensen, dorpen en steden bereid om Oekraïners op te vangen.

Wel is goede ondersteuning en coördinatie door de landelijke overheid nodig! ";1;2022-03-05T18:17:28.000Z
"Nu live op NPO 1! 

Speciale uitzending van Goedemorgen NL over #Oekraïne. ";1;2022-03-05T09:14:00.000Z
"#Oekraïne wilde iets opbouwen, #Rusland alleen alles kapot maken.

Het stadje Irpin, vlakbij #Kyiv:
#StandWithUkraine️ ";1;2022-03-04T17:41:34.000Z
"Het is echt indrukwekkend hoe #Oekraïne de hoofdstad #Kyiv weet te verdedigen.

En dat tegen een Russisch konvooi van meer dan 60 km lang!

Ze weten #Rusland in het noord-westen zelfs terug te dringen, mogelijk tot achter een rivier op grote afstand👇. ";1;2022-03-04T15:45:18.000Z
"Totaal onverantwoord!

Ik vreesde dat Rusland onbedoeld één van de vier kerncentrales in #Oekraïne zou raken, maar vannacht viel Poetin doelbewust de grootste in #Zaporizja aan.

Alle diplomatieke druk op #Rusland moet erop gericht zijn dit soort absurde excessen te voorkomen! ";0;2022-03-04T08:42:17.000Z
"Langzaam komen er steeds meer scheurtjes in het Russische staal.

Hopelijk leidt de economische druk ertoe dat de barsten steeds groter worden.

We moeten de sancties streng handhaven en blijven zoeken naar manieren om de druk op #Rusland verder op te voeren! #StandWithUkraine️ ";0;2022-03-03T18:57:49.000Z
"Actuele update over #Oekraïne.

Ook al wint #Rusland terrein in het zuiden, het ondervindt overal stevige weerstand. 

Rondom #Kyiv vinden zelfs succesvolle tegenaanvallen plaats tegen het enorme konvooi. We moeten wapens blijven leveren! #StandWithUkraine️ ";1;2022-03-03T16:41:51.000Z
Zoals vaak weer de beste cover. #StandWithUkraine ;1;2022-03-03T13:11:55.000Z
"Er is politiek brede eensgezindheid dat meer investeringen in #Defensie nodig zijn!

Zowel op korte termijn om meer aan #Oekraïne te leveren als structureel om de #NAVO aan de oost-grens te versterken.

#Poetin mag het niet in zijn hoofd halen verder Europa in te gaan! ";1;2022-03-02T20:52:29.000Z
"De hele wereld heeft kleur bekend!

141 van de 180 landen veroordeelden de invasie van #Rusland in #Oekraine, en eisen een terugtrekking.

5 stemden tegen en 35 onthielden zich van stemming. Van #China was dit laatste te verwachten, maar vooral #India valt tegen! ";1;2022-03-02T19:47:25.000Z
"Goed gesprek met de ambassadeur van #Roemenië.

We spraken over de actuele situatie in #Oekraïne, de opvang van vluchtelingen, en het versterken van de NAVO aan de oost-grens.

Op al deze punten moeten we de eenheid binnen de #EU en met de VS, VK en andere bondgenoten vasthouden! ";1;2022-03-02T16:34:41.000Z
"Juist nu er een oorlog is in onze regio, moet ieder asielbed beschikbaar zijn voor échte vluchtelingen.

Vreemdelingen zonder recht op asiel moeten daarom snel terugkeren.

Goed dat een verplichte coronatest op aandringen van @pvalstar mogelijk wordt! ";0;2022-03-02T14:33:52.000Z
"Tot nu toe stelde #Turkije zich goed op. 
Het steunt #Oekraïne, levert drones, werkt samen binnen de NAVO, en bekritiseert Rusland.

Maar nu weigert #Erdogan om #sancties in te voeren. Dit maakt vooral het Europees vliegverbod minder effectief. 

Kwalijk en zeer teleurstellend! ";0;2022-03-01T20:34:21.000Z
Enorme explosie bij #Charkov. Dit lijkt weer op een vacuümbom bij burgerdoelen, dat zou opnieuw een oorlogsmisdaad zijn door #Rusland. Vreselijk! ;0;2022-03-01T19:15:07.000Z
"#Rusland probeert steeds meer de communicatie in #Oekraïne plat te leggen. 

Zojuist een explosie bij de TV-toren in #Kyiv: ";0;2022-03-01T15:23:47.000Z
"Allerlaatste update over #Oekraïne. Ondanks de krachtige weerstand, wint #Rusland helaas terrein.

#Belarus speelt een zeer kwalijke rol. Niet alleen als uitvalsbasis, maar ook door vanuit het noorden mee te vechten.

Belarus moet zsm dezelfde sancties krijgen, geen half werk! ";0;2022-03-01T15:08:31.000Z
"Vreselijke raketaanvallen vandaag in #Charkov in #Oekraïne. Mijn gedachten zijn bij de vele slachtoffers.

Dit zijn pure oorlogsmisdaden door #Rusland! Het Internationaal Strafhof moet dit onderzoeken.

Goed dat het kabinet aangaf zich hiervoor in te zetten. #StandingWithUkraine ";0;2022-02-28T20:07:23.000Z
"De oorlog in #Oekraïne en dreiging door #Rusland vragen om extra investeringen in onze #veiligheid.

Zojuist heeft de Tweede Kamer breed een motie opgesteld om zowel nu als stuctureel meer te investeren in #Defensie. 

Een krachtig signaal van eenheid! ";1;2022-02-28T16:23:46.000Z
"Vanuit #Belarus worden raketten geschoten op burgerdoelen in #Oekraïne.

Goed dat de #EU extra sancties oplegt aan Belarus. We moeten deze even stevig maken als tegen #Rusland! Zoveel mogelijk gelijk doortrekken!

Hier een aanslag vanuit Belarus op een filmtheater in Chernigov: ";0;2022-02-27T19:08:29.000Z
"#Poetin dreigt al op dag 4 met verhoogde paraatheid van #kernwapens.

Een wanhopige daad om #Oekraïne en het Westen te intimideren.

Wat nu? Ons niet laten provoceren. Eensgezind doorgaan. Poetin subtiel wijzen op onze kernwapens. En niet meegaan in deze onverantwoorde retoriek. ";0;2022-02-27T17:33:29.000Z
"Een allerlaatste update van de situatie in #Oekraïne.

Het Oekraïense leger biedt geweldig weerstand! In de grote steden Kyiv en Charkov heeft #Rusland veel moeite. Het lijkt dat #Poetin dit heeft onderschat. We moeten zoveel mogelijk wapens blijven leveren!

Bron: @coupsure ";1;2022-02-27T14:43:58.000Z
"Het westen voert de druk nu vol op! (Swift, vliegverbod, wapens aan #Oekraïne)

Heel goed! Maar we moeten blijven zoeken naar manieren om #Rusland te raken:
&gt; Software licenties direct opzeggen
&gt; Satellietsignalen verstoren (in Zwarte Zee en Belarus)
&gt; Communicatiekanalen stoppen ";1;2022-02-27T12:39:42.000Z
"Het enige Europese land (naast Belarus) dat de invasie door #Rusland niet expliciet veroordeelt is #Servië.

Ook weigert Servië mee te doen met internationale sancties.

Dit vergeten we niet! #StandWithUkraine ";0;2022-02-26T21:04:42.000Z
"Heel goed dat #Swift lijkt te lukken, en dan direct doorpakken!

We moeten ook sancties opleggen aan de Russische Centrale Bank. Dan krijgt #Rusland minder toegang tot ca $600 miljard opgebouwde reserves. Deze staan deels in het buitenland.

Zo delen we #Poetin nog een klap uit! ";1;2022-02-26T17:22:09.000Z
"Het Russische #Aeroflot vliegt nu nog over Europa.

Er moet zsm een Europees vliegverbod worden opgelegd!

Ondertussen namen individuele landen ook zelf al initiatief, zoals het VK en Polen. #Nederland moet Duitsland, Frankrijk en Turkije aansporen hier samen bij aan te sluiten! ";0;2022-02-26T13:21:29.000Z
"De oorlog in #Oekraïne is in allerlei opzichten een wake-up call.

We moeten onze afhankelijkheid van agressieve grootmachten afbouwen. Dit geldt voor #Rusland (gas), maar ook voor #China (grondstoffen, essentiële producten).

Weg met de naïviteit! #hlf8 (1/2) ";0;2022-02-25T20:50:27.000Z
"Foutje in een Duitse krant!

FAZ schreef dat #Nederland mede zou tegenhouden dat #Rusland wordt uitgesloten van #SWIFT.

Dat klopt niet! Het kabinet is vóór deze sanctie. Rutte en Hoekstra zijn daar duidelijk over.

Inmiddels is het artikel gecorrigeerd👇! ";0;2022-02-25T15:52:49.000Z
"#Poetin moet het niet in zijn hoofd halen bovenop #Oekraïne ook NAVO-landen in Oost-Europa te bedreigen. 

Meer dreiging vereist meer militaire afschrikking. En dat betekent op middellange termijn meer investeren in defensie.

Geen ijzeren gordijn, maar een militair gordijn! ";0;2022-02-25T10:55:18.000Z
"Het #EU sanctiepakket tegen #Rusland is robuust, maar niet het maximale.

Het afsluiten van betalingssysteem SWIFT zit er niet. Dit laat zien dat Europese landen nog te afhankelijk zijn van Russisch gas👇.

Kortom: we delen forse economische klappen uit, maar geen uppercut. ";0;2022-02-25T08:04:52.000Z
Nederlandse steden laten steun zien aan #Oekraïne. Mooi gebaar! 🇺🇦🇺🇦🇺🇦 ;1;2022-02-24T19:25:37.000Z
"Dappere Russen gaan de straat op in #Moskou en scanderen ‘NEE tegen oorlog’!

In 40 steden zijn er dit soort protesten. In het huidige #Rusland is dit zeer uitzonderlijk. Laatste bericht is dat al meer dan 650 mensen zijn gearresteerd. ";1;2022-02-24T17:59:59.000Z
"Door alle chaos en berichten is het moeilijk om overzicht te houden van de situatie in #Oekraïne.

Deze kaart laat de posities van Russische troepen zien, de luchtaanvallen en de grondbewegingen. Het is een invasie vanuit alle kanten!

Bron: @COUPSURE ";1;2022-02-24T15:50:33.000Z
"Bombardement vlakbij een elektriciteitscentrale nabij #Kyiv.

Er zal in #Oekraïne snel een gebrek ontstaan aan essentiële producten (voedsel, medicijnen, energie, cash geld). 

#Nederland en #EU moeten daarom zsm humanitaire en financiële steun leveren! ";0;2022-02-24T15:23:38.000Z
"#Rusland gaat all out. Massale helikopteraanvallen nabij #Kiev. Krankzinnig!

Nieuwe verzoeken van #Oekraïne om wapens moet #Nederland zo snel mogelijk steunen! ";0;2022-02-24T12:33:22.000Z
"De dag die we hoopten dat nooit zou komen, is er nu toch.

#Rusland is een grote oorlog tegen #Oekraïne begonnen. Op veel plekken worden bombardementen gemeld.

Mijn gedachten gaan naar de mensen in Oekraïne. Zoveel ellende om niets.

Een krachtige westerse reactie is snel nodig! ";0;2022-02-24T04:28:19.000Z
"Alle seinen gaan nog dieper op rood:
- Waarschuwing van VS, VK en NAVO voor Russische aanval in 48 uur
- Noodtoestand uitgeroepen in #Oekraïne
- Veel tanks vlakbij #Charkov (1.4 mln inwoners)👇

EU en VS moeten harder aangeven welke sancties #Rusland krijgt bij verdere invasie! ";0;2022-02-23T20:59:56.000Z
"Tijdens de Spelen sprak #China zich nauwelijks uit over #Oekraïne.

Nu steunen ze onverholen de illegale acties van #Rusland, en gaan ze vol op het orgel tegen de #VS en #NAVO👇.

Het feestje is 4 dagen voorbij, en het Chinese regime laat weer haar kwaadaardige gezicht zien! ";0;2022-02-23T13:46:43.000Z
"Zojuist spraken we als Tweede Kamer goed en indringend met de ambassadeur van #Oekraïne.

Ik benadrukte onze steun voor de soevereiniteit van Oekraïne en veroordeelde de agressie van #Rusland.

Ook bespraken we de actuele dreiging, steun aan Oekraïne en afschrikking tegen Poetin. ";1;2022-02-23T10:16:19.000Z
"NIEUWS 2: #Nederland heeft het reisadvies voor #Oekraïne teruggedraaid.

Het zegt nu dat #Rusland ‘MOGELIJK’ militaire troepen naar Donetsk en Loehanks zal sturen.

Zo ontkent de regering dus weer dat er sprake is van een #invasie. Wanneer stopt deze verwarring? ";0;2022-02-23T07:03:55.000Z
"Zijn de sancties van de #EU en #VS stevig genoeg?

Ik vrees van niet:
- Grote banken worden ontzien
- Onduidelijk of financiële sancties  #Rusland echt pijn doen (gezien grote reserves)
- Economische EU sancties lijken smal (27 individuen en bedrijven) ipv breed.

Mini-🧵! (1/4) ";0;2022-02-22T21:19:53.000Z
"#Rusland voert ook vanavond opmerkelijke acties uit:
- Alle diplomaten weghalen uit #Oekraïne
- Het Russisch consulaat in Odessa verbrandt massaal documenten👇

Zo lijkt het erop dat Rusland een grote confrontatie verwacht. En daarom alle diplomaten en informatie veilig stelt. ";0;2022-02-22T19:25:28.000Z
"NIEUWS: #Nederland meldt nu in het reisadvies dat #Rusland militaire troepen naar #Donetsk en #Loehansk heeft gestuurd. 

Hiermee erkent de regering in feite dat er sprake is van een #invasie! ";0;2022-02-22T17:14:53.000Z
"Na een dag onduidelijkheid laat #Poetin geen misverstand meer bestaan.

De erkenning van #Loehansk en #Donetsk betreft de HELE provincies. Dus ook de door #Oekraïne gecontroleerde delen.

Dit is een verkapte oorlogsverklaring en mogelijke opmaat naar militaire confrontatie. ";0;2022-02-22T16:58:08.000Z
"Eerste beelden van Russische tanks in #Donetsk!

Dit is bevestigd door persbureau @Reuters. Er kan nu geen enkele twijfel meer zijn: dit is een invasie van #Rusland in #Oekraïne.

Dit betekent dat de #EU vandaag meteen moet doorpakken met een stevig sanctiepakket! ";0;2022-02-22T14:40:00.000Z
"Hoe weet je zeker dat je een hele foute stap hebt gezet?

Als er een dag later slechts één land is dat je formeel steunt: #Syrië 

Naast #Rusland is schurkenstaat Syrië nu het ENIGE land dat ook de onafhankelijkheid van #Loehansk en #Donetsk erkent. ";0;2022-02-22T13:13:05.000Z
"#Poetin heeft een grote stap gezet, maar het blijft hier niet bij.

In zijn speech ontkende hij het bestaansrecht van héél #Oekraïne. En de meeste Russische troepen staan juist NIET bij Loegansk en Donetsk👇

Een stevige #EU reactie is zsm nodig om meer agressie te ontmoedigen! ";0;2022-02-22T08:16:53.000Z
"NIEUWS: #Poetin kondigt een ‘vredesmissie’ in Donetsk en Luhansk aan.

Dat betekent Russische tanks en militairen die de grens met #Oekraïne overgaan. De nieuwe fase in deze oorlog is begonnen.

Niemand in de #EU mag meer twijfelen over snelle en stevige sancties tegen #Rusland! ";0;2022-02-21T21:30:26.000Z
"De #VS pakt binnen een uur door: een verbod om zaken te doen in #Luhansk en #Donetsk, en sancties aan ieder persoon die hier toch opereert.

Hier moet de #EU een voorbeeld aan nemen! Sluit hier razendsnel zoveel mogelijk bij aan! ";0;2022-02-21T21:01:47.000Z
"#Poetin erkent nu 2 provincies in Oost-#Oekraïne als onafhankelijk (groter gebied dan onder controle separatisten).

Een grove schending van internationaal recht en de Minsk-akkoorden. En wellicht een voorbode voor een aanval.

Dit is het moment voor eerste stevige 
#EU sancties! ";0;2022-02-21T19:39:11.000Z
Nu de internationale gemeenschap live meekijkt, laat #Poetin ons voelen hoe een speech van een ouderwetse dictator voelt: talloze discutabele beweringen, te veel woorden en waarschijnlijk eindigend met… ‘en daarom moet iedereen stil zijn en lijf ik de buren in’. ;0;2022-02-21T19:27:24.000Z
"Vandaag was ik bij de #NAVO in #Brussel. 

Ik mocht het Nederlands parlement vertegenwoordigen in een bijeenkomst met #Stoltenberg en de 30 NAVO-ambassadeurs.

Heldere conclusie: alles wijst op een aanval van #Rusland op #Oekraïne. Daar moeten we ons eensgezind op voorbereiden! ";0;2022-02-21T18:04:53.000Z
The person who can answer this question mark (combining all three corners of the triangle) deserves the Nobel Peace Prize. #Ukraine #Russia ;1;2022-02-21T11:04:52.000Z
"Kom op @NOS, inmiddels is het al meer dan een half uur duidelijk dat #Poetin een topoverleg met #Biden afhoudt.

Het illustreert: wij willen zo graag in gesprek, maar #Moskou wil alleen maar concessies. En zolang Poetin niks krijgt, voert hij de militaire druk verder op. ";0;2022-02-21T09:17:45.000Z
"Terugblik op het jaarlijkse veiligheidscongres in #München. Een tweeluik:

#VS: we staan op een kritiek moment en moeten er alles aan doen de agressie van Rusland af te schrikken.

#EU: wat was het leuk om weer met collega’s bij te kletsen.

Zó veelzeggend… 🤦‍♂️ ";1;2022-02-20T18:38:57.000Z
"Zo ziet repressie door #Rusland eruit!

In 2014 protesteerden in #Moskou nog tienduizenden Russen tegen de aanval op #Oekraïne. 

In 2022 durft nog maar een enkeling dit. En diegene wordt direct opgepakt. ";0;2022-02-20T12:20:26.000Z
"Verstandig besluit! 

Nederland volgt hiermee de VS, VK en NAVO. De dreiging aan de grens met #Oekraïne is acuut en immens, helaas ook voor #Kiev. ";1;2022-02-20T09:18:37.000Z
"Deze kaarten van @CSIS laten de enorme extra troepenopbouw zien door #Rusland in de afgelopen drie weken.

Links is 27 januari en rechts is eergisteren. De laatste twee dagen zijn troepen nog verder richting de grens van #Oekraïne opgeschoven. ";1;2022-02-20T07:50:56.000Z
"Iedere dag dat #Rusland niet aanvalt is een opluchting.

Maar ook vandaag:
- Veel beschietingen in Oost-#Oekraïne
- Oekraïense minister en journalisten onder vuur door mortiergranaten👇
- Zware rakettesten

En bovenal geen terugtrekking, maar verdere mobilisatie van troepen… ";0;2022-02-19T18:33:05.000Z
"NIEUW! Groot bericht van President #Biden: 

“Ik ben ervan overtuigd dat #Poetin een besluit heeft genomen en #Oekraïne gaat binnenvallen.” ";0;2022-02-18T22:27:31.000Z
"Onvoorstelbaar dat Premier #Draghi van #Italië dit zojuist zei:

“Zo beperkt mogelijk sancties tegen #Rusland, evenredig aan een Russische aanval, en NIET op energie. Ik waardeer dat Poetin meer gas heeft toegezegd.”

Een Italiaans mes in de rug van #Oekraïne (en de EU)… ";0;2022-02-18T18:58:07.000Z
"Na de eerdere oproep tot evacuatie, heeft #Poetin nu opgedragen om mensen uit Oost-#Oekraïne in Rusland op te vangen. 

Hier de eerste beelden van mensen die massaal vertrekken👇

Zo maakt #Rusland de weg vrij voor verdere escalatie… (1/2) ";0;2022-02-18T16:38:33.000Z
"Het wordt voor #Oekraïne alsmaar erger!

#Rusland kondigde nucleaire oefeningen aan en bespreekt langere militaire aanwezigheid in #Belarus.

En nu meldt de leider van Donetsk (Oost-Oekraïne) een massale evacuatie van vrouwen, kinderen en ouderen naar Rusland. Zeer verontrustend! ";0;2022-02-18T13:49:57.000Z
"Goed besluit van het kabinet!

#Nederland levert serieus materieel: scherpschuttersgeweren en munitie, radars, detectoren, scherfvesten en gevechtshelmen.

Zo helpen we #Oekraïne om zich te verdedigen tegen de ernstige dreiging door #Rusland!
";1;2022-02-18T12:27:19.000Z
"Vanwege deze verschuiving zal ik naast Buitenlandse Zaken ook tijdelijk de portefeuille Asiel &amp; Migratie doen. ";1;2022-02-18T11:23:38.000Z
"Vandaag is het onderzoek ’Onafhankelijkheid, dekolonisatie, geweld en oorlog in #Indonesië 1945-1950’ gepubliceerd.

Het is een belangrijk onderzoek waarover in de samenleving en politiek uitvoerig zal worden gesproken.

Hier geef ik namens de @VVD een eerste reactie: (1/8)";1;2022-02-17T15:15:12.000Z
"Zorgwekkend! De spanningen in Oost-#Oekraïne lopen op.

29 beschietingen in één ochtend. Inzet van zwaar geschut, een kleuterschool is geraakt. Beschuldigingen van genocide. En Russische media berichten hierover meer dan normaal.

Creëert #Poetin een aanleiding om aan te vallen? ";0;2022-02-17T12:57:32.000Z
"De Russische ambassadeur in Nederland dreigt nu met de inzet van #kernwapens. 

En dat in een interview met Nieuwsuur dat gaat over #Oekraïne en de Nederlandse steun. 

Wat een schandalige provocatie! ";0;2022-02-16T21:34:50.000Z
"Minder in de aandacht, maar zéér bedreigend!

Hoekstra bevestigde net dat #Rusland met Kinzhal raketten langs Polen vliegt. Deze moderne luchtraketten hebben een bereik van 2000km. Zo kan Poetin #Nederland direct raken!

Als #Poetin wil de-escaleren, moet hij ook hiermee stoppen! ";0;2022-02-16T16:00:24.000Z
"Duidelijke brief zojuist van het kabinet over #Oekraïne: ‘situatie is onverminderd gespannen’ en ‘geen signalen dat #Rusland troepen op grote schaal terugtrekt’.

Maar over het leveren van defensieve wapens heeft het kabinet nog steeds niet besloten👇. Dit moet zsm gebeuren! ";0;2022-02-16T10:01:37.000Z
"Dit vond ik het meest interessante deel uit de speech van #Biden.

Grote woorden: “dit gaat om meer dan #Rusland en #Oekraïne. Het gaat om vrijheid, het recht zelf je bestemming te kiezen, de toekomst van de wereld”.

Met zoveel op het spel kan #Biden geen grote concessies doen… ";1;2022-02-15T21:01:29.000Z
"Terwijl vandaag enkele constructieve woorden vanuit #Rusland klinken, noemt #Poetin de situatie in Oost-Oekraïne een #genocide. Schandelijk!

Bovendien geeft #Poetin zichzelf zo een legitimatie om ieder moment Oost-Oekraïne binnen te vallen. Zeer zorgelijk!";0;2022-02-15T15:45:19.000Z
"Dit zat eraan te komen.

#Poetin heeft nu een ‘democratische’ vrijbrief om Oost-Oekraïne binnen te lopen (zogenaamd om Russen te beschermen).

Ook kan hij #Oekraïne nu nog meer onder druk zetten. Dit brengt een diplomatieke oplossing nog verder weg…";0;2022-02-15T10:56:34.000Z
"#Rusland kondigt nu ineens aan troepen terug te trekken.

Good news or fake news? Helaas kunnen we niet te vroeg juichen. De aantallen zijn onduidelijk en we weten niet waar de troepen heengaan (mogelijk een andere plek nabij #Oekraine).

We moeten voorlopig net zo alert blijven! ";0;2022-02-15T10:19:42.000Z
"#Poetin en #Lavrov spraken vandaag over voortzetting van het diplomatieke spoor.

Maar over het echte spoor rijdt #Rusland op 30km van #Oekraïne een groot veldhospitaal binnen👇. Alleen nodig bij veel verwachte slachtoffers.

De-escalatie draait niet om woorden, maar om daden… ";0;2022-02-14T21:19:48.000Z
"Helaas is dit een zeer voorbarige conclusie:
&gt; Het gesprek kan net zo goed een afleidingsmanoeuvre zijn (zeker nu een aanval al wordt voorspeld)
&gt; Er is geen enkel teken van militaire terugtrekking
&gt; #Lavrov is een marionet van #Poetin met weinig invloed
";0;2022-02-14T15:41:51.000Z
Deze overzichtelijke kaart van de @WSJ laat zien hoe #Rusland troepen uit het hele land verplaatst heeft naar de grens met #Oekraïne. Het is echt ongekend! ;1;2022-02-14T13:52:04.000Z
I think it’s distinctly shameful of @carlbildt to argue for unnecessarily risking people’s safety and to ignore our national trauma of MH-17. ;0;2022-02-14T10:29:01.000Z
"Met &gt;200 parlementariërs uit #VS en #Europa heb ik deze verklaring getekend.

Het roept op #Oekraïne te steunen, eenheid te bewaren, in te zetten op de-escalatie, defensieve wapens te leveren, en harde sancties voor te bereiden.

Vanuit #Nederland ben ik de enige ondertekenaar… ";0;2022-02-13T16:00:10.000Z
"Er mag in ons land geen schaduwoorlog worden gevoerd tussen #Iran en #SaoediArabië!

Spionage en steun aan terrorisme moeten stevig worden aangepakt. En #Nederland moet betrokken landen hierop aanspreken. 

Mijn reactie op onderzoek van #Argos👇
 ";1;2022-02-13T09:01:33.000Z
"Slecht nieuws! Telefoongesprek tussen #Biden en #Poetin heeft ook niets opgeleverd. Weer dezelfde teksten👇

Het is nu wachten op de volgende zet van #Poetin… ";0;2022-02-12T18:05:02.000Z
"Zorgelijke punten in gesprek #Poetin en #Macron vandaag:

&gt; Poetin noemt 10 uur onderhandelen eergisteren over Minsk-akkoorden een ‘futiliteit’

&gt; Poetin spreekt over agressieve acties van #Oekraïne in de Donbass. Wordt dit de trigger voor een aanval?

Zie ";0;2022-02-12T17:34:26.000Z
"Zeer verstandig besluit van #KLM!

Naar mijn weten is KLM de eerste luchtvaartmaatschappij die dit besluit. Dat is #leiderschap! En terecht gezien ons trauma met MH-17.

Dit geeft wel nog meer spoed voor alle Nederlanders om #Oekraïne snel te verlaten!
";0;2022-02-12T16:16:59.000Z
"Naast de militaire dreiging, baart het me evenveel zorgen dat de gesprekken met #Rusland helemaal niets opleveren.

Zojuist belden #Blinken (VS) en #Lavrov (Rusland) met elkaar. Opnieuw geen stap naar de-escalatie.

Hier het Amerikaanse gespreksverslag, weer dezelfde teksten…👇 ";0;2022-02-12T13:12:20.000Z
"NIEUWS: Buitenlandse Zaken adviseert Nederlanders #Oekraïne zo snel mogelijk te verlaten (code rood).

Verstandig besluit! 

En goed dat Nederland niet wacht op andere Europese landen! ";1;2022-02-12T11:41:24.000Z
"#Oekraïne vroeg 3 weken geleden om defensieve wapens. Het kabinet heeft nog steeds geen knoop doorgehakt.

Nu trekt het VK alle wapeninstructeurs terug uit Oekraïne.

Is de kans voor #Nederland nu voorbij? Hebben we te lang getreuzeld?

Als dat zo is, moeten we ons kapot schamen! ";0;2022-02-12T10:52:25.000Z
"En ineens neemt de onrust toe rond #Oekraïne!

In het afgelopen uur:
- #VS gelooft dat Rusland heeft besloten aan te vallen
- #EU evacueert niet-essentieel personeel
- #VK adviseert iedereen te vertrekken
- #NAVO ambassadeurs bijeen voor spoedmeeting

Hier de berichten👇 ";0;2022-02-11T19:12:23.000Z
"Goed dat de ambassade in #Kiev  Nederlanders in #Oekraïne persoonlijk adviseert. En oproept te vertrekken.

Maar nu ontstaat er verwarring. Buitenlandse Zaken ontkent de oproep van de ambassade en de mediaberichten hierover.

Meer duidelijkheid en strakke coördinatie zijn nodig! ";0;2022-02-11T16:08:08.000Z
"President #Biden gaat weer een stap verder! 

Hij roept Amerikanen op #Oekraïne direct te verlaten en zegt NIET te kunnen evacueren bij een Russische aanval.

Wat betekent dit voor #Nederland? En vooral voor Nederlanders in Oekraïne?

Mijn spoedvragen aan het kabinet👇 ";0;2022-02-11T10:37:21.000Z
"Weer een zorgelijk voorteken in #Oekraïne!

De Russische ambassade in #Kiev bereidt een plan voor om niet-essentieel personeel weg te halen.

Er is nog geen definitief besluit, maar #Lavrov hintte er net ook op. Zogenaamd omdat het Westen iets van plan is in Oekraïne. Yeah sure… ";0;2022-02-10T13:58:59.000Z
"Momenteel vindt veel diplomatiek overleg plaats over #Oekraïne en de dreiging door #Rusland.

#Macron neemt het voortouw. In principe is dat goed. Iedereen is gebaat bij de-escalatie en een diplomatieke oplossing.

Toch maak ik mij ook zorgen over dit initiatief.
Een🧵... (1/10) ";0;2022-02-09T20:15:10.000Z
Debat op dinsdag! Met bijna 150 VVD-leden gingen @vanwijngaardenj en ik online in gesprek over #Rusland en #Oekraïne. Dank voor alle goede vragen en suggesties! ;1;2022-02-08T21:15:59.000Z
"Mooi, brede steun!

#Oekraïne heeft #Nederland gevraagd wapens te leveren om zich te verdedigen. Onze oproep om dit verzoek welwillend te behandelen is met grote meerderheid (&gt;70%) aangenomen.

Het kabinet heeft dus politiek draagvlak om te leveren! En kan daarmee snel beslissen! ";1;2022-02-08T18:29:48.000Z
"Goed dat ook #Duitsland een tandje bijschakelt! Het vergroot de bijdrage aan de NAVO-missie in #Litouwen met 350 militairen (waar ook Nederland is gestationeerd).

Nu doorpakken en samen met #Frankrijk het voortouw nemen in een stevig EU sanctiepakket! ";1;2022-02-07T15:20:51.000Z
"De komende 2 weken wordt het uur van de waarheid!

#Duitsland moet snel de gelederen sluiten en helpen zorgen voor een stevig EU sanctiepakket tegen #Rusland.

Om oorlog te voorkomen is economische en militaire tegendruk nodig. Dit kan de EU niet zonder Duits leiderschap! (1/2) ";1;2022-02-06T16:36:16.000Z
"Een zonnige zaterdag, dus gaan we langs de deur in #Waalwijk!

Leuke én serieuze gesprekken in de wijk van het oude Dr Mollercollege, mijn vroegere middelbare school. Mooie herinneringen! ";1;2022-02-05T12:46:30.000Z
"Heel goed dat de ambassade in Kiev nu Nederlanders in #Oekraïne stevig waarschuwt voor de veiligheidsrisico’s.

Zo wordt invulling gegeven aan mijn oproep om actief, uitgebreid en waarheidsgetrouw te communiceren.

Complimenten aan minister @WBHoekstra! ";1;2022-02-04T20:37:23.000Z
"Goede eerste stap van de #EU!

De junta in #Mali stelt de verkiezingen 3 jaar uit, zet de Franse ambassadeur het land uit, weigert toegang aan Deense militairen, maar laat wel huurlingen uit #Rusland toe. Echt onacceptabel!

En nu de druk verder opvoeren… ";1;2022-02-04T19:44:11.000Z
"Door de #olympischespelen ligt 17 dagen het vergrootglas op #China.

China gebruikt dit als feestelijke propogandashow en maakt journalisten het werk onmogelijk.

We moeten hier samen tegenwicht aan bieden! Daarom plaats ik elke dag tijdens de OS een kritische Tweet over China👇 ";0;2022-02-04T13:16:44.000Z
"Afschrikking van #Poetin is NU nodig!

Maar in het debat over #Oekraïne bleek dat een EU sanctiepakket nog weken gaat duren. Dit geldt ook voor het Nederlandse besluit om wapens te leveren.

Die luxe hebben we niet. Ik blijf aandringen op tempo!

@Nieuwsuur vatte het goed samen👇 ";0;2022-02-04T10:07:26.000Z
"Heel goed! De reisadviezen voor #Oekraïne, #Belarus en #Rusland zijn vandaag aangescherpt. De grensgebieden zijn nu als rood aangemerkt.

We moeten Nederlanders open, actief en realistisch informeren over de veiligheidsrisico’s. ";1;2022-02-03T12:03:41.000Z
"Laat de confrontatie met #Poetin een wake-up call zijn!

Onafhankelijker worden van #Rusland en #China moet topprioriteit zijn in ons energie- en buitenlandbeleid. Dit vraagt fundamentele koerswijzingen.

Hier de column van @SilvioErkens en mij in het FD: ";1;2022-02-02T18:01:23.000Z
"“Provoceren we #Rusland niet door defensieve wapens te leveren aan #Oekraïne?”

Néé, dat is Russische propoganda. Wij helpen Oekraïne om zich te beschermen, met veel lichter materieel dan wat #Poetin aan de grens heeft gezet.

Ik debatteerde erover met @djeppink op Radio 1. (1/2) ";0;2022-02-01T18:54:37.000Z
"Parlementariërs in #Oekraïne houden de vlaggen omhoog van landen die hen steunen tegen #Rusland. 

Het zou goed zijn als de vlag van #Nederland hier ook snel tussen staat! ";1;2022-02-01T15:58:42.000Z
"Weer hetzelfde liedje.

De #VS adviseert reizigers om niet naar #Belarus te gaan, mede vanwege de enorme troepenopbouw van Russische militairen.

En wat zegt #Nederland hierover in het reisadvies? Geen woord… Ook dit moet snel worden aangescherpt! ";0;2022-02-01T08:07:44.000Z
"Wat een waanzin!

Jarenlang helpen we #Mali terrorisme te bestrijden, met #Frankrijk voorop. En nu gooit het militaire regime Europese landen eruit en kiest het voor Rusland.

Moet #Nederland nog blijven deelnemen aan de VN-missie? @vanwijngaardenj en ik hebben veel vragen! (1/2) ";0;2022-01-31T19:29:12.000Z
"Deze week moet #Nederland concreet met #Oekraïne bespreken welke defensieve wapens wij kunnen leveren.

Ook moet er gesproken worden over wat Nederland doet bij verschillende scenario’s. Het geweld kan snel escaleren! ";0;2022-01-31T14:07:34.000Z
"Onze sporters en journalisten gaan naar de #OlympischeSpelen, niet de Olympische Surveillance!

Het #IOC en #China moeten de verplichte app aanpassen, om de privacy en veiligheid van Nederlanders te garanderen.

Zo niet, dan is snel een alternatief nodig!
";0;2022-01-29T18:22:33.000Z
"#Oekraïne heeft Nederland gevraagd om defensieve wapens te leveren, om zichzelf te kunnen beschermen tegen #Rusland.

Ik vind dat we dat moeten doen! 

Een land dat zo wordt bedreigd, verdient serieuze steun. Mits we het voldoende op voorraad hebben natuurlijk. ";1;2022-01-28T15:58:28.000Z
"Ook als #Rusland een kleinschalige aanval uitvoert op #Oekraïne, moeten we daar direct tegen optreden met stevige sancties.

Als we dan zwakte tonen en concessies doen, gaat #Poetin echt niet terug in zijn hok. Juist dan zal hij kijken of hij nog verder kan gaan. (1/2) ";0;2022-01-28T14:16:48.000Z
"Steeds vaker worden beweringen van #Rusland in Nederlandse media goedgesproken. 

Dan is de conclusie: “daar zit ook wat in” of “er zijn twee kanten aan het verhaal”.

Néé, dat is niet altijd zo. Wat fout is, is fout. Onjuist is onjuist. Dat moeten we blijven benoemen! (1/3)";0;2022-01-27T09:18:28.000Z
"Op Radio 1 sprak ik uitgebreid met Sven Kockelmann over #Rusland en #Oekraïne.  

Hieronder vier fragmenten en hier een link naar de hele uitzending van @Sven_op_1👇";1;2022-01-26T13:02:38.000Z
"De president van #Kroatië zei vandaag al zijn NAVO-militairen uit Oost-Europa terug te trekken, in het geval van een militair conflict tussen #Rusland en #Oekraïne.

Wat een slechte bondgenoot! Met zulke vrienden heb je geen vijanden nodig. ";0;2022-01-25T19:23:53.000Z
"Investeerders hebben in ieder geval géén vertrouwen in de agressie van #Poetin.

Precies 3 maanden geleden stond de beurs van #Rusland op het hoogste punt in 10 jaar. Nu is dit 32% lager en is er meer dan $300 miljard verdampt. Wat een fiasco! ";0;2022-01-25T15:33:12.000Z
"Nu de #VS veel aandacht moet richten op #Rusland, zien schurkenstaten als #NoordKorea dit als kans om de druk op te voeren. 

#China ziet hier met tevredenheid op toe, want kan niet direct aangesproken worden (in aanloop naar de Spelen).

Zeer zorgwekkend! ";0;2022-01-25T11:05:19.000Z
"“There are major blind spots with regards to Chinese interference. It’s an issue which requires more national and international research by specialized investigative agencies and intelligence services.”

My contribution to this #POLITICO article👇#China ";1;2022-01-24T13:07:06.000Z
"De #VS neemt nu grote stappen:
- Negatief reisadvies #Oekraïne
- Weghalen familie diplomaten en niet-essentieel personeel
- Overwegen van duizenden extra troepen naar NAVO-landen

#Nederland moet snel reageren en geen onnodige risico’s nemen! ";0;2022-01-24T07:23:17.000Z
"Ook in Nederland is veel desinformatie over #Rusland en #Oekraïne.

Zelfs in de Kamer werd beweerd dat Rusland net zo omsingeld wordt als Oekraïne.

De feiten:
- NAVO is 6% van landsgrens Rusland
- Russisch gedomineerde gebieden zijn &gt;60% van landsgrens Oekraine

Hier een goed🧵: ";0;2022-01-23T16:13:08.000Z
"Beste @GoogleNL, de stippellijn staat verkeerd!!

De #Krim hoort officieel nog steeds bij #Oekraïne, en NIET bij #Rusland (volgens de VN en verreweg de meeste landen). Illegale annexaties worden niet erkend.

Graag zsm aanpassen!! ";0;2022-01-23T10:58:19.000Z
"Momenteel ben ik vooral bezig met onze internationale veiligheid. 

Maar vandaag kon ik ook met één prikje direct al mijn dierbaren helpen beschermen. Familie, vrienden, collega’s en zelfs iedereen die ik ontmoet.

Laat die kans niet liggen! #vaccinatie #booster ";1;2022-01-22T15:32:55.000Z
"Volgens #CNN begint de #VS waarschijnlijk aankomende week met het weghalen van familie van diplomaten uit #Oekraïne.

#Nederland moet ditmaal niet achter de feiten aanlopen. Laten we nauw in contact staan met de VS, en het zekere voor het onzekere nemen! ";0;2022-01-22T12:02:12.000Z
"#Poetin belde met de Finse president, de enige EU-leider die hij tot nu in 2022 zelf sprak.

Waarom juist #Finland? Ze zijn buren, en een dapper volk:
- 74% is bereid voor Finland te vechten (tov 15% in NL)
- 1 op 6 Finnen is reservist
- Verdediging van 1340km grens met Rusland ";1;2022-01-21T16:12:25.000Z
"Het kabinet leek eerder de dreiging van #Rusland te onderschatten. Ik riep op tot meer realisme en actie.

Goed dat het kabinet nu actie aankondigt: grotere bijdrage aan NAVO, defensieve wapens aan #Oekraïne, en actiever waarschuwen van Nederlanders.

We blijven hier scherp op! ";1;2022-01-21T10:09:21.000Z
"Goede toezeggingen van kabinet in debat over #Rusland en #Oekraïne:
&gt; Aanscherpen van inhoud reisadviezen
&gt; Actiever benaderen en waarschuwen Nederlanders in Oekraïne
&gt; Bereidheid defensieve wapens te leveren aan Oekraïne
&gt; Aandringen in EU op eenheid en stevig sanctiepakket ";1;2022-01-20T21:41:51.000Z
"#VS: Rusland kan Oekraïne IEDER MOMENT aanvallen.

#Nederland: Er is GEEN aanleiding om te spreken van een dreigende situatie voor Nederlanders in #Oekraïne👇

Ongelofelijk! Dit kan toch niet? ";0;2022-01-20T16:06:57.000Z
"Ik hoop dat minister @WBHoekstra aan zijn collega in #Litouwen ook nadrukkelijke steun heeft uitgesproken tegen de onacceptabele druk en intimidatie door #China.

Jammer dat de minister dit niet expliciet noemt. Chinese diplomaten lezen mee en noteren dit met een glimlach. ";1;2022-01-20T10:28:17.000Z
"Nederland kan #Oekraïne steunen zich te verdedigen tegen Russische cyberaanvallen. Daar zijn wij bij uitstek goed in.

En westerse landen moeten eendrachtig optreden tegen #Rusland. Juist nu is onderlinge verdeeldheid funest!

Vanochtend in @RTLnieuws: ";1;2022-01-20T08:03:46.000Z
"Het is veelzeggend dat de Amerikaanse minister #Blinken nu gesprekken heeft over de Russische dreiging in Kiev en Berlijn, maar NIET in Brussel. 

De #EU staat weer aan de zijlijn! Een geopolitieke EU vraagt meer eensgezindheid, capaciteit en wil om drukmiddelen in te zetten. ";0;2022-01-19T16:31:58.000Z
"#Canada roept nu haar burgers op om ook het Russische grensgebied met Oekraïne te verlaten.

#Nederland merkt ook dit gebied nog aan als oranje. En niets eens vanwege veiligheid, maar door corona!

Wanneer dringt het tot Buitenlandse Zaken door dat militaire escalatie dreigt? ";0;2022-01-18T16:12:05.000Z
"Dit illustreert de zwakte van het EU buitenlandbeleid!

Terwijl de #EU probeert stevige sancties tegen #Rusland voor te bereiden, spreekt EU-lidstaat #Kroatië gemoedelijk met Lavrov over toerisme en economische samenwerking.

Met zulke verdeeldheid kan de EU geen vuist maken. ";0;2022-01-17T14:00:12.000Z
"In het Nederlandse reisadvies is de opmerking dat er ‘Russische troepen bij de grens met #Oekraïne zijn gestationeerd’ niet genoeg! 

Het moet voor Nederlanders duidelijk zijn hoe serieus en acuut de militaire dreiging van #Rusland is! ";0;2022-01-16T21:29:07.000Z
"De groeiende macht van #China bedreigt onze welvaart, vrijheid en steeds meer onze veiligheid.

Hoe moeten we hierop reageren?

Ik sprak erover bij programma De Strateeg van @BNRdewereld, met @PaulvanLiempt en @joristeer van @hcssnl!

Te beluisteren via: ";1;2022-01-16T09:51:49.000Z
"Zo probeert #Rusland nu de boel te kalmeren (geretweet door het Russische ministerie van Buitenlandse Zaken).

Eerst nog een TikTok filmpje en dan neem ik het pas echt serieus… ";0;2022-01-14T14:51:53.000Z
"De onderhandelingen met #Iran over een nieuwe nucleaire deal verlopen erg moeizaam. Druk op Iran blijft nodig.

Maar wat doet #China? Uitgerekend nú spreken ze met #Iran over meer economische en militaire samenwerking.

Dit is zeer ondermijnend voor de internationale veiligheid! ";0;2022-01-14T13:41:33.000Z
"Interessante anekdote! Deze uitspraak van een jonge #Poetin uit 1992 tegen een Amerikaanse diplomaat geeft goed weer hoe hij denkt. 

En het beschrijft zijn huidige strategie tegenover de #NAVO en #Oekraïne: ";1;2022-01-13T18:50:28.000Z
"Ook na het overleg tussen #NAVO en #Rusland is de boodschap weer gemengd.

NAVO-chef #Stoltenberg: ‘beide partijen willen de dialoog voortzetten, maar #Rusland wil nog geen tijdschema afspreken’ (NAVO wel)👇

Zo blijft er onzekerheid en houdt #Poetin maximale druk op de ketel. ";0;2022-01-12T14:07:03.000Z
"Goed dat min Hoekstra zo snel sprak met zijn Amerikaanse collega @SecBlinken.

Naast Russische agressie veroordeelde #Blinken de politieke druk en economische dwang door #China, en sprak steun uit aan #Litouwen.

Ook hierin moet de samenwerking met de VS verder worden versterkt! ";1;2022-01-11T20:46:27.000Z
"Mijn voorlopige indruk na 1e dag dialoog #VS en #Rusland:
- Geen inhoudelijke voortgang, principiële verschillen blijven
- 8 uur gesprek lijkt constructief te zijn gegaan
- Russen lijken het serieus te nemen, maar met hun onaanvaardbare eisen kunnen ze het makkelijk laten klappen ";0;2022-01-10T19:31:54.000Z
"BREAKING: Gemengde boodschap van #Rusland na eerste dag onderhandelen met VS.

Enerzijds: ‘we willen juridische garanties dat Oekraïne en Georgië geen lid worden van de #NAVO’.

Anderzijds: ‘we hebben geen plannen of intenties om #Oekraïne aan te vallen’.👇 ";0;2022-01-10T17:40:37.000Z
"Weer provocatie in Bosnië-Herzegovina.

Bosnisch-Servische leider #Dodik houdt een nationalistische parade op een niet-erkende feestdag, terwijl hij het evenwicht al onder druk zet.

Rusland &amp; China steunen dit. De VS stelde juist sancties in tegen Dodik. De #EU moet snel volgen! ";0;2022-01-09T14:52:19.000Z
"Tijd voor verdieping! #Poetin beschuldigt de #NAVO deze belofte van begin jaren 90 te hebben verbroken: geen uitbreiding naar het Oosten.

Klopt dit? Is zo’n belofte gedaan? 

Het korte antwoord: NEE. Er is geen afspraak op papier. Poetin trekt woorden uit de context. 🧵.. (1/9)";0;2022-01-08T14:13:49.000Z
"Het moeilijkst voor een #dictator is aftreden. Hoe voorkom je dat vijanden wraak nemen?

In #Kazachstan bleef Nazarbajev daarom na 28 jr hoofd van de Veiligheidsraad. Zo behield hij macht.

#Loekasjenko leek van plan ook zoiets te doen. Hij zal zich nu achter zijn oren krabben.. ";0;2022-01-07T14:27:36.000Z
"Precies 1 jaar geleden was de bestorming van het #Capitool. 

De gebeurtenissen waren uiterst schokkend, maar de vergoelijking door veel Republikeinen daarna is eigenlijk nóg schokkender.

Het verzwakt de #VS, ook als aanvoerder van democratieën in de wereld... 1/3 ";0;2022-01-06T10:09:36.000Z
"Door massale protesten in #Kazachstan staat de achtertuin van #Rusland letterlijk in brand.

En #Poetin kan het Westen eens niet de schuld geven. Geen NAVO of EU die zich hiermee bemoeit of lidmaatschap belooft.

Het is protest tegen eigen wanbeleid, repressie en corruptie... 1/3 ";0;2022-01-05T16:59:47.000Z
"Als #Poetin aftreedt in uiterlijk 2036 laat hij #Rusland achter met een:
- Snel krimpende bevolking (👇)
- Verouderde economie
- Negatief imago bij veel buurlanden
- Derderangs positie in de wereld na VS/EU en China

Een dictator die afstevent op zo’n legacy maakt rare sprongen… ";0;2022-01-04T15:14:13.000Z
"Er is nog een reden waarom overlopers naar #NoordKorea terugkeren. Hun familie wordt bedreigd, opgesloten of zelfs vermoord! Dat ontbreekt in het NOS-bericht👇

Het valt me op dat Nederlandse media soms te sympathiek schrijven over Noord-Korea. Het is een afschuwelijke dictatuur! ";0;2022-01-03T11:12:24.000Z
In één jaar tijd kan zoveel moois gebeuren! Ik wens iedereen veel geluk en gezondheid in 2022!! #HappyNewYear ;1;2022-01-01T13:56:01.000Z
"Terwijl de wereld wacht op de uitkomsten van de call van #Biden en #Poetin, verschijnt dit stuk van de Russische ambassadeur.

#Rusland voert de druk op:
""We have come to the point when we have no room to retreat""
""European security is now at a crossroads"" ";0;2021-12-30T22:04:24.000Z
"Uitgebreid eindejaarsinterview met de Chinese minister van Buitenlandse Zaken. Zeer zorgwekkend hoe #China zich opstelt in de wereld.

Mijn 5 conclusies:

1) Alles draait om de Communistische Partij:
""Upholding the Party’s leadership is the fundamental guidance for our diplomacy"" ";0;2021-12-30T15:30:42.000Z
"Drie opmerkelijke uitspraken in de jaarlijkse persconferentie van #Poetin vandaag:

1) Poetin's #hypocrisie: ""inwoners van de Donbass moeten zelf hun toekomst bepalen""
-&gt; Geldt dit ook voor de inwoners van Georgië, Oekraïne etc, als zij de banden met het Westen willen versterken? ";0;2021-12-23T18:58:09.000Z
"Weer een teleurstelling in de ring rond Europa! De verkiezingen in #Libië zijn officieel uitgesteld.

Het vredesproces loopt zo een deuk op. Het risico op nieuw geweld is groot.

De EU moet zich eensgezind inspannen dat uitstel geen afstel wordt.. (1/4) ";0;2021-12-22T13:07:34.000Z
"President #Biden zit in zwaar weer.

Nu kan hij nog resultaat boeken met een Democratische meerderheid, maar hij krijgt zijn grote investeringsplan er niet doorheen.

Zijn antwoorden zijn zwak, met verwijzingen naar Goldman Sachs en gespeelde emotie👇. Hopelijk herpakt hij zich! ";0;2021-12-21T21:27:36.000Z
"Zo ziet de historisch lage opkomst bij de verkiezingen in #HongKong eruit👇.

#China heeft de democratie de nek omgedraaid door de veiligheidswet en het uitsluiten van oppositie.

De #EU moet zich ook uitspreken tegen deze verkiezingen! (net als de VS, VK, CAN, AUS, N-Z) ";0;2021-12-20T13:42:31.000Z
"Een mistige zaterdag, nog 3 maanden tot de #gemeenteraadsverkiezingen, dus dat betekent… flyeren! 

In #kaatsheuvel, #loonopzand en #demoer bouwt de VVD aan een nog mooiere gemeente, onder de energieke leiding van Suzan Mandemakers! ";1;2021-12-18T10:36:43.000Z
"LAATSTE KANS!! Dit weekend kun je nog solliciteren voor een #stage in ons team!  

Heb jij interesse in politiek, kennis over #buitenlandbeleid, en hart voor de liberale zaak?

Reageer snel of stuur deze vacature door naar mogelijke kandidaten👇! ";1;2021-12-17T13:56:26.000Z
"#ISIS is verantwoordelijk voor de meest gruwelijke misdaden.

IS is flink de kop ingedrukt in #Irak, maar de strijd is nog niet gestreden.

Daarom verlengen we vandaag de Nederlandse inzet voor de anti-ISIS-coalitie en veiligheid in Irak. We wensen onze militairen veel sterkte! ";1;2021-12-16T20:53:37.000Z
"Het #regeerakkoord bevat de hoofdlijnen voor een stevig #buitenlandbeleid.

Hiermee houden we ons land veilig en welvarend in een vijandige wereld.

Belangrijk zijn meer focus op de belangen van #Nederland en het verminderen van afhankelijkheden (van o.a. China). Aan de slag!🇳🇱🌍 ";1;2021-12-15T14:57:18.000Z
IK WORD VOOR HET EERST GENOEMD!! 😉😍 #papa ;1;2021-12-12T12:39:38.000Z
"Joint Ventures van NL bedrijven in #China waren lang een blinde vlek!

We moeten voorkomen dat China zo kennis en technologie in handen krijgt om mensenrechten te schenden en het leger te versterken.

Goed onderzoek van ⁦#Argos⁩, met mijn reactie👇 ";1;2021-12-10T16:27:35.000Z
"Inderdaad, de Kamer stemde tegen het nu boycotten van de #Winterspelen.

Maar nogmaals: NIET omdat deze partijen de genocide op #Oeigoeren minder erg vinden.

WEL omdat het effectiever kan zijn 1) dit rondom de OS bij #China aan te kaarten en 2) één lijn te trekken met EU landen! ";0;2021-12-09T19:39:05.000Z
"Het is goed dat de #VS en #Rusland gesprekken voeren om de spanningen bij #Oekraïne enigszins te verminderen.

Maar waar is de #EU? De EU moet diplomatiek een actievere rol spelen en een stevig sanctiepakket voorbereiden.

Mooi dat de Kamer mijn oproep breed omarmt👇! ";1;2021-12-09T18:35:54.000Z
"De #VS organiseren voor het eerst een wereldwijde Top voor Democratie.

Mijn overzichtje van welke landen op de Democratie Index wel/niet zijn uitgenodigd👇.

NIET: #Tunesië (54) en #Hongarije (55). Een hard signaal!

WEL: #Niger (125) en #Congo (166): Geopolitieke overwegingen? ";0;2021-12-08T18:50:56.000Z
"De voorzitter van de Europese Commissie beloofde vandaag een stevig sanctiepakket tegen #Rusland.

Maar onze minister BuZa zei in het debat dat hierover in de #EU nog lang geen overeenstemming is.

De EU moet snel handelen! We kunnen ons geen zwakte en verdeeldheid veroorloven! ";0;2021-12-07T20:41:49.000Z
Militaire agressie maakt #Rusland alleen maar impopulairder onder Oekraïners👇. Met de huidige Russische troepenopbouw wordt de afstand tot #Oekraine dus juist weer groter. Een kortzichtige strategie van #Poetin… ;0;2021-12-07T12:18:49.000Z
"We zoeken een stagiair om ons team per 1 februari te versterken!

Heb jij:
- Interesse in politiek 🏛
- Kennis over buitenlandbeleid 🌍
- Hart voor de liberale zaak 🧡💙

Reageer dan snel👇! #stage #vacature ";1;2021-12-05T09:05:31.000Z
"De EU presenteert de #GlobalGateway (€300mld) als antwoord op China’s investeringen.

Goed initiatief? Ja, mits de #EU dit écht #geopolitiek durft in te zetten: voor toegang tot grondstoffen en nieuwe aanvoerketens buiten China om.

Dus niet meer van hetzelfde blijven doen… 1/2 ";0;2021-12-04T12:00:41.000Z
"(1/9) Draadje over #Rusland!

De troepenopbouw aan de grens met #Oekraine is zeer zorgwekkend! Vanwege de aantallen, ongebruikelijke tijd van het jaar, en heimelijke verplaatsingen.

Toch zijn Poetin's intenties onduidelijk. Is het intimidatie, of bereidt hij een aanval voor? ";0;2021-12-03T15:48:22.000Z
"Bij #BNR in gesprek over #Taiwan 🇹🇼!

Over de noodzaak de relaties met Taiwan te versterken, minder afhankelijk te worden van #China, de VS militair te ontlasten in onze eigen regio, en veel meer…

Terug te luisteren bij @BNRdewereld vanaf 23.12 via 👉 ";1;2021-12-02T20:09:16.000Z
"Eindelijk #sancties voor #WitRusland! 

Helaas is het filmpje krachtiger dan de sancties:
- Alleen de airlines Belavia en ChamWings (vliegt niet op EU)
- Slechts 3 staatsbedrijven, geen banken of telecom

De #EU wil dus niet hard straffen, maar deëscaleren nu de grens rustiger is ";0;2021-12-02T18:31:36.000Z
"China blijft #Litouwen bestraffen en agressief bejegenen👇, vanwege de naam van het kantoor van #Taiwan.

Goed dat de Kamer mijn oproep breed heeft gesteund om:
&gt; deze ongepaste reactie bij #China aan de orde te stellen
&gt; de #EU te stimuleren om steun uit te spreken aan Litouwen ";0;2021-12-01T10:20:00.000Z
"Voor #Nederlanders in het #buitenland kan het veel gedoe zijn om officiële documenten en diensten aan te vragen, zoals een Digi-D. 

Daarom sporen @swsjoerdsma en ik het kabinet aan om dit zoveel mogelijk te digitaliseren. 

Onze motie is zojuist breed aangenomen👇! ";1;2021-11-30T14:38:45.000Z
"Hoe reageren Nederland en de EU bij een Chinese aanval op #Taiwan? 

Laten we deze scenario’s voorbereiden, en het niet ter plekke in een crisissituatie bedenken.

Vandaag bij #Elsevier👇";0;2021-11-28T11:12:18.000Z
"Uit het hart gegrepen! 

Mooie boodschap van Ben Knapen (minister van Buitenlandse Zaken) voor zijn opvolger in NRC!👇 ";1;2021-11-27T16:55:28.000Z
"De #Taliban zijn niet de legitieme vertegenwoordiger van #Afghanistan! 

We moeten zoveel mogelijk voorkomen dat deelname van Taliban-vertegenwoordigers aan internationale organisaties deze schijn wekt.

Mijn oproep is zojuist breed door de Tweede Kamer aangenomen!👇 ";1;2021-11-25T14:24:18.000Z
"Helaas een fletse passage over #China in het Duitse regeerakkoord!

Meest naïef: ‘we verwachten een verantwoordelijke rol van China voor vrede en stabiliteit in de nabije regio’

Lichtpunt: ‘streven naar trans-atlantische coördinatie en minder strategische afhankelijkheden’ 🇩🇪🇨🇳 ";0;2021-11-24T18:39:22.000Z
"Een nieuw sanctieregime voor #mensensmokkel! Goed dat de #EU nu airlines en vervoerders kan aanpakken.

Maar wat betekent dit concreet voor Belavia, Aeroflot en Turkish Airlines? En andere airlines die meewerken met #WitRusland? 

Dat moeten we nog zien! ";0;2021-11-23T17:58:37.000Z
"In het #vragenuur gaf ik onze grens aan: niet structureel salarissen in #Afghanistan betalen en indirect de Taliban steunen.

De minister: “het laatste wat wij willen is de begroting van de #Taliban verlichten. Dat punt moeten we niet overschrijden”.

Mooi, we blijven het volgen! ";1;2021-11-23T15:19:01.000Z
"Deel 2 en 3 van mijn #maidenspeech deze week!

Voor mij is dit het Nederlandse ideaal: ‘iedereen moet zijn ambities kunnen waarmaken door je best te doen en in vrijheid keuzes te maken’. 

Door hard te werken en vrije keuzes kon ik van Kaatsheuvel naar Harvard… ";1;2021-11-21T19:47:08.000Z
"Tijdelijke steun aan mensen in #Afghanistan kan ongewenste migratie helpen voorkomen. Dat is ook in het Nederlands belang.

Maar salarissen van ambtenaren betalen neigt naar begrotingssteun aan de Taliban. Dat is onacceptabel.

Mijn toelichting @telegraaf👇";0;2021-11-21T13:47:33.000Z
"#China kondigt aan de diplomatieke relaties met #Litouwen af te schalen.

Waarom? Omdat in Litouwen het diplomatieke kantoor ‘Taiwanese Office’ mag heten in plaats van ‘Tapei Office’.

De #EU moet snel weer steun aan Litouwen uitspreken! We moeten samen optrekken! 🇪🇺🇱🇹 ";0;2021-11-21T09:38:06.000Z
"Great conversation with five #liberal parties from #Georgia!

Threats from Russia, Turkey and Iran provide many reasons to collaborate on international security and promote liberal values.

Thanks to @VVDint, @ALDEParty, @Girchi_GE for organizing! And sorry for the big screen :) ";1;2021-11-20T13:51:12.000Z
"Verbaasd dat Nederland wil meebetalen aan salarissen van onderwijs- en zorgmedewerkers in #Afghanistan.

Dit klinkt niet als noodhulp of opvang in de regio, maar als verkapte subsidies aan de #Taliban. Dat wil de @VVD niet!

Opheldering is zsm nodig! Daarom vragen met @KlinkJan👇 ";0;2021-11-19T16:59:59.000Z
"Meer zicht op een blinde vlek!

Nederlandse bedrijven investeren groots in #China via Joint Ventures. We zijn de tweede van Europa, met in totaal 1112 JVs👇

In 1/3 van de JVs heeft de Chinese staat substantiële invloed. Het risico is groot om kennis en technologie te verliezen! ";0;2021-11-19T10:02:33.000Z
In mijn #maidenspeech stond ik allereerst stil bij een enorm bijzondere prestatie… #trotsevader ;1;2021-11-17T19:31:15.000Z
"Vandaag deed ik een hartenkreet: ‘laten we onze #democratie en politieke cultuur koesteren. En elkaar niet beschadigen zoals politici in de VS’.

Later ontspoorde het debat volledig door een treurig dreigement van FvD👇

Gelukkig omarmt een grote meerderheid mijn hartenkreet wél! ";1;2021-11-17T16:13:42.000Z
Duidelijke beeldvorming. Wie leidt een grootse en weidse wereldmacht?👇 ;1;2021-11-16T09:42:18.000Z
"Geen tijd te verliezen!

Zojuist kondigden de #EU ministers van Buitenlandse Zaken nogmaals aan met sancties tegen #WitRusland te komen… Maar dat wisten we al!

Wat zijn de concrete sancties? Dat wordt pas duidelijk in ‘de komende dagen’. Kom op, tempo!";0;2021-11-15T20:11:18.000Z
"Echt ongelooflijk!

De Europese buurlanden van #WitRusland vroegen om een steunbetuiging. 17 parlementen (o.a. DUI, FRA, VK én EU) tekenden de brief, maar de Tweede Kamer doet niet mee!

De @VVD wilde wél meedoen. We moeten in Europa samen een vuist maken! ";0;2021-11-15T17:35:15.000Z
"Waarom #Poetin conflict met Europa nodig heeft👇.

In 2015 had 60% van de Russen vertrouwen in Poetin. Dit was kort na MH-17, de Krim-annexatie en de oorlog in Oost-Oekraïne.

Nu is dit vertrouwen nog maar 30%! 
Dus zijn nieuwe conflicten nodig om sterk leiderschap te tonen. ";0;2021-11-13T14:18:09.000Z
"Zo intimideert #Poetin ons nu: bommenwerpers over de #Noordzee, troepen bij Oekraïne, en migranten als wapen. Zeer zorgelijk!

Maar de gaskraan dichtdraaien gaat Poetin te ver. Hij is te afhankelijk van gasinkomsten.

Daarom is #Loekasjenko teruggefloten 👇";0;2021-11-12T17:22:31.000Z
"Al in JULI riep ik de minister op tot meer EU-sancties tegen #WitRusland. Pas 4 maanden later komt de EU in actie..

We moeten nu harde sancties treffen tegen #Belavia, andere airlines en het Loekashenko regime. Deze crisis kan niet nog 4 maanden duren!

Vandaag in de @telegraaf: ";0;2021-11-11T09:52:37.000Z
"Om de migrantenstroom via #WitRusland af te remmen moet de #EU een harde maatregel nemen: secundaire sancties op #Belavia!

Wat houdt dit in? Bedrijven in de hele wereld moeten kiezen: OF je doet zaken met Belavia, OF met de EU!

We moeten onze economische macht nu echt inzetten! ";0;2021-11-10T11:03:06.000Z
"De ring van #instabiliteit rond #Europa is inmiddels een brede bontkraag!

Vandaag in debat:
-Wit-Rusland: migranten als wapen
-Bosnië: etnische spanningen
-Ethiopië: burgeroorlog
-Soedan: staatsgreep
-Turkije: provocaties 
Etc etc. 

Een #geopolitieke EU is meer nodig dan ooit! ";0;2021-11-08T19:14:29.000Z
"Met de investeringen in infrastructuur viert #Biden een resultaat.

Maar de eerste 2 jaar van zijn presidentschap is meer nodig. Alleen dan hebben #Democraten een meerderheid in het Congres.

Als ze Biden blijven bestrijden, daalt zijn populariteit👇. En lachen de Republikeinen… ";0;2021-11-06T16:07:13.000Z
"Het gaat maar door! Migranten worden door #WitRusland ingevlogen, en wachten om over de #EU grens te worden gezet.

Stevigere EU #sancties zijn nodig!
👉 Bestaande ‘loopholes’ weghalen
👉 Gelijktrekken met VS en VK
👉 Staatsbanken en telecom
👉 Geen vliegtuigen leasen aan Belavia ";0;2021-11-05T12:19:18.000Z
"#China is een grote dreiging voor onze manier van leven! Steeds minder een partner, steeds meer een rivaal.

Daarom riep ik op tot:
- Brede actie om minder afhankelijk te worden
- Onze bedrijven beter beschermen
- Diplomatiek voorbereiden op slechtste scenario’s (aanval #Taiwan) ";0;2021-11-04T13:09:15.000Z
"Today Prime Minister #Trudeau from #Canada visited our parliament!

I had the honour to ask PM Trudeau how we should deal with #China and become less dependant.

His answer: ‘we should work together towards China, and not compete for small economic gains’. I fully agree!! 🇨🇦🇳🇱 ";1;2021-10-29T13:05:49.000Z
"De @VVD stemt in met de bijdrage aan de VN-missie in #Mali. NL levert een transportvliegtuig en 90 mensen.

Dit draagt bij aan onze veiligheid en de militaire risico’s zijn aanvaardbaar.

Wel volgen we kritisch of Mali private militairen uit #Rusland inhuurt. Dat is onacceptabel! ";1;2021-10-28T13:02:12.000Z
"De #genocide op #Yezidis is een afschuwelijke tragedie. Om ons bewustzijn van het persoonlijk leed te vergroten, organiseren we een #rondetafel in de Tweede Kamer met slachtoffers en experts. 

Vandaag om 16.00u-18.00u te volgen via: ";1;2021-10-27T11:01:50.000Z
"Ook in #LatijnsAmerika breidt China haar macht uit! En Europa staat aan de kant.

Om onze afhankelijkheid van #China af te bouwen moeten we in L-Amerika investeren, bijv in grondstoffen. Dit geeft echter grote dilemma’s.

Ik sprak erover in @nieuwspoort bij #LinkingLatinAmerica. ";1;2021-10-25T18:30:59.000Z
"Wat een pijnlijke vertoning! 

#Erdogan blaft en 10 landen trekken zich met de staart tussen de benen terug. Ik begrijp dat we de ruzie met #Turkije niet verder willen escaleren, maar deze reactie is een teken van zwakte! ";0;2021-10-25T14:58:21.000Z
"Training a new generation of talented #liberals from 13 European countries! So great to hear their stories, ambitions and ideas! 
@EurLiberalForum @VVDint ";1;2021-10-24T10:09:29.000Z
"Dictator #Erdogan laat weer eens zijn ware gezicht zien!

Tien ambassadeurs #Turkije uitzetten, wat een belachelijke daad en zinloze escalatie! De 10 landen moeten één front blijven vormen, dan zal Erdogan hier snel op terugkomen.

🇨🇦🇫🇷🇫🇮🇩🇰🇩🇪🇳🇱🇳🇿🇳🇴🇸🇪🇺🇸";0;2021-10-23T14:48:04.000Z
"Niet toegeven aan chantage!

#WitRusland blijft migranten invliegen en over de EU grens zetten. Als we niet optreden stuurt Loekashenko nog meer mensen. En dictators als Erdogan kijken mee. Stevigere EU sancties zijn nodig!

Op Radio 1 ging ik in gesprek 👉";0;2021-10-23T13:08:06.000Z
Onstuimig boottochtje van Estland naar Finland! #hittingthewaves 🇪🇪🇫🇮 ;1;2021-10-22T14:25:49.000Z
"Terug in de lockdown.

Vandaag moest #Letland als eerste EU-land weer in lockdown. Het is stil op straat, vrijwel alles is dicht, en meetings kunnen alleen online.

De vaccinatiegraad is hier laag (54%), mede door #desinformatie. We moeten hier gezamenlijk weerstand tegen bieden! ";0;2021-10-21T10:43:11.000Z
"De dreiging van #Rusland aan de oostgrens van de EU is ernstig. We moeten nieuwe aanvallen (zoals eerder in Oekraïne) afschrikken.

270 Nederlandse militairen nemen daarom in #Litouwen deel aan de #NAVO missie. We zijn trots en dankbaar voor hun belangrijke werk! ";1;2021-10-20T08:09:27.000Z
"Normaal komen 80 asielzoekers per jaar naar #Litouwen. Dit jaar al 4000!

#WitRusland vliegt mensen in en zet ze over de grens.

Frontex helpt de grenzen te bewaken en opvang te bieden. Maar er is vooral meer druk op Wit-Rusland nodig!

We bezochten een grote opvang bij de grens: ";0;2021-10-19T15:31:22.000Z
"Deze week zijn we met de Kamerleden Buitenlandse Zaken in #Estland, #Letland en #Litouwen!

We bespreken o.a. de dreiging van #Rusland, grensproblemen met #WitRusland en de intimidatie van #China. De Baltische Staten ervaren dit zeer direct! 🇪🇪🇱🇻🇱🇹 ";1;2021-10-18T15:01:32.000Z
"Onlangs riep ik op om de buitenlandse bedreiging van diaspora in #Nederland op te nemen in ons mensenrechtenbeleid. De hele Kamer stemde in!

Ik ontvang mooie reacties, o.a. van #Oeigoeren. Hier mijn interview aan de internationale zender @RadioFreeAsia👇";1;2021-10-17T10:24:20.000Z
"Debat over EU buitenlandbeleid!

Drie uitkomsten:
🇨🇳 Minister BuZa erkent dat verminderen afhankelijkheid van #China topprioriteit is
🇧🇾 Meer EU-sancties tegen #WitRusland zijn op korte termijn aannemelijk
🌍 Terrorisme en veiligheid verdienen in relatie met #Afrika meer aandacht ";0;2021-10-14T17:24:55.000Z
"Bold move by #Harvard!

De universiteit verplaatst een groot taalprogramma van #China naar #Taiwan, terwijl het erg afhankelijk is van private donaties en collegegeld van Chinese studenten.

Ben benieuwd of andere Amerikaanse universiteiten zullen volgen… ";1;2021-10-14T12:19:56.000Z
"Oeigoeren, Iraanse dissidenten, Wit-Russische journalisten. Ook in #Nederland worden zij door buitenlandse regimes bedreigd!

Dit tast de vrijheid en veiligheid in Nederland aan.

Mijn oproep om hier ook met ons #mensenrechtenbeleid tegen op te treden is unaniem aangenomen👇! ";0;2021-10-12T17:22:56.000Z
"Dit weekend komen politici uit NAVO-landen bijeen in #Lissabon, om te spreken over onze #veiligheid.

We bespreken o.a:
- Actuele dreigingen, zoals Rusland, China en terrorisme
- Lessen uit Afghanistan
- Toekomst van de #NAVO

Als Nederlandse delegatie trekken we samen op 🇳🇱! ";1;2021-10-10T15:06:51.000Z
"Een fundamentele verandering!

In het vergroten van onze #welvaart stond #efficiëntie jarenlang centraal. Nu draait het steeds meer om de beschikbaarheid van grondstoffen en producten, ofwel #leveringszekerheid.

Wereldwijd maken bedrijven zich hier meer zorgen over dan ooit👇! ";0;2021-10-09T10:15:57.000Z
"Interview over #China bij @BNR!

Over Chinese invloed in Nederland, strategische autonomie, #Taiwan, #AUKUS en veel meer!

Terug te luisteren vanaf 0:30 bij @BNRdewereld via👇 ";1;2021-10-07T17:23:15.000Z
"“Build Back Burger”. In zijn jaarlijkse partijspeech geeft premier #Johnson zijn visie op de wereld in 2 minuten.

Wat blijft hangen? Vijf foute grappen, twee sneren naar de #EU. Helaas niks over de #NAVO en geen uitgestoken hand naar #Europa. Funny but sad!! ";0;2021-10-06T17:22:34.000Z
"Diep in de zee, maar cruciaal! Onderzeese #datakabels zijn de levensaders van onze moderne samenleving. 

#Rusland voert verdachte activiteiten uit bij deze kabels. Wij moeten dit nauw in de gaten houden en voorbereid zijn op #sabotage. 

Mijn commentaar bij @EenVandaag👇 ";1;2021-10-05T09:47:27.000Z
"Groot spierballenvertoon van #China!

Waarom juist nu? Ik zie 3 redenen:
1) Geopolitiek: antwoord op nieuwe allianties tegen China (AUKUS)
2) Diplomatie: reactie op bezoek Franse senatoren aan #Taiwan
3) Symboliek: feestdagen China (1 okt) &amp; Taiwan (10 okt)";1;2021-10-03T11:09:46.000Z
"Geopolitiek brengt kosten met zich mee! Voor essentiële producten kunnen we niet zo afhankelijk blijven van een grootmacht als #China.

De grote vraag is: wat moeten we in de #EU zelf doen en wat niet?

Oud-collega’s bij @Financien maakten hiervoor een goed en eenvoudig model👇! ";1;2021-10-02T13:24:42.000Z
"Staatsbedrijven uit #China en #Rusland worden vaak verdacht van #spionage.

In Nederland kunnen deze staatsbedrijven eenvoudig #verblijfsvergunningen aanvragen voor buitenlandse werknemers.

Zeer zorgwekkend! Daarom veel vragen aan het kabinet met @pvalstar en @ZelYassini👇 ";0;2021-09-29T12:29:42.000Z
Très bien! Na alle ophef rond #AUKUS slaat #Macron de plank nu volledig raak! Europese landen moeten hun militaire capaciteiten uitbreiden om zichzelf te kunnen verdedigen. Niet als alternatief voor ons bondgenootschap met de VS, maar als sterkere Europese pilaar binnen de #NAVO! ;1;2021-09-28T15:41:24.000Z
"Too close to call! Wat een spannende uitslag in #Duitsland! Ongeacht de Duitse coalitie moet Nederland samen optrekken voor een steviger buitenlandbeleid, meer militaire slagkracht en de energietransitie.

Mijn duiding vanaf 52:20 via: ";1;2021-09-26T19:04:43.000Z
‘Laten we niet toegeven aan cynisme en fatalisme.’ Onze premier #Rutte deelt zijn optimisme en energie met de rest van de wereld bij de #VerenigdeNaties. ;1;2021-09-24T20:20:54.000Z
"Er zijn problemen in de relatie VS-EU, maar dit draait allemaal om #Azië.

In Azië ontstaat een lappendeken van allianties, zonder link met EU👇

EU-landen moeten scherper bepalen welke rol zij willen spelen in de veiligheid rond Europa én in Azië! Anders blijven ze een speelbal. ";0;2021-09-24T16:45:54.000Z
Als je weer eens nét te laat je jasje dichtknoopt… #groepsfoto #Prinsjesdag ;1;2021-09-21T14:29:36.000Z
Eindelijk! Goed nieuws voor alle Nederlanders die al tijden naar de #VS willen voor familie, werk, studie of een medische ingreep! ;1;2021-09-20T14:45:28.000Z
"De dreiging van #China vereist nieuwe samenwerking!

Nu kondigen #VS-#VK-#AUS een nieuw veiligheidspact aan (‘AUKUS’), eerder startte VS-IND-JAP-AUS ook al een nieuw verbond (‘the Quad’).

De #EU moet hier niet over klagen, maar zelf ook meer samenwerken met gelijkgezinde landen! ";1;2021-09-16T08:30:18.000Z
"Eerste debat in de nieuwe Kamer!

Het ging over de #VerenigdeNaties. Ik riep minister Kaag op om voor de veiligheid van #Nederland op te komen!

Mijn 3 speerpunten:
&gt;Berechten terroristen
&gt;Afspraken over digitale veiligheid
&gt;Migranten niet laten misbruiken als politiek drukmiddel ";1;2021-09-14T19:23:10.000Z
Een grafiek om naar te blijven kijken. Het omvat zoveel geschiedenis en zet de militaire inzet in #Afghanistan in breder perspectief: ;1;2021-09-12T09:43:14.000Z
"Indrukwekkende herdenking van #11september, georganiseerd door de Amerikaanse ambassade.

9/11 heeft voor velen de kijk op de wereld veranderd, zeker voor mijn generatie.

Maar deze dagen denken we vooral aan de direct betrokkenen: ‘Voor hen is het iedere dag nog twee keer 9.11’ ";1;2021-09-10T10:26:42.000Z
Historisch bezoek van de president van #Suriname aan ons parlement! Dit illustreert onze diepe banden en hernieuwde samenwerking. Ik vroeg president #Santokhi hoe we handel kunnen stimuleren. En hoe hij zijn land wil beschermen tegen ongewenste investeerders. 🇸🇷🇳🇱 ;1;2021-09-09T10:00:39.000Z
Kort draadje over #Afghanistan! De #Taliban hebben een nieuwe regering aangekondigd. Het doet in eerste opzicht denken aan #Iran: veel hardliners, geen plaats voor vrouwen en minderheden, en een geestelijk leider die op de achtergrond aan de touwtjes trekt (1/4);0;2021-09-08T08:22:19.000Z
Werkbezoek bij #ASML! Dit hightech bedrijf zorgt voor duizenden banen in Nederland, maar is ook #geopolitiek een krachtpatser! De wereldwijde #chipindustrie is afhankelijk van machines van ASML. Interessant om dit te zien en het krachtenveld met de VS en China te bespreken! ;1;2021-09-02T19:32:46.000Z
Goede oproep van onze #ambassadeur in de #VS! Veel Nederlanders moeten met spoed naar de VS, bijv door familieomstandigheden, werk of een medische ingreep. Ondanks een 70% vaccinatiegraad is er voor de EU nog steeds een #inreisverbod. Het zou goed zijn als de VS dit snel intrekt! ;1;2021-09-01T14:14:41.000Z
"Interessante data! In hoeverre is het aanzien van de #VS aangetast door #Afghanistan?

Onderzoek in 15 landen laat zien:
&gt; Lichte daling na val Kabul
&gt; Daling past binnen normale schommelingen
&gt; Onder Trump was aanzien veel lager

‘Soft power’ VS lijkt minder geraakt dan gedacht. ";1;2021-08-29T11:13:13.000Z
De Amerikaanse generaal McKenzie vertelt openlijk over de aanhoudende dreiging van #ISIS_K: raketaanvallen, zelfmoordvoertuigen en bomvesten. Ook legt hij uit hoe de #VS zich verdedigen en daarbij samenwerken met de #Taliban. Ongekende transparantie in deze chaos! #Kabul ;1;2021-08-26T20:34:21.000Z
"Vreselijke beelden van de aanslag in #Kabul. Onschuldige mensen liggen dood in het riool. Mijn gedachten zijn bij de slachtoffers en iedereen die in angst leeft. 

Deze terreurdaad mag niet onbestraft blijven! Soldaten zijn gewond geraakt, de #VS en #NAVO kunnen dit niet negeren!";0;2021-08-26T16:12:59.000Z
Er valt van alles op de westerse terugtrekking uit #Afghanistan aan te merken, maar we moeten het daderschap niet omdraaien. Afghanen vluchten vanwege de #Taliban, niet vanwege het westen! Laten we oppassen met het ‘witwassen’ van de Taliban (zoals onderstaande journalisten)! ;0;2021-08-25T18:20:04.000Z
"#EU: we verviervoudigen onze ontwikkelingshulp voor #Afghanistan, maar willen dat het vliegveld in Kabul langer open blijft.

#Taliban: westerse militairen moeten 31 aug weg zijn.

Besluit #VS: we zijn weg op 31 aug.

Tot zover weer de geopolitieke invloed van de EU. Pijnlijk!";0;2021-08-24T19:04:31.000Z
"Nu weet ik het zeker. Ons dochtertje is niet van de melkboer ❤️
1986:                                                 2021: ";1;2021-08-22T12:50:00.000Z
"Even een geopolitiek rekensommetje. #Lithium is het nieuwe olie. Een grondstof voor o.a. elektrische auto’s. Naar schatting heeft #Afghanistan net zo’n voorraad als Bolivia. In dat geval heeft het 20% van de wereldvoorraad (👇), ter waarde van &gt;$300 MILJARD. Zou #China dit weten? ";1;2021-08-19T18:09:08.000Z
Het blijft schokkend om dit zojuist van de hoogste militair van de #VS te horen: ‘we waren voorbereid op diverse scenario’s, maar we zagen geen enkele indicatie dat #Afghanistan in 11 dagen zou kunnen vallen’. ;0;2021-08-18T19:47:30.000Z
Vrijwel alle ambassades in #Kabul zijn gesloten, maar die van #China, #Rusland en #Pakistan zijn nog open. Dit zegt veel over de nieuwe geopolitieke verhoudingen in #Afghanistan. ;0;2021-08-17T21:43:40.000Z
Voor onze toekomstige #veiligheid is dit het belangrijkste fragment uit speech #Biden: ‘we blijven terroristen als IS en Al-Qaida in #Afghanistan bestrijden en grijpen in vanuit buurlanden indien nodig’. ;1;2021-08-16T20:39:57.000Z
Dit beeld zegt alles. CNN verslaggever voor en na de overname van #Kabul door de Taliban. #Afghanistan ;1;2021-08-16T15:46:33.000Z
BREAKING nieuws uit #Afghanistan. Zojuist is aangekondigd dat president Ghani aftreedt en de Taliban onderdeel worden van een interim-regering. Talibanstrijders staan aan de rand van Kaboel. Het is vreselijk voor alle Afghanen die in angst leven, zeker vrouwen en meisjes (1/6).;0;2021-08-15T09:54:33.000Z
Deze zomer spreek ik met diverse ambassadeurs, zoals van #ZuidKorea. In een vijandige wereld moeten we nog meer samenwerken met gelijkgezinde landen. Dat is belangrijk voor onze #veiligheid en #welvaart. Samen staan we sterker! 🇰🇷🇳🇱 ;1;2021-08-11T15:55:16.000Z
"Zojuist riep #Letland de noodtoestand uit aan de grens, omdat #WitRusland migranten blijft invliegen en over de grens zetten👇.

Gisteren kondigden de VS, VK en Camada nieuwe #sancties aan.

En wat doet de #EU? Niks. 

NL moet aandringen op nieuwe EU sancties! Er is brede steun: ";0;2021-08-10T13:31:12.000Z
Threatening an Olympic athlete, hijacking a plane, prosecuting protestors, and using migrants as a weapon. That’s the #Lukashenko regime. One year ago #Belarus voted for a different future! The #EU should put more pressure on the regime and support the people. #standwithbelarus ;0;2021-08-09T10:25:47.000Z
"Weer een dieptepunt voor de democratie in #Rusland! Ik zou als waarnemer de parlementsverkiezingen gaan controleren, maar #Poetin heeft te grote beperkingen opgelegd. Daarom zijn waarnemingsmissies gecanceld, voor het eerst in 25 jaar! Slechte zaak! 
";0;2021-08-05T13:55:45.000Z
Peaceful protests in #Beirut are turning violent. It was great to see so many people on the streets in #Lebanon today, holding their corrupt and failing leaders accountable. But throwing stones is unacceptable and no way to rebuild the city. #BeirutBlast ;0;2021-08-04T17:16:31.000Z
Today we commemorate the #YezidiGenocide. 7 years ago ISIS brutally attacked #Yezidis in Northern Iraq. Thousands of men and boys were killed, thousands of women and girls were raped and enslaved. We recognize the pain of the victims and keep sharing their stories: ;0;2021-08-03T12:56:10.000Z
"Klein geluk: na lange tijd mijn #geleboekje weer eens gebruiken 📒

Groot geluk: tweede #vaccinatie! Pfize Pfize Baby! ";1;2021-08-02T10:22:16.000Z
"August 1 throwback: 
2012 - Water
2015 - Air 
2018 - Earth
2021 - … LOVE!! ";1;2021-08-01T18:38:23.000Z
De #Taliban vallen in heel #Afghanistan onschuldige burgers aan, waaronder meisjes. Hierdoor zijn er meer doden en gewonden dan in de laatste 10 jaar. En wat doet #China? Zij roemen hun vriendschap met de Taliban en noemen hen ‘oprecht in het bereiken van vrede’👇. Schaamteloos! ;0;2021-07-28T13:07:38.000Z
21 landen veroordelen de massale arrestaties in #Cuba en roepen het communistische regime op om vrijheden te respecteren👇. #Nederland doet niet mee, maar zou deze gezamenlijke verklaring ook moeten ondertekenen! #Cubalibre ;1;2021-07-27T09:04:36.000Z
Chaos in #Tunesië! Parlement en premier naar huis gestuurd, stenen vliegen over en weer. De #EU moet zich maximaal inzetten om stabiliteit en democratie te helpen herstellen. Een stabiele partner aan de Europese buitengrens op veiligheid en migratie is ook in ons belang! #Tunisia ;0;2021-07-26T16:48:13.000Z
Eerste keer dat een westerse journalist is toegelaten tot een gevangenis voor #Oeigoeren. “Gevangenen zitten op een rij in kleermakerszit, starend naar zwart-wit beelden met propaganda.” Uiteraard liet #China veel niet zien, toch een schokkend verslag: ;0;2021-07-22T20:08:48.000Z
Goed dat er een deal is tussen Duitsland en de VS over gaspijplijn #NordStream2. In de gezamenlijke verklaring is #Duitsland ongekend stevig tegen #Rusland👇. Agressie en chantage worden niet geaccepteerd. Gut gemacht! 💪 ;1;2021-07-21T20:42:05.000Z
Al bekend achter de schermen, maar nu ook openbaar: westerse landen beschuldigen #China van massale #cyberaanvallen! Krachtig signaal dat zoveel bondgenoten (VS, EU, VK, AUS, G7, NAVO etc) samen optrekken. En nu ook gezamenlijk terugslaan! #cyber #hacking ;1;2021-07-19T11:47:55.000Z
WRONG! While people in #Cuba are standing up for their freedom, EU High Representative @JosepBorrellF blaims the US for the terrible situation in Cuba rather than the communist regime. What a shame! #Cubalibre #SOSCuba #Libertad ;0;2021-07-14T21:42:06.000Z
The situation in #SouthAfrica is getting worse and worse! More violence, looting, fires and deaths. The authorities should do more to restore security, and local leaders should calm people down. And when do European leaders end their silence? #speakup #SouthAfricaIsBurning ;0;2021-07-13T17:26:20.000Z
Waarom we minder afhankelijk moeten worden van #China, deel 213👇. Dit gaat om grondstoffen voor essentiële producten als batterijen, smartphones en windturbines. Let op, de VS en Australië ondernemen actie de laatste jaren, maar #Europa staat niet eens in de grafiek!! ;1;2021-07-12T14:32:48.000Z
"Laatste buitenlanddebat voor de zomer! Ik riep op tot 3 acties: 
🇨🇳 Versneld minder afhankelijk worden van #China
🇷🇺 Maatregelen vinden tegen hackers uit #Rusland
🇧🇾 Aanvullende sancties voorbereiden tegen #WitRusland

Mijn 3 voorstellen zijn breed in de Kamer aangenomen 👊! ";1;2021-07-09T10:09:12.000Z
De situatie in #Afghanistan is erg verontrustend! De Taliban winnen snel terrein. Om de veiligheid te vergroten en terrorisme te bestrijden moeten we Afghanistan (financieel) blijven steunen. Op Radio 1 sprak ik hierover bij @bbvpro. Terugluisteren via👇 ;1;2021-07-07T08:43:40.000Z
Alarming images from #Georgia! Extremist hooligans threaten today’s #LGBT #pride in Tblisi. @vvd calls on the authorities to protect participants and journalists! European leaders need to put pressure on Georgia to immediately safeguard freedom and equal rights. @TbilisiPride🏳️‍🌈 ;0;2021-07-05T10:24:15.000Z
"Wat een triest dieptepunt weer van #WitRusland! Mensen uit Irak halen, over de grens zetten en inzetten als drukmiddel. Als dit voortduurt moet de EU aanvullende sancties treffen! En ondertussen Litouwen helpen de grens te bewaken @DennisWiersma #belarus
";0;2021-07-05T08:24:59.000Z
De Chinese Communistische Partij (CCP) bestaat vandaag 100 jaar. Om dit mee te ‘vieren’ heb ik 100 redenen opgesteld om zeer kritisch te zijn op de CCP👇#China #CCP100Years ;0;2021-07-01T12:59:37.000Z
Schandalige agressie van #Rusland! Goed dat onze marine zich niet laat provoceren. Nederland moet Rusland hier stevig op aanspreken, samen met de Britten en andere bondgenoten. Wij laten ons niet intimideren en staan voor vrije zeevaart! ;0;2021-06-29T15:43:01.000Z
Chinese propaganda in een Nederlandse krant! Een uitgebreid interview met de Chinese ambassadeur zonder één kritische vraag. Niets over Oeigoerse strafkampen, opgesloten journalisten, spionage of cyberaanvallen. Dat is pas ongekend! #china #CCP #AD ;0;2021-06-28T15:51:19.000Z
"Prik 1: ✅💉

Een heuglijk moment, met een extra glimlach in de rij door de creatieve naam van onze GGD-regio ❤️🤍! ";1;2021-06-28T12:53:58.000Z
Uitstekende reclameborden! 🌈 👏#pride #lhbti #LGBT ;1;2021-06-27T16:57:26.000Z
Vandaag bedanken we onze mannen en vrouwen die het hoogste riskeerden voor onze vrijheid en veiligheid. #Veteranendag2021 #Veteranen ;1;2021-06-26T08:24:18.000Z
Soms komen lokale en buitenland politiek heel direct samen. Terecht dat de VVD in mijn gemeente #Oisterwijk kritisch is op het hijsen van de vlag van #Azerbeidzjan! Een vriendschapsband met een dorp is iets anders dan de band met een land! ;0;2021-06-25T08:54:10.000Z
Goed dat Nederland deze verklaring ook ondertekend heeft! (staat niet vermeld in NOS-bericht en internationale pers.) De #VN moet toegang krijgen tot strafkampen #Oeigoeren. Onlangs drongen wij hier als Tweede Kamer ook op aan bij de Chinese ambassadeur!  ;1;2021-06-22T13:00:33.000Z
We moeten minder afhankelijk worden van #China! Veel essentiële grondstoffen heeft China in handen, bijv voor smartphones en windmolens. Europa moet afspraken maken over grondstoffen met Latijns-Amerika, zonder dat China ertussen zit. Mijn oproep is breed in de Kamer aangenomen👇 ;1;2021-06-18T08:20:57.000Z
Big news in the US!! Het Amerikaanse zorgstelsel blijft in stand. Dat heeft het Hooggerechtshof met ruime meerderheid (7-2) besloten. Hierdoor houden 20mln Amerikanen een zorgverzekering. Eindelijk is deze lange strijd en onzekerheid voorbij #VS #Obamacare ;1;2021-06-17T14:49:41.000Z
Weer een dieptepunt in de onderdrukking door #China. Met 500 (!) politieagenten een krant in #Hongkong binnenvallen. En de redactievloer aanmerken als ‘plaats delict’. Zo ziet de nieuwe veiligheidswet er dus uit. Schaamteloos!  ;0;2021-06-17T10:12:01.000Z
Eindelijk!! “Maandag 21 juni komt de #EU naar verwachting met concrete #sancties tegen #WitRusland. Zowel op personen als staatsbedrijven”. Dit gaf minister #Kaag zojuist aan in het debat. Ik wacht het nauwlettend af! #belarus #hurryup;1;2021-06-16T16:03:10.000Z
In RTL Nieuws herhaal ik mijn oproep aan de #EU: schiet op met sancties tegen #WitRusland! Het duurt allemaal veel te lang! Vanmiddag debat met minister Kaag. #belarus #hurryup ;1;2021-06-16T07:23:04.000Z
Mooi dat de #NAVO de dreiging van #China voor onze veiligheid zo specifiek benoemt! En dat dit vraagt om een gezamenlijke aanpak! Dit is volledig in lijn met mijn motie en oproep aan het kabinet vorige week. Hier de relevante passages uit de slotverklaring van de NAVO-top👇 ;1;2021-06-14T20:54:03.000Z
Goed dat de #G7 een machtsblok wil vormen tegen #China! Maar in de slotverklaring van 25 blz slechts twee alinea’s hierover👇. Helaas met afgezwakte teksten over China, maar gelukkig wel met strenge woorden over vrije zeeroutes. Er is nog veel werk aan de winkel! ;0;2021-06-13T15:43:36.000Z
Geen statements zonder sancties! Er is weer een week voorbij met alleen mooie woorden van de #EU, maar geen concrete sancties tegen #WitRusland. Ik herhaal mijn boodschap aan de EU: hurry up! Volgende week debat hierover met minister Kaag. #belarus #hurryup ;0;2021-06-11T14:13:06.000Z
Goed artikel in het Financieele Dagblad over nieuwe dreigingen voor onze veiligheid (cyber, China) en de toekomstige rol voor de NAVO. Met een bescheiden bijdrage van mijn kant over de inzet van onze marktmacht en Defensie👇#NAVO #cyber #China @FD_Nieuws ;1;2021-06-11T11:27:59.000Z
Laten we er niet omheen draaien: #China vormt een grote dreiging voor onze veiligheid en welvaart. De #NAVO moet hier weerstand tegen bieden. Niet ‘landen-neutraal’ (zoals het kabinet wilde), maar specifiek gericht tegen China. Daarom diende ik met spoed een motie in👇(1/2) ;1;2021-06-10T16:26:52.000Z
Als Democraten ÉN Republikeinen voor een wet stemmen, dan is er wat aan de hand. De #VS wil niet afhankelijk zijn van #China. Daarom investeert VS in technologie, beschermt het eigen industrie, en zet het sancties in. Les voor #EU: ook eensgezind optreden! ;1;2021-06-09T08:32:42.000Z
De afgelopen weken voelde ik me heel jeugdig, met al die geboortejaren die voorbij kwamen. Maar nu vooral blij dat ik aan de beurt ben! 💉💪 #ikvaccineer #vaccineren ;1;2021-06-07T18:18:51.000Z
"Onze #veiligheid staat onder druk (Rusland, China, terrorisme). Dit maakt de #NAVO nog belangrijker. Mijn hoofdpunten in het debat over de NAVO in 2030:
➡️ Meer investeringen in Defensie (2%-norm)
➡️ NAVO moet een China-strategie opstellen
➡️ Samen terughacken bij cyberaanvallen ";1;2021-06-07T13:44:52.000Z
Goede stap dat EU het luchtruim sluit voor Wit-Russische vliegtuigen. En nu snel doorpakken met economische en persoonlijke sancties, die het regime stevig raken! #hurryup #eu #witrusland #belarus ;1;2021-06-04T13:19:30.000Z
Mijn simpele boodschap aan de EU: HURRY UP! Het is nu bijna 2 weken geleden dat de #EU aankondigde met #sancties te komen tegen #WitRusland. Sindsdien is het akelig stil. Iedere dag brokkelt de geloofwaardigheid van een krachtige Europese reactie verder af.. #hurryup #belarus ;0;2021-06-04T10:08:46.000Z
Zorgelijke ontwikkeling! #China en #Rusland nemen wetten aan die oppositie uitsluiten en aanmerken als ‘terroristen’. Zo kunnen Poetin en Xi Jingping nog meer hun gang gaan. Dit maakt de wereld onveiliger en schaadt ook onze #veiligheid ;0;2021-06-02T16:05:43.000Z
De wereld is onveiliger door een autoritair #China en #Rusland. En ze komen steeds dichterbij. Samen moeten we optreden tegen deze intimidatie en agressie. Rake woorden van #NAVO chef @jensstoltenberg in de @volkskrant: ;0;2021-06-01T06:43:28.000Z
Wil je #stage lopen in het hart van de democratie? Ben je overtuigd liberaal? En internationaal georiënteerd? Dan ben ik op zoek naar jou om team Brekelmans te versterken! Reageer op deze vacature👇en dan spreken we elkaar snel! ;1;2021-05-31T07:14:24.000Z
Sharing is caring! Gisteren spraken wij in de Tweede Kamer met oppositieleider @Tsihanouskaya. Vandaag vraagt zij wereldwijd aandacht voor de onderdrukking en intimidatie in #WitRusland. Zij verdient steun van #NL en de #EU in haar geweldloze strijd tegen het regime! ;1;2021-05-29T11:53:44.000Z
Live vanuit de woonkamer! Op NPO Radio 1 bij @oogopmorgen sprak ik over #WitRusland en het bezoek van oppositieleider #Tichanovskaja. Gisteravond laat in de ether, nu terug te luisteren vanaf 21m50s via: ;1;2021-05-29T07:04:29.000Z
"Goed gesprek zojuist tussen Tweede Kamer en oppositieleider #Tichanovskaja uit #WitRusland. In mijn ogen vier heldere conclusies:
1) Voer harde #sancties in op sectoren (olie, staal, hout) en veel meer individuen (oligarchen, veiligheidsofficieren en corrupte media) (I/II)";1;2021-05-28T13:07:02.000Z
Moedige en aangrijpende verhalen van #Oeigoeren in Nederland, die ook hier door China worden geïntimideerd. We spreken #China hierop aan, en kunnen de druk opvoeren als we minder afhankelijk van ze worden. Gisteren in @debalie, nu terug te kijken via 👉;1;2021-05-28T10:10:33.000Z
Oproep van Nederlanders in het buitenland om bij #vaccinatie niet tussen wal en schip te raken. Mijn collega @aukjedevries vroeg het kabinet om deze week te reageren op de brandbrief van @NLersBuitenNL. Als @VVD houden wij dit nauw in de gaten! ;1;2021-05-28T07:07:28.000Z
Schandalig dat #Rusland Europese vluchten weigert! Zo mengt Rusland zich openlijk in conflict met #WitRusland. EU moet niet toegeven aan deze druk en luchtruim Wit-Rusland blijven mijden. En tegenmaatregelen voorbereiden voor als Rusland hiermee doorgaat! ;0;2021-05-27T20:01:19.000Z
Hoe moeten we optreden tegen #WitRusland? Bij @BNR sprak ik over benodigde sancties, de invloed van #Rusland, en de intimidatie van Wit-Russen in Nederland. Terug te luisteren via 👉 ;1;2021-05-27T16:23:26.000Z
Morgen spreken wij als Kamerleden Buitenlandse Zaken met Svetlana #Tsikhanouskaya, de oppositieleider van #WitRusland. Benieuwd naar haar ideeën hoe NL en EU effectief druk kunnen zetten op dictator #Lukaschenko. #LIVE te volgen via ;1;2021-05-27T08:45:05.000Z
Weer een militaire coup in #Mali, zeer zorgelijk! Helaas worden meer Afrikaanse landen onveiliger en groeit het terrorisme. Dit bedreigt ook onze #veiligheid en moet een belangrijk thema zijn op de volgende #EU-#Afrika top! Mooi dat mijn motie is aangenomen👇 ;0;2021-05-26T08:34:19.000Z
Maximale druk op #WitRusland! De aangekondigde sancties worden nu door de #EU nader ingevuld. In het #Vragenuur vroeg ik minister #Kaag om vanuit NL te drukken op zo streng mogelijke sancties, ook in de olie- en gassector. Zij neemt dit mee in de onderhandelingen. #Protasevich ;1;2021-05-25T13:20:43.000Z
Europese airlines houden zich nu consequent aan de oproep niet over #WitRusland te vliegen. Zo ziet het eruit als je met luchtvaartpiraterij alleen komt te staan. #Protasevich #EU ;0;2021-05-25T09:40:24.000Z
Eerste stap van #EU richting #WitRusland (zie hieronder), maar voor @VVD is dit niet scherp en concreet genoeg! NL moet dringend met gelijkgezinde landen (incl. VS) meer maatregelen nemen, zoals sancties op olie- en gassector. Direct vragen gesteld aan kabinet met @ingridmichon👇 ;0;2021-05-24T20:41:31.000Z
Op initiatief van @swsjoerdsma en mijzelf sluit de Tweede Kamercommissie Buitenlandse Zaken zich aan bij onderstaande oproep tegen #WitRusland. Nederland moet samen met andere landen een vuist maken! #Protasevich #Ryanair ;1;2021-05-24T16:49:14.000Z
Pure intimidatie richting #EU! #WitRusland houdt eerste Europese vlucht van vandaag vast op luchthaven #Minsk vanwege zogenaamde ‘terroristische dreiging’. EU moet niet buigen voor intimidatie, maar juist nog stevigere maatregelen nemen! @VVD #Lufthansa ;0;2021-05-24T13:37:12.000Z
Onverstandige keuze van #KLM! @VVD stelt veiligheid passagiers voorop en wil strenge maatregelen tegen #WitRusland. Beter om het zekere voor het onzekere te nemen, in ieder geval tot er meer duidelijk is over Europese reactie #Protasevich ;0;2021-05-24T10:45:52.000Z
Alle #EU-leiders hebben nu maatregelen aangekondigd tegen ongekende actie #WitRusland. Morgen is dag van de waarheid. Harde en snelle sancties zijn nodig! Slap antwoord geeft vrijbrief aan andere dictators om hetzelfde te doen #Protasevich #Ryanair #EuropeseRaad ;0;2021-05-23T21:31:55.000Z
A simple smile ❤️ #love ;1;2021-05-22T08:17:26.000Z
Vandaag stemden we met de #VVD-fractie tegen een eenzijdige oproep aan #Israël om zich aan internationaal recht te houden. Omdat een evenwichtige aanpak nodig is om zsm tot een staakt-het-vuren te komen, hebben we zelf een oproep gedaan met diverse partijen👇 ;0;2021-05-20T14:31:49.000Z
De misdaden van ISIS tegen #Jezidis mogen niet onbestraft blijven, zeker nu @UNITAD_Iraq meer bewijs heeft verzameld dat er sprake was van #genocide. Ik stel hierover de volgende vragen aan @MinBZ👇 ;0;2021-05-19T13:01:15.000Z
Vandaag sprak ik bij #route2030 over hoe ons buitenlandbeleid meer kan bijdragen aan de SDG’s. Dit is niet makkelijk door de coronacrisis en dreigingen vanuit China en Rusland, maar er zijn veel nieuwe kansen door handel te stimuleren en onafhankelijker te worden van China #SDGs ;1;2021-05-19T11:06:32.000Z
Gebalanceerde inzet van NL: spreken met beide kanten, beëindigen geweld, veroordelen raketten Hamas, recht op zelfverdediging #israel proportioneel en binnen internationaal recht, stoppen nederzettingenbeleid,en respecteren heilige plekken. En geen olie op het vuur door politici! ;1;2021-05-17T08:09:03.000Z
Back to my roots! Op NPO Radio 1 ging ik vanuit #Tilburg in gesprek over internationale politiek, zoals de actualiteit in Israël en de mensenrechten in Polen. Samen met @Koster_Bas! Terug te luisteren vanaf 47:00 via 👉 ;1;2021-05-15T16:00:44.000Z
Opening van de NAVO parlementaire assemblee. De komende dagen praten we met parlementariërs uit 45 landen over internationale veiligheid. We spreken o.a. over nieuwe dreigingen, desinformatie, Rusland, China en investeringen in Defensie #NAVO #veiligheid ;1;2021-05-14T13:25:48.000Z
Zorgwekkend dat geweld blijft toenemen. Emoties zijn nu extra hevig door gebeurtenissen bij heilige plaatsen in Jeruzalem. De-escalatie is dringend nodig aan beide kanten. Dit vereist brede inspanning van VN, VS, EU, RL, EG, S-A etc #Israël #Palestina ;0;2021-05-11T16:32:18.000Z
"Wereldwijd tekort aan grondstoffen is een groot probleem, maar wat ons nog kwetsbaarder maakt is dat we voor  &gt;90% afhankelijk zijn van import uit China. Het verminderen van deze afhankelijkheid is een grote geopolitieke opgave! #rawmaterials #china ";0;2021-05-10T07:46:17.000Z
Rond 16.15u praat ik op NPO Radio 1 over de actuele spanningen tussen China en Taiwan. Geografisch ver weg, maar voor NL zeer relevant! #china #taiwan ;1;2021-05-07T11:46:39.000Z
"Verkiezingen om te volgen! Vandaag spreken de Schotten hun voorkeur uit voor wel/geen onafhankelijkheid van het VK en hertoetreding tot de EU. De precieze uitslag heeft grote invloed op het vervolgtraject; sterke analyse @ForeignPolicy👇";1;2021-05-06T06:19:14.000Z
Vandaag vieren we onze vrijheid, maar staan er ook bij stil dat dit niet vanzelfsprekend is. Mijn gedachten gaan naar mijn studievriend @JuanAndresMejia uit Venezuela (links op de foto). Hij werd in 2015 verkozen tot het parlement, maar moest het land ontvluchten omdat... (1/2) ;1;2021-05-05T12:44:33.000Z
Vandaag staan we stil bij de mensen die het ultieme offer brachten voor onze vrijheid. De herdenking heeft voor mij extra gewicht, nu ik als Kamerlid het woord voer over uitzendingen van onze militairen. Dit vereist diep bewustzijn van de risico’s en opofferingen #dodenherdenking ;1;2021-05-04T13:00:07.000Z
Goed dat de EU Rusland ter verantwoording roept voor willekeurige inreisverboden van Europese politici en ambtenaren. Maar hoe stoppen we de oplopende spanningen? VS en OEK riepen Poetin al op tot onderhandelen, wanneer volgt de EU? #EU #Rusland ;0;2021-05-03T13:36:22.000Z
Enorm verdrietig en triest. Hans was niet alleen een kundig en gepassioneerd politicus, maar ik heb hem ook leren kennen als een warm, betrokken en blijmoedig mens. Hij was altijd bereid om jonge mensen zoals ik te helpen. Ik ga hem missen en wens zijn familie veel sterkte! ;1;2021-04-30T09:41:50.000Z
"Grote felicitaties aan mijn voorganger Sven Koopmans voor zijn benoeming als Speciaal Afgevaardigde van de EU voor het Midden-Oosten Vredesproces. Een belangrijke en eervolle positie! #MOVP #EU
 ";1;2021-04-29T16:37:12.000Z
Waarom stemmen zo weinig Nederlanders die in het buitenland wonen? Helaas hebben honderdduizenden dit bij de laatste verkiezingen niet gedaan. Welke belemmeringen zijn er en kunnen we die wegnemen? Dit moet goed worden onderzocht! @UlysseEllian en ik stellen daarom deze vragen👇 ;0;2021-04-28T13:49:26.000Z
Zoek de verschillen... Gelukkig weer een Amerikaanse president die waarde hecht aan het bondgenootschap met Europa! #Biden #Trump #VS #Europa ;1;2021-04-24T07:20:54.000Z
Poetin heeft zijn spierballen laten zien en rode lijnen getrokken, maar concludeert dat verdere escalatie niet in zijn belang is. Tegendreigementen van VS-VK hebben effect gehad. EU moet hiervan leren. Nu is het tijd voor onderhandelingen #rusland #vs #eu ;1;2021-04-22T18:35:27.000Z
Bij het uitzenden van militairen is de veiligheid van onze mensen het allerbelangrijkst. Daarom steunt de VVD de inzet van 80 extra militairen in Afghanistan. Zo worden onze mensen adequaat beschermd in de laatste fase van de NAVO-missie in Afghanistan #afghanistan #NAVO #vvd ;1;2021-04-22T17:04:21.000Z
Op de dag van Poetin’s jaarlijkse speech spraken wij zojuist in de Tweede Kamer met leden van het team Navalny. Internationale aandacht voor de situatie van Navalny is en blijft nodig, juist wanneer Poetin de aandacht afleidt met buitenlandse conflicten #Navalny #Rusland;1;2021-04-21T11:36:16.000Z
Is het toeval dat Rusland militaire activiteiten opvoert bij Oekraïne, en China tegelijk bij Taiwan? Er is (nog) geen bewijs van coördinatie, maar ze laten de VS voelen hoe zwaar een oorlog op twee fronten is. Zie ook: ;0;2021-04-21T07:25:50.000Z
Duitse verkiezingsstrijd kan nu definitief losbarsten! Belangrijk voor NL om nauw te volgen en goed te duiden. Zo worden veranderingen in DL sterk beïnvloed door deelstaten en strenge grondwet (bijv tav overheidsfinanciën). Höchst interessant! #Duitsland ;1;2021-04-20T15:10:12.000Z
Daar was ik al bang voor: statement van EU richting Rusland is veel minder krachtig dan van VS en NAVO. EU had RL duidelijk moeten maken dat aanjagen van conflicten consequenties heeft, en deëscalatie de enige weg voorwaarts is. Gemiste kans! #EU #Rusland ;0;2021-04-19T15:14:59.000Z
“Een buitenlandbeleid voor de gewone Nederlander”. In mijn eerste debat met  minister van Buitenlandse Zaken Stef Blok zette ik kort uiteen waar ik me voor wil inzetten: #veiligheid #banen #buitenlandsezaken #vvd ;1;2021-04-16T11:24:25.000Z
Mijn reactie zojuist bij Goedemorgen Nederland op het oplaaiende conflict in Oost-Oekraïne en de Russische troepenopbouw👇#oekraine #rusland #wnl ;1;2021-04-15T08:01:25.000Z
Bezorgdheid uiten door Europese landen is niet genoeg. Het moet voor Iran duidelijk zijn dat verdere escalatie onacceptabel is. Een nieuwe nucleaire deal is in het belang van ieders veiligheid. Combinatie van vuist en uitgestoken hand is nodig #iran #jcpoa ;1;2021-04-14T19:50:14.000Z
Mijn debuut in de plenaire zaal, nav financiële tekorten bij de Marine. De VVD pleit al jaren voor meer geld voor Defensie (bovenop de extra 1.7mjd) Ik vroeg de minister of er creatieve oplossingen zijn, maar er is gewoon meer geld nodig. Daar blijven wij voor strijden! #defensie ;1;2021-04-13T16:02:20.000Z
Vandaag weer zorgwekkende signalen over verdere troepenopbouw van Rusland aan de grens met Oekraïne. De EU en NAVO moeten aangeven wat de consequenties zijn als Rusland overgaat tot actie. Afschrikking is nodig. De VS gaf gisteren al een waarschuwing af👇 #oekraine #rusland ;0;2021-04-12T12:31:06.000Z
"Wat een bijzonder moment! De officiële beëdiging in de Tweede Kamer! En ik mag meteen aan de slag met een thema waar mijn hart ligt: Buitenlandse Zaken. Aan het werk! 💪
#tweedekamer #vvd #buitenlandsezaken ";1;2021-03-31T13:58:20.000Z
Trots op dit resultaat, zeker omdat we ons in deze campagne extra hebben gericht op NLers in het buitenland. De komende jaren gaan we hard aan de slag om problemen waar deze mensen tegenaan lopen op te lossen! #TK2021 #dutchabroad #Verkiezingen2021 ;1;2021-03-23T14:57:56.000Z
Wat een geweldige uitslag! En wat een bijzondere plek voor de verkiezingsavond, in het ziekenhuis bij Karlijn en ons pasgeboren dochtertje (met beiden gaat het goed!) Veel dank aan iedereen die op mij en de VVD heeft gestemd, en aan alle geweldige mensen uit mijn campagneteam 🙏! ;1;2021-03-18T14:16:03.000Z
En ineens staat je wereld op zijn kop. Eergisteren is mijn vriendin onverwacht opgenomen in het ziekenhuis met een zwangerschapsvergiftiging. Het gaat gelukkig goed met haar. Voor mij even geen Tweets over de campagne, maar veel tijd in het Wilhelmina Kinderziekenhuis in Utrecht ;1;2021-03-13T15:35:53.000Z
Hoe werken we effectief samen in Europa? En hoe moet onze relatie met China eruitzien? Over deze twee fundamentele vragen ging ik in debat bij @BNRdewereld met CDA, D66 en PvdA. Terug te luisteren via: ;1;2021-03-11T16:27:41.000Z
Vandaag om 15.00u ga ik in debat over Europa en China in het grote @BNR buitenlanddebat. Luister live mee of het later terug via de podcast van @BNRdewereld. #europa #china #samensterkerverder ;1;2021-03-11T10:31:33.000Z
Deel 3 van de trilogie! Om 13.30u gaan we weer in gesprek met NLers in het buitenland. Ditmaal is het politiek cafe van @VVDint speciaal voor NLers in Azië, maar iedereen is van harte welkom om deel te nemen! Meld je snel aan via: ;1;2021-03-08T10:04:17.000Z
Duizenden flyers 📬, honderdduizenden stappen 👟, en oneindig veel dank 🙏!! Ook in Den Bosch, Rosmalen, St Michielsgestel en Berlicum werd dit weekend volop geflyerd. Heel erg bedankt aan iedereen van de @bosschevvd en @VVDgestel!#pakjekansstembrekelmans #samensterkerverder #vvd ;1;2021-03-07T17:12:47.000Z
Zaterdag? ✅ Zonnetje? ✅ Tijd om te flyeren! Vandaag in Tilburg en Boxtel. Veel dank aan iedereen van @VVDTilburg en @BoxtelVvd die vandaag weer heeft geholpen! 💪 #pakjekansstembrekelmans #samensterkerverder #vvd ;1;2021-03-06T17:58:12.000Z
Laatste debat deze week, voor jonge ambtenaren van het Rijkstraineeprogramma. Over omscholing, Europa en klimaatbeleid. En even nagesproken hoe het is om al een jaar geen collega’s te zien. Knap hoe deze talenten zich daar doorheen slaan! #rijksoverheid #debat #samensterkerverder ;1;2021-03-05T18:05:57.000Z
Ben jij een Brabantse ondernemer? Wil jij in gesprek met onze minister van Economische Zaken en Brabantse kandidaten voor de Kamer? Voor jou organiseren we 8 maart 16.30-18.00u het grote Brabantse bedrijven event! Deelnemen via: ;1;2021-03-03T16:36:59.000Z
Om 16.00u neem ik deel aan het verkiezingssymposium van studentenvereniging Plato en @sgtilburg van de Universiteit van Tilburg. Met D66 en GL ga ik in debat over o.a. de corona-aanpak, hoger onderwijs, kernenergie en defensie. Live te kijken via: ;1;2021-03-01T13:59:50.000Z
De hele familie helpt mee! Filmpjes maken, flyers rondbrengen, posters ophangen. En natuurlijk alle debatten volgen als de meest trouwe fans! #familylove #campagne #samensterkerverder ;1;2021-02-28T17:12:10.000Z
Flyer fun in Berkel-Enschot! Vandaag gezellig langs de brievenbussen met @VVDTilburg. Uiteraard netjes in tweetallen. Veel dank aan iedereen van team Tilburg, echt super 💪!! #berkelenschot #samensterkerverder #flyers ;1;2021-02-27T17:56:13.000Z
Debat in Brabant! Om 16.00u begint het Brabantse verkiezingsdebat, georganiseerd door de studentenraad van de Universiteit Tilburg. Te bekijken via: ;1;2021-02-24T13:56:50.000Z
"Mooie analyse in het Brabants Dagblad van alle TK kandidaten uit midden-Brabant. Pluspunt: ik ben meteen 4 jaar jonger 😉. En een overheid die regels handhaaft is niet links, maar rechtvaardig. Voor goedwillende ondernemers is dit belangrijk.
#brabant #pakjekansstembrekelmans ";1;2021-02-24T09:36:19.000Z
Mooi stukje in het AD vandaag over brede politieke wens om meer in Defensie te investeren, nav het Defensiedebat van @JongeAtlantici #defensie #vvd #samensterkerverder #defensiedebat ;1;2021-02-23T09:27:18.000Z
‘We moeten meer investeren in Defensie’! Gelukkig waren veel partijen het hier vanavond mee eens in het Grote Defensiedebat. Terug te kijken via: ;1;2021-02-22T20:24:24.000Z
Nog maar 3 weken tot de verkiezingen. Tijd voor een eindsprint! Wil je op de hoogte blijven van mijn campagne? Check mijn nieuwe website ;1;2021-02-22T11:48:45.000Z
Heerlijke dag om te flyeren, lekker in het zonnetje in Kaatsheuvel. In mijn oude buurt waar ik vroeger krantjes bezorgde. Oude tijden herleven!! #samensterkerverder #pakjekansstembrekelmans #vvd #kaatsheuvel ;1;2021-02-20T12:17:16.000Z
Zeer zorgelijk bericht, dit is volledig in strijd met onze academische vrijheid. Morgenavond heb ik een debat met studenten van de RUG, benieuwd of zij hier net zo kritisch over zijn. #vrijheid #china #hogeronderwijs  ;0;2021-02-17T14:27:06.000Z
‘Drama of daadkracht’? Vanmiddag om 16.00u neem ik deel aan het grote buitenlanddebat van diverse NGO’s. Ik ga in debat over migratie en andere internationale thema’s. Live vanuit @Nieuwspoort #buitenland #migratie #samensterkerverder  ;1;2021-02-17T10:53:51.000Z
Let op, vandaag is de ALLERLAATSTE DAG voor Nederlanders in het buitenland om jezelf te registeren om te kunnen stemmen. Ken je NLers in het buitenland? Geef dit dan snel door. Registreren kan via ;1;2021-02-03T09:58:02.000Z
Back to the roots! Morgenavond ga ik in gesprek met de JOVD Zuid, waar de politiek voor mij meer dan 15 jaar geleden begon. Erg leuk om weer even (digitaal) terug te zijn! Meld je aan via: ;1;2021-02-02T17:23:24.000Z
Weer een voorbeeld van Chinese apparatuur die we kritisch tegen het licht moeten houden, om onze vrije markt te beschermen. Better safe than sorry! #china #modernedreigingen ;1;2021-02-01T08:22:55.000Z
Speciaal voor NLers in het buitenland organiseren we 3 politieke cafés. Maandag is de eerste met Stef Blok en kandidaat TK-leden @KammingaRJ @martijngrevink en mijzelf. Woon je in het buitenland of heb je interesse om deel te nemen? Meld je aan via: ;1;2021-01-30T11:37:37.000Z
Wil je stemmen en woon je in het buitenland? Let op! Registreer je voor 3 februari via ;0;2021-01-28T10:00:55.000Z
Woensdag om 19u is mijn eerste debat deze verkiezingen. Dit Werelds Verkiezingsdebat is speciaal voor alle Nederlanders in het buitenland, want het is belangrijk dat zij hun stem uitbrengen! Voor iedereen te bekijken via YouTube! @2021Werelds #verkiezingen #debat #vvd ;1;2021-01-25T17:33:22.000Z
Afschuwelijke beelden, wat een tuig! Dit is een dikke middelvinger naar onze politieagenten en naar alle Nederlanders die zich al maandenlang aan de regels houden. Hopelijk kunnen veel van deze gasten nog aangepakt worden obv camerabeelden #eindhoven #relschoppers #snelrecht ;0;2021-01-24T21:20:45.000Z
Dit interview laat zien hoe Rusland misleiding en desinformatie inzet in moderne oorlogsvoering. Belangrijk dat ⁦@Defensie⁩ investeert in informatiecapaciteit en we hier als vrije samenleving een krachtig antwoord op vinden #veiligheid #vrijheid #vvd ;1;2021-01-18T16:11:36.000Z
Buitenlandbeleid voelt vaak ‘ver weg’, maar heeft grote invloed op ons dagelijks leven. Zeker nu iedere baan telt en vaccinaties uit het buitenland komen. Over de links tussen lokaal-internationaal sprak ik met ⁦@VVDZeist⁩ in hun leuke podcast: #vvd ;1;2021-01-17T10:52:17.000Z
Woede aanwakkeren met tweets en een speech is makkelijk, maar woede beheersen vereist echt leiderschap. What a shame! Zo snel kan een volwassen democratie dus vervallen in chaos. Hopelijk leren miljoenen mensen deze les bij het zien van deze beelden. #WashingtonDC ;0;2021-01-06T21:12:04.000Z
And baby makes three! Het nieuwe jaar wordt voor ons heel bijzonder! Wij wensen iedereen het beste voor 2021, met veel gezondheid en nieuw geluk! #babyontheway #happynewyear ;1;2021-01-01T14:37:42.000Z
In deze rare tijd wens ik iedereen hele fijne feestdagen, en wil ik speciaal even stilstaan bij iedereen die al maandenlang thuiswerkt of online studeert. #christmas #kerst #samensterkerverder #VVD ;1;2020-12-23T10:39:59.000Z
Live verbinding met Beirut! Ondanks alle heftige maatregelen kunnen online sessies gelukkig wel doorgaan. Vandaag een interessante webcast over Libanon, met vier prominente gastsprekers. Terug te kijken via: ;1;2020-12-16T17:59:34.000Z
Vandaag mocht ik een online sessie presenteren over Wit-Rusland. Live vanuit de studio! Met gastsprekers uit 4 landen en deelnemers van binnen en buiten Europa. Veel interessante inzichten en gaaf om te doen! Terug te kijken via: ;1;2020-12-14T16:46:36.000Z
Waarom ik mij kandidaat stel voor de Tweede Kamer? Ik licht het toe in onderstaand filmpje #samenaandeslag #vvd #pakjekansstembrekelmans ;1;2020-12-11T10:14:34.000Z
De VVD Internationaal organiseert drie interessante Facebook webcasts over Wit-Rusland, Libanon en de VS! Met veel prominente gastsprekers, zeker de moeite waard! Ik kijk ernaar uit om de eerste twee te presenteren. Voor iedereen toegankelijk, meld je snel aan via FB! #VVD ;1;2020-12-08T14:36:03.000Z
Leuke kiekjes maken voor de campagne! 📸 #samenaandeslag #vvd ;1;2020-12-06T10:46:59.000Z
Op naar de Tweede Kamer! Als #30 heb ik een mooie plek op de concept-lijst van de VVD. Een enorme eer! Juist nu er zoveel onzekerheid is voor ons allemaal, wil ik in de politiek mijn steentje bijdragen om door de crisis te komen #VVD #samenaandeslag #pakjekansstembrekelmans ;1;2020-12-02T18:35:55.000Z
Deze week is een leuk artikel (;1;2020-10-11T11:55:44.000Z
Sterk artikel van VVD-lijsttrekker Malik Azmani over een nieuwe doctrine voor Europa’s buitenlandbeleid: ;1;2019-05-13T13:17:05.000Z
Nu LIVE: Mark Harbers bij Pauw #Pauw ;1;2018-11-07T22:22:17.000Z
In een uitgebreid artikel en interview in de Volkskrant legt Mark Harbers uit waarom we het kinderpardon niet verruimen: ;1;2018-11-07T14:05:15.000Z
Weer een sterk interview met onze lijsttrekker Malik Azmani over de nieuwe koers van de VVD in Europa, vandaag in het FD:  ;1;2018-10-23T06:45:38.000Z
Vandaag is ons Europees verkiezingsprogramma gepubliceerd: Focus en Lef! Met focus en lef moeten we in Europa samenwerken aan veiligheid, migratie en een duurzame economie. Ik mocht het overhandigen aan onze nieuwe lijsttrekker Malik Azmani. Lees het hier: ;1;2018-10-12T11:45:39.000Z
Mooi interview met onze Europese lijsttrekker Malik Azmani over de koers van de VVD in Europa. Vandaag publiceren we ons verkiezingsprogramma! ;1;2018-10-12T07:03:30.000Z
Vanavond een interessante bijeenkomst over Noord-Korea gehad van het VVD Thematisch Netwerk Internationaal met experts op Amerika, China en Noord-Korea. Helaas nog geen zicht op een structurele oplossing, maar er lijkt bereidheid tot verdere toenadering. #NoordKorea #VS #China ;1;2018-09-12T22:02:52.000Z
Harder optreden aangekondigd tegen overlastgevende asielzoekers, die vaak uit veilige landen komen. Het kan niet zo zijn dat omwonenden, personeel en andere asielzoekers zich onveilig voelen. Alleen zo behouden we draagvlak voor opvang echte vluchtelingen. ;1;2018-06-08T18:29:06.000Z
Dit weekend waren twee fantastische dagen VVD-congres. Veel positieve energie en sterke speeches van Mark Rutte, Klaas Dijkhoff en Christianne van der Wal. Ook allerlei goede ideeën gekregen voor het Europees Verkiezingsprogramma! #vvdcongres #jouwideevoorEuropa ;1;2018-05-27T09:11:34.000Z
Today at the ALDE council meeting in Bulgaria, listening to great ideas for our election manifesto, especially from @DilanYesilgoz #ALDE #Elections2019 ;1;2018-04-28T08:03:37.000Z
Interessante discussie over Noord-Afrika gemodereerd bij het VVD Thematisch Netwerk Internationaal. Welke grondoorzaken van instabiliteit moeten we aanpakken, hoe krijgen we grip op migratie, en welke bijdrage kan NL leveren in de regio? #VVD #NoordAfrika ;1;2018-04-11T21:18:29.000Z
Goed artikel in de Telegraaf vandaag over onze inzet in Europa: ‘registreren aan de grens en beter spreiden’ ;1;2018-03-08T08:07:19.000Z
Historic moment: back to world number one!! #Federer #Rotterdam #legend ;1;2018-02-16T20:30:53.000Z
Finally I see this hero playing, on his way to reclaim the #1 position #Federer #Rotterdam ;1;2018-02-15T20:13:10.000Z
Goede discussie tussen ca 100 leden van VVD Netwerk Internationaal en onze Kamerleden. Dat belooft veel moois voor komende jaren! #VVD ;1;2018-02-08T22:48:36.000Z
Mooie en zeer verdiende prijs voor @COA: directeur Gerard Bakker gekozen tot overheidsmanager van het jaar! #coa #overheidsmanagervanhetjaar ;1;2017-11-20T20:02:26.000Z
Vanavond hebben de leden het verkiezingsprogramma van VVD Amsterdam goedgekeurd. Nu gaan we alle Amsterdammers overtuigen! #durf #optimisme ;1;2017-10-31T22:18:51.000Z
Vanavond hebben we het verkiezingsprogramma van de VVD Amsterdam gepresenteerd “Durf en Optimisme”: ;1;2017-10-02T20:22:21.000Z
"Sterk debat geleid over rol overheid in leven lang leren: ""organiseer en financier vanuit individuele behoefte, maar niet vrijblijvend"" #VVD ";1;2017-09-09T14:40:20.000Z
The government is not a business. Here is my column in Het Financieele Dagblad (FD) today: ;1;2017-04-15T15:51:25.000Z
Today my column got published in Het FD on how leaders can make a difference during negotiations #FD #negotiations ;1;2017-04-08T18:10:32.000Z
Vandaag training mogen geven over het gebruik van persoonlijke drijfveren in speeches en debatten #vvd #kadertraining ;1;2017-03-25T13:04:09.000Z
Duidelijke belofte, ondanks dat politieke realiteit na verkiezingen anders kan zijn. Geen weg terug voor VVD, gelukkig! #Rutte #Wilders ;1;2017-02-12T09:23:01.000Z
"Goed advies Henk Kamp aan nieuwe Kamerleden: ""integer zijn, je best doen voor het algemeen belang, en hard werken"" ";1;2017-01-03T17:57:36.000Z
"Interessante beschouwing van Rutte II @NRC: ""Bewindslieden en coalitiepartners moeten elkaar iets gunnen"" ";1;2016-12-24T21:19:28.000Z
Mooi portret @PDuisenberg @Trouw: Niemand mag door het ijs zakken. Vraag is of je dat bereikt door zelfstandigheid,of als je daarvan afstapt;1;2016-12-18T12:05:59.000Z
Mooie actie van GL! Hopelijk blijft het na de verkiezingen ook zo'n constructieve partij ;1;2016-12-17T15:39:45.000Z
A president for ordinary Americans,ahum. What a shocking fact: 17 member Cabinet is richer than 1/3 of US households ;0;2016-12-16T19:51:41.000Z
Weer een populistische partij met steeds meer autoritaire trekjes, slecht voor de democratie: ;0;2016-12-10T19:51:18.000Z
My essay in het FD on what business leaders can do to close the divide between the establishment and ordinary people:;1;2016-11-26T15:51:20.000Z
..first Wilders downplayed his biggest promise immediately (retirement age),then Farage(EU funds), now Trump (Obamacare)(2/2)#Wilders #Trump;0;2016-11-12T22:36:45.000Z
A common strategy among populist leaders: downplay biggest promise right after victory when voters are still cheerful..(1/2)#populism #Trump;0;2016-11-12T22:30:21.000Z
"So-called banga lists not only a problem at Dutch fraternities; Harvard sends strong message after similar incidents ";0;2016-11-05T17:00:34.000Z
Onrealistich plan: Samson kan nooit fractiediscipline opleggen aan GL, en zal ook geen stap opzij doen voor Klaver  ;0;2016-10-25T19:41:01.000Z
Geen excuses voor vrouwonvriendelijk gedrag en je tegenstander dreigen op te sluiten. Trump levert weer historische dieptepunten #debate;0;2016-10-10T03:53:40.000Z
Here is my new column in Het FD on how leaders can tell their life story in a more powerful way ;1;2016-09-11T11:02:24.000Z
Goede discussie met ISO bij VVD Onderwijsdag om kwaliteit docenten in Hoger Onderwijs te verhogen. #Onderwijs #VVD ;1;2016-09-10T13:58:07.000Z
Goed dat partijen hun programma's toch laten doorrekenen door CPB(ondanks beperkingen).Geen fact free politics! ;1;2016-09-06T16:51:50.000Z
Zorgelijk dat NL universiteiten dalen in rankings ;0;2016-09-06T15:33:08.000Z
Meest relevante moment uit mooie afl zomergasten: Rutte kiest Wilders als belangrijkste tegenstander. Wordt dit de tweestrijd? #zg16 #Rutte;1;2016-09-04T21:51:22.000Z
En meer Basiskwalificaties leiden niet eens tot meer tevredenheid. Tijd dat studentevaluaties belangrijker worden! ;0;2016-09-04T18:11:57.000Z
A good leader doesn't always push for change, but knows when to turn down the heat. Here's my new column:;1;2016-09-03T15:11:36.000Z
"Modern leaders should feel a stronger sense of responsibility. Wrote a new column in Het FD
";1;2016-08-27T15:30:46.000Z
Geweldig event voor iedereen die geïnteresseerd is in onderwijs! Zat 10 september in Utrecht ;1;2016-08-27T09:20:16.000Z
Onverstandig om bij verkiezingen over te komen als baantjesjager,en slecht voor onderhandelingspositie D66 ;0;2016-08-26T06:38:48.000Z
Zo werkt media: hoge verwachtingen rond een politicus opbouwen, om hem vervolgens neer te kunnen halen @jesseklaver ;0;2016-08-25T10:38:56.000Z
Earthquake Italy caused a higher death toll than all recent terrorist attacks in Europe combined :( ;0;2016-08-25T10:18:12.000Z
It's time for Dutch organizations to step up their efforts on diversity and inclusion. Here is my new FD column: ;1;2016-08-20T14:46:37.000Z
Perfect voorbeeld waarom het nuttig is dat er ook politici zijn met ervaring bij vooraanstaande bedrijven ;1;2016-08-14T16:56:31.000Z
Managers should spend more time understanding their own self-image and convictions. Here is my column on this topic: ;0;2016-08-13T14:54:09.000Z
'Ashamed' of Trump, Harvard Republican Club won't endorse top GOP nominee for first time since 1888 ;0;2016-08-13T13:51:17.000Z
Wrote a new column in het Financieele Dagblad on the kind of leadership we need in these turbulent times: ;1;2016-08-06T18:07:18.000Z
It should be made easier to switch between the private sector, public sector and academia. My new column in het FD: ;1;2016-07-30T17:58:44.000Z
Congratulations to my former class mate @fqdayib, great to see her courageous leadership being rewarded #leadership ;1;2016-07-13T19:45:41.000Z
Beautiful day at Wimbledon #Wimbledon ;1;2016-07-02T16:55:32.000Z
Goede beschrijving van de invloed van hoge ambtenaren op het kabinetsbeleid  ;1;2016-06-26T14:48:19.000Z
"""60% have major depressions and 1/3 have PTSD"". Good interview on the need for mental health care in refugee camps: ";0;2016-06-20T11:24:59.000Z
Hoe je met één column 'witte' medestanders van je kunt vervreemden. Waarom bruggen afbreken ipv bouwen? ;0;2016-06-19T12:50:33.000Z
Decentralisatie volgens VN slecht voor kinderrechten. Betekent lokaal maatwerk vooral ongelijkheid binnen NL? ;0;2016-06-13T06:41:41.000Z
20% uitval in eerste studiejaar, 30% haalt bachelor niet in 4 jaar. Er valt nog een hoop te winnen.. ;0;2016-06-07T06:06:48.000Z
