Posts;Labels
Terugkijken: het inleidend statement van de wekelijkse persconferentie van premier Rob Jetten na de #ministerraad. Met aandacht voor gesprekken met werknemers en werkgevers over de toekomst van onze sociale zekerheid, de noodzaak van de Spreidingswet om zo onder andere druk op de asielopvang in Ter Apel te verlichten, en voor twee ministerraadsbesluiten op gebied van klimaat.;1
LIVE: de persconferentie van premier Rob Jetten over de #ministerraad ⬇ ;1
Kijk vanaf 13.45 uur de persconferentie na de #ministerraad live op X of via mijn YouTube-kanaal: ;1
"Eindhoven is de vijfde stad van Nederland en vervult een belangrijke functie in onze economie. Goed om daarom nader kennis te maken met Jeroen Dijsselbloem, de burgemeester van de @gem_Eindhoven. 

We spraken onder meer over wat er moet gebeuren om de Brainportregio verder door te ontwikkelen, over het belang van het sneller aanpakken van problemen rond netcongestie en over het asielvraagstuk. Ik kijk uit naar onze samenwerking.";1
"Grote bewondering voor het doorzettingsvermogen van Sviatlana @tsihanouskaya. Met gevaar voor eigen leven zet zij zich al jaren in voor de democratische krachten in Belarus. Het was dan ook een eer haar vandaag te mogen ontvangen. 

We spraken over het belang van een democratisch en stabiel Belarus voor de veiligheid van heel Europa. Nederland blijft dan ook actief steun geven aan de bescherming van mensenrechten en voor de vrijlating van alle politieke gevangen.";1
"Het kabinet blijft doorwerken aan een pact voor eerlijk werken en een sterke economie. 

Lees hier de kabinetsreactie na overleg met vakcentrales en werkgeversorganisaties: ";1
"In het dorpshuis van het Friese Goutum ging ik in gesprek met omwonenden van een opvanglocatie voor vluchtelingen. In het begin waren er zorgen en onrust over de komst van een opvanglocatie in het dorp. Gevoelens om serieus over in gesprek te gaan. 

Vanuit het COA en de gemeente is er meteen een omgevingsoverleg opgezet met de mensen uit de buurt. Met bijeenkomsten waar voor- en tegenstanders elkaar in de ogen konden kijken en open en eerlijk hun zorgen en gevoelens konden delen. 

Wat ik mee terug neem is dat het belangrijk is om de lokale gemeenschap mee te nemen in besluitvorming, goed te luisteren naar omwonenden en dat de lijntjes tussen alle betrokkenen kort blijven.";1
"In het dorpshuis van het Friese Goutom ging ik in gesprek met omwonenden van een opvanglocatie voor vluchtelingen. In het begin waren er zorgen en onrust over de komst van een opvanglocatie in het dorp. Gevoelens om serieus over in gesprek te gaan. 

Vanuit het COA en de gemeente is er meteen een omgevingsoverleg opgezet met de mensen uit de buurt. Met bijeenkomsten waar voor- en tegenstanders elkaar in de ogen konden kijken en open en eerlijk hun zorgen en gevoelens konden delen. 

Wat ik mee terug neem is dat het belangrijk is om de lokale gemeenschap mee te nemen in besluitvorming, goed te luisteren naar omwonenden en dat de lijntjes tussen alle betrokkenen kort blijven.";1
"Indrukwekkend hoe in Gezondheidscentrum Camminghaburen in Leeuwarden - ik was hier op uitnodiging van ROS Friesland - met verschillende zorgverleners wordt samengewerkt. 

Huisartsen, apothekers, fysiotherapeuten, diëtisten en meer, allemaal onder één dak. Dat betekent korte lijnen, snel schakelen en bekende gezichten. Goed voor de zorg voor patiënten en prettig voor werknemers. 

Daarbij wordt niet puur naar de fysieke zorgkant gekeken, maar ook nadrukkelijk de link gelegd met het sociale domein. Want niet iedere vraag is een zorgvraag. Soms zijn mensen eenzaam of hebben andere  problemen die niet direct door medische zorg opgelost kunnen worden.

Door deze aanpak draagt dit gezondheidscentrum bij aan een prettige, veilige, gezonde en sociale leefomgeving. En door vroegtijdig en breed naar de zorgbehoefte van mensen te kijken, kan bovendien in sommige gevallen de veel duurdere ziekenhuiszorg worden voorkomen, dat bespaart veel geld.";1
"Niet naïef zijn, pragmatisme met oog voor onze eigen belangen en een uitgestoken hand naar de rest van de wereld. Een paar elementen uit mijn speech vanmorgen over internationale veiligheid tijdens de Next Gen Security Conference in het Vredespaleis in Den Haag.
 
Het gaat hier vandaag en morgen over de vraag die we als Nederland en Europa moeten beantwoorden: wat maakt ons sterk en wat houdt ons veilig? 

Het antwoord op die vraag ligt wat mij betreft in drie punten die de basis vormen van ons buitenland- en veiligheidsbeleid. Ten eerste het volledig blijven staan voor de rechtsstaat en internationale rechtsorde. 

Daarnaast blijft het trans-Atlantische bondgenootschap cruciaal voor onze veiligheid. En juist om die reden moet Europa meer gaan leveren om zo de NAVO sterker te maken. Tot slot moeten Nederland en Europa nieuwe partnerschappen aangaan en bestaande partnerschappen nieuw leven inblazen.

Benieuwd naar mijn hele antwoord?  Lees dan de toespraak via ";1
In de afgelopen weken hebben burgemeester Sharon Dijksma en ik elkaar in verschillende overleggen met andere bestuurders gesproken over o.a. het versnellen van de woningbouw en over de uitdagingen in de asielopvang. Die gesprekken deed zij als voorzitter van de @VNGemeenten. Vanmiddag kwam ze op bezoek als burgemeester van Utrecht en spraken we over grote onderwerpen die spelen voor gemeenten en in haar stad, waaronder uiteraard asiel, maar ook jeugdzorg.;1
"Vanaf 16.45 uur gaan @MinisterAenM Van den Brink, @ministerjenv Van Weel, @minister_bzk Heerma en ik met de Tweede Kamer in debat over de normalisering van geweld in politiek en samenleving.

Volg het debat live via: ";1
"Bedroefd door overlijden van Urgenda-boegbeeld Marjan Minnesma. Denk met plezier en waardering terug aan onze samenwerking, onder meer in mijn functie als minister van Klimaat. 

Ik herinner me haar als een onophoudelijke voorvechter voor de klimaatzaak; altijd creatief nadenkend en constructief meezoekend naar oplossingen. Ik wens haar naasten veel sterkte met dit verdrietige verlies.";1
"Bedroefd door overlijden van Urgenda-boegbeeld Marjan Minnema. Denk met plezier en waardering terug aan onze samenwerking, onder meer in mijn functie als minister van Klimaat. 

Ik herinner me haar als een onophoudelijke voorvechter voor de klimaatzaak; altijd creatief nadenkend en constructief meezoekend naar oplossingen. Ik wens haar naasten veel sterkte met dit verdrietige verlies.";1
"De afgelopen maanden is de situatie op de Westelijke Jordaanoever verder verslechterd.

Zie hieronder de verklaring van Nederland en verschillende internationale partners, waarin we Israël onder meer oproepen om een einde te maken aan de uitbreiding van illegale nederzettingen. ";0
"De afgelopen maanden is de situatie op de Westelijke Jordaanoever verder verslechterd.

Zie hieronder de verklaring van Nederland en verschillende internationale partners, waarin we Israël onder meer oproepen om een einde te maken aan de uitbreiding van nederzettingen. ";0
Terugkijken: het inleidend statement van de wekelijkse persconferentie van premier Rob Jetten na de #ministerraad. Met aandacht voor gesprekken met gemeenten over asielopvang, stappen die komende week genomen kunnen worden om meer grip te krijgen op migratie, en maatregelen tegen producten uit illegale nederzettingen op de Westelijke Jordaanoever.;1
Kijk vanaf 13.30 uur de persconferentie na de #ministerraad live op X of via mijn YouTube-kanaal: ;1
"Vandaag gesproken met Oxfam Novib, PAX, Artsen Zonder Grenzen, Save the Children en Amnesty. Organisaties die onder de moeilijkste omstandigheden levens redden en opkomen voor mensenrechten. 

Ook in Gaza en op de Westelijke Jordaanoever, waar hun collega’s dagelijks enorme risico’s lopen. De situatie daar blijft onmenselijk. Ondanks afspraken over een staakt-het-vuren gaan de aanvallen door, terwijl humanitaire hulp nog altijd veel te moeilijk de mensen bereikt die het hard nodig hebben.

Dit kabinet blijft zich daarom duidelijk uitspreken tegen schendingen van het internationaal recht. We voeren de druk op de regering-Netanyahu op, werken aan maatregelen tegen producten uit illegale nederzettingen en zetten ons in voor extra sancties tegen gewelddadige kolonisten én Hamas.

Want de Palestijnen verdienen vrede en perspectief op een eigen staat, naast een veilig Israël. Daarom blijven we werken aan de enige duurzame oplossing: de twee-staten oplossing. Iedere stap richting annexatie is voor ons onacceptabel.";1
"Vandaag gesproken met Oxfam Novib, PAX, Artsen Zonder Grenzen, Save the Children en Amnesty. Organisaties die onder de moeilijkste omstandigheden levens redden en opkomen voor mensenrechten. Ook in Gaza en op de Westelijke Jordaanoever, waar hun collega’s dagelijks enorme risico’s lopen. De situatie daar blijft onmenselijk. Ondanks afspraken over een staakt-het-vuren gaan de aanvallen door, terwijl humanitaire hulp nog altijd veel te moeilijk de mensen bereikt die het hard nodig hebben.

Dit kabinet blijft zich daarom duidelijk uitspreken tegen schendingen van het internationaal recht. We voeren de druk op de regering-Netanyahu op, werken aan maatregelen tegen producten uit illegale nederzettingen en zetten ons in voor extra sancties tegen gewelddadige kolonisten én Hamas.

Want de Palestijnen verdienen vrede en perspectief op een eigen staat, naast een veilig Israël. Daarom blijven we werken aan de enige duurzame oplossing: de twee-staten oplossing. Iedere stap richting annexatie is voor ons onacceptabel.";1
"De komst van een asielopvang heeft impact op een buurt. Daarom is het belangrijk dat gemeenten buurtbewoners meenemen in het proces en met hen in gesprek gaan. Veel gemeenten, waaronder de gemeente Haarlem, geven hierin het goede voorbeeld.

Vanmiddag bezocht ik een opvanglocatie in Haarlem. Ook sprak ik mensen uit de buurt, medewerkers van het COA en burgemeester Jos Wienen. 

De veerkracht van de buurt en de betrokkenheid van de gemeente en het COA zijn bewonderenswaardig. Verschillende omwonenden zijn als vrijwilliger actief bij de opvang en bij de opening brachten buurtbewoners spullen en eten mee voor de mensen die opgevangen worden. Tegelijkertijd zijn er ook omwonenden die kritisch zijn op de aanwezigheid van een opvanglocatie. In het gesprek van vanmiddag was voor beide geluiden ruimte. En dat is goed, want we zullen elkaar niet altijd kunnen overtuigen, maar we moeten in gesprek blijven.";1
"Heel bijzonder om vandaag mee te kijken bij Stem in de Stad, een aanloopcentrum dat zich inzet voor Haarlemmers die het moeilijk hebben en omkijkt naar mensen die niet altijd gehoord of gezien worden.
 
Grote waardering voor het werk dat de vrijwilligers hier doen. Hun verhalen en bevlogenheid zijn indrukwekkend. Zij bekommeren zich om mensen die hulp nodig hebben, ongeacht hun situatie. Met bijvoorbeeld taalles, juridische ondersteuning of gewoon een goed gesprek.
 
Ik heb ook schrijnende verhalen gehoord vandaag. Van mensen die op straat leven, geen thuis hebben of verdwalen tussen regelgeving. Dakloosheid kan iedereen overkomen en die mensen mogen we nooit uit het oog verliezen. Een aanloopcentrum als Stem in de Stad speelt daarbij een belangrijke rol.";1
De Israëlische behandeling van Flotilla-activisten is mensonterend en gaat alle perken te buiten. @MinisterBZ Berendsen ontbiedt de Israëlische ambassadeur en ik heb president Herzog hierop aangesproken. Nederland verwacht van Israël dat deze activisten zo snel mogelijk worden vrijgelaten.;0
"Nederland en Moldavië werken op verschillende gebieden nauw samen.
Vandaag ontving ik @sandumaiamd om onze banden te bespreken en verdiepen.

Sinds de start van de Russische agressieoorlog tegen Oekraïne is Moldavië een belangrijke partner voor buurland Oekraïne en de rest van Europa. Nederland blijft Moldavië hierin steunen en staat dan ook achter de toetreding van Moldavië tot de EU. 

Vandaag hebben we Moldavië €1,5 miljoen toegezegd aan extra steun, gericht op defensiesamenwerking en het versterken van de cyberveiligheid en de hybride weerbaarheid van Moldavië.

Onze sterke banden bieden kansen om op verder te bouwen. Bijvoorbeeld door samen te werken op het gebied van tuinbouw en duurzame energie. Ik kijk er naar uit om hier samen met president Sandu mee aan de slag te gaan.";1
Mijn statement na de bijeenkomst met lokale overheden op het Catshuis over asielopvang. ;1
"Zuid-Afrika is één van de belangrijkste partners in Afrika, met name als het gaat om handel. Daarbij werken we op terreinen als klimaat, cyberveiligheid en groene waterstof nauw samen en vinden we elkaar op onderwerpen als mensenrechten en gendergelijkheid. 

Daarom goed om kennis te maken met de Zuid-Afrikaanse president Ramaphosa. We spraken over het belang van onze samenwerking, zowel bilateraal als in multilaterale verbanden als de G20 en de VN. Daarnaast ging het over geopolitieke onderwerpen, zoals de oorlogen in het Midden-Oosten, Oekraïne en Soedan.";1
Meer betaalbare woningen is een topprioriteit voor het kabinet. Dat pakken we aan met een speciale taskforce die samenwerkt met medeoverheden, woningbouwcorporaties en marktpartijen om belemmeringen weg te nemen en woningbouw te versnellen. ;1
Goed om bij te praten met burgemeester van Rotterdam en oud-collega Carola Schouten. We spraken over wat er speelt in de stad en in de haven, die als grootste van Europa een strategische positie heeft in onze economie. We zullen regelmatig contact met elkaar houden en ik zie uit naar onze samenwerking.;1
"Als Nederland iets goed kan, dan is het omgaan met water. India heeft daarom grote interesse in onze expertise op het gebied van watermanagement. Onze samenwerking op dit gebied willen we verder uitbreiden.
 
Daarom bezocht ik samen met premier @narendramodi een icoon onder de Nederlandse waterbouwwerken: de Afsluitdijk.
 
Hier kregen we toelichting over de geschiedenis van de dijk, hoe deze ons beschermt tegen overstromingen en hoe het innovatieve en duurzame energievormen mogelijk maakt.

🇳🇱🤝🇮🇳";1
Koningin Máxima viert vandaag haar 55ste verjaardag, van harte gefeliciteerd! Ik wens haar een mooie en feestelijke dag toe. 🎉 ;1
"In internationaal onzekere tijden is het van extra belang dat we kunnen vertrouwen op gelijkgestemde en gewaardeerde partners. Met India delen we het belang dat we hechten aan democratie, goed bestuur en een wereldorde gebaseerd op regels en recht.
 
Met premier @narendramodi sprak ik vanavond onder meer over de afsluiting van de Straat van Hormuz, met hoge energieprijzen tot gevolg. Net als Nederland wordt ook India hier hard door getroffen. Het is van groot belang dat het conflict snel wordt beëindigd en er een blijvende oplossing komt. Ook spraken we over de zaak van de ontvoering van Insiya door haar vader naar India.";1
"De vriendschap tussen India en Nederland staat in volle bloei. Dat onderstreept het bezoek van premier @narendramodi van India aan Nederland ook. Het is een band die bovendien naar een nog hoger niveau wordt getild doordat we een Strategisch Partnerschap met elkaar aangaan. 

Dit partnerschap werpt nu al zijn vruchten af. Dit weekend ondertekenen onze landen meerdere intentieverklaringen, onder meer op gebied van defensiesamenwerking, de ontwikkeling van belangrijke nieuwe technologieën en innovaties, gezondheidszorg en watermanagement. Ook ASML en Tata Electronics ondertekenden samen een verklaring die een belangrijke stap is naar nauwere samenwerking op gebied van semicon.

Dat komt nog eens bovenop het grote, historische handelsakkoord dat India en de EU begin dit jaar hebben gesloten. Kortom, we zetten enorme stappen vooruit in onze samenwerking en dat is echt een win-winsituatie.
 
🇳🇱🤝🇮🇳";1
"De vriendschap tussen India en Nederland staat in volle bloei. Dat onderstreept het bezoek van premier @narendramodi van India aan Nederland ook. Het is een band die bovendien naar een nog hoger niveau wordt getild doordat we een Strategisch Partnerschap met elkaar aangaan. 

Dit partnerschap werpt nu al zijn vruchten af. Dit weekend zijn of worden er meerdere intentieverklaringen ondertekend, onder meer op gebied van defensiesamenwerking, de ontwikkeling van belangrijke nieuwe technologieën en innovaties, gezondheidszorg en watermanagement. Ook ASML en Tata Electronics hebben samen een verklaring ondertekend die een belangrijke stap is naar nauwere samenwerking op gebied van semicon.
 
Dat komt nog eens bovenop het grote, historische handelsakkoord dat India en de EU begin dit jaar hebben gesloten. Kortom, we zetten enorme stappen vooruit in onze samenwerking en dat is echt een win-winsituatie.
 
🇳🇱🤝🇮🇳";1
"In de afgelopen weken is het rond demonstraties tegen de opvang van asielzoekers volledig uit de hand gelopen. Vernielingen, brandstichting, en geweld tegen politie en hulpverleners. Intimidatie van lokale bestuurders. Angst onder bewoners en medewerkers van opvanglocaties. Volstrekt ontoelaatbaar, op geen enkele manier goed te praten.

Vanmiddag sprak ik op het Catshuis met politieagenten en brandweermensen en medewerkers van het COA en vrijwilligers uit de vluchtelingenopvang. 

Ze vertelden mij over hun persoonlijke ervaringen vanuit het werk dat ze doen, de impact van de onrust en het geweld en specifiek over de grote escalaties in de afgelopen periode. Daarbij benadrukten ze het belang van in gesprek blijven, óók met de mensen die zorgen hebben.

Hun ervaringen en de wijze waarop zij zich elke dag inzetten voor onze samenleving raken me. Ik heb goed geluisterd naar hun verhalen, hen enorm bedankt voor hun inzet en ook voor hun openhartigheid vandaag. 

Het kabinet staat onvoorwaardelijk voor de veiligheid van agenten, hulpverleners en hulporganisaties en steunt het lokaal bestuur in hun aanpak van dit geweld.";1
"Masha danki en hopelijk tot snel! Mijn bezoek aan Dushi Korsou was er een om niet snel te vergeten.  
 
Op de marinebasis Parera werd ik door de Commandant bijgepraat over de impact van geopolitieke spanningen op het Caribisch deel van het Koninkrijk. Maar ook over het belangrijke werk van de kustwacht en de Kmar tegen drugshandel of hulp bij rampen, zoals orkanen. 

Daarna een prachtig en vooral indrukwekkend bezoek aan het Tula-museum. Tula was de leider van de grootste slavenopstand op Curaçao. Het is ongelooflijk belangrijk dat we die duistere periode uit onze gedeelde geschiedenis onder ogen blijven zien, de helden uit die tijd eren en ervan leren voor onze gezamenlijke toekomst. Het Tula-museum geeft dat verhaal een gezicht en viert de trotse cultuur van eiland en regio.  
 
Na een leerzame bijeenkomst over wijkversterking in Bandabou vervolgden we het programma met het Batterijpark Hofi Mooi van Aqualectra, dat met hulp van Nederland tot stand kwam. Een belangrijke schakel naar een duurzame energievoorziening op het eiland.  
 
De Blue Wave Fanshop kon natuurlijk niet ontbreken. Bijzonder dat twee landen van het Koninkrijk deelneem aan het WK-voetbal. Voor Curaçao wordt het de eerste keer en we hopen allemaal dat ze in de poulefase Duitsland verslaan ;) 
 
Heel veel dank aan iedereen op de eilanden die deze mooie, nuttige en leerzame reis aan het Caribisch deel van ons Koninkrijk mogelijk heeft gemaakt!";1
"Curaçao bloeit en groeit. Bij aankomst hartelijk welkom geheten door premier Gilmar Pisas op alweer mijn laatste bestemming van deze reis; het mooie Curaçao! 

In mijn gesprek met premier Pisas, en ook met de voorzitter van de Staten, de leden van het parlement en de ministerraad, kwamen tal van actuele onderwerpen voorbij. Het ging onder andere over alle geopolitieke spanningen, ook in deze regio, en de gevolgen daarvan voor de kosten van levensonderhoud. 

Een ander belangrijk onderwerp was de bestuurlijke samenwerking tussen onze landen. In dat kader keken we ook vooruit naar het voornemen om een Koninkrijksconferentie te organiseren, dat als terugkerend overleg moet dienen tussen de vier regeringen als volwaardige partners binnen het Koninkrijk. 

Hier kunnen relevante ontwikkelingen binnen het Koninkrijk worden besproken en hoe onze landen nog meer kunnen optrekken en zo echt de kansen te benutten om het leven van mensen  hier beter te maken.";1
"Felis dia! Aruba bruist van de energie. De dag begon al goed met een schitterend bezoek aan het Nationaal Park Arikok. In dit grote natuurreservaat leerde ik wat Aruba doet op het gebied van duurzaamheid, biodiversiteit en natuurherstel.

Tijdens een sportdag zag ik jong sporttalent in actie. Een mooi evenement dat het belang van sport en beweging voor jongeren onderstreept en hoe talentontwikkeling hier op het eiland wordt gestimuleerd. Ook maakt het jongeren hier bewust van het belang van een gezonde levensstijl. 

Met de voorzitter van het parlement en verschillende fractievoorzitters sprak ik over goed (financieel) bestuur, sociaaleconomische ontwikkeling van het eiland en over effectieve samenwerking binnen het Koninkrijk. 

Tot slot bezocht ik vliegveld Reina Beatrix. Hier zag ik hoe hard er gewerkt wordt aan het moderniseren van de luchthaven; belangrijk voor het toerisme en de economie. De regionale toeristische hub-functie van Aruba wordt verder versterkt. 

Onlangs vierde Aruba de status aparte van het eiland. Sindsdien is al veel bereikt. Dit bezoek geeft mij veel vertrouwen in de toekomst van dit mooie eiland.";1
Terugkijken: het inleidend statement van vicepremier Dilan Yeşilgöz-Zegerius (@DefensieMin) bij de wekelijkse persconferentie na de #ministerraad. Met aandacht voor het ontoelaatbare geweld bij acties tegen een azc in Loosdrecht gisteravond, een vooruitblik op Verantwoordingsdag en de situatie rond de Straat van Hormuz.;1
"Veel dank aan collega Mike Eman voor de warme en de meer dan gastvrije ontvangst op Aruba. 

De premier en ik spraken over de gevolgen van de geopolitieke situatie rond Venezuela. Aruba is sterk afhankelijk van import en wordt dus direct geraakt door hoge wereldprijzen. Plannen voor diversificatie van de economie en het versterken van de sociale situatie van Arubanen zijn daarom erg belangrijk. Onderwijs, wonen, goede zorg en duurzaamheid staan daarbij hoog op de agenda.

Met de ministerraad van Aruba hebben we vooruit gekeken naar onze samenwerking in de komende jaren. Door binnen het Koninkrijk kennis en expertise te delen, kunnen we veel voor elkaar krijgen.";1
Kijk vanaf 13.45 uur de persconferentie na de #ministerraad van vicepremier Dilan Yeşilgöz-Zegerius (@DefensieMin) live op X of op YouTube: ;1
"Masha danki Bonaire 🇧🇶 Een mooi werkbezoek in het teken van een duurzaam, economisch sterk en leefbaar eiland voor iedereen.

Nederland heeft samen met Bonaire de afgelopen jaren ingezet op meer bestaanszekerheid. Naast een hoger minimumloon is ook een betaalbaar huis van groot belang. Momenteel worden meer dan 250 sociale huurwoningen opgeleverd. Een prachtig project waar mensen hun thuis kunnen vinden. 

Een veelbesproken thema is Selibon Lagun. Door een onveilige opslag brengt deze afvalstortplaats al geruime tijd ernstige risico’s met zich mee voor milieu en de leefomgeving. Ik ben met eigen ogen gaan kijken hoe dit probleem kan worden opgelost. Het is belangrijk dat de ingezette verbeteringen nu worden doorgezet. Met de gezondheid van inwoners op Bonaire op nummer 1. 

Veel dank aan gezaghebber John Soliano, waarnemend Rijksvertegenwoordiger Jan Helmond, de Eilandsraad en het bestuurscollege en alle inwoners voor de gastvrije ontvangst. Vandaag heb ik gezien  dat Bonaire een eiland is met veel potentie Bijvoorbeeld op het terrein van infrastructuur, goede en betaalbare huisvesting, maar ook op natuur-, milieu- en klimaatthema’s. 

Nederland wil helpen om de kansen die er liggen, ook te pakken. Dat is een gezamenlijke opdracht. Nos ta un Reino!";1
Ronduit schandalig hoe een groep relschoppers vanavond in Loosdrecht geweld gebruikte, brand stichtte en mensen angst aanjoeg. Je zorgen mag je uitspreken, altijd. Maar geweld gebruiken mag nooit.;0
"Veel dank aan het geweldige personeel van Fundashon Mariadal voor de goede zorg! 

Een speciaal bezoek op de Dag van de Verpleging vandaag. Na een heftige allergische reactie moest ik even een paar uur worden opgenomen in het ziekenhuis. Dankzij de uitstekende zorg van Fundashon Mariadal voel ik me stukken beter en kan ik met een wat aangepast programma alsnog het werkbezoek aan Bonaire hervatten.";1
"Een speciaal bezoek op de Dag van de Verpleging. 

Na een heftige allergische reactie moest ik even een paar uur worden opgenomen in het ziekenhuis. Dankzij de uitstekende zorg van Fundashon Mariadal voel ik me stukken beter en kan ik met een wat aangepast programma alsnog het werkbezoek aan Bonaire hervatten.";1
"Het prachtige eiland Sint Eustatius is een plek met een rijke geschiedenis. Dat zie je en dat voel je als je een bezoek brengt aan Fort Oranje en het Heritage Center. Hier komt de geschiedenis van ‘Statia’ tot leven. Met nu terecht ook meer aandacht voor de helden die vochten voor de vrijheid van slavernij. Belangrijk dat we aandacht blijven besteden aan deze beruchte periode uit onze gezamenlijke geschiedenis.
 
Ook bracht ik een bezoek aan de GTI-olieterminal die goed is voor rond de 200 banen op het eiland. De terminal is een cruciale schakel in de energieleveringen in de Caribische regio. Extra belangrijk in geopolitiek onrustige tijden. 

Met de gezaghebber, het bestuurscollege en leden van de Eilandraad sprak ik over hoe we het lokale bestuur verder kunnen versterken. Zodat we samen het eiland economisch en sociaal een boost kunnen geven. Veiligheid, goed onderwijs en toegankelijke zorg spelen daarbij een belangrijke rol. 
 
De belangrijkste feestdag van het eiland ‘Statia Day’ wordt dit jaar extra bijzonder. In november is het 250 jaar geleden dat Sint Eustatius met ‘The First Salute’ als eerste staat ter wereld de VS erkende als onafhankelijke land. Het team heeft me bijgepraat over de voorbereidingen van alle festiviteiten.

Veel dank aan gezaghebber Francis voor het warme welkom en het prachtige bezoek aan Sint Eustatius.";1
"Het prachtige eiland Sint Eustatius is een plek met een rijke geschiedenis. Dat zie je en dat voel je als een bezoek brengt aan Fort Oranje en het Heritage Center. Hier komt de geschiedenis van ‘Statia’ tot leven. Met nu terecht ook meer aandacht voor de helden die vochten voor de vrijheid van slavernij. Belangrijk dat we aandacht blijven besteden aan deze beruchte periode uit onze gezamenlijke geschiedenis.
 
Ook bracht ik een bezoek aan de GTI-olieterminal die goed is voor rond de 200 banen op het eiland. De terminal is cruciale schakel in de energieleveringen in de Caribische regio. Extra belangrijk in geopolitiek onrustige tijden. 

Met de gezaghebber, het bestuurscollege en leden van de Eilandraad sprak ik over hoe we het lokale bestuur verder kunnen versterken. Zodat we samen het eiland economisch en sociaal een boost kunnen geven. Veiligheid, goed onderwijs en toegankelijke zorg spelen daarbij een belangrijke rol. 
 
De belangrijkste feestdag van het eiland ‘Statia Day’ wordt dit jaar extra bijzonder. In november is het 250 jaar geleden dat Sint Eustatius met ‘The First Salute’ als eerste staat ter wereld de VS erkende als onafhankelijke land. Het team heeft me bijgepraat over de voorbereidingen van alle festiviteiten.

Veel dank aan gezaghebber Francis voor het warme welkom en het prachtige bezoek aan Sint Eustatius.";1
"Aangekomen op Sint Eustatius was het goed om kennis te maken met gezaghebber Alida Francis. Alida Francis is de eerste vrouwelijke gezaghebber binnen het Koninkrijk, en een geboren en getogen Statiaan. Iemand van wie ik dus als geen ander kan horen hoe het gaat op het eiland.
 
We spraken met de overige leden van het bestuurscollege verder over de samenwerking met Den Haag, de veiligheid op Sint Eustatius en de uitdagingen die er liggen op het gebied van infrastructuur, klimaataanpak en het afvalbeheer.
 
Een mooi begin van mijn bezoek aan dit kleine maar prachtige eiland.";1
"Een geweldig bezoek aan Saba vandaag. Het eiland wordt ook wel ‘the unspoiled Queen’ genoemd. Terecht, want de natuurlijke schoonheid is ongekend. Evenals de vastberadenheid om deze voor toekomstige generaties te behouden.  
 
Het is goed te zien hoeveel werk er wordt verzet op Saba. Vooral de bouw van de nieuwe, orkaanbestendige zeehaven (Black Rocks Harbor) springt daarbij in het oog. 

Tijdens mijn bezoek aan het Saba Enrichment Center in St. Johns, een scholengroep en wijkcentrum waar mensen laagdrempelig kunnen samenkomen, heb ik ervaren dat hoe klein het eiland ook is, de gemeenschapszin groot is. En in het Saba Cares Nursing Home had ik de eer om - op Moederdag - cadeautjes uit te delen aan alle moeders en grootmoeders in het verpleeghuis.  
 
Uiteraard ontmoette ik ook het eilandsbestuur. Met gezaghebber Johnson, de eilandraad en het bestuurscollege sprak ik onder andere over de bereikbaarheid van Saba, de bestrijding van criminaliteit, de aanpassing aan klimaatverandering en de kosten van levensonderhoud.  
 
Veel dank aan iedereen op Saba voor de gastvrije ontvangst; volgende bestemming is Eustatius.";1
"Gezaghebber Johnson van Saba is de langstzittende eilandgouverneur en daarom goed om hem te spreken over zijn ervaringen van de afgelopen achttien jaar.  
 
Ons gesprek ging ook over onderwerpen als de verbinding met de andere bovenwindse eilanden, met name in relatie tot voedselzekerheid, en de voortgang van verschillende infrastructurele projecten op Saba, onder meer de Black Rocks Harbor; het belangrijkste infrastructurele project van Saba en cruciaal voor de toekomstige economie.  
 
Ik ben er zeker van dat het voor de inwoners van Saba onwerkelijk moet aanvoelen dat hij binnenkort zal aftreden. Ik heb hem zeer bedankt voor zijn belangrijke werk voor dit mooie eiland.";1
"Het Nederlandse cruiseschip Hondius is vandaag veilig aangekomen op Tenerife.  Passagiers en crew worden op het schip medisch gecontroleerd om vervolgens veilig door te reizen. De publieke gezondheid staat daarbij voorop.

Mijn grote dank aan de Spaanse autoriteiten en premier @sanchezcastejon die dit mogelijk hebben gemaakt. Veel waardering voor de goede en constructieve samenwerking tussen ons beide landen de afgelopen dagen.";1
"🇸🇽 Een mooie dag op Sint Maarten vandaag betekent een geslaagde start van mijn bezoek aan het Caribische deel van ons Koninkrijk. 
  
Mijn bezoek stond een groot deel in het teken van de desastreuse gevolgen van de orkanen Irma en Maria die het eiland in 2017 teisterden, en de wederopbouw van het eiland. Daarbij heb ik met eigen ogen gezien hoeveel er al bereikt is. Heel indrukwekkend en veelzeggend over de veerkracht van de mensen hier.  
 
Met premier Mercelina, gouverneur Baly, de Raad van Ministers en leden van het parlement, sprak ik over verschillende belangrijke onderwerpen. Naast de wederopbouw ging het in mijn gesprekken vooral over het belang van een gelijkwaardige en respectvolle samenwerking binnen het Koninkrijk. 

Ook de veiligheid op het eiland was vandaag met de minister van Justitie, mevrouw Tackling, en vertegenwoordigers van de politie en de rechterlijke macht, een belangrijk gespreksonderwerp. Het is cruciaal dat we blijven samenwerken op het gebied van grenscontrole en ondermijning. 
 
Ik heb iedereen bedankt voor het warme welkom op Sint Maarten; morgen op naar Saba!";1
"Op mijn eerste dag van mijn reis aan de Cariben hartelijk welkom geheten door premier Luc Mercelina van Sint Maarten. We spraken over de situatie op het eiland en de uitdagingen en kansen waar Sint Maarten mee te maken heeft.  
 
Daarbij ging het ook over hoe geopolitieke ontwikkelingen het eiland raken, bijvoorbeeld de hoge olieprijzen. Uiteraard stonden we ook stil bij de enorme gevolgen van orkaan Irma in 2017 op Sint Maarten en in hoeverre het eiland zich daarvan hersteld heeft.  
 
Een ander belangrijk onderwerp was de samenwerking binnen het Koninkrijk. De premier en ik zijn het erover eens dat dit moet zijn op basis van gelijkheid en respect en in het belang van onze landen en inwoners. Ik zie uit naar onze verdere samenwerking de komende jaren.";1
"Het kabinet hecht aan een goede en sterke samenwerking met het Caribisch deel van ons Koninkrijk.
 
Om dit kracht bij te zetten ben ik nu onderweg naar het land Sint Maarten, de bijzondere gemeenten van Nederland; Saba, Sint Eustatius en Bonaire, en vervolgens naar Aruba en Curaçao, eveneens Caribische landen binnen ons Koninkrijk. 
 
Ik heb er heel veel zin in!

Lees meer over deze reis via ";1
"Terugkijken: het inleidend statement van de wekelijkse persconferentie van premier Rob Jetten na de #ministerraad. 

Met aandacht voor aanvullende nationale maatregelen op het Europese migratiepact die het kabinet neemt, het onacceptabele geweld bij asielprotesten, de laffe daad van intimidatie bij het D66-partijkantoor en de situatie op het cruiseschip Hondius.";0
Een vuurwerkbom door de brievenbus van het partijbureau van D66. Een laffe daad van intimidatie. Voor wie denkt angst aan te kunnen jagen, heb ik een boodschap: wij laten ons in democratisch Nederland nooit het zwijgen opleggen door geweld. Veel dank aan politie en brandweer voor hun snelle optreden.;0
"Prettige kennismaking met president @Jaemyung_Lee van Zuid-Korea. Onze landen hebben een langlopende relatie, gebaseerd op gedeelde belangen op het gebied van veiligheid, industrie en hernieuwbare energie. 
 
De Russische oorlog tegen Oekraïne en de situatie in de Straat van Hormuz laten ons zien hoe belangrijk internationale samenwerking is om een vrije en veilige wereld te beschermen. Ik heb Nederlandse hulp aangeboden waar nodig om Zuid-Korea te ondersteunen in het onderzoek naar een aanval op een Zuid-Koreaans vrachtschip deze week.

Als landen met een sterke kennis in innovatiegedreven sectoren, zoals in de batterij- en halfgeleidersector, kunnen we veel van elkaar leren en met elkaar samenwerken. De Nederlandse expertise op het gebied van windenergie kan daarbij van groot belang zijn voor een verduurzamend Zuid-Korea. Wat mij betreft dan ook veel om op voort te bouwen.";1
"We mogen ons slavernijverleden nooit vergeten. Sterker nog, actief werken aan maatschappelijke bewustwording over het koloniale en slavernijverleden en de blijvende impact daarvan, is een prioriteit van dit kabinet.

Zorgen voor maatschappelijke beweging doe je echter niet alleen. Samen met @minister_bzk Pieter Heerma en @ministerBZ Tom Berendsen ging ik daarom vandaag in gesprek met drie organisaties die zich hier voor inzetten. Om te werken aan een toekomst waarin we dit samen kunnen doen. 

Het Herdenkingscomité Slavernijverleden, het Nationaal Instituut Nederlands Slavernijverleden en Erfenis en het Nationaal Slavernijmuseum werken ook onderling samen aan de missie van herdenken, begrijpen, doorgeven en helen. Dit krachtige signaal willen wij als kabinet ondersteunen. We hebben daarom vandaag gesproken over hoe wij elkaar kunnen versterken en samenwerken.

Erkenning van en bewustwording over het slavernijverleden is een lopend proces waarin wij allen een verantwoordelijkheid hebben. Met dit gesprek zetten we weer stappen om dat proces verder te helpen. Een komma, geen punt.";1
"Ethiopië en Nederland hebben een langdurig en hecht partnerschap op het gebied van handel, duurzame ontwikkeling en migratie. Daarom was het prettig om vandaag kennis te maken met premier @AbiyAhmedAli.

Dit jaar markeert een eeuw aan handel tussen onze landen. Nederland is de grootste export bestemming van Ethiopië en andersom is Nederland de grootste Europese investeerder in Ethiopië met ruim honderd Nederlandse bedrijven die daar actief zijn, onder andere in de landbouwsector. In de toekomst hopen we nog nauwer op te trekken, onder meer op het gebied van klimaatsamenwerking. Ik heb de premier dan ook veel succes gewenst met het organiseren van de klimaat COP in 2027.

Ook hebben we gesproken over de wereldwijde impact van de afsluiting van de Straat van Hormuz, en de invloed op onze beide landen.";1
"Bevrijdingsdag sluiten we traditiegetrouw af met het 5 mei-concert op de Amstel.

Een muzikale afsluiting van een feestelijke dag, en dat is geen toeval. Muziek verbindt mensen. En verbinding is wat we nodig hebben om onze vrijheid en vrede in stand te houden. Vrijheid en verbinding met elkaar.

📷: Ben Houdijk";1
"Op 5 mei vieren we onze vrijheid.

Die vrijheid is niet vanzelfsprekend en die moeten we koesteren. Vandaag doen we dat door te vieren dat we samen in vrijheid en vrede leven. 

Door een maaltijd te delen bij de Vrijheidslunches in het hele land en natuurlijk door te feesten op de Bevrijdingsfestivals, vieren we de vrijheid.  

Ik schoof zelf ook aan bij een Vrijheidslunch in Utrecht en heb vervolgens het Bevrijdingsvuur ontstoken waarmee alle Bevrijdingsfestivals officieel van start zijn gegaan.

Ik wens iedereen een feestelijke dag toe!";1
"De Nationale Herdenking op de Dam dwingt ons om stil te staan.

Om stil te staan bij hen die niet meer zijn. Die hun leven gaven voor onze vrijheid en vrede. De vrijheid en vrede die we misschien wel te vaak als vanzelfsprekend ervaren.

Het is een moment om stil te staan bij oorlogen die mensen van elkaar scheiden en hun vrijheid ontnemen.

We herdenken, omdat we dit nooit mogen vergeten en nooit vanzelfsprekend mogen gaan vinden. 
Daarom legde ik vanavond, namens de Rijksministerraad, een krans op de Dam.";1
"Op 4 mei herdenken we alle burgers en militairen die slachtoffer zijn geworden aan oorlogssituaties, in de Tweede Wereldoorlog en daarna.

Dat begon vandaag in de Tweede Kamer met een kranslegging bij de Erelijst van Gevallenen in de Statenpassage, samen met @ministerLJS Mirjam Sterk. Dit gedenkteken herinnert ons in de Kamer elke dag aan de militairen en verzetsstrijders die voor onze democratie gevallen zijn tijdens de Tweede Wereldoorlog.

Na de kranslegging nam ik deel aan de herdenking in Nieuwspoort, waar stil werd gestaan bij alle journalisten, drukkers, zetters en koeries van de ondergrondse pers die tijdens de Tweede Wereldoorlog voor de vrijheid van meningsuiting zijn gestorven, en alle journalisten die nog elke dag met gevaar voor eigen leven hun belangrijke werk doen.";1
"Het bekladden van het Nationaal Monument op de Dam is een idiote en volstrekt onacceptabele actie. Al helemaal vandaag, op 4 mei.

Laten we vandaag eensgezind zijn en samen met respect stilstaan.";0
"Heel veel respect voor de mannen en vrouwen van de brandweer, en die van andere betrokken hulpdiensten, die met man en macht proberen de branden in onze mooie natuurgebieden te stoppen. 

Wij kunnen ze helpen door alert te blijven en alles te doen om meer branden te voorkomen. Check: ";1
Heel Nederland kleurt Oranje: Koning Willem-Alexander wordt vandaag 59 jaar! Van harte gefeliciteerd! Ik wens hem en zijn gezin een hele mooie dag toe in Dokkum en ik wens heel Nederland een fijne en gezellige Koningsdag! ;1
"Schokkende gebeurtenis in Washington. Blij dat president Trump en andere aanwezigen op het Correspondents’ Dinner van het Witte Huis, ongedeerd zijn gebleven. 

In een democratie is geweld nooit de oplossing, verschil van mening los je op met woorden.";0
Terugkijken: het inleidend statement van viceminister-president Yeşilgöz-Zegerius tijdens de wekelijkse persconferentie na de #ministerraad. Met onder meer aandacht voor de situatie in het Midden-Oosten en de impact die het heeft op de energieprijzen, voor het verder bouwen aan een toekomstgerichte krijgsmacht en voor de aanpak van fatbikes om te zorgen voor meer veiligheid en minder overlast.;1
Kijk vanaf 13.45 uur de persconferentie van vicepremier Dilan Yeşilgöz-Zegerius na de ministerraad van 24 april 2026 live op X of via mijn YouTube-kanaal: ;1
"De wereld is onrustig. Oorlogen dichtbij, spanningen die oplopen. Juist dan is het belangrijk dat Europa samen optrekt en verantwoordelijkheid neemt. Daarom ben ik vandaag op Cyprus bij de informele raad met Europese collega’s. Om samen te werken aan oplossingen voor de grote vraagstukken van nu.

Gisteravond spraken we met president Zelensky over Oekraïne en de steun die nodig blijft voor de mensen die daar elke dag met deze oorlog leven.

We hebben het hier ook over het Midden-Oosten. Over hoe we via diplomatie de spanningen kunnen verminderen en stappen kunnen zetten richting vrede. Maar ook over iets heel concreets: dat hulp de mensen daar bereikt, mensen die het zo hard nodig hebben. Dat er weer perspectief komt. Een toekomst waarin mensen hun leven kunnen opbouwen.

En ondertussen voelen we de gevolgen van al die conflicten ook hier. Bij bedrijven, in de economie en uiteindelijk ook bij mensen thuis. Dan moet Europa er staan. Met maatregelen die nu helpen, maar die ook onze toekomst beschermen.

Daarom moeten we ook keuzes maken over de Europese begroting. Zodat we investeren in wat echt belangrijk is: veiligheid, samenwerking en een duurzame toekomst.

In zo’n tijd draait het uiteindelijk om verantwoordelijkheid nemen. Voor elkaar. Voor Europa. En voor de toekomst.";1
"Het definitief vrijgeven van het Europees steunpakket van €90 miljard voor Oekraïne is een hele belangrijke stap. Cruciaal voor de Oekraïnese strijd voor vrijheid en daarmee voor onze veiligheid. Ook verwelkomt Nederland de aanname van het twintigste sanctiepakket om de druk op Rusland hoog te houden.  

Vanmiddag reis ik af naar Cyprus waar we vanavond en morgen met mijn Europese collega’s verder spreken over onze steun aan Oekraïne. Ook zal het gaan over de situatie in het Midden-Oosten, de economische gevolgen van de hoge energieprijzen en over de Europese Meerjarenbegroting.";1
"Het definitief vrijgeven van het Europees steunpakket van €90 miljard voor Oekraïne is een hele belangrijke stap. Cruciaal voor de Oekraïnse strijd voor vrijheid en daarmee voor onze veiligheid. Ook verwelkomt Nederland de aanname van het twintigste sanctiepakket om de druk op Rusland hoog te houden.  

Vanmiddag reis ik af naar Cyprus waar we vanavond en morgen met mijn Europese collega’s verder spreken over onze steun aan Oekraïense. Ook zal het gaan over de situatie in het Midden-Oosten, de economische gevolgen van de hoge energieprijzen en over de Europese Meerjarenbegroting.";1
"Het definitief vrijgeven van het Europees steunpakket van €90 miljard voor Oekraïne is een hele belangrijke stap. Cruciaal voor de Oekraïnse strijd voor vrijheid en daarmee voor onze veiligheid. Ook verwelkomt Nederland de aanname van het twintigste sanctiepakket om de druk op Rusland hoog te houden.  

Vanmiddag reis ik af naar Cyprus waar we vanavond en morgen met mijn Europese collega’s verder spreken over onze steun aan Oekraïne. Ook zal het gaan over de situatie in het Midden-Oosten, de economische gevolgen van de hoge energieprijzen en over de Europese Meerjarenbegroting.";1
"Prettig kennisgemaakt met premier @ediramaal van Albanië. Zowel voor Nederland als de Europese Unie is de Albanië een belangrijke strategische partner op de Westelijke Balkan.

Onze economische relatie en samenwerking op het gebied van veiligheid is sterk. We spraken over de mogelijkheden om ons partnerschap verder uit te breiden, bijvoorbeeld op het gebied van infrastructuur en toerisme. 

Ook kwam het EU-toetredingsproces aan de orde waarbij Albanië belangrijke stappen zet om aan de criteria te voldoen. Ik zie ernaar uit om premier Rama te ontmoeten op de EU-Westelijke Balkan Top komende juni.";1
"De hoge energie- en brandstofprijzen raken ons allemaal. Vandaag gaan @MinisterEZK Heleen Herbert, @Minister_FIN Eelco Heinen, @MinisterKGG Stientje van Veldhoven, @MinisterSZW Hans Vijlbrief en ik in debat met de Tweede Kamer over de maatregelen die het kabinet voorstelt om mensen en bedrijven hiermee te helpen. 

Kijk vanaf 11:10 live mee via: ";1
"❓Er zijn weer heel veel vragen binnengekomen voor de nieuwe editie van de maandelijkse Q&A. Dank daarvoor. En veel van die vragen gaan over de situatie in het Midden-Oosten en de impact op onze economie en energieprijzen. Vandaag gaat het kabinet in debat met de Tweede Kamer over het maatregelenpakket dat we deze week hebben gepresenteerd.

Wil je de volledige Q&A-video met alle vragen en antwoorden zien? Ga dan naar mijn YouTube-kanaal: ";1
"Egypte is voor Nederland een belangrijke en strategische partner in het Midden-Oosten, zowel bilateraal als vanuit de EU. Eerder vandaag belde ik met president @AlsisiOfficial van Egypte over de ontwikkelingen in het Midden-Oosten en de samenwerking tussen onze landen en hoe we deze verder kunnen verdiepen. 
 
Ik sprak mijn waardering uit voor de bemiddelende rol die Egypte speelt in de regio, zowel met betrekking tot de situatie in Gaza als de vredesbesprekingen tussen Iran en VS. Ik heb de president in het bijzonder bedankt voor het belangrijke aandeel van Egypte in de medische evacuaties uit Gaza. Ik ben blij dat Nederland hier via de WHO twee miljoen euro aan heeft kunnen bijdragen. 

Ook stonden we stil bij het geweld in Soedan en bespraken we de inspanningen van Egypte 
om de strijdende partijen daar tot een vredesakkoord te laten komen. En hoe Nederland en andere Europese landen daar aan kunnen bijdragen. 
 
Nederland is de vierde EU-handelspartner van Egypte. We bespraken de mogelijkheden die er voor het Nederlandse bedrijfsleven in Egypte liggen op het gebied van duurzame energie, voedselzekerheid en de tuin- en landbouw om zo onze samenwerking te versterken.";1
"🇦🇺🇳🇱De band tussen Nederland en Australië is hecht en historisch diep geworteld, ondanks de grote afstand tussen onze landen. Zo wonen er in Australië honderdduizenden mensen met een Nederlandse achtergrond. Zojuist had ik een hartelijk gesprek met de Australische premier Anthony Albanese (@AlboMP).

We spraken over het belang van het uitbreiden van onze samenwerking in deze onrustige wereld, onder meer op het gebied van handel tussen Australië en de EU. Ook ging het over de negatieve gevolgen van klimaatverandering, waarvan Australië en de omliggende landen steeds meer hinder ondervinden.

Uiteraard kwam ook de onrust in het Midden-Oosten aan de orde en de gevolgen die dat heeft op de rest van de wereld, bijvoorbeeld door hoge brandstofprijzen. Tot slot heb ik premier Albanese bedankt voor hun steun aan Oekraïne in de strijd tegen de Russische agressie.";1
"Vrije doorvaart door de Straat van Hormuz kan en mag op geen enkele manier belemmerd worden. De impact van de huidige situatie wordt wereldwijd gevoeld, ook bij ons in Nederland. Vanmiddag sprak ik met leiders van 50 landen in een videoconferentie om te bespreken hoe we gezamenlijk kunnen bijdragen aan een oplossing.

Dit begint met druk op Iran om het principe van vrije doorvaart te respecteren. Daarnaast behoort een militaire missie om de Straat van Hormuz te beveiligen zodra de vijandelijkheden zijn beëindigd tot de mogelijkheden. Nederland onderzoekt dat en we werken met bondgenoten aan de militaire planning daarvoor. 

Ook na het aangekondigde staakt-het-vuren zijn er nog veel onzekerheden en de ontwikkelingen volgen zich in hoog tempo op. Daarom werken we verschillende scenario’s uit. Eén ding is duidelijk: scheepvaart moet altijd en onbelemmerd door de Straat van Hormuz kunnen.";1
Terugkijken: het inleidend statement van de wekelijkse persconferentie van premier Rob Jetten na de #ministerraad. Met aandacht voor een internationale videoconferentie over een eventuele missie in de Straat van Hormuz en acties die het kabinet wil ondernemen voor de weerbaarheid tegen de energieschok, en ministerraadsbesluiten over onder meer het verhogen van het minimumjeugdloon en de aanpak van leegstand.;1
Kijk de persconferentie na de #ministerraad live op X of via mijn YouTube-kanaal: ;1
"In een enorm onrustige wereld, is de rol van multilaterale organisaties als de Verenigde Naties (@UN) van grote waarde. De VN doet belangrijk werk op het gebied van internationale vrede, veiligheid en mensenrechten, vaak onder moeilijke omstandigheden.

Vanochtend ontving ik secretaris-generaal @antonioguterres op het ministerie van Algemene Zaken en schoof hij aan bij de ministerraad om te spreken over de VN en ontwikkelingen in het Midden-Oosten. Zo spraken we over de situatie in de Straat van Hormuz, die wereldwijd grote impact heeft. Daarnaast is het herstel in Gaza en de situatie op de Westelijke Jordaanoever een prioriteit van de VN. Daarvoor zet het een nieuw ‘Horizon Fund’ op. Ik heb de SG gemeld dat Nederland daar €5 miljoen aan zal bijdragen.";1
"Na de Four Freedom Awards ceremonie vervolgde ik mijn gesprekken met president Zelensky. Uiteraard over de stand van zaken in de oorlog met Rusland. Een strijd die we niet uit het oog mogen verliezen. Ook niet nu de ontwikkelingen in het Midden-Oosten onze aandacht opeisen. Oekraïne kan op ons rekenen. Dat betekent dat we door middel van sancties de druk op Poetin hoog houden en hem proberen aan de onderhandelingstafel te dwingen.  

We blijven inzetten op een duurzame en rechtvaardige vrede voor Oekraïne, hoe ver weg die nu ook lijkt. Want we kunnen vaststellen dat Poetin de afgelopen maanden geen enkele stap in de goede richting heeft gezet. We moeten dus ook realistisch zijn. En dat vraagt van alle bondgenoten dat we doen wat nodig is om Oekraïne te steunen in de strijd.";1
"Nederland blijft Oekraïne steunen. Daarbij zetten we vol in op samenwerking met de Oekraïense defensie-industrie. Onder meer door de aankoop van drones bij Oekraïense bedrijven, maar ook door de coproductie van Oekraïense drones door Nederlandse bedrijven. Om deze verdieping van onze samenwerking kracht bij te zetten ondertekenden president Zelensky en ik vandaag een intentieverklaring. 

De komende tijd investeren we voor 248 miljoen euro in droneproductie in Nederland. En ik ben blij dat vandaag het eerste gezamenlijke project voor de productie van drones van start is gegaan met de ondertekening van een samenwerkingsovereenkomst door de bedrijven VDL en Greentech-Harvest.  

Hiermee versterken we tegelijkertijd de productiecapaciteit en het innovatievermogen van de Nederlandse industrie, een cruciaal onderdeel van de uitbreiding van onze Europese defensiekracht.";1
"Namens gewone mannen, vrouwen en kinderen, die van de ene op de andere dag een nieuwe werkelijkheid intuimelden waar ze niet voor kozen. 

Namens kinderen die in een schuilkelder naar school gaan. 

Namens vrouwen die hun gezin en het land draaiend houden door te werken in fabrieken.

En namens mannen die vanuit een baan met pak en stropdas, ineens in een camouflagepak hun grondgebied moeten verdedigen. Meter voor meter. 

En die dat doen, omdat zij weten en voelen, dat iedere vierkante centimeter niet alleen uit Oekraïense aarde, maar ook uit Oekraïense waardigheid bestaat. Dat is wat zij verdedigen.

President @ZelenskyyUa, deze award is voor Oekraïne. Voor jou als president. En voor alle mensen in Oekraïne.

Mijn hele toespraak is terug te lezen via ";1
"De Nederlandse maakindustrie is een van de grootste bedrijfstakken in ons land. Door op een duurzame manier te produceren, te innoveren en samen met onderwijsinstellingen talent op te leiden, vormen dit soort bedrijven een belangrijke motor van onze economie.

Vandaag was ik te gast bij Abuco en HGG, twee ondernemingen in de staalverwerkingsindustrie. Hoewel veel mensen deze bedrijven misschien niet direct zullen kennen, dragen zij in sterke mate bij aan onze welvaart. Tijdens het bezoek sprak ik met studenten en medewerkers van de bedrijven en kreeg zo een indrukwekkende inkijk in de ontwikkeling van de regionale maakindustrie naar hightech engineering en internationale machinebouw. 

Natuurlijk zijn er ook uitdagingen. Krapte op de arbeidsmarkt, internationale concurrentie en geopolitieke ontwikkelingen leggen druk op deze industrie. Dit inspirerende bezoek laat zien waarom het van belang is om voor deze industrie te ondersteunen. Zo bouwen we samen aan een toekomstbestendige Nederlandse maakindustrie.";1
"Eervol om @MariaCorinaYA te ontvangen, de winnares voor de Nobelprijs voor de Vrede. Haar jarenlange vreedzame inzet voor een vrij en democratisch Venezuela verdient respect en waardering. 

We hebben gesproken over de ontwikkelingen in Venezuela en het belang van blijvende internationale steun voor vrijheid en democratie.";1
"🇳🇱🇬🇧 In deze tijden van geopolitieke turbulentie geeft het vertrouwen dat wij in het Verenigd Koninkrijk een partner en vriend hebben – onze goede North Sea Neighbour. Zo bleek ook vandaag weer tijdens mijn bezoek aan premier @Keir_Starmer in Londen.
 
Vanzelfsprekend hebben we gesproken over de broze situatie in en rond Iran. Ik heb mijn waardering uitgesproken voor het initiatief van het VK om samen met Nederland en andere bondgenoten bij te dragen aan een open Straat van Hormuz. Afsluiting van de zeestraat heeft wereldwijd grote economische impact. Daarnaast verliezen we de oorlog in Oekraïne niet uit het oog en kan het land op ons blijven rekenen.
 
Premier Starmer en ik sloten vandaag ook aan bij een rondetafelgesprek tussen energiebedrijven uit onze beide landen, met als focus de huidige energiecrisis die grote impact heeft op huishoudens en bedrijven. Ondertussen moeten we blijven inzetten op oplossingen voor de lange termijn, om energie betaalbaar te houden en toe te werken naar een klimaatneutrale toekomst.";1
"Samen met Koning Willem-Alexander en Koningin Máxima (@koninklijkhuis) bezocht ik vanavond president @realDonaldTrump en First Lady Melania Trump in het Witte Huis.
 
Ons bezoek stond in het teken van de speciale en diepgewortelde banden tussen de Verenigde Staten en Nederland. We spraken over onze sterke handelsrelatie en onze samenwerking op gebied van veiligheid, onder meer binnen het NAVO-bondgenootschap.
 
Vanzelfsprekend hebben wij uitgebreid stilgestaan bij de recente ontwikkelingen in en rond Iran. Het is zaak dat er nu wordt gewerkt aan een duurzame oplossing en nieuwe escalatie wordt voorkomen. Ook de aanhoudende Russische agressie in Oekraïne was een belangrijk onderwerp van gesprek.
 
🇳🇱🇺🇸";1
"🇳🇱🇺🇸 Op Capitol Hill sprak ik met Democratische en Republikeinse Senatoren die samen de werkgroep voor trans-Atlantische betrekkingen vormen. In deze tijd met veel internationale spanningen is een sterke Amerikaans-Europese relatie van groot belang, ook als we het niet overal over eens zijn.
 
Goed om met de Senatoren te spreken over ons partnerschap, samenwerking binnen de NAVO, handel en de oorlogen in het Midden-Oosten en Oekraïne.";1
"In aanloop naar het bezoek aan het Witte Huis van vanavond, legde ik een krans bij het Graf van de Onbekende Soldaat en bezocht ik de graven van vier Nederlandse mariniers op Arlington National Cemetery. Op deze indrukwekkende militaire begraafplaats liggen meer dan 400.000 Amerikaanse veteranen en hun familieleden begraven.
 
Hier rusten onder meer soldaten die hun leven hebben gegeven om Europa te bevrijden in de Tweede Wereldoorlog. Ook het graf van George C. Marshall is hier. Hij was de man achter de Marshallhulp die Europa hielp in de wederopbouw na de oorlog.
 
Dit is slechts één voorbeeld van hoe cruciaal de banden met de VS zijn voor onze welvaart en veiligheid. Zowel voor Nederland als voor Europa.
 
🇳🇱🇺🇸";1
Het Hongaarse volk heeft gesproken. Dit markeert een nieuwe stap voor Hongarije en de EU, met hoop op herstel van de democratie, rechtsstaat en Europese samenwerking. Mijn felicitaties aan @magyarpeterMP met zijn historische verkiezingsoverwinning.;1
Het Hongaarse volk heeft gesproken. Dit markeert een nieuwe stap voor Hongarije en de EU, met hoop op herstel van de democratie, rechtsstaat en Europese samenwerking. Mijn felicitaties voor @magyarpeterMP met zijn historische verkiezingsoverwinning.;1
"Met het overlijden van Sonja Barend, de koningin van de talkshow, verliezen we een grootheid uit de Nederlandse televisiegeschiedenis. Generaties groeiden op met haar “Morgen gezond weer op.” 

Warm, kritisch en professioneel zette zij met haar messcherpe interviews de standaard voor iedereen die na haar kwam. Niet voor niets wordt het beste tv-interview jaarlijks beloond met de Sonja Barend Award.

Mijn gedachten gaan uit naar haar naasten in deze verdrietige tijd.";1
Terugkijken: het inleidend statement van de wekelijkse persconferentie van viceminister-president Yeşilgöz-Zegerius (@DefensieMin) na de #ministerraad. Met aandacht voor de Strategie Bestrijding Antisemitisme, de situatie in en rond Iran en over het in kaart brengen van eventuele militaire inzet om bij te dragen aan een vrije doorvaart in de Straat van Hormuz.;1
Kijk vanaf 13.45 uur de persconferentie van vicepremier Dilan Yeşilgöz-Zegerius na de ministerraad van 10 april 2026 live op X of via mijn YouTube-kanaal ;1
"De band tussen Nederland en Estland is uitstekend. Het land aan de Oostgrens van Europa is zowel bilateraal als in EU en NAVO-verband een belangrijke partner als het gaat om democratische waarden en de Europese veiligheid. Het was daarom een genoegen om de president van Estland @AlarKaris, te ontvangen in Den Haag.

De dreiging vanuit Rusland is dagelijks voelbaar in Estland. We spraken over de noodzaak van steun aan Oekraine en het hoog houden van de druk op Rusland. Ik heb de blijvende betrokkenheid van Nederland onderstreept als het gaat om de bescherming van de Oostflank van Europa. 

Op het terrein van digitalisering is Estland een voorbeeld voor Nederland, ook op dat onderwerp blijven we nauw samenwerken.";1
"Fáilte chroíúil romhat, a Taoiseach @MichealMartinTD! 🇮🇪🤝🇳🇱

De banden tussen Nederland en Ierland zijn uitstekend. Onze vriendschap gaat ver terug en zeker in internationaal onrustige tijden als deze moeten we dat koesteren. We werken nauw samen in Europa, onder meer op thema's als concurrentievermogen, energie en veiligheid. Ierland is vanaf juli bovendien voorzitter van de EU. Goed om hier vanavond op het Catshuis over te spreken met premier Martin. Ook spraken we uiteraard over de laatste ontwikkelingen in het Midden-Oosten en over onze steun aan Oekraïne.";1
"De hulpverleners van het @RodeKruis en de Rode Halve Maan doen hun belangrijke werk over de hele wereld, vaak onder de moeilijkste omstandigheden. Zo staan ze na natuurrampen en in conflictgebieden altijd klaar om levens te redden, zelfs als dat grote risico’s voor hun eigen veiligheid met zich meebrengt.

Vanmiddag ontving ik een vertegenwoordiging van het Nederlandse Rode Kruis. We spraken over de humanitaire situatie in verschillende gebieden waar de organisatie hulp levert, zoals in het Midden-Oosten (Gaza, Libanon en Iran) en in Soedan.  Namens het kabinet heb ik benadrukt dat Nederland zich onvoorwaardelijk inzet voor de veiligheid van hulpverleners. Zeker in deze tijd waarin hulpverleners in verschillende regio’s slachtoffer zijn geworden van geweld. 

Maar ook in Nederland doet de organisatie goed werk. Zo hebben ze een actieve rol in het kader van crisisbeheersing en het versterken van de weerbaarheid in Nederland. Bijvoorbeeld door via publieksvoorlichting mensen voor te bereiden op noodsituaties en door constructief mee te denken over het weerbaarder maken van de samenleving. Ik heb het Nederlandse Rode Kruis in ons gesprek enorm bedankt voor hun onvermoeibare inzet.";1
"Gezamenlijk statement van president Macron, premier Meloni, bondskanselier Merz, premier Starmer, premier Carney, premier Frederiksen, premier Jetten, premier Sanchez, voorzitter van de Europese Commissie Von der Leyen, voorzitter van de Europese Raad Costa over het staakt-het-vuren tussen de Verenigde Staten en Iran.

Ons volledige statement ⬇️
";1
"Het versterken van de banden met het Caribisch deel van ons Koninkrijk is belangrijk voor het kabinet. Zo werken we met de landen Aruba, Curaçao en Sint Maarten nauw samen op het gebied van goed bestuur, veiligheid, economie en verduurzaming.

Vanochtend sprak ik hierover tijdens mijn kennismaking met gouverneur Ajamu Baly van Sint Maarten. Binnenkort zal ik het Caribisch deel van het Koninkrijk bezoeken en ik zie ernaar uit dan onze gesprekken voort te zetten.";1
"In onze eerste week ging het kabinet met de Tweede Kamer in debat over de regeringsverklaring. Vandaag voeren we dit debat met de Eerste Kamer. Vicepremiers @DefensieMin Dilan Yeşilgöz-Zegerius en @MinisterAenM Bart van den Brink, @Minister_FIN Eelco Heinen en ik vertegenwoordigen het kabinet in de Kamer.

Kijk vanaf 9.30 uur live mee via: ";1
"De Matthäus Passion vertelt een verhaal over lijden, wanhoop en beproeving. Tijdens de uitvoering in de Nieuwe Kerk in Delft was dat bijna voelbaar aanwezig. Een moment van overdenking en bezinning. 
 
De Matthäus Passion is ook de opmaat naar het Paasweekend. Een feest waar veel Nederlanders elkaar opzoeken; om samen de opstanding van Jezus te vieren, om gezellig samen te zijn met familie of vrienden. 

Ik wens iedereen een vrolijk Paasweekend!";1
"Goed gezelschap: vanavond de premier van Luxemburg @lucfrieden te gast. Nuttige discussies over de geopolitieke situatie, economische samenwerking en de rol van Benelux binnen Europa. 

Ik kijk uit naar voortzetting van onze vriendschap! 🇱🇺🇳🇱 ";1
"Terugkijken: het inleidend statement van de wekelijkse persconferentie van premier Rob Jetten na de #ministerraad. 

Met aandacht voor de oorlog in het Midden-Oosten en de verlenging van de inzet van het Nederlands marineschip de Ms. Evertsen. Ook blikte ik terug op mijn bezoek aan de Agrarische Hogeschool en het MBO in Dronten waar de boeren van morgen worden opgeleid.";1
Kijk vanaf 14.00 uur de persconferentie na de #ministerraad live op X of via mijn YouTube-kanaal: ;1
"Vandaag heb ik met president Aoun @LBpresidency van Libanon gesproken. We hebben het conflict tussen Israël en Hezbollah besproken en de ernstige gevolgen daarvan voor het Libanese volk. 
Hezbollah moet zijn activiteiten onmiddellijk staken en ontwapenen, en Israël moet verdere escalatie van het conflict voorkomen. 

Alle partijen moeten zich houden aan het internationaal recht. Ik heb het belang benadrukt van de-escalatie en directe diplomatieke gesprekken tussen Libanon en Israël, die kunnen bijdragen aan een duurzame oplossing voor dit conflict. 

Nederland steunt de inspanningen van de Libanese regering om de volledige controle over het Libanese grondgebied te herstellen. Daarom heb ik namens Nederland 13,5 miljoen euro aan humanitaire hulp en steun aan de Libanese strijdkrachten aangekondigd.";1
"❓Jullie vragen, ik antwoord.

Veel dank voor alle inzendingen voor mijn eerste Q&A als premier. Goed om te zien wat er allemaal bij jullie speelt.

En wil je mijn antwoorden op vragen over stikstof, de onrust in de wereld, mijn leukste moment van de afgelopen maand en nog veel meer terugzien? Kijk dan de volledige video op mijn YouTubekanaal. 📺

";1
"🕍 Chag Pesach Sameach!
 
Vanavond was ik op uitnodiging van de Liberaal Joodse Gemeente Amsterdam aanwezig bij de Sederviering, de eerste avond van Pesach.
 
Goed om met de mensen hier te spreken over wat de viering voor hen betekent. Ook spraken we over de veiligheid van de gemeenschap en het belang om samen te strijden voor het vrije Joodse leven in ons land.
 
Een mooie en bijzondere bijeenkomst. Ik wens iedereen in onze Joodse gemeenschap een Pesach vol warmte, samenzijn en betekenis.";1
"De bilaterale relatie tussen Nederland en Israël gaat jaren terug. Die bestaat uit een open en eerlijke dialoog. Vandaag heb ik in dat kader een kennismakingsgesprek gevoerd met de president van Israël @Isaac_Herzog.

We spraken uitgebreid over de recente ontwikkelingen in Iran, Libanon, de stabiliteit in de gehele regio en de grote zorgen van het kabinet daarover. Ik heb mijn medeleven betuigd naar aanleiding van de aanvallen op onschuldige Israëlische burgers door Iran en aangeven dat het van het grootste belang is om te voorkomen dat er nog meer burgerslachtoffers vallen aan beide kanten van het conflict.

We erkennen de legitieme veiligheidszorgen van Israël. Tegelijkertijd staan soevereiniteit en territoriale integriteit van Libanon buiten kijf. We maken ons ernstig zorgen over de humanitaire situatie in Libanon, zeker nu meer dan een miljoen mensen op de vlucht zijn geslagen.

Ook heb ik benadrukt dat de humanitaire situatie in Gaza moet verbeteren en dat alle grensovergangen open moeten om de broodnodige hulp voor de Palestijnse bevolking toe te laten. En specifiek aandacht gevraagd voor het niet invoeren van de registratieplicht voor internationale NGO’s.

Ook hebben we gesproken over de situatie op Westelijke Jordaanoever en het onacceptabele kolonistengeweld. Verder heb ik onderstreept dat het door Israël invoeren van de doodstraf, voor ons land en andere EU lidstaten onacceptabel is.

Uiteraard hebben we stilgestaan bij het belang van de aanpak van antisemitisme in Nederland naar aanleiding van de recente gebeurtenissen in Rotterdam en Amsterdam.";1
"Een sterke landbouwsector waar we goed voedsel produceren tegen een eerlijke prijs en in balans met de natuur. Dat is een van de topprioriteiten die dit kabinet beetpakt samen met boeren. 

Vandaag was ik in Dronten op bezoek op de Aeres Hogeschool. Hier worden de agrariërs van de toekomst opgeleid. Ik zag hier bij de hbo’ers, mbo’ers en vmbo’ers heel veel optimisme, bevlogenheid en passie gezien en gehoord. Maar ik hoorde ook nadrukkelijk de oproep aan de overheid om duidelijkheid te bieden over beleid. 

En natuurlijk begrijp ik ook de zorgen die sommige van deze jongeren hebben over hun toekomst als boer. Het eerlijke verhaal is dat niet alles meer overal kan en dat soms vraagt om ander ondernemerschap. Van de overheid kunnen boeren verwachten dat wij – met hen - alles op alles zetten om hiervoor de ruimte te geven. Zo bouwen we samen aan een toekomstbestendige landbouwsector.

Dit inspirerende werkbezoek geeft mij ontzettend veel vertrouwen. De jongeren die ik sprak zijn volop bezig om te kijken naar wat er wél kan. Wij hebben hen keihard nodig voor de duurzame landbouw van de toekomst. Daar gaan we samen voor aan de slag.";1
Goed om kennis te maken met minister-president @MDiependaele van Vlaanderen vanochtend. Nederland en Vlaanderen zijn goede buren en onze samenwerking is belangrijk voor ons allebei. Zo zijn onze havens, chemische sector en high techindustrie nauw met elkaar verbonden, werken veel mensen aan weerskanten van onze gedeelde grens en trekken we samen op binnen de Benelux en EU, onder meer op gebied van veiligheid. Ik zie uit naar onze samenwerking. 🤝;1
Goed om kennis te maken met @MDiependaele van Vlaanderen vanochtend. Nederland en Vlaanderen zijn goede buren en onze samenwerking is belangrijk voor ons allebei. Zo zijn onze havens, chemische sector en high techindustrie nauw met elkaar verbonden, werken veel mensen aan weerskanten van onze gedeelde grens en trekken we samen op binnen de Benelux en EU, onder meer op gebied van veiligheid. Ik zie uit naar onze samenwerking. 🤝;1
"Als je bij een huwelijk aanwezig mag zijn, is dat altijd eervol. En vandaag natuurlijk helemaal. Vandaag 25 jaar geleden mochten koppels van het zelfde geslacht namelijk voor het eerst met elkaar trouwen. Dankzij de koppels die toen voorgingen, zag ik als 14-jarige puber bevestigd waar ik van binnen nog aan twijfelde: ik hoor erbij, net als ieder ander. In mijn ogen is die gelijkwaardigheid, ook nu na 25 jaar, het belangrijkste aan het universeel huwelijk. De erkenning dat liefde tussen twee mensen er gewoon is.

Zo vanzelfsprekend als dat nu klinkt, was het ook hier in Nederland niet. Aan de openstelling van het huwelijk ging een lange, hobbelige weg vooraf. Inmiddels ervaren we steeds vaker dat dit verworven recht, kennelijk nog geen vanzelfsprekend recht is, maar iets dat we elke dag moeten beschermen.  De beste manier om daarmee om te gaan, is door te doen wat deze stellen vandaag deden. Elkaar ten overstaan van iedereen, de belangrijkste plaats in je leven geven. 

Rebecca en Sytske, Nico en Vital, Eelke en Elton, 
Ik wens jullie een lang, gelukkig, en liefdevol huwelijk.";1
"ASML is een van de meest toonaangevende en innovatieve technologieconcerns ter wereld. Het economische belang van @ASMLcompany voor de regio Eindhoven en de enorme betekenis voor heel Nederland is ongekend. Daarom was het goed om vandaag kennis te maken met Christophe Fouquet, de CEO van ASML. 

In ons gesprek ging het over het grote belang van de halfgeleiderindustrie voor Nederland en onze gezamenlijke inzet daarvoor, de Europese tech-agenda en de ontwikkelingen op de wereldmarkt. Ook spraken we over hoe het kabinet samen met de private sector kan zorgen voor een optimaal vestigingsklimaat. We hebben afgesproken om hierover in nauw contact te blijven.";1
"🇨🇦🇳🇱 De vriendschap tussen Canada en Nederland is zeer hecht en gaat ver terug. De Canadezen speelden een cruciale rol in onze bevrijding. In Canada wonen meer dan een miljoen mensen met een Nederlandse afkomst. Internationaal trekken we nauw samen op, onder meer binnen de NAVO en met onze steun aan Oekraïne.

Vanmiddag maakte ik telefonisch kennis met premier @MarkJCarney. De oorlog in Iran en effecten daarvan in de regio en de rest van de wereld baren ons allebei veel zorgen. We blijven met onze internationale partners de situatie op de voet volgen en zoeken naar oplossingen. Ondertussen blijft ook de oorlog in Oekraïne onze volle aandacht houden. Verder spraken we over kansen om meer samen te werken op het gebied van veiligheid, de defensie-industrie, energie en handel.";1
"Bedroefd en geschokt door het plotselinge overlijden van oud-president van Suriname Chandrikapersad Santokhi. Als president, en in zijn andere rollen, heeft hij veel betekend voor Suriname. Ook heeft hij zich onvermoeibaar ingezet voor de banden tussen Nederland en Suriname. 

Ik wens zijn nabestaanden veel sterkte in deze verdrietige tijd. Namens het kabinet heb ik mijn condoleances voor het Surinaamse volk overgebracht aan president Simons.";1
"Gemeenten zijn instanties die het dichtst bij de inwoners van Nederland staan. Het is daarom belangrijk dat het kabinet en gemeenten elkaar goed weten te vinden. Dat geldt helemaal voor de vier grote steden in Nederland; Amsterdam, Rotterdam, Den Haag en Utrecht, de zogenoemde G4. De G4 is ook van groot belang voor ons land, zowel economisch, politiek als cultureel. 

Hoewel het geen onbekenden van mij zijn maakte ik vandaag, vanuit de hoedanigheid van mijn functie, formeel kennis met Femke Halsema van @AmsterdamNL en Jan van Zanen van @GemeenteDenHaag, later volgen nog Sharon Dijksma van de @GemeenteUtrecht en Carola Schouten @rotterdam. Ik heb alle vertrouwen in onze toekomstige samenwerking.";1
"Gemeenten zijn instanties die het dichtst bij de inwoners van Nederland staan. Het is daarom belangrijk dat het kabinet en gemeenten elkaar goed weten te vinden. Dat geldt helemaal voor de vier grote steden in Nederland; Amsterdam, Rotterdam, Den Haag en Utrecht, de zogenoemde G4. De G4 is ook van groot belang voor ons land, zowel economisch, politiek als cultureel. 

Hoewel het geen onbekenden van mij zijn maakte ik vandaag, vanuit de hoedanigheid van mijn functie, formeel kennis met Femke Halsema van @AmsterdamNL en Jan van Zanen van @GemeenteDenHaag, later volgen nog Sharon Dijksma @GemeenteUtrecht en Carola Schouten @rotterdam. Ik heb alle vertrouwen in onze toekomstige samenwerking.";1
"De banden met India worden steeds sterker. Eerder dit jaar bereikten de EU en India een groot handelsakkoord en Nederland en India werken samen aan een stategisch partnerschap, onder meer op gebied van defensie, watermanagement, innovatie en handel. Met alles wat er momenteel gaande is in de wereld, is dit hét moment om onze samenwerking te verstevigen. 

Hierover sprak ik vanmiddag tijdens mijn telefonische kennismaking met premier @narendramodi. Ik zie ernaar uit om hem binnenkort in Nederland te verwelkomen om hier samen verder aan te werken. 🇮🇳🤝🇳🇱";1
"In een gezonde democratie is controle van de overheid essentieel. Daarom hebben we dat in Nederland ingebouwd in onze staatsinrichting. Naast de Eerste en Tweede Kamer, hebben ook de Raad van State, de @Rekenkamer en de Nationale ombudsman een adviserende en controlerende rol ten opzichte van het kabinetsbeleid. Zij vormen samen de Hoge Colleges van Staat.

In een notendop: de Raad van State adviseert de regering onder andere over de juridische haalbaarheid van alle wetsvoorstellen en behandelt het hoger beroep in geschillen tussen of met overheden, de Rekenkamer controleert of we het belastinggeld op de juiste manier uitgeven en de ombudsman komt op voor burgers die door de overheid in de knel zijn geraakt.

Vanmiddag hadden we een gezamenlijke kennismakingssessie met het kabinet, vicepresident Thom de Graaf (RvS), president Pieter Duisenberg (ARK) en Nationale ombudsman Reinier van Zutphen. Goed en nuttig om elkaar te leren kennen, want samen zorgen we voor een slagvaardige, betrouwbare en voorspelbare overheid.";1
Terugkijken: het inleidend statement van de wekelijkse persconferentie van premier Rob Jetten na de #ministerraad. Met aandacht voor de oorlog in Iran en de gevolgen daarvan, de inzet van een noodfonds om energiepijn te verzachten bij huishoudens die dat het hardste nodig hebben, en voor de Voorjaarsnota.;1
Kijk vanaf 15.30 uur de persconferentie na de #ministerraad live op X of via mijn YouTube-kanaal: ;1
"Samen staan we sterker. In een tijd waarin we als Europa meer verantwoordelijkheid moeten dragen voor onze veiligheid, is het van groot belang dat landen elkaar makkelijk en snel weten te vinden.  

Vandaag was ik in Helsinki voor de leaders summit van de Joint Expeditionary Force (JEF); een politiek-militair samenwerkingsverband onder leiding van het Verenigd Koninkrijk met tien eensgezinde Europese landen.
 
De JEF-landen houden militaire oefeningen, kunnen gezamenlijk optreden, maar ook ter ondersteuning van de NAVO, VN of andere samenwerkingsverbanden. De partners van het JEF vinden elkaar in het aanpakken van dreigingen in het Arctisch gebied, spelen een voortrekkersrol in de steun aan Oekraïne en willen meer werk maken van een stevige Europese pijler binnen de NAVO. 
 
Tijdens verschillende sessies spraken we over de steun aan Oekraïne en over de veiligheid op het Europese continent. Met de aanhoudende Russische dreiging en de ontwikkelingen in het Midden-Oosten is het des te belangrijker om de aandacht op de oorlog in Oekraïne hoog te houden. 
 
Naast Nederland namen Denemarken, Estland, Finland, IJsland, Letland, Litouwen, Noorwegen, Verenigd Koninkrijk en Zweden deel aan deze JEF-bijeenkomst. President Zelensky van Oekraïne en minister-president Carney van Canada sloten vandaag als speciale gast digitaal aan.";1
"Tijdens de bijeenkomst van de Joint Expeditionary Force sprak ik ook één-op-één de Britse premier @Keir_Starmer. 

Over de laatste ontwikkelingen in het Midden-Oosten, het belang van een sterke Europese pijler binnen de NAVO en de noodzaak van voortdurende steun aan Oekraïne en het verder opvoeren van de druk op Rusland. In dit kader ook gesproken over hoe we schepen uit de Russische schaduwvloot, die onder valse vlag varen om zo westerse sancties te omzeilen, verder kunnen aanpakken. 

Het Verenigd Koninkrijk is voor Nederland een belangrijke partner op veel gebieden. Ik kijk ernaar uit premier Starmer snel uitgebreider te spreken.";1
"De eerste dag van de bijeenkomst komst van de Joint Expeditionary Force in Helsinki begint met een gezamenlijk bezoek aan het offshore patrouillevaartuig de Turva. 

Dit vaartuig speelt een cruciale rol in het waarborgen van de veiligheid in het grensgebied. Belangrijk in een tijd van Russische dreiging. Erg interessant om van de Finse kustwacht meer te horen over deze  maritieme operaties.";1
"Morgen vindt in Helsinki een bijeenkomst plaats van de Joint Expeditionary Force plaats; een militair samenwerkingsverband tussen tien Noord-Europese landen met als doel om snel en effectief op te kunnen treden bij crises, zowel zelfstandig als in samenwerking met organisaties zoals de NAVO en de Verenigde Naties. 
 
Vooruitlopend op deze top had ik vanavond een ontmoeting met de Finse president @alexstubb, de gastheer van de bijeenkomst. Nederland en Finland hebben een uitstekende relatie en we denken hetzelfde over onderwerpen als de Europese veiligheid, rechtsstatelijkheid en mensenrechten. 

We spraken over de noodzakelijke steun aan Oekraïne, het versterken van de rol van Europa binnen de NAVO en over onze zorgen over de ontwikkelingen in het Midden-Oosten. 

Aansluitend had ik een werkdiner met president Stubb en met de Noorse premier @jonasgahrstore en minister-president Frostadótti van IJsland waarbij we verder spraken over de goede samenwerking tussen Nederland en de Nordic-landen.";1
"Morgen vindt in Helsinki een bijeenkomst plaats van de Joint Expeditionary Force plaats; een militair samenwerkingsverband tussen tien Noord-Europese landen met als doel om snel en effectief op te kunnen treden bij crises, zowel zelfstandig als in samenwerking met organisaties zoals de NAVO en de Verenigde Naties. 
 
Vooruitlopend op deze top had ik vanavond een ontmoeting met de Finse president @alexstubb , de gastheer van de bijeenkomst. Nederland en Finland hebben een uitstekende relatie en we denken hetzelfde over onderwerpen als de Europese veiligheid, rechtsstatelijkheid en mensenrechten. 

We spraken over de noodzakelijke steun aan Oekraïne, het versterken van de rol van Europa binnen de NAVO en over onze zorgen over de ontwikkelingen in het Midden-Oosten. 

Aansluitend had ik een werkdiner met president Stubb en met de Noorse premier @jonasgahrstore en minister-president Frostadótti van IJsland waarbij we verder spraken over de goede samenwerking tussen Nederland en de Nordic-landen.";1
"Een constructieve relatie met China is voor Nederland belangrijk. Het land is onze grootste handelspartner in Azië. Het kabinet wil de samenwerking graag verder versterken, onder meer op het gebied van de groene transitie, watermanagement en landbouw. 
 
Daarom was het goed en nuttig om vandaag kennis te maken met de Chinese premier Li Qiang. We spraken over het belang van een constructieve relatie, zowel bilateraal als tussen de EU en China, om structurele uitdagingen het hoofd te kunnen bieden. En over het voeren van een open dialoog over geo-economische kwesties en de voortdurende Russische agressie-oorlog in Oekraïne.";1
"Vanaf 17.00 uur gaan @ministerBZ Tom Berendsen, @DefensieMin Dilan Yeşilgöz-Zegerius en ik met de Tweede Kamer in debat over vier jaar oorlog in Oekraïne.

Volg het live via: ";1
"Vandaag met Kroonprins Mohammad bin Salman al-Saoed van Saoedi-Arabië gesproken over de laatste ontwikkelingen met betrekking tot het conflict in en rond Iran, en de recente escalatie. 

Daarbij heb ik mijn solidariteit betuigd met Saoedi-Arabië. Iran moet stoppen met aanvallen op civiele infrastructuur van de Golflanden, waaronder olie- en gas installaties. En het is van groot belang dat Iran de blokkade van de Straat van Hormuz zo snel mogelijk opheft. 

Tot slot spraken we kort over de goede en historische banden tussen onze landen en hebben we afgesproken de komende tijd in contact te blijven.";1
"Het tegengaan van wereldwijde armoede, ongelijkheid en klimaatverandering is een grote opgave waar het United Nations Development Programme zich voor inzet. Als onderdeel van de VN is @UNDP een belangrijke partner voor Nederland op het gebied van vredesopbouw, veiligheid en de rechtsstaat, onder meer in Oekraïne en de Palestijnse Gebieden.

Vanavond ontving ik samen met @ministerBHOS Sjoerd Sjoerdsma  het hoofd van het programma, @alexanderdecroo voor een kennismaking en om te spreken over het werk van UNDP wereldwijd.";1
"Het tegengaan van wereldwijde armoede, ongelijkheid en klimaatverandering is een grote opgave waar het United Nations Development Programme zich voor inzet. Als onderdeel van de VN is @UNDP is een belangrijke partner voor Nederland op het gebied van vredesopbouw, veiligheid en de rechtsstaat, onder meer in Oekraïne en de Palestijnse Gebieden.

Vanavond ontving ik samen met @ministerBHOS Sjoerd Sjoerdsma  het hoofd van het programma, @alexanderdecroo voor een kennismaking en om te spreken over het werk van UNDP wereldwijd.";1
De European Investment Bank (@EIB) speelt een belangrijke rol in het versterken van de Europese economie, door leningen te verstrekken op het gebied van klimaat, de energietransitie en de Europese defensie en veiligheid. Goed om kennis te maken met president @NadiaCalvino en onder meer te spreken over hoe de EIB bijdraagt aan het versterken van het concurrentie- en innovatievermogen van de EU.;1
"De Verenigde Staten zijn een belangrijke bondgenoot voor Europa en voor Nederland en cruciaal voor onze veiligheid en welvaart. Vanochtend ontving ik de Amerikaanse ambassadeur Joe Popolo (@usambnl). 

Vanzelfsprekend spraken we over de laatste ontwikkelingen in het Midden-Oosten en over de oorlog in Oekraïne. Ook blikten we vooruit naar het bezoek van Koning Willem-Alexander en Koningin Máxima aan de VS van volgende maand, waarbij ik hen voor een deel van het bezoek zal begeleiden. Ik zie uit naar een prettige samenwerking met ambassadeur Popolo.";1
"“Vandaag hebben we in de ministerraad gesproken over de wereldwijde gevolgen van het conflict in Iran. Met name de sterk stijgende energieprijzen. En ik kan me heel goed voorstellen dat dit veel zorgen geeft bij mensen en bedrijven. Het kabinet bereidt zich voor op alle mogelijke scenario's, inclusief maatregelen die daarbij horen om in te kunnen zetten wanneer dat nodig is.”

Mijn volledige inleidende statement van de wekelijkse persconferentie na de ministerraad ⬇️";1
"Vandaag ben ik in Brussel voor mijn eerste Europese Raad. De internationale ontwikkelingen volgen elkaar in rap tempo op; genoeg dossiers vragen onze aandacht. 

Nederland wil een aanjagende en constructieve rol spelen om de EU vooruit te helpen. 

Onderwerpen op de agenda: 

➡️ De situatie in het Midden-Oosten en de gevolgen voor de energieprijzen. 
➡️ Het belang van financiële steun aan Oekraïne. 
➡️ Versterking van de EU-defensie om onze vrijheid en veiligheid in Europa te beschermen.
➡️ Hoe we als EU migratiestromen richting Europa in goede banen kunnen leiden. 
➡️ Vergroten concurrentievermogen zodat Nederlandse bedrijven meer banen kunnen creëren en voor een sterke EU in een snel veranderende wereld.";1
"🇦🇼 Aruba viert vandaag dat het 40 jaar een autonoom land is binnen ons Koninkrijk en 50 jaar Vlag en Volkslied (Dia di Himno y Bandera). Twee prachtige mijlpalen.

Voor iedereen op Aruba: Mashá pabien! ";1
"🗳️ Ga stemmen!

De stembussen zijn weer open. Nu voor de gemeenteraadsverkiezingen. De gemeenteraad heeft grote invloed op het dagelijks leven in jouw stad of dorp. Dus maak gebruik van je democratische recht.

#ElkeStemTelt ";1
"In aanloop naar de Europese Raad van deze week, sprak ik met premier @sanchezcastejon van gewaardeerde EU- en NAVO-partner Spanje, onder andere over het versterken van de Interne Markt van de EU. Dat is de kern van een stevige geopolitieke positie van Europa en de motor van onze economie. Dit biedt kansen voor samenwerking tussen onze landen.

Ook spraken we over onze aanhoudende steun voor Oekraïne en de situatie in het Midden-Oosten. Belangrijk dat we als collectief Europese belangen en partners scherp in de gaten houden en helpen beschermen, zoals we nu beide doen bij Cyprus.";1
"Suriname en het Koninkrijk der Nederlanden hebben een gedeeld verleden. Veel Nederlanders voelen zich nauw verbonden met het land. Zojuist heb ik kennisgemaakt met Jennifer Geerlings-Simons, president van Suriname.

We blikten terug op het historische staatsbezoek afgelopen december en keken vooruit naar mogelijkheden om de goede en brede relatie tussen onze landen verder te brengen, bijvoorbeeld door de voortzetting van het samenwerkingsprogramma Makandra en uitwisseling op het gebied van onderwijs.
 
Ook spraken we over het belang van voedsel- en energiezekerheid en goede bereikbaarheid tussen de verschillende landen in het Caraïbisch gebied; belangrijke speerpunten tijdens het Surinaamse CARICOM voorzitterschap in 2027. 

 Het was een prettig eerste overleg en ik kijk uit naar onze toekomstige samenwerking.";1
"Met trots kijkt Nederland terug op de Paralympische Spelen. Op de prestaties, op de medailles en op de spirit van TeamNL. 

Onze paralympische sporters hebben in Cortina laten zien hoeveel je kunt bereiken als je durft te vertrouwen op jezelf. Op je eigen vermogens, je eigen kracht en je eigen vindingrijkheid op die momenten in de wedstrijd dat je er alleen voor staat.

Maar ook dat je erop kunt vertrouwen dat er daarbuiten mensen zijn die je naar de finish schreeuwen. Het is het ‘team’ in TeamNL, en daar ben ik ongelooflijk trots op. 

Mijn hele toespraak tijdens de huldiging van de Paralympische sporters is terug te lezen via ";1
"Met trots kijkt Nederland terug op de Paralympische Spelen. Op de prestaties, op de medailles en op de spirit van TeamNL. 

Onze paralympische sporters hebben in Cortina laten zien hoeveel je kunt bereiken als je durft te vertrouwen op jezelf.
Op je eigen vermogens, je eigen kracht en je eigen vindingrijkheid op die momenten in de wedstrijd dat je er alleen voor staat.

Maar ook dat je erop kunt vertrouwen dat er daarbuiten mensen zijn die je naar de finish schreeuwen. Het is het ‘team’ in TeamNL, en daar ben ik ongelooflijk trots op. 

Mijn hele toespraak tijdens de huldiging van de Paralympische sporters is terug te lezen via ";1
"Een sterk, door waarden gedreven en onafhankelijk Europa. Daar zetten Duitsland en Nederland zich samen voor in. Daarom goed om vandaag in Berlijn met belangrijke buur @Bundeskanzler Friedrich Merz kennis te maken.
 
Duitsland en Nederland bundelen al decennialang de krachten op gebied van veiligheid en defensie. We delen een legerkorps en een tankbataljon. Ook onze defensie-industrie is nauw verweven in de toeleveringsketen in Noordrijn-Westfalen. Het versterken van onze defensie is één van de topprioriteiten van dit kabinet en ik zie ernaar uit onze goede samenwerking op dit gebied met Duitsland voort te zetten.
 
Daarnaast trekken we samen op in onze steun aan Oekraïne, onder meer via de Coalition of the Willing. Zo zijn Duitsland en Nederland samen voortrekker in de levering van levensreddende luchtverdediging. Vanzelfsprekend houdt daarnaast de situatie in het Midden-Oosten onze gezamenlijke scherpe aandacht. Ook spraken bondskanselier Merz en ik over onderwerpen op de agenda van de Europese Raad in Brussel later deze week. We hebben juist Europese samenwerking nodig voor een sterke economie waarmee we onze grote ambities kunnen waarmaken en betalen.";1
"De Nederlandse Bank (@DNB_NL) is de centrale bank van Nederland en toezichthouder voor het financieel stelsel in Nederland. Daarmee is het een belangrijk adviesorgaan voor dit kabinet. Vandaag maakte ik kennis met Olaf Sleijpen, de president van DNB. 

We spraken over de ambities van dit kabinet, zoals het beheersbaar houden van de overheidsfinanciën, en de laatste macro-economische ontwikkelingen. Ook ging het over de mogelijke economische gevolgen van het huidige conflict in het Midden-Oosten. Een goed en waardevol overleg dat we met regelmaat gaan voortzetten.";1
"De Nederlandse Bank (@DNB_NL) is de centrale bank van Nederland en toezichthouder voor het financieel stelsel in Nederland. Daarmee is het een belangrijk adviesorgaan voor dit kabinet. Vanmorgen maakte ik kennis met Olaf Sleijpen, de president van DNB. 

We spraken over de ambities van dit kabinet, zoals het beheersbaar houden van de overheidsfinanciën, en de laatste macro-economische ontwikkelingen. Ook ging het over de mogelijke economische gevolgen van het huidige conflict in het Midden-Oosten. Een goed en waardevol overleg dat we met regelmaat gaan voortzetten.";1
"De aanslagen op een Joodse school in Amsterdam en een synagoge in Rotterdam de afgelopen week zijn schokkend en onacceptabel. Deze laffe acties hebben grote impact op de gehele Joodse gemeenschap in Nederland en zorgen voor gevoelens van angst.

Vanochtend ging ik samen met @ministerjenv David van Weel en @NCAB_NL Eddo Verdoner in gesprek met vertegenwoordigers van de Joodse gemeenschap om te luisteren naar de zorgen die onder Joden in nederland leven. Hun angsten en boosheid raken mij. In Nederland is geen ruimte voor antisemitisme. Ik heb hen op het hart gedrukt dat de veiligheid van Joodse Nederlanders de volledige en voortdurende aandacht heeft van het kabinet en alle betrokken veiligheidspartners.

We moeten als samenleving naast onze Joodse landgenoten staan. Wees geen omstander bij antisemitisme, maar spreek je uit. Dat kan en mag niet alleen de verantwoordelijkheid van de Joodse gemeenschap zelf zijn.";1
"🥇🥇🥇🥈🥈🥈🥉 Onze paralympiërs in Cortina hebben het super gedaan! Met een gouden hattrick voor Jeroen Kampschreur komt de opbrengst met drie goud, drie zilver en één brons op maar liefst zeven medailles. En wat een teamspirit, samen zijn zij echt TeamNL! 💪

Met @ministerLJS Mirjam Sterk en Prinses Margriet bezocht ik gisteren de Paralympische arena. Ik sprak met verschillende atleten die hier in actie zijn gekomen en moedigde onze para-alpineskiër Claire Petit aan. Wat een sfeer hangt er hier, echt geweldig!

Mooi om te horen wat onze sporthelden drijft. Enorm veel dank voor het inspirerende voorbeeld wat zij voor zo velen zijn.";1
Verschrikkelijk. In Nederland mag geen plek zijn voor antisemitisme. Ik begrijp de boosheid en angst en ga snel in gesprek met de Joodse gemeenschap. Zij moeten zich altijd veilig weten in ons land. ;1
"“Laat het heel duidelijk zijn dat er in ons land geen plaats is voor antisemitisme. Geen plaats voor intimidatie, haat of geweld tegen welke religieuze minderheid dan ook.”

Terugkijken: het inleidend statement van de wekelijkse persconferentie van minister-president Rob Jetten met aandacht voor de brandstichting bij een synagoge in Rotterdam. 

Ook ging het over het instellen van een basisverzekering voor zelfstandigen bij arbeidsongeschiktheid, over projecten om het duurzaam verdienvermogen van Nederland te versterken en een terugblik op de ontwikkelingen afgelopen week rondom Iran.";1
"“Laat het heel duidelijk zijn dat er in ons land geen plaats is voor antisemitisme. Geen plaats voor intimidatie, haat of geweld tegen welke religieuze minderheid dan ook.”

Terugkijken: het inleidend statement van de wekelijkse persconferentie van minister-president Rob Jetten met aandacht voor de brandstichting bij een synagoge in Rotterdam. Ook ging het over het instellen van een basisverzekering voor zelfstandigen bij arbeidsongeschiktheid, over projecten om het duurzaam verdienvermogen van Nederland te versterken en een terugblik op de ontwikkelingen afgelopen week rondom Iran.";1
LIVE: Persconferentie minister-president Rob Jetten na de ministerraad van 13 maart 2026 ;1
Kijk vanaf 14.15 uur de persconferentie na de #ministerraad live op X of via mijn YouTube-kanaal: ;1
"Vanaf 19.45 uur ga ik met de Tweede Kamer in debat over de Europese top van 19 en 20 maart 2026. 

Live te volgen via ";1
"Vanaf 19.45 uur ga ik met de Tweede Kamer in debat over de Europese top van 19 en 20 maart 2026

Live te volgen via ";1
"Vanaf 19.45 uur ga ik met de Tweede Kamer in debat over de Europese top van 19 en 20 maart 2026

Live te volgen via Livestream: Plenaire zaal | Tweede Kamer der Staten-Generaal";1
"Met @ministerBZ Berendsen en @DefensieMin Yeşilgöz-Zegerius ga ik zo met de Tweede Kamer in debat over Iran. 

Vanaf 10.35 live te volgen via ";1
"Goed om vandaag te spreken met de Sloveense minister-president Golob (@vladaRS). Nederland en Slovenië hebben een sterke band en denken over veel onderwerpen hetzelfde. 

Zo zijn we het eens over het belang van de rechtstaat en de duurzame energietransitie voor een sterk Europa. Ik kijk uit naar onze samenwerking.";1
"🇫🇷🇳🇱 Een Frans spreekwoord luidt: ‘L‘amitié est la sympathie de deux âmes égales’. En eigenlijk geldt dat ook voor de band tussen Frankrijk en Nederland. Natuurlijk zijn er verschillen, maar uiteindelijk zijn wij diep met elkaar verbonden door onze gedeelde Europese waarden. Dat is ook de basis van onze hechte samenwerking, zowel onderling als binnen de EU en de NAVO.
 
Daarom bezocht ik vandaag president @EmmanuelMacron in Parijs. We spraken onder meer over de ernstige situatie in en rond Iran. Nederland heeft op verzoek van Frankrijk een luchtverdedigingsfregat ingezet in het oosten van de Middellandse Zee. Daar werken we samen om onze bondgenoten en partners in de regio te verdedigentegen Iraanse aanvallen. Ook spraken we over de laatste ontwikkelingen in Oekraïne en onze aanhoudende steun, onder meer vanuit de Coalitionof the Willing.
 
De spanningen en conflicten van deze tijd maken duidelijk dat onze vrijheid en veiligheid niet vanzelfsprekend zijn. Het is goed om te zien dat we in Europa nu hard aan de slag zijn om onze EU-defensie sterker te maken. Het voorstel van president @EmmanuelMacron om samen te werken aan versteviging van de Europese nucleaire afschrikking is hierin een goede stap.";1
"Nederland blijft oog houden voor de Palestijnse zaak en inzetten op een tweestatenoplossing. Dat heb ik benadrukt in een telefoongesprek met minister-president Mohammad Mustafa van de Palestijnse Autoriteit (@PalestinePMO). Het is een goede zaak dat de Palestijnse Autoriteit hard werkt aan noodzakelijke hervormingen.

We spraken over de catastrofale situatie in Gaza en de ontwikkelingen op de Westelijke Jordaanoever, die met de dag zorgwekkender worden. Nederland veroordeelt de uitbreidingsacties van Israël op de Westelijke Jordaanoever en ik heb benadrukt dat het belangrijk is aandacht te houden voor deze situatie te midden van het conflict met Iran.";1
"De ontwikkelingen in Iran volgen elkaar in razend tempo op. Er zijn grote zorgen over de bombardementen die plaatsvinden. Contact leggen met familie en vrienden in het land is bijna niet mogelijk. Daardoor leeft de Iraanse gemeenschap in Nederland momenteel tussen hoop en vrees. Zeker omdat onzeker is wanneer de bombardementen stoppen en je bedenkt waartoe het Iraanse regime in staat is.

Vanochtend ontving ik een aantal mensen uit de Iraanse gemeenschap om van hen te horen hoe zij naar de situatie in het land kijken en welke impact dit op henzelf en hun omgeving heeft. Dat maakte diepe indruk op mij. Wat overduidelijk doorklonk in dit gesprek was hoe ongelooflijk sterk het Iraanse volk is. Ik heb toegezegd dat Nederland hen niet uit het oog verliest en we met onze partners blijven inzetten op de-escalatie en druk op het Iraanse regime. Eén ding is helder: Uiteindelijk kunnen alleen de Iraniërs de toekomst van hun land bepalen. Nederland staat pal achter het Iraanse volk.

En ik hoop van harte dat zij snel weer fatsoenlijk contact kunnen krijgen met hun geliefden.";1
"We verdienen in Nederland een groot deel van ons geld dankzij een sterke interne Europese markt. Er zijn nog volop kansen om onze economie te versterken. Dat is ook nodig voor een nog stevigere positie van Europa op het wereldtoneel. 

Vanavond sprak ik met andere Europese leiders tijdens een videovergadering over het concurrentievermogen van de EU. Een belangrijke slag die we daarvoor moeten slaan is het tegengaan van onnodige regeldruk, het verbeteren van de kapitaalmarkt en betaalbare, duurzame energie. Voor het kabinet is dat zowel nationaal als op EU-niveau een topprioriteit.";1
"De Ramadan is voor veel moslims in Nederland een tijd van omkijken naar elkaar en samen delen. Dat merkte ik vanavond ook in de Goudse Schouwburg, waar ik te gast was bij een Iftar. 

Tijdens een heerlijke maaltijd ging ik in gesprek met mensen van verschillende achtergronden. Juist in deze hectische tijden is zo’n moment van bezinning en wederzijdse interesse extra waardevol. 

Veel dank aan alle vrijwilligers die deze avond mogelijk hebben gemaakt.";1
"Na mijn bezoek aan Oekraïne, ben ik vandaag warm ontvangen door premier @donaldtusk van Polen. 🇵🇱🇪🇺🇳🇱 

Polen is een belangrijke bondgenoot als het gaat om de Europese steun aan Oekraïne. Die steun moet onverminderd doorgaan.

Polen geeft al jaren het goede voorbeeld als het gaat om een sterk en veilig Europa dat zichzelf kan verdedigen. Niet voor niets hebben Nederland en Polen in juli afgesproken om onze defensiesamenwerking verder op te voeren. Zo krijgen bedrijven uit onze landen extra kansen voor het opschalen van de defensieproductie.
 
Een sterke Europese defensie kan niet zonder een goede economische basis. We moeten dat fundament snel verstevigen. Nederland en Polen willen onnodige barrières op de interne Europese markt wegnemen, de regeldruk terugdringen en nieuwe markten aanboren. 
 
Nederland wil voor onze veiligheid, vrijheid en welvaart een drijvende en positieve kracht zijn in Europa.";1
Enorm onder de indruk van mijn flitsbezoek aan Oekraïne. We blijven schouder aan schouder staan met het Oekraïense volk. ;1
"Na de ontmoeting met president Zelensky had ik een overleg met de Oekraïense premier @Svyrydenko_Y. We spraken over herstel van de energie-infrastructuur na deze winter, en wat Nederlandse bedrijven hierbij kunnen betekenen. 

Ook ging het over de voortgang van hervormingen in Oekraïne met oog op het pad naar EU-toetreding en de terugkeer van door Rusland ontvoerde Oekraïense kinderen. Nederland staat schouder aan  schouder met Oekraïne.";1
"Het is een eer om vandaag in Kyiv aan de zijde van president @ZelenskyyUa te staan. Zoals Nederland al jaren schouder aan schouder staat met het Oekraïense volk. Want zij vechten niet alleen voor hun vrijheid en veiligheid, maar ook voor die van Europa. Voor onze Europese democratische normen en waarden. Hun strijd is ook onze strijd. Oekraïne verdient onze volledige steun.

Zo zijn energiesteun en het versterken van de Oekraïense luchtverdediging grote prioriteiten. Daar werken we met onze internationale partners keihard aan. Tegelijk wordt er doorgewerkt aan een duurzame en rechtvaardige vrede. We zien dat Oekraïne zich constructief opstelt, terwijl Rusland keer op keer onmogelijke eisen op tafel legt en zijn agressie met volle kracht doorzet.
 
Het is ook aan ons als bondgenoten van Oekraïne om onze rug recht te houden. Om continu waakzaam te blijven. En ons niet te laten afleiden.
 
Slava Ukraini 🇺🇦🇳🇱";1
"Eervol en indrukwekkend om met president @ZelenskyyUa een krans te leggen bij de Muur van Herinnering. Hier hangen ontelbaar veel foto’s van Oekraïeners die hun leven hebben gegeven voor hun land. 
 
We eren en herdenken hen voor het offer dat ze hebben gebracht. Voor de vrijheid en veiligheid van Oekraïne, en van Europa.";1
"Nederland staat onverminderd achter Oekraïne en de strijd die Oekraïners dagelijks voeren tegen de Russische agressie. Zij vechten niet alleen voor hun vrijheid maar voor die van Europa. Om onze steun aan de Oekraïners te onderstrepen ben ik vandaag in Kyiv.

Vanmorgen bezocht ik een door Russische aanvallen getroffen wijk. Wanneer je hier staat, te midden van kapotgeschoten gebouwen, voel je pas echt het enorme leed en onrecht dat de Russische agressie hier veroorzaakt. 

Grote bewondering voor de hulpverleners die ik hier sprak. Met gevaar voor eigen leven redden zij dagelijks levens van burgers die het slachtoffer worden van Russische aanvallen.";1
Mijn oproep: sta vandaag stil bij Internationale Vrouwendag. Juist ook de mannen. ;1
"Onze sporters zijn er klaar voor en Nederland ook! 🏆

De Paralympische Winterspelen zijn officieel van start. Ik wens onze para-alpineskiërs en parasnowboarders van @TeamNLtweets enorm veel succes. Nederland staat achter jullie! ";1
Terugkijken: het inleidend statement van de wekelijkse persconferentie van minister-president Rob Jetten. Met aandacht voor de eerste Rijksministerraad van dit kabinet, de grote zorgen over de situatie in en rond Iran, en voor de start van de Paralympische Winterspelen. ;1
Kijk vanaf 15.45 uur de persconferentie na de #ministerraad live op X of via mijn YouTube-kanaal: ;1
De @EersteKamer heeft een belangrijke rol in het wetgevingsproces. Om de grote opgaven waar het kabinet voor staat aan te pakken is een goede relatie met de Kamer daarom belangrijk. Vandaag sprak het kabinet met de Voorzitter van de Eerste Kamer en de Griffier voor een kennismaking. We hebben alle vertrouwen in de samenwerking tussen het kabinet en het Eerste Kamer.;1
De verbondenheid tussen het Verenigd Koninkrijk en Nederland is groot, of het nu gaat om onze economie of onze veiligheid. Het is belangrijk dat onze landen schouder aan schouder optrekken. Vanavond sprak ik met premier @Keir_Starmer onder andere over de oorlog in Oekraïne en de ontwikkelingen in Iran en de Golfstaten.;1
📞: Na gister de Koning van Jordanië gesproken te hebben, sprak ik vandaag met Sjeik @MohamedBinZayed, president van de Verenigde Arabische Emiraten en de Emir van Qatar, Sjeik @tamimbinhamad, over de totaal onacceptabele aanvallen van Iran. Nederland is solidair met onze partners in de Golf.;1
"Gemeenten, provincies en waterschappen zijn onmisbaar voor het kabinet. Alleen door echt samen te werken kunnen we de noodzakelijke doorbraken realiseren als het gaat om gebieden als sociaal domein, asiel, stikstof, de woningbouw en kansen voor alle regio’s. 

Vanmiddag maakte ik samen met @minister_bzk Heerma en @stasFIN Eerenberg op het Catshuis kennis met vertegenwoordigers van onze medeoverheden @VNG @IPO @Unie van Waterschappen. 

Een goede eerste bijeenkomst die alle vertrouwen geeft in onze toekomstige samenwerking.";1
"Inwoners die samen de schouders eronder zetten en vol energie en passie werken aan de verbetering van hun eigen buurt. Dat is wat ik vandaag gezien heb in het Brabantse Roosendaal. 

Via het Nationaal Programma Leefbaarheid en Veiligheid werkt het rijk hier samen met de regio aan een leefbare stad. 

Op kindcentrum De Appel zag ik hoe het programma de jongste jeugd nieuwe kansen en perspectief geeft. Daarnaast sprak ik met buurtbewoners en ondernemers over de problemen die er spelen op het gebied van wonen en veiligheid en wat er gebeurt om dit te verbeteren.

De energie en het optimisme dat ik vandaag heb gezien, geeft alle vertrouwen in een mooie toekomst voor Roosendaal. Aan de slag!";1
"Luxemburg is sinds jaar en dag een belangrijke partner voor Nederland. We werken nauw samen op veel verschillende niveaus, waaronder binnen de Benelux, de EU en de NAVO. Ook zijn we eensgezind in onze volle steun aan Oekraïne. Vanmiddag had ik een prettige kennismaking met premier @LucFrieden. We spraken onder meer over de uitstekende relatie tussen onze landen, over onze niet-aflatende steun aan Oekraïne en over prioriteiten op de Europese agenda.

🇳🇱🤝🇱🇺";1
"De ontwikkelingen in het Midden-Oosten volgen elkaar in razend tempo op. We zien al dagen totaal onacceptabele aanvallen van Iran op landen in de regio, waaronder Jordanië.
 
Het kabinet heeft veelvuldig contact met partners in het Midden-Oosten. Zo heb ik vandaag bij @KingAbdullahII van Jordanië de solidariteit van Nederland benadrukt. Samen met Europa en onze partners in de regio kijken we hoe we uiteindelijk de rust kunnen laten terugkeren.";1
Om Nederland en Europa veilig te houden, investeert het kabinet flink in onze defensie. Uiteraard werken we op het gebied van veiligheid onder meer nauw samen met onze NAVO-bondgenoten. Daarom goed om vanavond @SecGenNATO Mark Rutte te spreken over het bondgenootschap en over de laatste geopolitieke ontwikkelingen, zoals de situatie in Iran en over de oorlog in Oekraïne.;1
"De geschiedenissen van België en Nederland zijn onlosmakelijk met elkaar verbonden. En als goede buren werken we nauw samen op veel gebieden, zoals veiligheid, economie en bereikbaarheid. Daarom is het extra passend om hier mijn eerste buitenlandse bezoek af te leggen.
 
Goed om kennis te maken met mijn collega-premier @Bart_DeWever. We gaan elkaar vaak zien en spreken, onder meer in Benelux-, EU- en NAVO-verband. Ik zie uit naar onze samenwerking. 🇧🇪🤝🇳🇱";1
"Nederland wil een drijvende en positieve kracht zijn in de EU. Dat is een rol die past bij Nederland. En het is ook nodig, om te helpen richting te geven aan een Europa dat een stevige positie inneemt in de wereld. We moeten samen werken aan een sterker, veiliger en concurrerender Europa.

Dat heb ik vandaag benadrukt in mijn gesprekken met voorzitters António Costa van de Europese Raad (@eucopresident), Ursula @vonderleyen van de Commissie en Roberta Metsola van het Parlement (@EP_President). Goed om in mijn tweede week al een ronde langs de drie grote EU-instellingen te maken. Ik zie uit naar de constructieve samenwerking en het zetten van eerste stappen bij de Europese Raad later deze maand.";1
"Finland is van oudsher een goede en belangrijke bondgenoot, zowel bilateraal als - meer recent - in NAVO-verband. En met de oorlog in Oekraïne is onze band alleen maar intensiever geworden. Dus belangrijk om snel kennis te maken met de Finse president @alexstubb. 

We spraken natuurlijk over de recente ontwikkelingen in het Midden-Oosten, het belang van voortdurende steun aan Oekraïne en over het blijven opvoeren van de druk op Rusland. 

Ook blikten wij vooruit op de volgende bijeenkomst van JEF-leiders in Helskini eind maart; een regionaal politiek-militair samenwerkingsverband waar Finland en Nederland onderdeel van zijn. Ik kijk er naar uit om de president dan te ontmoeten.";1
Buurthuizen brengen mensen samen. Vanavond ging ik daarom langs bij wijkcentrum Dabder, in de Haagse Schilderswijk. Hier komen mensen bij elkaar om te sporten, te eten, spelletjes te spelen, taalles te volgen en in gesprek te gaan over alles wat hen bezighoudt. ;1
"Een goede samenwerking met de Tweede Kamer is van groot belang voor dit kabinet. 

Eerder vandaag had ik een formeel kennismakingsgesprek met de Tweede Kamervoorzitter Thom van Campen. Een prettig gesprek, een goed begin. ";1
Nederland volgt de situatie op de voet en roept alle partijen op tot terughoudendheid om verdere escalatie te voorkomen. ;1
"“Dit kabinet heeft er zin in om aan het werk te gaan! Om grote keuzes te maken voor de toekomst van Nederland zodat ons land weer in beweging komt. Op basis van optimisme en realisme.”

Terugkijken: het inleidend statement van de wekelijkse persconferentie van premier Jetten na de #ministerraad.";1
Kijk vanaf 16.30 uur de persconferentie na de #ministerraad live op X of via mijn YouTube-kanaal: ;1
"De eerste reguliere ministerraad staat op het punt van beginnen. Vanaf vandaag gaan we echt aan de slag met de plannen van het kabinet. 

Benieuwd wat er allemaal in het regeerakkoord staat?

Lees het hele akkoord via ";1
"Laatste voorbereidingen. De tweede dag van het debat over de regeringsverklaring betekent dat het kabinet aan zet is om de vragen van de Kamer te beantwoorden en te kijken waar het met andere partijen de samenwerking kan vinden. 

Om zo keuzes te maken die  ook over vijf of tien jaar nog steeds staan. Ik ben er klaar voor.";1
Politiek gaat over de toekomst. Over hoe we die met optimisme en realisme beter kunnen maken. Politiek gaat over een goed leven voor iedereen, inclusief de hoopvolle belofte dat kinderen het beter kunnen krijgen dan hun ouders. Dat is waar dit kabinet voor staat. ;1
"Vanochtend sprak ik de regeringsverklaring uit in de Tweede Kamer.

Lees de volledige tekst van de regeringsverklaring hier terug: ";1
"Om 10.30 uur spreek ik de regeringsverklaring uit in de Tweede Kamer, waarna de Kamer hierover in debat gaat. Morgen reageert het kabinet hierop.
 
Kijk live mee via:";1
"Vandaag markeert vier jaar Russische agressie met vele doden, grote verwoesting en dagelijkse strijd in Oekraïne als gevolg. Oekraïne kan op onze steun blijven rekenen. Nu en in de toekomst. Tijdens een digitale bijeenkomst van de Coalition of the Willing hebben we dit met een grote groep internationale leiders nogmaals benadrukt. Belangrijk om dit juist vandaag weer te doen.

We spraken over belangrijke onderdelen van die steun. Zoals veiligheidsgaranties voor Oekraïne wanneer er vrede is gesloten, zodat we gezamenlijk nieuwe Russische agressie kunnen afschrikken. Bovendien moeten we totdat het eindelijk vrede is, de druk op Rusland opvoeren en houden.

We staan het sterkste als we dit samen blijven doen, mét Oekraïne. Want hun strijd is onze strijd. En hun veiligheid is onze veiligheid.

Slava Ukraini 🇺🇦";1
"🥇🥈🥉Ongelooflijk trots. Tien keer goud, zeven keer zilver en drie keer brons. Heel Nederland heeft meegeleefd, meegehuild en meegevierd met onze Olympiërs in Milaan. 

Zij kleurden Milaan oranje en behaalden de hoogste positie ooit voor Nederland tijdens de Winterspelen.

Vandaag heb ik alle Nederlandse medaillewinnaars mogen bedanken en toespreken. Zij hebben Nederland laten stralen!";1
"Morgen is het vier jaar geleden dat Rusland de grootschalige invasie van Oekraïne begon. Oekraïne strijdt dagelijks voor vrijheid. En de strijd in Oekraïne gaat over de veiligheid van heel Europa. 

Op mijn eerste dag als premier belde ik met president @ZelenskyyUa, om hem ervan te verzekeren dat Oekraïne op de onverminderde steun van Nederland kan rekenen.

🇳🇱🤝🇺🇦";1
"🎥 Kijk mee naar de perspresentatie van het nieuwe kabinet, vanaf 20.35 uur live vanuit het Catshuis.
 
";1
"Eerste ministerraad ✅
 
In deze eerste ministerraad hebben we de besluiten vastgelegd die we dit weekend namen tijdens de oprichtingsvergadering van het kabinet (ook wel constituerend beraad genoemd). Denk hierbij onder meer aan de definitieve portefeuilleverdeling Ook spraken we over de regeringsverklaring die ik woensdag zal afleggen in de Tweede Kamer.";1
"Eerste ministerraad ✅
 
In deze eerste ministerraad hebben we de besluiten vastgelegd die we dit weekend namen tijdens de oprichtingsvergadering van het kabinet (ook wel constituerend beraad genoemd). Denk hierbij onder meer aan de definitieve portefeuilleverdeling Ookspraken we over de regeringsverklaring die ik woensdag zal afleggen in de Tweede Kamer.";1
🤝 Mijn voorganger Dick Schoof heeft mij net de voorzittershamer van de ministerraad overhandigd. Samen met de ondertekening van de overdracht betekent dit dat de politieke leiding van het ministerie van Algemene Zaken aan mij is overgedragen. ;1
Vanaf vandaag zijn mijn werkzaamheden als minister-president ook te volgen op BlueSky. ;1
Beëdigd. We gaan beginnen. Aan de slag. ;1
De Koninklijke Besluiten zijn getekend. Het is een enorme eer om als minister-president aan de slag te mogen. ;1
"Op Paleis Huis Ten Bosch wordt vanaf 9.50 uur het kabinet-Jetten beëdigd.

Kijk live mee via: ";1
