Posts;Labels
‘ Hamas is vrouwenhaat. Maar wie dat weten wil, wist het al.' Jolande Withuis. 🎯 ;0
Hier ➡️ ;1
"Zoek de verschillen…..

De uitspraak van Lubbers “Nederland is ziek” van begin jaren ‘90 is ook nu aan de orde. 1.5 miljoen mensen zijn afhankelijk van ons sociale vangnet. Onuitvoerbaar. Onhoudbaar. Donderdag debat in de Tweede Kamer. 
";0
"De boodschap van kabinet-Jetten aan onze boeren: krimp of verdwijn.

Boerengezinnen die ons voedsel produceren, betalen opnieuw de prijs voor falend stikstofbeleid. Kabinet-Jetten dendert door, losgezongen van de werkelijkheid.

Het moet rigoureus anders.👇🏻

";0
Dit soort uitspraken zijn de aanleiding: ;0
"De instroom moet fors omlaag. Daarom 2 moties ingediend:

👉🏻 Geen asielprocedure in Nederland als iemand al elders in Europa een aanvraag heeft lopen;

👉🏻 Financiële bijstand (in welke vorm dan ook) alleen bij aantoonbare integratie-inspanningen.

Dinsdag stemmingen. #debat ";0
"Nederlanders begrijpen best dat migratie niet van de ene op de andere dag verdwijnt. Maar ze verwachten wél dat de politiek doet wat mogelijk is.

Toch worden concrete voorstellen door GL/PvdA en D66 telkens weer geblokkeerd. Altijd is er wel een reden waarom het niet kan. #debat ";0
Want buiten X is alle sociale media een oase van rust en beschaving. Hoe dan ook: kom eens uit je links-progressieve bubbel en wees geïnteresseerd in andere meningen en mensen.  ;1
"De noodzaak van de staat als neutrale staat. Paul Frissen: “De staat is een gevaarlijke institutie omdat die een aantal dingen mag die wij allemaal niet mogen. De staat mag geweld gebruiken en mag van ons stelen.” De staat zou erg terughoudend moeten zijn in opvattingen uiten over de moraal, hoe je moet leven, wat het het goede leven is. De verleiding is namelijk groot om dat af te gaan dwingen. 
Dat is niet aan de staat. 👌🏼➡️
";1
Democratie bestaat uit twee woorden: demos en kratos. Wanneer die twee steeds verder uit elkaar groeien, gaat het mis. Dan helpen dit soort starre “de wet is de wet”-praatjes niet meer. Als de overheid langdurig de realiteit en de meerderheid van het volk negeert, verliest ze legitimiteit.;0
Ik wil uitleg waarom de instroom niet drastisch naar beneden gaat. 🙄 ;0
"Nederlanders willen dat de politiek verantwoordelijkheid neemt en maatregelen treft om grip te krijgen op asiel.

Onbegrijpelijk dat een Kamermeerderheid onder leiding van Klaver het debat op het laatste moment uitstelt. Wat mij betreft hadden we het gisteren al gevoerd. ";0
@suusonline @KarinPlazi59876 Dat klopt. De naam van het debat van vanavond is een aanklacht tegen gewone burgers die al járen vinden dat de asielinstroom onhoudbaar is. ;0
Na de zomer? Vanavond debat. Het is de hoogste tijd dat er maatregelen genomen worden. Dit kan zo niet langer. ;0
@Denkjewel Zeker. Maar ook doen alsof het dan klaar is. Alsof er daarna niet weer duizenden komen.;1
"Terwijl het al weken onrustig is over de komst van nieuwe AZC’s, was onze premier nergens te bekennen. En wat is uiteindelijk de oplossing van kabinet Jetten? Meer ambtenaren om plannen door te drukken.

Morgen doe ik wél concrete voorstellen om weer grip te krijgen op migratie. ";0
"Dus tóch weer het stikstofkaartje? Alleen onder een andere naam?

Op basis van Haagse modellen moeten dan opnieuw boerenbedrijven verdwijnen die al generaties lang ons voedsel produceren.

Net als op asiel dendert kabinet-Jetten door, totaal losgezongen van de werkelijkheid.👇🏻

";0
"Als elke persoon die een poster aanvraagt een asielzoeker in huis neemt, zijn er voorlopig geen nieuwe opvangplekken meer nodig. 

Echt, kan dit stoppen? We hebben een zelf georganiseerde asielcrisis in dit land die om allerlei redenen aangepakt en beëindigd moet worden. ";0
Losgezongen van de meerderheid van de eigen bevolking. Breken van de belofte om nu eens echt iets te doen aan de migratie. Elke week nog steeds ongeveer 1000 mensen erbij. Man man man. Waar gaat dit heen? 😞 ;0
Losgezongen van de meerderheid van de eigen bevolking. Breken van de belofte om nu eens echt iets te doen aan de migratie. Elke week nog steeds ongeveer 1000 mensen. Man man man. Waar gaat dit heen? 😞 ;0
"De “onderklasse”…. Jawel, mensen. 

De grote vraag is wie daar volgens de boven ons gestelden allemaal toe behoort. Ik vrees dat een andere mening dan zij hebben, bepalend is. 

Mijn pa zaliger zou zeggen: dat maken we zelf wel uit. 💪🏼 ";1
"De “onderklasse”…. Jawel, mensen. 

De grote vraag is wie daar volgens de boven ons gestelden allemaal toe behoort. Ik vrees dat een andere mening dat zij hebben, bepalend is. 

Mijn pa zaliger zou zeggen: dat maken we zelf wel uit. 💪🏼 ";1
"“Het is niet de taak van een lokale bestuurder om een historisch conflict uit een ver land de eigen stad binnen te dragen. En al helemaal niet om dat conflict terug te brengen tot één verhaal van één kant.” 

Beschaafde woorden van @cjhertzberger over de bizarre vertoning in Amsterdam en Utrecht mbt #Nakba ⬇️
";1
"Het leger inzetten….Toe maar.  Ik dacht altijd dat dat een taboe was. En terecht trouwens. 

Misschien is het een beter idee voor de @VNGemeenten om deze week met kabinet te bespreken hoe de instroom van alleenreizende mannen uit veilige landen te beëindigen en de nareis te stoppen conform de aangenomen wet tweestatussenstelsel?";0
"Het leger inzetten….Toe maar.  Ik dacht altijd dat dat een taboe was. En terecht trouwens. 
Misschien is het een idee voor de @VNGemeenten om deze week met kabinet te bespreken hoe de instroom van alleenreizende mannen uit veilige landen te beëindigen en de nareis te stoppen conform de aangenomen wet tweestatussenstelsel?";0
Voor je eigen gemeenschap zorgen. Weten welk normatief kader je deelt als Nederlander en daarvoor gaan staan. Het wordt verdacht gemaakt of zelfs aangevallen. Het wordt tijd dat we het weer gaan koesteren. ;1
@markkoster Eens. Ik verbaas mij over de bijna sacrale benadering van XR en pro-Gaza demonstraties.;1
@fransweisglas Nee. Dat doe ik ook niet.;0
Zoals ik gister al bij de @DIT_eo zei: meten met twee maten. Je mag wel (illegaal) demonstreren op de A12 tegen klimaatverandering en op universiteiten (en deze slopen) want Gaza maar niet tegen de ongebreidelde asielinstroom want xenofoob. Laat het je niet aanwrijven, mensen. ;0
"Een hartverwarmend één-tweetje tussen D66-Kamerlid en D66-minister bleek gebaseerd op een ingetrokken gedragscode uit 2014.

Uit antwoorden op Kamervragen blijkt nu zwart-op-wit: de huidige gedragscode noemt “objectiviteit” en “waarheidsvinding” niet als zelfstandig kernbegrip.

Wie anderen de les leest over waarheidsvinding, moet zelf wel de waarheid vertellen. 

Antwoorden Kamervragen 👉🏻 ";0
Is dit al avond aan avond besproken aan talkshowtafels? In Journaals? Hebben de politici die deelnamen aan de Rode Lijn-demonstraties al afstand genomen? ;0
"Bekijk mijn hele inbreng hier👇🏻

";1
Het tweestatussenstelsel is al aangenomen en kan zo’n 400 nareizigers per week schelen. Toch is de wet nog steeds niet ingevoerd. Hoeveel langer blijft dit kabinet treuzelen terwijl Nederland snakt naar minder instroom? 👇🏻 ;0
"De burger beloven dat instroom omlaag moet, maar vervolgens tegen maatregelen stemmen die dat mogelijk maken. 

Het kabinet voert vervolgens de wet tweestatussenstelsel die nareis beperkt nog niet in. Elke week 400 mensen erbij. En zo struikelt het kabinet van zeperd naar zeperd. ";0
Progressief links maakt van toxische mannelijkheid en “de manosfeer” een nieuw moreel paniekverhaal. Ondertussen houden sterke mannen onze samenleving draaiende. Daar mag best meer waardering voor zijn. ;0
"“PBL verwacht dat de rekening komende jaren nog veel verder stijgt.”

Wanneer stapt Den Haag nou eens van deze groene koortsdroom en bijbehorend systeemdenken af en maakt de burger weer maatgevend voor besluiten.  

De opeenstapeling van belastingen heeft zijn grens bereikt. 

";0
"Verboden voor Joden in het @Concertgebouw …. Hoogste tijd om subsidiestromen naar dit soort beschamende instellingen te stoppen. 
Gelukkig hebben we de Waalse Kerk nog. Koop die kaarten! ";0
Zou het iets te maken kunnen hebben met gratis alles inclusief met voorrang een sociale huurwoning?  ;0
"“Een land dat groei, ondernemerschap en vermogensvorming structureel met wantrouwen bekijkt, organiseert uiteindelijk zijn eigen stagnatie.”

De manier waarop de Haagse politiek zich baseert op de modellenwerkelijkheid van #CPB ondermijnt verstandige besluiten. ";0
Zaterdag was ik in #Apeldoorn bij de #vrouwenmars  Goede gesprekken met vrouwen die zich zorgen maken.  ;1
Fijn en terecht dat dit tv-fragment weer uitgezonden mag worden. Maar zijn er meer van dit soort fragmenten die om welke reden dan ook niet meer gebruikt mogen worden? Vanmorgen Kamervragen ingediend. #PimFortuyn #BeeldenGeluid ;0
Elke week komen er ongeveer 1000 mensen vanuit het buitenland bij. Het gaat gewoon niet meer. De grens is bereikt.;0
De crisisbrief van @MinisterieAenM, het sneuvelen van de asielwet in de Eerste Kamer, het breken van de belofte van @MinPres om binnen twee weken met maatregelen te komen  én de protesten tegen weer meer AZC’s geeft aan dat er noodwetgeving moet komen. Stop deze instroom. ;0
"Antisemitisme begint nooit met geweld alleen. Het gaat stapje voor stapje, wegkijkend, meebewegend en goed praten wat kwaad is.

Dinsdag ontving ik de bundel ‘Wee hun die het kwade goed noemen’. Lees hier mijn speech. 👇 

";1
"Goed gesprek met de man die met cijfers kan onderbouwen dat het asielstelsel failliet is. @demo_demo_nl 
";0
"Morgen de speech die ik daarna gaf op mijn website -&gt; ";1
Vanavond in Loosdrecht om de bewoners een hart onder de riem te steken. ;1
Zullen we dan nu weer verstandig, normaal beleid gaan voeren? Te beginnen met stoppen met die idiote modellenwerkelijkheid die voortvloeit uit de klimaatwet? ;0
@RemcoYizhakCoor @GdenAantrekker Juristen, ecologen, economen, klimaatdeskundige. Modellenwerkelijkheid waarachter bestuur zich kan verschuilen.;1
"Denk niet dat dit over iemand anders gaat. Over Joden alleen. Uiteindelijk zijn namelijk na de ‘zaterdagmensen’ de ‘zondagmensen’ aan de beurt. 
Het is de hoogste tijd om deze zogenaamde protestbeweging te begrenzen. Onze samenleving gaat anders kapot. ";0
"De Spreidingswet ís de oplossing van de bestuurlijke elite voor het asielprobleem. Ze hadden alleen de burger vergeten. 
Wat dan wel een oplossing is? Instroom drastisch naar beneden. Dan moet de politiek en bestuur grenzen gaan stellen. Dat zal haaks staan op de ‘laat-maar-komen’-houding gebaseerd op mensenrechten van de vreemdeling. Maar het is hoog tijd voor de mensenrechten van de Nederlandse burger.";0
"In de bestuurderskamers van Nederland wordt opgelucht adem gehaald. Maar zien ze niet hoe dit het vertrouwen schaadt? Wetten die gelden voor iedereen, behalve voor henzelf?

Er zijn andere oplossingen dan steeds meer AZC’s doordrukken bij burgers die er terecht klaar mee zijn.👇🏻

";0
"Nederlandse jongeren staan soms jarenlang op een wachtlijst voor een sociale huurwoning. Dan is het niet uit te leggen dat statushouders voorrang krijgen.

Samen met @nedalliantie en @JuisteAntwoord heb ik een wetsvoorstel ingediend om die voorrang te schrappen. #NieuwsvandeDag ";1
“Dat de demonstraties deels gekaapt zijn en worden aangewakkerd door extreemrechtse activisten doet niets af aan de terechte boosheid van de Loosdrechters.” ;0
"Nederlandse jongeren hebben grote moeite een woning te vinden. Dan is het niet eerlijk dat statushouders voorrang krijgen op sociale huurwoningen.

Samen met Groep Markuszower/DNA en JA21 wil ik daar een einde aan maken met dit wetsvoorstel.

Lees meer 👉🏻 ";1
"Het is niet meer uit te leggen dat statushouders voorrang krijgen op sociale huurwoningen, terwijl Nederlandse jongeren soms jarenlang moeten wachten.

Daarom dien ik vandaag samen met @Rene_Claassen71 en @R_Clemminck het wetsvoorstel in om die voorrang te schrappen.👇🏻

";1
"Het gaat niet lekker met kabinet Jetten. De ene zeperd na de andere. Deze week sneuvelde al de Asielnoodmaatregelenwet.

En het steunpakket bij hoge energiekosten? Een zogenaamd “verduurzamingspakket” dat op korte termijn niets oplost en niets doet voor portemonnee van de burger. ";0
"Geen cent verlichting aan de pomp. Wel blind verder met elektrificatie terwijl het stroomnet overvol is. Realiteitszin ontbreekt volledig bij deze regering. 

Woensdag debat over de hoge brandstofprijzen in de Tweede Kamer. De enige echte oplossing is verlaging van brandstofaccijnzen. 

";0
@Carin_tawfik ;1
De asielnoodmaatregelenwet is weggestemd in de Eerste Kamer. D66, CDA en PVV breken hun beloften en laten Nederlanders die voor verandering stemden in de steek. Het kabinet moet nu snel laten zien welke concrete stappen wél volgen.👇🏻 ;0
@maartenbakkerch Onnavolgbaar verhaal. Van de hak op de tak. Vanuit het ene het andere konijnenhol in.;0
Kijk @NOS Zo had het ook gekund. ⬇️ ;1
‘Democraat’ tussen aanhalingstekens. De @NOS strikes again. 😞 ;0
Aanstaande dinsdag? #asielwetten #eerstekamer ;0
Waar het ontkennen van de werkelijkheid toe leidt, is elke dag zichtbaar in onze hoofdstad Amsterdam. Het gesprek bij @pauwendewit gaf inzicht in de ‘gestoorde moraal’ van progressief links. ;0
“Willen ze wel de asielcrisis oplossen?” Het antwoord is eigenlijk  ‘nee’ aangezien ze (D66, CDA en alles wat er verder nog aan links cq progressief in de Kamer zit) het niet echt een probleem vinden. ;0
Hoe een belangrijke internationale organisatie opgericht kort na de tweede wereldoorlog met als doel stabiliteit en vrede zichzelf stap voor stap volledig ongeloofwaardig maakt. Wie neemt de @UNGeneva nog serieus? ;0
@boudewijnsteur @MinBZK Van harte! 🥳;1
Het huidige asielbeleid is vastgelopen. Bij @pauwendewit vertel ik hoe dat komt en waarom de Eerste Kamer dinsdag voor de asielwetten zou moeten stemmen. ;0
Het huidige asielbeleid is vastgelopen. Bij Pauw en de Wit  vertel ik hoe dat komt en waarom de Eerste Kamer dinsdag voor de asielwetten zou moeten stemmen. ;0
Klopt. Elke keer als er zicht is op een oplossing voor de te hoge asielinstroom, haakt @geertwilderspvv af. Geen verantwoordelijkheid nemen, maar wél doen alsof hij het probleem wil aanpakken. Zo staat hij feitelijk aan de kant van de asiellobby en laat hij Nederland elke keer weer in de steek.;0
Achter het ruimhartige asielbeleid schuilt een machtige asiellobby waar veel geld en veel belangen in om gaan. Onder het motto van de rechtsstaat verliest de democratie. ;0
"“Duitse regering verlaagt accijns wél: benzine en diesel tot 17 cent goedkoper” Het kan wel!
";1
"Onderzoek naar de berichtgeving (zoals bij de BBC is gedaan) is bij ons niet nodig want wij vinden dat we het heel prima doen.  Aldus de  @NOS 😒 #wceend 
";1
“Nieuw AOW-plan onnodig, want betaalbaarheid is geen probleem.” ⁦@martinvisser⁩  ;0
Antisemitisme in Nederland krijgt een extra zetje van @D66 door een rammelend onderzoek (van een organisatie die eerder blunderde met cijfers) te gebruiken. De situatie van veel kinderen is erg genoeg zonder die op deze manier politiek te maken. #hetkananders ;0
Met dank aan @ajflach de echte Schijf van Vijf. Toen het @voedingscentrum zich nog aan de missie hield en geluk nog heel gewoon was. 😎 ;1
Wat is gezond eten? De Schijf van Vijf kan je voortaan vergeten. Ze hebben daar “Het Klimaat” meegenomen in hun adviezen. Wat niet automatisch voor elk mens hetzelfde is als gezond eten. Weer een instituut naar de ratsmodee. 🙄 ;0
@mariekehoogwout @HofhuisSteije @8cijfers @MarcBonten @_knaw Juist.;1
Leest dat boek! #1984 #orwell #taalpolitie ;1
"“Ben je net gewend aan het feit dat je Generatie X bent, wordt het verboden door de taalpolitie.” Een lijst vol afgekeurde en uiteindelijk verboden woorden die doorsijpelen naar cultuur en onderwijs. En jaarlijks wordt deze taallijst herzien. #newspeak 

Wat een geld- en tijdsverspilling terwijl steeds meer kinderen onvoldoende kunnen lezen en schrijven.";0
@EdelGeertje De minister wil deze gids in de kast zetten. De ambtenaren zelf willen hem elk jaar herzien. ;0
Goed voorbeeld van de nadruk door ‘woke’ op inclusiviteit ipv technische  hoogstandjes die de wereld wel verder helpen. ⬇️ ;1
D66 en CDA beloofden Nederland fatsoen en volwassen bestuur. Ik weet dat ze er nog maar kort zitten maar dit gestuntel belooft weinig goeds. ;0
@tonfvandijk Julia noemt iedereen die maar 1 centimeter rechts van d66 zit een fascist.  *veegt pluisje van schouder*;0
“Niets progressiefs aan fusiepartij.” @nausicaamarbe  ;0
Zalig Pasen, lieve mensen. Elke dag is een nieuw begin mogelijk. ;1
@Nielsdej Aanmelden dan. 🙏🏼;1
"Ik spreek geen Nedersaksisch moar ôop wel dat dut un succes wordt. 
Dus spreek jij wel Nedersaksisch? ⬇️ ";1
🙏🏼 ;1
Steeds meer mensen gaan staan voor de waarden, cultuur en erfgoed van onze vrije, Westerse samenleving. Het is dus niet te laat. Een groeiende groep keert zich gelukkig  tegen “de collectieve verstandsverbijstering die woke en identiteitspolitiek” is. (Dank, Jolande Withuis⬇️). ;1
@offerenwv @grok @GerardVerhoef @HofhuisSteije @HKouwenberg78 Je kunt goudeerlijk zijn, volledig transparant en je onafhankelijk wanen en tegelijkertijd de grootst mogelijke onzin verkopen.;0
Voor verandering heb je in de Tweede Kamer brede samenwerking nodig. Alleen maar roepen waar je voor of tegen bent, zonder oplossingen, helpt uiteindelijk niemand. Start van deze week bij  @pauwendewit n.a.v. het afscheid van  BBB. ;1
@Schilde2022 Ja. Duidelijke taal van Ad Verbrugge.;1
Voor verandering heb je in de Tweede Kamer brede samenwerking nodig. Alleen maar roepen waar je voor of tegen bent, zonder oplossingen, helpt uiteindelijk niemand. @pauwendewit ;0
"Wie kritiek afdoet als “meninkjes”, kijkt niet naar de feiten. 

In de gedragscode voor wetenschapsbeoefening zijn ‘objectiviteit’ en ‘waarheidsvinding’ minder expliciet verankerd dan voorheen. Dat is zorgelijk. Tijd om dat serieus te nemen in plaats van weg te wuiven. 

Interruptie van mevrouw Abdi van GroenLinks/PvdA.";0
Chaos in en geklungel vanuit nieuwe kabinet gaat door. En weer houdt @D66 zich niet aan een verkiezingsbelofte.  😞 ;0
@harmbeertema @cdavandaag Beschamend.;1
Universiteiten waar de juiste morele c.q. politieke overtuiging steeds minder ruimte geeft aan andersdenkenden en tegendraads onderzoek. Dat moet anders. Vanmiddag debat. ;1
Fatsoen en democratisch ethos. Dat was het bij @cdavandaag Toch? ;1
"De staat groeit en de vrijheid krimpt. Zo werkt dat. 
Het wordt de hoogste tijd dat we in zien dat we een andere weg moeten inslaan waar burgers binnen hun gemeenschappen zelf verantwoordelijkheid kunnen nemen. ";0
Mijn verzoek aan het presidium van de @2eKamertweets over de ramadanschorsing heeft niet geleid tot een besluit. Dus ga ik de Kamer vragen om een uitspraak. ;0
Vandaag in de Tweede Kamer. VVV versus PRO. 🙂 ;1
@SandraWetering @DieuwsNieuws @BartNijman @MinisterOCW Doorn in zijn oog. 😉;1
Wat een nonsens. Nederland kan dit soort aantallen asielzoekers en statushouders niet aan. Dat is de essentie. En zolang @VNGemeenten (in meerderheid) blijft alsof dit een managementprobleem is ongeacht de aantallen die elk jaar hier komen, blijft de ellende en controverse. ;0
“Als alle middelen zijn opgeraakt, blijft alleen gewelddadig verzet nog over en is doden niet alleen geoorloofd, maar een noodzakelijkheid geworden.” Echt gestoord. Je zet jezelf zo buiten elk normaal gesprek.  ;0
@DieuwsNieuws @BartNijman Mijn broer is doctor in het stucwerkalisme en de historie van plamuroïdes. Hij heeft @MinisterOCW gelukkig niet nodig om te weten dat hij en zijn collega’s van onschatbare waarde zijn. Vraag hem maar eens wat het betekent om een scheef gemetselde muur netjes glad te maken.;1
Progressie met lege woorden. Column van @AfshinEllian1 ;0
"“Het gaat over de vraag of woorden nog gewicht hebben”, zei Keijzer op het podium in Barneveld. “Als afspraken hun waarde verliezen, dan verliest de politiek uiteindelijk ook geloofwaardigheid. En zo kan ik geen politiek bedrijven. Dat is de reden dat ik mijn eigen weg ben gegaan.”

";0
"Helemaal eens. Samen ben je sterker. 

Voor een politiek bestuurder is echter belangrijker wat je doet. Samen of alleen. Voorlopig komt er nog weinig uit de handen van dit kabinet Jetten dat beloofde dat “the adults” weer “in the room” waren. Een goed begin zou de verlaging van energieprijzen kunnen zijn.";0
@AadvanTongeren @julievanmol @Denkjewel Of een heldere wet om dat af te dwingen. Hoe de bovenlaag van Nederland de gewone burger in de steek laat. Het is niet meer te doen dit. 😞;0
Kabinet komt op 22 april pas met een lijst met opties. Terwijl bij veel burgers en ondernemers het water nu al tot boven de lippen stijgt. ;0
Kan je met een afgedekte mond kibbeling eten? Wie betaalt de advocaat van de visboer? Waarom is het hele gebeuren gefilmd? Zullen we zo snel als mogelijk de gezichtsbedekkende bekleding helemaal verbieden? Om maar eens paar vragen op te sommen. ;0
Oftewel: je ken wel alles willen maar je ken niet alles krijgen. Zei mijn vader zaliger terecht. ;1
En ik voor de leden in Edam-Volendam (voor zover die er nog zijn). Onbestaanbaar dat noch het aantal moties en de inhoud daarvan noch de orde van de vergadering gedeeld is met de leden. ;0
"Een huisartsenpost die vrolijk een video met geweldsverheerlijking op een groot scherm op straat toont. Dat terwijl goede patiëntenzorg, veiligheid en vertrouwen voorop horen te staan. Onbestaanbaar. Daarom een set schriftelijke vragen aan de minister. Dit soort uitingen ondermijnen de kern van onze zorg en staan haaks op de artseneed. 
";0
@lammert En wat kosten ze?;0
Keijzer wil alsnog de wet indienen die een verbod moet regelen op voorrang voor statushouders bij het toewijzen van sociale huurwoningen. ;0
Beste @jimmycarr on #manosphere 😁👌🏼 ;1
“Joehoe Rob Jetten. Wij weten nog wel iets waar je op kunt bezuinigen.” @geenstijl ;0
"Dit soort zwaar gesubsidieerde (van uw belastinggeld) semi-academische prietpraat is onderdeel van de institutionele afbraak van onze Westerse beschaving. Binnenkort bij u op de werkvloer. 🙄

En op 2 april 2026 een Commissiedebat in de Tweede Kamer. Kom maar door met andere voorbeelden. 🙏🏼";0
Volgt allen @RestoringWest voor belangrijke informatie over de toekomst van onze vrije, Westerse beschaving. ;1
"Spijker op de kop door @nausicaamarbe 
Zal het ooit doordringen tot de politieke en bestuurlijke bovenlaag? #migratie #azc #islamisme 
";1
"""We móeten kiezen: ruimhartige open grenzen of een verzorgingsstaat"" Interessante column door Ehsan Jami ";1
Goed gesprek over het resultaat van de gemeenteraadsverkiezingen bij @De_NieuweWereld ⬇️ ;1
Er zit niks anders op dan zelf met een initiatiefwetsvoorstel vanuit de @2eKamertweets te komen. Dat verbod op voorrang voor statushouders op sociale huurwoningen moet er snel komen. Het wordt de hoogste tijd dat de eigen bevolking niet langer achtergesteld wordt. ;1
Misschien kan de Nationaal Coördinator tegen Discriminatie en Racisme hier een Programmaleider voor aanstellen?  Lijkt mij verstandiger. ;0
Tot uw dienst, ⁦@RHoogland⁩ 😎 ;1
Klopt.⬇️  Journaal van 7 uur vanmorgen. ;1
"Deze column vat het falen van progressief cq links in #020 goed samen.  Je zal er (willen) wonen… 
Ik ga straks richting stembureau om #verstandigrechts te stemmen in @gemEdamVolendam ";1
"Wat had je dán gedacht?! …
Terwijl Nederland nog aan het bijkomen is, na twee terroristische en antisemitische aanslagen, komt de Nationaal Coördinator Discriminatie met een Programmaleider Moslimdiscriminatie of Islamofobie. Hoe toondoof en losgezongen van de werkelijkheid kan je zijn?";0
"Wat had je dán gedacht?! 
Terwijl Nederland nog aan het bijkomen is, na twee terroristische en antisemitische aanslagen, komt de Nationaal Coördinator Discriminatie met een Programmaleider Moslimdiscriminatie of Islamofobie. Hoe toondoof en losgezongen van de werkelijkheid kan je zijn?";0
@EelcoHoecke @wierdduk Tikfoutje. ⌨️;0
@wierdduk Zoals beschreven door Houellebecq in Sousmiasion. Onderworpen.;0
@benno_jongh @Het_OM Komt mij bekend voor. 🤔;1
@DalesGeert63675 Had ook bij het rijtje gekund. De vele voordelen van de socialistische heilstaat. 🎉;1
"“Jodenhaat is gewoon geworden.”
Lezen -&gt;  ";0
Pol Pot. Mao Zedong. Stalin. DDR. USSR. Cuba. Het alternatief dat mevrouw Pels blijkbaar nastreeft kent vele hoogtepunten. 🙄 #socialisme #communisme #marxisme ;1
Tja. Dat krijg je van CPB-cafetariapolitiek. Of te wel shoppen in de tabellen van het CPB om voldoende geld  bij elkaar te sprokkelen voor de miljarden uitgaven voor defensie. ;0
Vanaf minuut 33 legt @Cultuurfilosoof helder uit wat het belang is achter de zaak die @ALSpeyerbach en @GoukeMoes willen beginnen over bescherming van Nederlandse cultuur en daarmee wat ons als Nederlanders bindt. ;1
"Ik zie allerlei berichten van verontruste politici en bestuurders over de aanslagen op en geweld naar Joden voorbij komen. 
“Wat had je dán gedacht?!” wil ik bijna schreeuwen. Dat het wegkijken, het bagataliseren, de sussende teksten over de haatpraat, het relativeren zonder consequenties is?!";0
"Zeer eens met @RPlasterk ten aanzien van afschaffen van vetorecht in EU-besluitvorming. Niet doen. #langleveNederland 🇳🇱 
";0
Precies dit ⬇️ ;1
@GeertenWaling @Denkjewel @eddy_terstall Das toevallig…. ⬇️👌🏼 ;1
"Zeer eens met @RPlasterk ten aanzien van vetorecht in EU-besluitvorming. Niet doen. #langleveNederland 🇳🇱 
";0
"Nieuwe kabinet schrapt honderden miljoenen voor moderne verzorgingshuizen. In plaats daarvan 3x €40 mln voor ‘zorgzame buurten’. 

Een nieuwe minister die warme woorden spreekt over liefdevolle zorg, geeft geen antwoord op de vraag: hoeveel geschikte woningen komen er écht voor 75- en 80-plussers? Zonder huizen, zorg en geld is ‘langer thuis wonen’ een illusie.

Daarom deze aangenomen Kamermotie  ";0
Go, Gouke! 💪🏼 ⁦@GoukeMoes⁩  ;1
"CPB-cafetariamodel. 
Of hoe spreadsheets en boekhoudkundig vullen van gaten bepalen welk beleid er gevoerd wordt. Laatste woorden mijnerzijds tijdens debat over de zorgbegroting. ";0
Had een slokje water genomen... Mensenkinderen, de islamistische dwingelandij stopt niet vanzelf. ;0
Kan er een veilige doorgang om Amsterdam heen gelegd worden zodat we zonder problemen van ten noorden de A10 de Haarlemmermeer en verder kunnen bereiken? #durftevragen 😏 ;1
"Ik zou bijna zeggen: duh.
Je hoort er alleen bij als je hetzelfde denkt als zij. 
Anti-Westers, Anti-VS, Anti-Israël, Anti-kapitalistisch, Pro-socialisme, Pro-gendergelijkheid. Pro-groen-klimaatdenken. Enzovoorts. 
Al naar gelang de mode van het moment. ";1
Lees dit artikel eens… meten met twee maten en weinig tot niets doen tegen antisemitisme. Voormalige bestuursvoorzitter van deze universiteit  @Rianneletschert is nu de minister die over universiteiten gaat. Het komt dus niet vanzelf goed.   @MinOCW ;0
“Het gaat om een menstype dat er alles aan is gelegen de realiteit buiten de deur te houden, ten koste van alles en iedereen, om de eigen ideologie te behouden.” Dieptrieste constatering door @ALSpeyerbach ;0
@Tynopro1 Zeker;1
Het is het startschot voor het tussen de oren krijgen van de bestuurlijke, juridische en ambtelijke bovenlaag dat het platteland in zichzelf van waarde is en niet het afvoerputje van Haags beleid. #RedHetPlatteland ;1
Systeemwerkelijkheid losgezongen van wat een samenleving is en sterk maakt. En dat is niet de overheid en afgedwongen solidariteit via belastingherverdeling maar families, gezinnen en gemeenschappen van mensen. ;0
Dit ⬇️ ;1
"Wacht maar tot ze groot zijn, @kittyherweijer …. 🙂
Maar serieus: het beste in mijn leven. ";1
"Wacht maar tot ze groot zijn, @kittyherweijer ….
Maar serieus: het beste in mijn leven. ";1
In Iran hopen ze op en bidden ze voor #vrijheid. Hier geven we ons stapje voor stapje over aan onvrijheid. ;0
Tot mijn spijt heb ik afscheid moeten nemen van de BBB-fractie. ;0
Dank! Het was mij een voorrecht. 🙏🏻 ;1
@ivovanpluur @GemeenteAlmelo @geertwilderspvv Misschien moet de gemeente eens gaan pleiten bij de Eerste Kamer voor het zsm aannemen van de Wet Tweestatussenstelsel waardoor de nareis per direct ingrijpend beperkt wordt.;0
Vandaag is het Aswoensdag. Bijgevoegd een helder overzicht over de verschillende momenten richting Pasen. #Fyi Ook voor alle msm. 🙂 ;1
Hoopgevende speech van ⁦⁦@SecRubio⁩  Zeker ook vanwege het applaus van de aanwezige Europese leiders. Nu er naar handelen. 🙏🏼 ;1
Heerlijk dit. 😁 Goed weekend, lieve volgers!☀️ ;1
We zullen duidelijker de grenzen van onze vrije, Westerse samenleving moeten gaan aangeven. Schooldirecteur  @Miss_Snuffy kan daar prachtig over vertellen. ;1
@mariekehoogwout Met verbijstering naar dit antisemitische  pruttelpraatgesprekje zitten luisteren.;0
Tja… zo gaat dat bij progressief en links Nederland.  De journalistieke codes en andere waarden en normen gelden alleen wanneer het ze uitkomt. 🤷🏼‍♀️ ;0
Ik begrijp dat dit weer mislukt is? 😅 ;0
“Hoe inclusief zijn we?” Vraagt de lokale CU. “Hoe losgezongen van onze geschiedenis, waarden en tradities zijn we?” Dat zou mijn vraag zijn. ;0
"Dit is toch echt ongelofelijk…. 
@ArielleScarcell ";1
Alleen aan een tekentafel met de modellenwerkelijkheid van het CPB op schoot kan je met dit soort plannen voor ouderenzorg komen. @D66 @VVD en @cdavandaag De ellende die dit gaat veroorzaken is niet te onderschatten. ;0
“Dit gaat niet over aan de slag gaan. Dit gaat over macht. Over de consolidatie van publiek en semi-publieke instituties en de systematische verschuiving van risico naar burgers.”@AmandaKluveld 👌🏼 ;1
@Coen_2018 Zeker. Al was het alleen al maar omdat de Nederlandse economie voor een groot deel afhankelijk is van het buitenland.;0
Misschien moet men zich in de zichzelf feliciterende progressieve kringen eens wat drukker maken over Nederland:  hoe men in eigen levensonderhoud kan voorzien,  boodschappen kan halen, gevolgen van achterblijvende integratie van nieuwkomers, vestigingsklimaat voor ondernemers. Je weet wel: de zaken waar Nederlanders tegen aan lopen. 🇳🇱;0
Column over pesten die je door je ziel snijdt. En vertel mij wat. Toch is de enige echte oplossing dat ouders ongeacht de positie van hun kind samen met de school de handen ineen slaan. Geen enkel kind zou zich zo alleen mogen voelen. ⬇️ ;1
“Wie vragen verdacht maakt, smoort het debat.” @lientje1967 ;0
"“Het is logisch dat een samenleving die positief over zichzelf is van nieuwkomers verwacht dat ze zich aanpassen.” Interview met @HofhuisSteije in @HPdeTijdNL 
Dan ook weten en staan voor datgene wat Nederland goed heeft gedaan en een fijn land maakt.🇳🇱 #geschiedenis #tradities #vrijheid";1
@Symphony_res Ze gaat ook praten als Halsema 😳;1
@MariskaB18 Ironie.;1
Het afdwingen van ‘de goede samenleving’ ten koste van individuele vrijheden. Lezenswaardig door David Suurland op @_NIW_  ;0
🫶🏼 ;1
"Valt 1 april zo vroeg dit jaar? 🫣
";0
In @ewmagazinenl legt @hellahueck de vinger op de zere plek: Huurders die afhankelijk zijn van middenhuur en niet kunnen kopen want geen eigen geld of rijke ouders  zijn de klos. Koop was NIET de bedoeling van de Wet betaalbare huur. ;0
In @ewmagazinenl legt @hellahueck de vinger op de zere plek. Huurders die afhankelijk zijn van middenhuur en niet kunnen kopen want geen eigen geld of rijke ouders  zijn de klos. Koop was NIET de bedoeling van de Wet betaalbare huur. ;0
@schaker77314 @Eloisenietkwaad En u mag mij uit dit gesprek verwijderen. Is geen probleem voor mij. 😊;1
@schaker77314 @Eloisenietkwaad Zoek even in haar tijdlijn dan heeft u gelijk het antwoord op uw vraag. Deze mevrouw is bevooroordeeld. Dat mag maar doe dan niet alsof je een onafhankelijke duider bent.;0
“Moeders zijn tovenaars.” 😁💪🏼 ;1
"Hoopgevend! 🙏🏼⬇️

Activisten willen cultureel erfgoed beschermen: ’Red het Nederlandse platteland!’ ";1
Zo zat ik ook altijd bij mijn vader voor op de stang van de fiets. Mooie foto. ❤️ ;1
"“Wynia stelt dat het CDA van Henri Bontenbal en zelfs de VVD van Dilan Yeşilgöz veel trekken heeft van gekregen van D66. Al voor Bontenbal partijleider werd, was het CDA gaandeweg aan het veranderen: meer stedelijk, meer hoog opgeleid, protestantser, meer progressief – zo’n beetje D66, dus.
De VVD heeft in de Ruttejaren op vele vlakken niet alleen D66-thema’s overgenomen (stikstof, klimaat, Europa, niets doen aan asiel), maar zich die thema’s ook eigen gemaakt. Samengevat kun je het nieuwe kabinet van premier Rob Jetten (D66) dus ‘drie keer D66’ noemen.” ⬇️";1
@Denkjewel Joh! 😁;1
De “joh” van de dag. 🙃 ;1
De “joh” van de dag. 🙄 ;1
Interview in @FD_Nieuws over het fundament dat ik samen met alle betrokkenen heb kunnen neerleggen in de volkshuisvesting zodat zo snel als mogelijk de 100.000 nieuwe woningen gerealiseerd gaan worden. ;1
@EdwinOosterhoff @nausicaamarbe Is het voor te stellen dat ik mij oprecht zorgen maak? Samenleven heeft o.a. gezamenlijke waarden en een gemeenschappelijk verhaal nodig. Aanpassing van iedereen aan iedereen is dat naar mijn mening niet.;0
Het doekje voor het bloeden dat superdiversiteit is, belooft innige verbroedering door aanpassing van iedereen aan iedereen, waardoor problemen opgelost worden en er een puike verbinding ontstaat. Wie naar de praktijk kijkt, ziet dat dit niet werkt. Aldus @nausicaamarbe in dé ‘moet-lezen’ zaterdagcolumn.;0
Hulde. ;1
😳 ;1
@wierdduk Hoe krijg je het uit je toetsenbord. 😳;0
@mariekehoogwout Afgrijselijk. Wat een ellendige eenzaamheid. Arm kind.;0
Over het idee van een gezamenlijke geschiedenis. Terwijl het naar mijn mening belangrijk is om gezamenlijke geschiedenis te hebben, te herdenken en zeker ook te vieren. ;1
Echt, @Medialogica dit is de rectificatie? Beschamend dit. ;0
We gaan er samen wat moois van maken! ;1
Zeker de diplomakloof. Maar is het niet veel verstandiger om het allemaal minder ingewikkeld te maken, te dereguleren en zo ruimte te geven aan burgers om zelf hun problemen op te lossen? ;0
Eet smakelijk! Lang leve de boeren! En de vissers. Zonder hen geen kerstdiner. 💚🧑‍🌾⚓️ ;1
Zalig Kerstfeest! 🙏🏻🎄🥂 ;1
"@friesianmanes @SanderSassen @ChrisFloks Precies. De overweging daarboven staat zelfs dat de context waarbinnen het gezegd is het beledigende karakter wegneemt. In combi met niet grievend -&gt; niet strafbaar. Het is msschn niet fijn om te horen maar daarom mag het nog wel gezegd worden. ";1
@MiesBee Volendamse klederdracht heeft geen spiegeltjes op de muts. Ook niet op de hul. 😒;0
In de uitzending van @Medialogica van 21/12 werd verzuimd te vermelden dat het Gerechtshof vastgesteld heeft dat mijn uitspraak over veel voorkomend antisemitisme in Islamitische landen waar veel nieuwkomers/vluchtelingen vandaan kwamen en komen -> niet strafbaar was. Los nog van de chronologie die niet klopte: Achahbar werd beëdigd ná die talkshowuitzending.;0
De 8 lampjes branden. Licht in de duisternis. #chanoekasameach ;1
Belangrijke erkenning van Nederlandse pleidooi om te dereguleren en regelgeving te versimpelen zodat woningbouw makkelijker wordt gemaakt. ;1
Geschokt kijk ik naar de beelden. De beelden doen denken aan 7 oktober. Wat een ellende. 😞 ;0
De boodschap verschoof ongemerkt van: je mag zijn wie je bent naar: misschien bén je niet wie je denkt dat je bent. Zo plant je twijfel aan het eigen lichaam — een onnodig zware en potentieel schadelijke gedachte. Schrijft @EdelGeertje👌🏼 #PaarseVrijdag ;0
😁⬇️ ;1
@wierdduk Is gewoon beleid. 🙄;0
Column van Femmetje de Wind over het gelukzalige gevoel aan de goede kant te staan. Jolande Withuis komt ook voorbij. 👌🏼 ;1
Inspirerende dag waar meer dan 2000 mensen bij elkaar kwamen onder het motto “hoe kan het wel”. Op het netvlies al die mensen die op zoek zijn naar een huis. #DagvandeVolkshuisvesting 🏠🏗️ ;1
@Raoulhartog @GemeenteUtrecht Rustig aan….. alleen als mensen dat zelf willen natuurlijk. ;1
Vandaag staat de Staat van de Volkshuisvesting op de agenda. Beter benutten van de bestaande huizenvoorraad heeft #deregulering hard nodig. Er zijn vele goede voorbeelden zoals deze in @GemeenteUtrecht 👌🏼 ;1
@henkvermeer Afgelopen zaterdag een artikel over  ‘modest’ mode. Foei tegen heupen en billen. Benieuwd naar morgen.;1
Thuis. Weekend. Groetjes van #Volendam Zeker aan alle beschaafde mensen op @bluesky 🫶😊 ;1
Nou dat kan. Er liggen twee asielwetten in de Eerste Kamer die dit dan met ingang van 1 januari aanstaande regelen. 🙏🏼 ;1
Go, @JesseBaak ! 👏🏼 ;1
Nou al trek. #vrijdagvisdag ;0
@Ruud_Koop_mans Om maar eens paar argumenten te noemen. 👌;1
@Denkjewel Dat blijven ze doen. Ze krijgen hier alleen geen weerwoord meer. Lekker rustig. 😏;1
De dag die je wist dat zou komen.🤗 De vraag is niet of maar wanneer ⁦@AVROTROS⁩ zich realiseert dat dit besluit niet alleen een beetje dom was maar ook moet worden ingetrokken. 😏 ;0
@Smitje_ Precies. Deze vrouwen bestaan binnen een totalitair, islamistisch regime dat alles bepalend is. Ik gun ze leven. Dat @UN_Women geen stelling neemt cq meebeweegt, zou elk vrijheidlievend mens die anderen ook autonomie toewenst wat van moeten vinden.;1
@JanLatten Alles wordt geofferd op het klimaataltaar. 😞;0
@HuubBellemakers Bescheiden mensen. 😏;1
"Dit is @veen_sil de voorzitter van @bbb_jong 🍀

Ben jij ook jong en wil je wat? Sluit je dan aan! De (net zelfstandige) jongerenvereniging van BBB, die politieke gesprekken, borrels en ontmoetingen organiseert. Een groep met een behoorlijke motivatie om te bouwen aan Nederland. Aanmelden via ➡️ ";1
Je blijft maar hopen dat dit een nepaccount blijkt te zijn. Uplifting women door ze te verstoppen. ;0
Hij is weer raak: de zaterdagcolumn van @nausicaamarbe 👌🏼 ;1
Mooie uitdaging voor de @volkskrant namelijk hoe breng je deze werelden weer samen. Want op alles en iedereen is wel iets aan te merken. De vraag is hoe we samen verder gaan. 🙏🏻 ;1
Echt een prachtige lezing door @DouglasKMurray over de aspiratie die in elk mens is ingebakken, dankbaarheid voor de vrijheden in onze vrije, Westerse samenleving en de kracht van individuele verantwoordelijkheid. ;1
“De positie van linkse media: stellingname tegen rechts staat kennelijk gelijk aan objectieve journalistiek.” En andere zaken die kort en krachtig dmv lichtkogels uitgelicht worden door @BartNijman 👌🏻 ;1
"Een ‘moet-lezen’ van ⁦@Repelsteeltje21⁩ -&gt;“Het schandaal van de BBC is een gevaar voor de NOS, want hoe vaak heeft de NOS zonder checken content overgenomen? De BBC is tenslotte een betrouwbare bron. Net als de VN en de NGO’s.” #storyteams als reden
 ";1
Tja…. hoe zullen we de start van deze formatie noemen? Wie met de beste #metafoor komt, is door naar de volgende ronde. 🙃 ;1
Een goed begin is het halve werk. 😏 ;1
Vanavond bij @Nieuwsvandedag_ heb ik verteld over de miljarden die kabinet besteedt aan de realisatie van heel veel woningen die hard nodig zijn. Kabinet levert gewoon door. 😉 ;1
Vanavond bij @Nieuwsvandedag_ heb ik verteld over de miljarden die kabinet besteed aan de realisatie van heel veel woningen die hard nodig zijn. Kabinet levert gewoon door. 😉 ;1
Miljarden voor huizen, wegen en spoor. 💪🏼 ;1
“In augustus van dit jaar werd de stenen gedenkzuil voor Kristallnacht in Baden Baden opzettelijk met sokkel en al uit de bodem geramd.” #JessicaDurlacher tijdens herdenking Kirstallnacht  ;0
Echt naar luisteren. Waarom de hedendaagse interpretatie van solidariteit een doodlopende weg is. En nog meer interessante onderwerpen. @michiellieuwma @TimonDias @ALSpeyerbach ➡️ ;1
"Echt naar luisteren. Waarom de hedendaagse interpretatie van solidariteit een doodlopende weg is. En nog meer interessante onderwerpen. @michiellieuwma @TimonDias @ALSpeyerbach -&gt; ";1
Echt naar luisteren. Waarom de hedendaagse interpretatie van solidariteit een doodlopende weg is. En nog meer interessante onderwerpen. @michiellieuwma @TimonDias @ALSpeyerbach ;1
“Verborgen aannames, zichtbare risico’s van verschuiving” - ⁦@BoerBurgerB⁩ reageert op op rapport Deloitte.  ;0
Er zit niks anders op om kampioenschapswedstrijden af te schaffen. Te veel ongelijkheid. ;0
“Sluiting kerstmarkten is capitulatie voor terreur.” @nausicaamarbe  ;0
Lijst vol schande. ⬇️ ;0
"Maar liefst 1️⃣1️⃣1️⃣.8️⃣3️⃣9️⃣ Nederlanders maakt het rondje voor mijn naam rood. 

Dank aan alle stemmers! Ik ga mijn uiterste best voor u en voor Nederland doen. 🇳🇱💪🏼 ";0
@GerBaron @RutgervdNoort @lientje1967 Kijk nou. Doet u een ‘JesseKlavertje’? 😏;1
"Dit soort organisaties zijn een grote bedreiging van onze vrije, Westerse samenleving. Zie dit visiestuk van ⁦@BoerBurgerB⁩ -&gt; ";0
#ALLERZIELEN ;1
Kan je in een metafoor wonen dan? 🤗🏠 ;1
Dank aan iedereen die @BoerBurgerB gestemd heeft. BBB is een blijver. Nederland heeft ons gezonde verstand nodig. Een partij die staat voor boeren, vissers, ondernemers, regio en platteland. Die onze Nederlandse waarden koestert. 💚🍀 ;1
Bij linkse, progressieve beeld- cq beleidsbepalende luitjes is dat uiteraard geen enkel probleem. 🙃 ;1
Burgerplicht weer gedaan. Mag ik op uw stem rekenen? #stemBBB ;0
@LavieJanRoos Ga ik nu doen. 😎;1
"""Alles wat hier wordt bepleit dat is woonbaas @monakeijzer al aan het doen."", aldus Caroline van der Plas tijdens het slotdebat. 
En als uw #woonbaas werk ik graag verder aan het oplossen van de woningnood. Daarom #stemBBB morgen, 29 oktober. 🍀 ";1
"""Alles wat hier wordt bepleit  is @monakeijzer als #woonbaas al aan het doen"", aldus Caroline van der Plas tijdens het slotdebat. 
En als uw woonbaas werk ik graag verder aan het oplossen van de woningnood. Daarom #stemBBB morgen, 29 oktober. 🍀 ";1
Hulde, @claudiavz om op te staan en je duidelijk uit te spreken tegen discriminatie en antisemitisme. 👌🏻 ;1
"Mooi gesprek over wat mij beweegt in de politiek, waarom ik volhou en hoe ik probeer trouw te blijven aan mijn principes. 
";1
🍀💚 Dit ⬇️ ;1
Nieuw podcasttalent: Iris en Simone over van alles. Wonen, palingpopulisme, discriminatie, kermis, het leven. Bezien vanuit  Generatie Z.  ;1
"Zou iemand op dit soort 
 universiteiten zich nog wel eens afvragen hoe onderstaand cancelgedrag zich verhoudt tot de missie en academische waarden? Voor de @erasmusuni zou dit moeten gelden -&gt; ";0
@fampoes @EdKirry @BoerBurgerB Dat Hille Kiene hier gewoon genoemd wordt. Het is een pracht!;1
Wie luistert er nu naar #debatZuiden over wonen? Bijna alle voorstellen die door de aanwezige partijen worden genoemd, ben ik al samen met vele partijen aan het uitvoeren. En dit jaar al richting de 80.000 nieuwe woningen. #bouwbaas 💪🏻;1
"Over modellenwerkelijkheid en grondrechten en wat we er van kunnen leren. Want waar heb je grondrechten voor? Om in tijden van crisis burgers te beschermen tegen de overheid.
Interview door @EvaReports ";1
@JournalistCisca @De_NieuweWereld @marliesdekkers Die neem ik van je over. 😁 Akkoord?;1
Rake analyse van Maaike van Charante @Repelsteeltje21 De vervolgvraag: wanneer gaat de zichzelf feliciterende bovenlaag zich realiseren dat democratie en rechtsstaat ook gelden voor andere visies en oplossingen voor problemen dan die van henzelf? ;1
“We doen dit voor onze kinderen.” – gesprek met Marlies Dekkers bij @De_NieuweWereld over vrijheid, cultuur, instituties en toekomst ... ;1
Eindelijk spreken de redelijke, beschaafde mensen zich uit. Hulde.  ;1
Doorbraak voor woningbouw in Cortelande, Zuidplas. ;0
“Een verzorgingsstaat zonder zorg is als een huis zonder fundament.” Opinie van ⁦@lientje1967⁩ en ⁦@JochemVrugt⁩ #stemBBB  ;0
Heerlijk liedje! #palingpopulist ⬇️ ;1
Stem BBB op 29 oktober. 🍀#stemBBB ;1
Kabinet zette afgelopen vrijdag weer stappen om twee van de juridische aangrijppunten van Vollenbroek en zijn MOB die Nederland op slot houden te veranderen. We halen de KDW’s uit de wet en verhogen de rekenkundige ondergrens. Uit de #stikstoffuik 👌🏻 ;1
The closing of the Dutch mind’. Als mij iets is opgevallen, is het het onwankelbare zelfvertrouwen van een groot deel van de Nederlandse bovenlaag. Echte discussie wordt er op het hoogste niveau maar weinig gevoerd. Lezing: ;1
"“De BBB durft dat wel en dat is prijzenswaardig.” @nausicaamarbe 
Wij zien een brede maatschappelijke plicht om dit op de agenda te zetten. Onze vrijheid dient beschermd en bewaakt te worden. ";1
Het fineerlaagje fatsoen blijkt flinterdun te zijn. ;0
Zo is dat! ⬇️ Uit de stikstoffuik.💪🏻 ;1
"'Radicale islam kun je niet wegpolderen' -&gt; goed gesprek met @bartnijman en @theodorholman over het visiestuk met daarin een BBB-antwoord op islamitisch extremisme. ";1
"“Wij beschermen onze vrije, westerse samenleving.” -&gt; ";1
Dankbaar voor de vrijlating van deze twintig mensen.🙏 ;1
Al met al een weinig hoopvolle maar wel heldere column. Zonder een andere interpretatie of aanpassing van internationale verdragen lossen we ook naar mijn mening de problemen niet op. ;0
“In 2015 geloofde ik niet in de welkomstpolitiek van …Angela Merkel.” Tien jaar later lopen de problemen ons nog steeds en steeds meer over de schoenen. Lees hieronder wat @martinsommer3 verder schrijft. ⬇️ ;0
Luisteren naar mensen en zorgen wél serieus nemen. Als dat #palingpopulisme is dan is dat maar zo. #stemBBB 🍀 ;1
"Voor wie wil begrijpen waar de hoogstaande toevoeging #palingpopulist vandaan komt, is het goed de Atlas van Afgehaakt Nederland te lezen. 

Hoe men neerkijkt op mensen met praktische opleidingen die ook nog een sociaal-rechtse inslag hebben zoals ik. -&gt; ";0
Het verdrietige van dit hele gebeuren is dat @jesseklaver hier vooral laat zien hoe hij en de zijnen denken over mensen die niet hoogopgeleid, links en progressief zijn. 😞 #palingpopulist #palingpopulisme ;0
"Het is vandaag 31 jaar geleden dat op mijn 26e verjaardag mijn oudste zoon werd geboren. 
Vandaag ben ik voor de eerste keer jarig zonder een telefoontje of een zoen van mijn moeder. Het is wrang en doet zeer. 
Tegelijkertijd is het leven een geschenk dat gevierd móet worden. 🎉❤️";1
@ShelterFrom @POTUS Hoop doet leven. 🙏🏻;1
Wat een geweldig nieuws. Alle gijzelaars vrij en een begin aan het stoppen van oorlog. Halleluja! Thank you, mister President @POTUS ! En dank aan Egypte, Qatar and Turkije.#peace ;1
Goed verhaal van @DieuwsNieuws ;1
@BraekelVon Zeker. Het wetsvoorstel dat in de Eerste Kamer ligt maakt een einde aan deze nareis. Had ik al gezegd dat het belangrijk is dat de Eerste Kamer hier snel mee instemt?;1
Vandaag twee jaar geleden. Nog steeds worden er gijzelaars vastgehouden. 😔💛 #BringThemHomeNow ;0
"Hier zou de volgende generatie academici opgeleid moeten worden. Academisch, vrij denken en handelen dat moet leiden tot nieuwe inzichten en innovaties. Debat ipv boycot. 
Wat een triestigheid dit. 😞 ";0
“Maar die feiten bevallen Klaver niet, dus dáárover wil hij niet „in alle redelijkheid in debat”.” Gelukkig nam de Tweede Kamer de motie van @lientje1967 aan en wordt de rekenkundige ondergrens verhoogd. Weg uit de stikstoffuik. Links stemde helaas tegen. ;0
Wat een schande dit.  ;0
Het wetsvoorstel over schrappen voorrang van statushouders op sociale huurwoning is naar de Tweede Kamer. ⬇️ ;0
Een persoonsgebonden oplossing voor deze bewoners van vakantieparken is een grote opluchting. Vanwege de woningnood zijn er weinig andere opties voor ze. ⬇️ ;1
Interview in @trouw over de Nota Ruimte ⬇️ ;1
"Vandaag is het ontwerp van de Nota Ruimte gepubliceerd. Deze gaat over de keuzes voor de inrichting van ons mooie Nederland. 🇳🇱 

Nieuwsgierig? ⬇️ ";1
Symposium: Nederland loopt vast. Georganiseerd door @NieuweDenktank 👌🏻 ;1
Het blijft belangrijk om statushouder niet te bevoordelen ten opzichte van andere woningzoekenden in Nederland. Ik ga het advies van de Raad van State uiteraard goed bestuderen maar ben nog steeds voornemens het wetsvoorstel naar de Tweede Kamer te sturen. ;1
Hier sta ik ‘s ochtends voor op. De toekomst van mijn kinderen. ;1
De dag die je wist dat zou komen.😊 Op het X van @elonmusk 100.000 volgers. Had mij altijd voorgenomen dat ik de 100.000-ste volger zou uitnodigen voor een kopje koffie. Dus @RobertMacniel, bij deze. ☕️;1
Topvrouw! 💪🏻🇳🇱🥇 ;1
Interessant draadje 🧵 met onderin een verzoek ervaringen van impliciet cancelen te delen met @femkelakerveld Belangrijk om te doen:  verschillende meningen zijn zuurstof voor debat en alleen dan komen we samen vooruit. ;1
Recent nog ben ik geweigerd door Spui25 van de @UvA_Amsterdam want ik ben een “actieve politica”. Mariette Patijn (PvdA) stond op 30/6 jl. wel op de sprekerslijst. Deze sprekerslijsten van de afgelopen maanden laat een optocht van verondersteld links dan wel links-progressief denkende mensen zien. Niet goed voor het vrije denken dat juist op universiteiten hoort.;0
Klopt. Het Hof moest er aan te pas komen om te zeggen dat mijn uitspraak  niet strafbaar was. Goed dat het nu ook door @_FriedrichMerz gezegd wordt. #antisemitisme;0
Klopt. Het Hof moest er aan te pas komen om te zeggen dat het niet strafbaar was. Goed dat het nu ook door @_FriedrichMerz gezegd wordt. #antisemitisme;0
@MiesBee Dat hebben ze je toch wel eens uitgelegd? 😁 Dank je. 😊;1
Zo. Dat was het hoedjesspektakel. Nu weer aan het werk. Vanavond naar @pauwendewit Praten over de begroting voor volgend jaar. #miljoenennota ;1
"“Cause if you talk shit you will get banged”. En dan honderden mensen die juichen. Wat dachten die vanmorgen bij het wakker worden? 
Hopen en bidden dat ze zich gaan realiseren dat dit zo niet goed kan eindigen voor onze samenleving die gebouwd is op humaniteit, moraliteit, mededogen.";0
"“Politiek geweld is politieke lafheid.” Topcolumn van @RHoogland 
";0
@Toon_Sesink Vond ik ook. Voor de rest nagenoeg altijd met hem oneens. Maar dit is precies wat er nu gezegd moet worden.;1
Dit. ⬇️ ;1
@JoostJansen6 Frappé toujours;1
Ongelofelijk dit 😳 ;0
@Marcoofj Dank je!;1
"Nee, @geertwilderspvv Deze minister houdt zich aan haar woord: de wet met het verbod op voorrang statushouders ligt binnenkort in de Tweede Kamer. Ik herstel hier een slecht doordacht en opgeschreven PVV-amendement dat ook bv een Amerikaan die hier al 20 jaar woont, achterstelt. Het sneuvelt in de eerste de beste rechtszaak. Alle inspanningen om statushouders geen voorrang te geven zijn dan voor niets geweest en dan staat Nederland weer met lege handen.
";0
"Nee, @GeertWilders Deze minister houdt zich aan haar woord: de wet met het verbod op voorrang statushouders ligt binnenkort in de Tweede Kamer. Ik herstel hier een slecht doordacht en opgeschreven PVV-amendement dat ook bv een Amerikaan die hier al 20 jaar woont, achterstelt. Het sneuvelt in de eerste de beste rechtszaak. Alle inspanningen om statushouders geen voorrang te geven zijn dan voor niets geweest en dan staat Nederland weer met lege handen.
";0
“We hebben een land met elkaar te besturen. Dat wordt van ons verwacht, daar worden wij voor betaald.” Wij nemen onze verantwoordelijkheid. Deze week werken aan oplossingen voor de ontstane situatie. @Nieuwsuur ⬇️ ;1
Het wetsvoorstel dat verbod op voorrang voor statushouders gaat regelen, verwacht ik binnenkort terug van de Raad van State. Daarna met gepaste spoed verder. ;1
En sinds het nieuwsblok volgend op het gesprek bij @Nieuwsuur gisteravond weten we dat de taliban dat vierde met het via helicopters uitstrooien van bloemen over het volk. 🤔 ;0
Op de nieuwe #BBB concept-kandidatenlijst betrokken burgers uit heel Nederland die verder willen met verstandig, praktisch beleid. Nederland heeft zich in de hoek geschilderd en kan wel wat @BoerBurgerB gebruiken.  #BBBlevert ;1
Gisteren hebben wij onze lieve, zorgzame moeder naar haar laatste rustplaats gebracht. We gaan haar vreselijk missen. Dank voor alle ondersteunende woorden, berichtjes, kaartjes en bloemen. Het heeft ons goed gedaan. 🙏 ;1
"Omdat er liefde is 
is er geen voorbij 
in alle eeuwigheid ben jij 

Onverwachts is vanmorgen mijn lieve moeder overleden. Ik ben erg verdrietig. ";1
Religie is geen ras. Kritiek is geen fobie. Voor wie de uitstekende reactie van Jolande Withuis gemist heeft. ⬇️ ;1
;1
"Eens. We hebben onszelf in de hoek geschilderd. Ik ben bezig met het verder schrappen van regels. Er moeten huizen gebouwd worden. Ik reken op steun van alle betrokkenen. 💪🏻
In het artikel ook complimenten voor het verhogen van de rekenkundige ondergrens zoals voorgesteld door @FemkeMarijeW #BBBlevert 🍀";1
“Denkdwang kaapt onze democratie.” @Coen_2018  ;0
'Over tien jaar is statistisch gezien driekwart van ons dood' @TheodorHolman  ;0
"Politieke podcasts met reces… dus op zoek naar iets anders. En zo kom ik uit bij Geschiedenis Inside. Deze over Johan de Witt bv. 👌🏻
Ik houd mij aanbevolen voor andere tips. 🙏
 ";1
"Politieke podcasts met reces… dus op zoek naar iets anders. En zo kom ik uit bij Geschiedenis Inside. Deze over Johan de Witt bv. 👌🏻Ik houd mij aanbevolen voor andere tips. 🙏
 ";1
We zijn het er toch inmiddels wel over eens dat dat met de ogen en de morele kaders van nu niet goed was. Waarom dat dan anno 2025 gebruiken als rechtvaardiging van het niet optreden tegen de ellende in eigen islamistische kring? Trek daar tegen ten strijde. Onbegrijpelijk dat tegenwoordige progressieven en zelf verklaarde feministen dat niet hekelen. #wegmetons is beter?;0
@Monstergoldie @HKouwenberg78 @monsdomus Het construct dat tegenover onderdrukking in eigen kring staat? Waarom toch dergelijke uitersten neerzetten ipv willen zien wat wel/niet acceptabel is? ;0
Fijn interview met #Marentedemoor over boeken, Nederland en humor. ;1
"“Het antwoord op deze mevrouw lijkt me dan ook ondubbelzinnig en compromisloos: de westerse cultuur heeft, ondanks haar tekortkomingen, alle reden trots op zichzelf te zijn, zichzelf tot norm voor haar oorspronkelijke bevolking te verklaren - en als mensen van mening zijn dat die ""arrogantie"" ongerechtvaardigd zou zijn: laat ze maar uitleggen waarom Westerlingen geen recht zouden hebben op hun eigen cultuur waarmee ze verdomd succesvol gebleken zijn bovendien. Ik doe aan dit soort selectief bashing van mijn roots niet meer mee.”
In Algerije waar Bouteldja als dochter van een bouwvakker geboren is, had haar leven zeer waarschijnlijk anders gelopen.";1
Een interview vol met identitaire potpourriprietpraat. ⬇️ ;0
Je bent hier naar toe gevlucht vanwege oorlog, geweld, vervolging in land van herkomst. Je wil naar een beschaafd, westers land vanwege de waarden aldaar. Anders had je ook elders in Afrika je heil kunnen zoeken. Zou de argumentatie kunnen zijn waardoor het oordeel zwaarder uitvalt. 😏 #omdenken;0
Het Gerechtshof oordeelde dan ook dat mijn uitspraken niet strafbaar zijn. De waarheid kan niet strafbaar zijn. ⬇️ ;0
Zo is dat. #BBBlevert 🍀 ;1
@jwprosje Zeker. Het door u gebruikte citaat staat er ook in. Goed artikel. En uh… ‘afgedwongen’ is het laatste woord in de opsomming van mijn citaat.;1
Islam en de rechtstaat| “Een samenleving die elke opvatting gelijk wil behandelen, ondermijnt haar eigen mogelijkheid om grenzen te stellen. Gedeelde waarden … moeten worden benoemd, verdedigd, overgedragen en — wanneer nodig — afgedwongen.”👌🏻;1
Kijken hoe het wél kan! #woningdelen 🙏 ;0
Op mijn lijstje voor na de zomer staat dereguleren van woningsplitsen, woningdelen en wonen boven winkels.  Moet simpeler! Rijksbouwmeester heeft namelijk een belangrijk punt te pakken: ‘Pas 5 procent van huizen aan, en het tekort is al weggewerkt.’ ;1
Fijn gesprek met Mischa Blok.👌🏻 ;1
Jazeker! #BBBlevert ;1
Vandaag zetten we een volgende stap richting de Nota Ruimte. Hierin staan de ruimtelijke keuzes voor Nederland 🇳🇱richting 2050. Uiteraard heeft wonen daarin een belangrijke plek. Hoe kom ik aan een betaalbaar huis: zorg nummer 1️⃣ van Nederlanders. ;1
Vandaag zetten we een volgende stap richting de Nota Ruimte. Hierin staan de ruimtelijke keuzes voor Nederland 🇳🇱richting 2035. Uiteraard heeft wonen daarin een belangrijke plek. Hoe kom ik aan een betaalbaar huis: zorg nummer 1️⃣ van Nederlanders. ;1
@wierdduk Deugen over de rug heen van kinderen die op hun school beveiligd moeten worden 🙄;0
Over decadentie op Glastonbury. En onwetendheid. Leestip: ⬇️⁦   ;0
"50.000 woningen plus voorzieningen om de leefbaarheid te verbeteren. 

Dank aan alle 18 gemeenten! 💪🏻🏗️ ";1
Er is nog hoop 🫶🏼😊 ;1
@hansvantelling Zeevangspolderfoto 😊 ;1
⬇️💪🏻 ;1
Overal in Nederland wordt gebouwd. 💪🏻 Vandaag zijn door het hele land bouwplaatsen open. Gaat dat zien! #dagvandebouw ;1
Het wetsvoorstel dat het verbod op voorrang van statushouders regelt gaat nu naar de Raad van State.👌🏻 ;0
Gesprek met @Sven_op_1 over de noodzaak om tot een ander stikstofbeleid en stikstofwetten te komen. Eerste stap is verhogen van rekenkundige ondergrens zodat de meeste bouwlocaties weer door kunnen. @FemkeMarijeW 💪🏻 ;1
Vandaag 2 interviews over o.a. woningbouwlocaties. Vandaag en rest van de week voortgang bespreken met woningbouwregio’s. Ik doe het voor deze en alle andere mensen die al jaren op zoek zijn naar een passende woning. ;1
@YoMonteolivo ;1
"Wetsvoorstel om voorrang op sociale huurwoningen voor statushouders af te schaffen, is klaar en kan aankomende week naar de Raad van State worden gestuurd. 
Voorrang voor statushouders was al niet meer uit te leggen aan Nederlandse starters die een jaar of 10 wachten. Onderstaande bericht maakt het extra wrang.";0
Samen werken aan het Nederland van morgen. 💪🏻 ;1
Voorafgaand aan de première van de film ‘October 8’ hield ik een speech over de gebeurtenissen na 7 oktober 2023.➡️ ;1
"Een film die gezien moet worden. Dank, @wsachs 👌🏻 @october8thefilm 
";1
Eens met @oscarlohuis: elke burger die gedood wordt, maakt ook mij verdrietig. Tegelijkertijd is in deze uitzending goed te zien hoe @F__Timmermans zichzelf diskwalificeert en neerzet als demagogisch populist. ;0
Met wetsvoorstel ‘schrappen voorrang statushouders bij sociale huur’ dat vóór de zomer richting Raad van State gaat, wordt woningdelen voor statushouders een van de nieuwe oplossingen voor huisvesting van statushouders. Hoe dat zou kunnen? ⁦⬇️ ;0
“Militante beweging” ;1
"“Getuige van iets dat verdwijnt. Elke dag een beetje meer.” Docu van @JacobWillem2 
Dit raakt mij. #ikbinerienvandeVD119 ";1
"Mooi interview met @ayaan in @telegraaf
De vrije Westerse samenleving zouden we zuiniger op moeten zijn. ";1
"Versnelde behandeling van beroepszaken m.b.t. #woningbouw 
Goed nieuws van @RaadvanState 👌🏼 ";1
Na de interessante speech van @Ayaan bij het jubileum van @CIDI_nieuws tijd voor een goed gesprek. Dank! ;1
Yuval Raphael wint Europese Songfestival-harten (en alle publiekspunten) ⁦@BartNijman⁩  ;1
@PJBoelhouwer @dirvastgoedNED @YouTube Volgens mij is door bijna iedereen aan die voorjaarsnotatafel onderschat wat de precieze consequenties zijn. En zo lang ik denk dat ik van betekenis kan zijn, geef ik niet op. Trouwens: een opvolger begint niet opeens zónder huurbevriezing.;1
Heilige grond. #Graceland ;1
Zo is dat. 💚🍀 ;1
"Schrappen van Tegenstrijdige en Overbodige Eisen en Regelgeving: STOER. 

Vandaag ontving ik het eerst rapport. ⬇️ ";0
Een nieuwe wet is aangenomen! In deze wet is een lijst met zaken en diensten opgenomen die verhuurders als servicekosten in rekening mogen brengen. Dat maakt een einde aan onduidelijkheid over de berekening van servicekosten. ⬇️ ;1
Tijdens mijn ontmoeting met Paus Franciscus op Eerste Paasdag bedankte ik hem voor de inspiratie die hij de wereld geeft. Hij was broos maar dat hij zo snel terug naar zijn Maker zou gaan, had ik niet gedacht. Rust zacht, Heilige Vader Franciscus. 🙏 ;1
Zalig Pasen, lieve mensen. Het feest van de hoop want er is altijd een nieuw begin. ;1
Dank je, @PieterOmtzigt voor je inzet en vastberadenheid. Sterkte met het herstel. 🙏 ;1
@fuckroeper @geenstijl @KemiBadenoch Ja! Succession!;1
@SherminAmiri Wat mij daarnaast opviel dat het nogal jonge meisjes zijn. Sinds wanneer wordt dat door de sociaal-democratie gepropageerd?  Joke Smit draait zich om in haar graf.;0
Geef mij maar Yellowstone. En 1883. En 1923. Kudos voor @geenstijl en ⁦@KemiBadenoch⁩ of course.  ;1
@irene_marel Weet ik. Ben daarom ook blij met de voorgenomen verhoging van die rekenkundige ondergrens. Gaat voor de meeste woningbouwlocaties helpen.;1
Dit. ⬇️ #wandeltocht ;1
Nederland is een relatief klein land en heeft niet vele miljarden ter beschikking die andere, grotere EU-landen wel zouden kunnen besteden aan hun nationale bedrijven. Deze landen hebben ook een veel grotere thuismarkt dan de 18 mln Nederlandse consumenten. Het is in NL’s belang een marktmeester te hebben. Eerlijk speelveld en dus ook regels voor staatssteun zijn daarbij belangrijk.;1
Goed nieuws. Brengt realiseren van betaalbare huurwoningen dichterbij. 💪🏻 ;1
Mooi gesprek over #mienskip met  @jennydouwes  ;1
En volkshuisvesting! Ook in Vlaanderen een tekort aan sociale en betaalbare woningen. Dus van elkaar geleerd en besproken hoe we elkaar in Brussel kunnen versterken om de realisatie van betaalbare (huur)woningen te versnellen. Snel weer in gesprek met @DanJoergensen 👌🏼 ;1
Mona Keijzer niet vervolgd voor ’Jodenhaat-uitspraak’, vicepremier wil naam gezuiverd zien: ’Waarheid kan niet strafbaar zijn’ ;0
@RookmakerDorien @RaffaeleFitto Natuurlijk! Er zijn verschillende oorzaken en die welke op EU-niveau liggen, bespreek ik dan.;1
"Interview met De Telegraaf waarin ik terugblik op de coronaperiode. Het was niet goed om de sleutel van de politiek weg te geven aan een kleine groep medici. We hadden naar bredere belangen moeten kijken. 
Lees hier het hele interview 👉 ";1
Alleen voor de vrouwen onder mijn volgers 😁 #InternationaleVrouwendag #pakjekans ;1
"Hier word je blij van. 😊
Goed weekend, lieve mensen. ";1
Wanneer je een jaar geleden tegen mij had gezegd dat ik nu bezig zou zijn met DNA van vleermuizen had ik je ook niet geloofd. Maar dit is nu de verstandigste manier om met de regels om te gaan. Mensen met hoge energierekeningen en isolatiebedrijven zijn blij. Vleermuizen zeker ook. 😊;1
Isoleren van spouwmuren kan weer snel, goedkoper en verantwoord. 👌🏼 ;1
@Glasbak @AlexvandeKamp2 @AtelierJ11 Raar. Zit dat in mijn instellingen?;0
@AlexvandeKamp2 @AtelierJ11 Blijkbaar. Op mijn foon is hij veel scherper.;0
@Denkjewel Echt prachtig. Je hebt haast de neiging er in te stappen.;1
Oog in oog met Samuel van Houten van het Kinderwetje. #MuseumPanoramaMesdag ;1
Toerist uitgehangen in Den Haag. Schandalig maar nog nooit in Museum Panorama Mesdag gewest. Echt een kijkje waard. ;1
#nieuweprofielfoto gemaakt door fotograaf Phil Nijhuis #vakman ;1
Verbijsterd zet ik de auto aan de kant. Zojuist op @NPORadio1 een ‘druktemaker’ met een staaltje antisemitische drek die ik nog niet eerder zo feitenvrij, eenzijdig  achter elkaar gezet hoorde. Schaam je, @denieuwsbv ☹️;0
“Het Europa van de bureaucraten hield stand zolang de welvaart bleef toenemen, maar toen dat ophield, kwamen de barsten.” Rake woorden van @martinsommer3 in @ewmagazinenl “Nooit kwam er antwoord op de vraag wat de EU nu precies is en waar de grenzen liggen.” aldus Mathieu Segers. Het is de hoogste tijd.;0
@wierdduk @Buitenhoftv Je vergeet doorgeslagen klimaat- en identiteitsbeleid. Zo jammer. De meeste mensen zijn prima te porren voor verstandige maatregelen. Het is alleen zo extreem neergezet. En niet te vergeten dat wanneer je een andere mening had, was je dom.;0
"Praat eens met een twintiger die een huis wil. Wanhopig. Al jaren. 
Interview met @gerardbeverdam over o.a. woningnood in @ndnl ";0
😔 ;1
Wat een wreedheid 😔 ;0
Met het voorgenomen wetsvoorstel wordt voorrang voor statushouders bij toewijzing sociale huurwoningen  geschrapt. Voor de bijbehorende documenten in de internetconsultatie zie link ➡️ ;1
Dank voor de steun, Geert 😎😊 ;1
🧡🇳🇱💪🏻 @InvictusGames25 ;1
In de jaren ‘80 werd ik volwassen en kon mijn eigen keuzes maken o.a. vanwege de de door @lale_gul89 genoemde strijd van feministen. Waar zijn deze nu? Waarom strijden ze nu ook niet voor de vrijheden van jonge moslima’s? ;0
Bij de Friese #woontop kreeg ik dit koffiemokje. Het is gemaakt van klei die is gewonnen bij het bouwproject Middelsee naast Leeuwarden. Hier wonen straks 6000 mensen op een plek waar vroeger de Middelzee lag. Dank @heindehaan @AbelKooistra en Erik de Groot. ;1
Woningen voor o.a. Priscilla en Enver! 🏗️🏙️ ;1
"#laffelanden 
Hulde, @nausicaamarbe 👌🏻 ";1
🙏❤️ ;1
Hopen en bidden voor Naama en haar moeder.  #bringthemhome ;1
"@Denkjewel @wierdduk Ik ben genoemd! 😎 
#zodoejedat ging overigens over de volgende #, namelijk #ikblijf en ja, ik lees @floorrusman ook vaak.";1
@Focusscience1 @sandersmitwzn @minister_vro Los nog daarvan: uitbreiding van Natura2000-gebied levert beperkingen op voor de omgeving. Dit beperkt ontwikkelingen in woningbouw, bedrijvigheid, energievoorzieningen en defensieopgave. Eerst de huidige problemen oplossen voor we nieuwe organiseren. Zou ik zeggen. 😏;0
@CollignonJos Hoe komt u hierbij? Is niet gebeurd. Tekening niet aangeraakt.;0
@DnHugo Zeker niet. Ik wil graag weten wat mensen vinden ook als ik een andere mening heb. Onbetamelijke teksten zoals vloeken en schelden uitgezonderd.;1
Na een drukke dag even op X gekeken voor het laatste nieuws, een aantal interessante opinies gelezen, gelachen om filmpjes en genoten van een paar bijzondere foto’s. Haters en deugers genegeerd. #zodoejedat #ikblijf;1
"Met @stasJPS op werkbezoek in Utrecht. Ruimte voor sport en bewegen in steden en dorpen is cruciaal. 
Gelukkig word ik helemaal niet fanatiek van een potje basketbal. 
Dank @BeWorthy voor de clinic. En @EvaOosters voor de competitie. 🤗🏀 ";1
@ElineMoo @nausicaamarbe @Denkjewel Wanneer je vertelt wat zo’n #antistressbandje doet wel 😁😇;1
@Denkjewel @nausicaamarbe Maar wat doet het?! 🤷🏼‍♀️;0
Heerlijke column van @RPlasterk over de criticasters van toen en de overtuigde  gelovigen van nu. @telegraaf ;1
@Denkjewel @nausicaamarbe Antistressbandje? 🧐;1
"@mariekehoogwout @Wilco_B @Fonda_Sahla Drie criteria voor strafbare uiting 137c: 1.Op zichzelf  beledigend; 2. De context; 3. Onnodig grievend. Volgens het OM leidt art.10 EVRM tot niet-vervolging omdat ik toen politica/Kamerlid was die over het Hoofdlijnenakkoord sprak. ";0
Gelukkig Nieuwjaar! ;1
Kerstgesprek bij @De_NieuweWereld over lief vinden of lief hebben. #agape ;1
Zalig Kerstfeest, lieve mensen. ;1
Op de valreep van het kerstreces nog dit interview met @BBnieuws ;1
“Live how you want, love whom you wish, but don’t tell women what a woman is. They were born that way.” Mooi. ;1
Kerstinterview in @telegraaf Prachtig zelfs. 😏 ;1
Voor al die mensen die wanhopig op zoek zijn naar een huis. Daar doen we het voor. #woontop ;1
Het benoemen van feiten kan niet strafbaar zijn. #maatschappelijkdebat #VvMU ;0
Goed weekend, mensen. #vrijdagvisdag ;1
Vanavond dus. 🫡 ;1
Rondje Binnenhof met een hoofdrol voor de auto van Gerri Eickhof 😏 ;1
Vanmorgen aanwezig bij @Wethouders waar de directeur @jeroenvangool de huidige en oud-bestuurders toe sprak ter ere van 20 jarig jubileum. 🎉 ;1
“Absurdistan”  @nausicaamarbe ;1
Jodenjacht in Amsterdam. Wat een diepe, diepe schande dit. ;0
Zondagmiddag is stukkenleesdag. En dat tref je dit pareltje aan. #lopen Gauw naar buiten.☀️ #10000stappen @citydealnl ;1
Herfstreces 👌🏻 ;1
“In asieldebat wordt wetenschap terzijde geschoven om ongewenste denkbeelden af te serveren.” ⁦@martinsommer3⁩  ;0
"#BringThemHomeNow 
@telegraaf ";1
Eerwraakmoord. #ryan @nausicaamarbe ;0
#prinsjesdag #troonrede ;1
Kippenvel dit. 🙏 ;0
Hey! Dat is bij mij in de buurt. Ligt er inmiddels strak bij. 💪🏻 ;1
Zo ben ik. Wanneer iemand iets goeds doet, mag dat gezegd worden. Ere wie ere toekomt. ;1
"Zomerinterview met @ewmagazinenl -&gt; ";1
@Michael86547553 @GeertvanBoxtel @karin_ooster @WimdenOudsten Dame en heren, wanneer jullie gaan schelden, haal mij dan even uit het gesprek? Geloof mij dat je het ook zonder schelden heel erg oneens kan zijn. Dank. 🙏;0
Vandaag weer aan het werk gegaan op het ministerie van Volkshuisvesting en Ruimtelijke Ordening. Gesproken over de mogelijkheden van verhuur van kamers door een hospita. Wordt vervolgd! @minister_vro;1
@StemopeenVrouw @nausicaamarbe Dank. Boek van Saini gaat op mijn lijstje. Maar toch nog een vraag. Paradijselijk is het nergens maar waar in de wereld kan je beter geboren worden dan in de vrije, westerse samenleving? Ik ben i.i.g. blij dat mijn wiegje in de 20e eeuw in Nederland stond.;1
Ben trouwens begonnen in Fortuna’s kinderen van Annejet van der Zijl. Dank voor alle tips. ;1
"Over boeken gesproken. Helemaal eens met @martinvisser over de prachtige boeken van Thea Beckman. En ja, ook ik heb ze aan mijn kinderen gegeven. 😊
#geefmederuimte ";1
Finkieboooo!!! Wat een vrouw! 💪🏻🥇 ;1
Boek uit. Om @nausicaamarbe te parafraseren: verhalen over een suïcidaal Westen. Welk boek zal ik nou eens gaan lezen? #kommaardoor #leestip ;1
Kijk nou! @RPlasterk is ook terug! ;1
Weer thuis. Scandinavische steden zijn mooi. Maar #homesweethome 💚 ;1
En nu een broodje. 😊 ;1
@MichielvZuijlen @djeekopdicht Geweldig dit! 😍;1
Zo mooi. 🥰 ;1
Vakantie! Dus tijd voor andere zaken tijdens mijn  #10000stappen Zoals deze podcast over Pim Fortuyn. #luistertip #atyourservice  ;1
@wierdduk Hoor ik dit nou goed? Mamala of the country….? 😧;1
Goed weekend allemaal! ☀️😊 ;1
Paard van Marken op de voorkant 👌 ;1
Dank voor de felicitatie @wandelnet en wat een handig boekje kreeg ik: Zuiderzeepad, Wandelen rond het gouden hart van Nederland. 💙 ;1
🙏 ;1
Vandaag missen wij onze sterke, goede vader alweer twee jaar. ❤️ ;1
🧡🫶🧡 ;1
"Ja wel: mijn eerste werkbezoek is een feit.  #deventer 
Volg @minister_vro voor steeds en snel de nieuwste actualiteiten. 👌 ";1
🧡🧡🧡🧡🧡🧡🧡🧡🧡🧡🧡🧡 ;1
"Nederland goed inrichten en zorgen voor voldoende woningen zijn belangrijke opgaven van deze tijd. 
Levens van jongeren gaan in de pauzestand omdat ze geen woning kunnen vinden. Daarom zet ik me in als @minister_vro voor voldoende betaalbare woningen en een eerlijke verdeling van onze ruimte.";1
Volendammerdag. Was in de roop. Wij houden van skôn. ;1
😁🙏 ;1
Eens. Niet alleen wonen. Het bedekken van vrouwen is in sommige kringen een nastrevenswaardige kwestie omdat ze dan pas zedig en dus goed zijn. Gelijke rechten voor LHBT zijn niet overal vanzelfsprekend meer. We zouden ons hier ook allemaal zorgen over moeten maken. Voor het zijn van een samenleving hebben we gezamenlijke geschiedenis, waardenkader en toekomst nodig. Gedeelde eenheid hoe verschillend we verder ook zijn.;1
@Denkjewel @hendrikahvb @JanLatten 😱;1
@Denkjewel @hendrikahvb @JanLatten M.i.v. volgende week BBBouwen 😁;1
@wierdduk @lale_gul89 Idioot? Vooral dom en daarbij ongeïnformeerd.;0
@toineheijmans @AnnelieseKvD Elk jaar een stad erbij in de omvang van bijvoorbeeld Zeist of Roermond. Zeg maar waar die gesitueerd moet worden.;0
@djeekopdicht Prachtig, prachtig, prachtig. Ik zag hem voor het eerst in The Invasion of the body snatchers. Daarna deze en sindsdien een groot fan. Altijd in mijn nopjes wanneer hij voorbij kwam. RIP 🙏;1
Ik luisterde deze podcast. Het is geen satire. Bloedjeserieus (het afbeelden van) blonde vrouwen analyseren en demoniseren. “Blond zijn kan de beste overkomen”…. 🤯 ;0
"Online haat tegen vrouwen ís een probleem. Maar wat dat te maken heeft met Le Pen en Meloni…? 
En ook geen woord over de schaamteloze reacties van links richting rechtse cq conservatieve vrouwen. ";0
Heerlijk dit! 😁 ;1
@ArjanKleuver @0Essebes0 @WNLOpZondag Wat verklaar ik hier voor onwaar?;0
Draadje met prachtige foto’s 🤩 ;1
“Hadden we empathischer moeten zijn? U ook?” vraagt Rick Nieman aan Hugo de Jonge tijdens de uitzending van @WNLOpZondag Er kwamen veel woorden behalve het enige juiste antwoord op die vraag, namelijk “ja”. ;0
Definitief dus met TWEE zetels gaat @BoerBurgerB het Europees Parlement in. 🍀💚Heel veel succes @sandersmitwzn en @jessikavanlee24 💪🏻 ;1
Dank aan alle stemmers! 🍀💚 @BoerBurgerB ;1
“Het ontbreekt links in algemene zin aan een verhaal. En dus draait de oppositie op verdachtmakingen en wordt angst gezaaid voor de coalitie van PVV, VVD, NSC en BBB.” Knappe analyse van @RVeelo ;0
🍀💚🍀💚🍀💚🍀💚🍀💚🍀💚🍀💚🍀💚 ;0
🍀💚🍀💚🍀💚🍀💚🍀💚🍀💚🍀💚🍀💚🍀 ;0
🍀💚🍀💚🍀💚🍀💚🍀💚🍀💚🍀 ;0
#ikstemBBB 💚🍀 ;1
Zojuist gestemd! Nog een kleine twee uur is het mogelijk om te stemmen voor @BoerBurgerB in Europees Parlement. 💚🍀 @sandersmitwzn @jessikavanlee24 @EvelineHerben @GerlofBierma @MilouRietjens ;1
Morgen op 6 juni kan je met een uitgebrachte stem op de @BoerBurgerB de toekomst van onze voedselvoorziening ondersteunen. #ikstemBBB ;1
Morgen kan je met een uitgebrachte stem op de @BoerBurgerB de toekomst van onze voedselvoorziening ondersteunen. #ikstemBBB ;1
#ikstemBBB Nog 3 nachtjes slapen 💚🍀 ;1
De nummer 5️⃣ op de lijst voor @BoerBurgerB is @MilouRietjens #topvrouw 💪🏻 #stemBBB ;1
Caroline van der Plas beseft het belang van een betrouwbare overheid en is daarmee de beste econoom van de Kamer - Wynia's Week ;1
@kleisjager Feministen die de generatie van onze moeders die thuis bleven om kinderen te verzorgen en op te voeden zacht gezegd de maat namen? Het bestond namelijk niet dat dat eigen keuze was. Of het was niet interessant. Toen wel.;0
@Denkjewel Rennend naar de 60! Van harte. 🥳;1
Stem @sandersmitwzn het Europees Parlement in! 💪 ;1
Uitspraken BBB-kamerlid Mona Keijzer over antisemitisme zijn op cijfers en feiten gebaseerd | BBB ;0
Over 2,5 week is het zover. Op 6 juni weer een kans om te stemmen op @BoerBurgerB voor beleid met gezond verstand en praktische oplossingen 💪🏻🍀 Ook in Brussel! Ik stem @sandersmitwzn #ikstemBBB ;1
"Docent waarschuwt voor radicale studenten: ’Dit is nog maar het begin, ze zijn tegen het Westen als geheel’ 

Interview met ⁦@Cultuurfilosoof⁩ die ook komt met een mooie woordenvondst: ‘moreel hyperventileren’. ";0
"Een regeerakkoord dat met trots ook de vissers weer ziet. Deze mail aan @lientje1967 zegt alles. 

Ik hoor het mijn vader zeggen: “We gaan Opperdam stomen.” Op weg naar een BBBeter Nederland. 🇳🇱 💚⚓️ ";1
"Een regeerakkoord dat met trots ook de vissers weer ziet. Deze mail aan @lientje1967 zegt alles. 

Ik hoor het mijn vader zeggen: “We gaan Opperdam stomen.” Naar een BBBeter Nederland. 🇳🇱 💚⚓️ ";1
Gelukkig hebben we de foto nog. Ik ga u missen. 😊 ;1
Akkoord is rond. Nu aan de bak voor een BBBeter Nederland! ;1
@Denkjewel @MiesBee Daarover kan je politiek nogal van mening verschillen….;1
@DimphyGK @David_Suurland Tijdens colleges strafprocesrecht (begin jaren ‘90)  waar het maar doorging over de rechten van de verdachten eens gevraagd hoe het zat met de rechten van slachtoffers. Ik werd nog net niet uitgelachen.;0
"Prachtig! Staat ze gewoon! 
Sms 06 naar 2580 voor Eden Golan 🕊️ ";1
@AmandaKluveld “We are all a part of the Global Intifada.” Waar moet je beginnen? 🤷🏼‍♀️;0
"De tijden van Jiskefet zijn weer terug…. 
Niet te geloven dit. 🙄 ";1
"“De UvA heeft geen aangifte gedaan van huisvredebreuk en de activisten ook niet gevorderd te vertrekken."" Mijn arme alma mater.  ";0
Dit is ook mijn zorg. Dank @AfshinEllian1 👌 ;1
"Nooit meer is nu. 
Bidden voor en hopen op een waardige Dodenherdenking. Dit filmpje deed mij realiseren dat deze zorg eigenlijk al een aantal dagen door mijn hoofd spookt. #Dodenherdenking ";1
@SjoerdvanHoorn Samenwonend met 6 mannen kan ik daar wel een aantal minpuntjes over opsommen. 😏;1
“De aantrekkingskracht van het tribalisme is groot voor jongeren die weliswaar álles hebben wat je maar kunt bedenken, behalve zingeving.” ;1
"“Dát Nederland viert de vrijheid, maar vraagt erom geknecht te worden.” ⁦⁦@jortkelder⁩
Lees het volledige artikel: ";0
@oorlog_monitor @Yoormarn Zoals ik zei: in het begin vooral vrouwen en kinderen. Inmiddels meer mannen “tot ongeveer 35% van het totaal”. Recente bron: ;1
@Ingebor86819518 @oorlog_monitor Mediaan. En waar een kleine 500 miljoen euro extra voor opzij gezet wordt om de opvang en zorg voor al die mensen te betalen. Maar ik begrijp dat veel mensen daar liever de ogen voor sluiten. En dat mag, maar ik niet.;0
@harmbeertema @UvA_Amsterdam Mijn arme alma mater 😞;0
@oorlog_monitor ;1
@ton_aarts Ik zou de voorjaarsnota even lezen. Hierin staat het getal van 540 per week. Er wordt rekening gehouden met 122.500 Oekraïners in 2024. Op 29 januari jl tijdens WGO was de verwachting nog dat NL toe zou groeien naar 100.000 Oekraïners. Dat is dus tegen gevallen.;0
"‘Noaberschap, subsidiariteit en realistisch rentmeesterschap in Europa’.  

Lijsttrekker @BoerBurgerB @sandersmitwzn spreekt op 7 mei in Deventer de #Schaepmanrede @Soc_Chr_Dem uit.  

Commentator @chrisrutenfrans #wyniasweek @sypwynia. 

Aanmelden ⤵️ ";1
Sterkte gewenst aan de Eerste Kamer die deze wet nu mag gaan bespreken.  Een wet de naam  ‘betaalbare huur’ geven, wil niet zeggen dat je dan ook dat doel bereikt. Helaas zullen er door deze wet vele betaalbare middenhuurwoningen verkocht c.q. niet meer gebouwd worden. 😞 ;0
@anjohejowi @_wilfredd @Martin16025281 @Jacqie55 @kleinkraakie @ArdEshuis @Leoniebramel @Geertjan_Oxe @lientje1967 @BoerBurgerB @36sandjes @moeva18 @henkvermeer Ik ben in een bijzonder x-draadje terecht gekomen…. Beterschap!;1
Samen met @bentebecker en @AnkCdk vertellen over hoe dat nou gaat: alledaags seksime. Ook in de politiek. Stapje voor stapje gaat het beter. Met dit interview hoop ik voor de volgende generatie weer wat bij te dragen zodat zij de credits krijgen die ze verdienen. ;1
Wat een goed verhaal van @JonaWalk Over hoe vertrouwen verdween en hoe het weer terug kan komen. Zeker ook voor vaccins belangrijk. ;1
Op kraamvisite bij @NickiVerweij en dan dit mooie mensje een half uurtje mogen vasthouden. Beter wordt het vandaag niet meer. 🥰 ;1
Hier de werkende link: ;0
Vandaag behandelen we de wet die de middenhuurwoningen moet gaan reguleren. De reactie van NEPROM en IVBN zijn onderdeel van ernstige waarschuwingen tegen deze wet. De wet draagt als naam ‘Betaalbare huur’. Beter zou zijn ‘Verminderen middenhuurwoningen’.  ;0
@jjvpeperstraten @kuitenbrouwer Wat @jjvpeperstraten min en meer schrijft. Wijwaterbakkie heet dat bij ons.;1
"Zorgelijke cijfers uit Duitsland. 
Wie heeft de cijfers voor Nederland? ";0
“Dit verschijnsel kost kinderen.” Eens met @BartNijman ⬇️             ;0
@mariannezw @MarionKoopmans @FleurAgemaPVV …”niet gehinderd door kennis over infectieziekten”…. ;0
Motie aangenomen! De motie verzoekt de regering om uitstel te vragen voor de stemming over de #IHR  (Internationale Gezondheidsregeling) en het #pandemieverdrag tijdens de Wereldgezondheidsvergadering. De volgende stap nu is een brief van het kabinet hoe ze de motie gaan uitvoeren. Te ontvangen binnen drie weken.;1
Motie aangenomen! De volgende stap nu is een brief van het kabinet hoe ze de motie gaan uitvoeren. Te ontvangen binnen drie weken. #pandemieverdrag #IHR ;1
@Monstergoldie Ik vind dat zonde en nogal dom maar als het je eigen Bijbel is: leef je uit.;0
Soumission in de praktijk. 😞 ;1
@esterrob @martijnmuijs @Piterr Precies. En de luistercijfers zijn hier te vinden. ;1
In elke gemeente in Nederland leidt de asielinstroom en de omgang met statushouders tot dit soort bizarre discussies en keuzes. ;0
Mijn inbreng vandaag tijdens het debat over de WHO-verdragen. ⬇️ ;1
Zeg, @DerkBoswijk zullen wij samen dat initiatiefwetsvoorstel strafbaarstelling verheerlijking van terrorisme snel op gaan pakken? ;0
@mariabauwens Link zit erbij toch?;1
“Moslims in de polder: a match made in heaven” door ⁦@GeertenWaling⁩ - EW ;1
Dit boek riep mij. Ben inmiddels halverwege. Aanrader. #voornamelijkvrouwen ;1
Vorige week was ik in de prachtige boekenhandel @Broese_utrecht bij de lancering van een aanbevelenswaardig boek geschreven door Ronald Meester en Marc Jacobs over de vraag wat ons tot mens maakt en wat we dus naast winnen ook te verliezen hebt mbt kunstmatige intelligentie en wat er aan te doen. #AI;1
#BringThemHomeNow @AmsterdamNL ;1
@mariannezw Daar kunnen ze dan gelijk de nieuwe Europese geschiedenis tussen de oren van de burgers krijgen. ;1
@djeekopdicht Heerlijk! #superfan;1
“Oxfam beroept zich op westerse waarden en principes, maar de enigen die aan die standaard wordt gehouden zijn Israël en hun bondgenoten. De wetteloze ideologie die Hamas drijft, wordt ontzien. Deze cultivering van slachtofferschap is een vorm van mentale terreur en wie erin tuint, degenereert zichzelf.” @BartNijman ;0
Niet te volgen dit: verruimen van asielmogelijkheden terwijl alles schreeuwt om beperken van de instroom. Deze week dus schriftelijke vragen gesteld: ;0
Kijk. Zo kan een mens richting het weekend. 😘 ;1
Twee columns over dezelfde verschijnselen en straatbeelden. Zorgelijke analyses. @BartJanSpruyt ;1
Het heilige vuur, mijn geboortedorp, asielbeleid en de mannenbroeders van ⁦@SGPnieuws⁩ in een podcast van ⁦@PowNed⁩ ⬇️ ;1
Zalig Pasen. Elke keer weer een nieuw begin. 🍀💚 ;1
Goed weekend, lieve mensen. Zorg een beetje voor elkaar. 🙏 ;1
@minimizing1955 @Miranda197003 @DCSZ14 @steven_braham @lientje1967 Deze: ;0
@steven_braham @lientje1967 Ze zei “niet alle mensen”. Maar feit is dat hoge percentages het afslachten van Joodse vrouwen en baby’s op 7 oktober een topactie vinden. Het wordt tijd dat we zaken bij hun naam gaan noemen. En dat geen plaats heeft in Nederland. #jodenhaat;0
Zo is dat, @lientje1967 De #jodenhaat móet aangepakt worden. Op alle fronten. ;1
"Zo is dat, @lientje1967 
De #jodenhaat móet aangepakt worden. Op alle fronten. ";1
Stel je voor: jij hebt een tuinhuisje (ja, die mensen bestaan) of je hebt een zolderkamer met een aparte douche (ja, dat bestaat ook). Je wilt verhuren maar niet vast zitten aan een huurder waar later van blijkt dat het niet klikt, wil of gaat. Of je wil alleen verhuren totdat bv  je broer terug komt uit buitenland. Na inwerkingtreding nieuwe wet: helaas…. pindakaas. Dus wat doe je dan? Simpel. Je verhuurt niet.;0
“Maar een debat verstoren is niet heel academisch.” De understatement van de dag. Mijn arme alma mater…. ;0
Het verbod op tijdelijke huurcontracten leidt tot minder woningen. Zoals verwacht, leiden ook hier goede bedoelingen tot het tegenovergestelde van wat we nodig hebben. ;0
Het verbod op tijdelijke huurcontracten leidt tot minder woningen. Zoals verwacht, leiden ook hier goede bedoelingen tot het tegenovergestelde van wat je nodig hebt. ;0
Waar blijft de mars der beschaving en de schreeuw tegen #jodenhaat vanuit de culturele sector vraagt @claudiavz tijdens het #vragenuurtje? ;0
Zelf koken met herkenbare ingrediënten is zeker lekker. Een goed restaurant met dito menu is echter ook niet te versmaden. Mij stoort i.i.g. de voortschrijdende betutteling gevoed door een eenzijdige lobby. Maar vind ook dat eten naast cultureel bepaald hoort bij gezamenlijke herinneringen. Afblijven dus.;0
"Redbull, Coca cola, Unilever, snoep en sausfabrikanten passen hun producten zo aan dat er veel minder suiker en geen zoetstoffen in zitten, zodat klanten die minder suiker willen binnenkrijgen ook kunnen kiezen voor een minder zoet produkt.  #Ohneewacht 🤦‍♀️
";1
"Redbull, Coca cola, Unilever, snoep en sausfabrikanten passen hun producten zo aan dat er veel minder suiker en geen zoetstoffen in zitten, zodat klanten die minder suiker willen binnenkrijgen ook kunnen kiezen voor een minder zoet produkt.  #Ohneewacht 🤦‍♀️

";1
Omdat daarmee het probleem niet is opgelost. Los nog van de vraag of je overal in NL AZC’s moet willen. Al die mensen moeten nadat ze een verblijfsvergunning hebben gehad ook definitieve huisvesting krijgen. En vanaf dag 1 dat ze hier zijn ook zorg en onderwijs. Er is inmiddels een staatscommissie aan te pas gekomen om duidelijk te maken dat dit zo niet door kan gaan. ;0
Zomaar drie berichten in één weekend: ;0
@kees_visser @007Steef @lientje1967 En om in die terminologie te blijven: hoe noem je iemand die de kant van de elite kiest? En drinkt die dan rosé en doet die aan concertgebouwpraat?;0
@Repelsteeltje21 @JansenNeef Ik had laatst een technische briefing waar deze brochure voorbij kwam. Het filmpje keek ik een paar dagen later. Staat op mijn lijstje voor aankomend commissiedebat integratie.;1
@Alma00011 @Repelsteeltje21 Zo men op elke leugen wil antwoorden, blijft er geen tijd over de waarheid te verkondigen. En @Repelsteeltje21 heeft dat hierboven trouwens al uitgebreid gedaan.;0
"@simonetwilt @BoerBurgerB Artikel 2 van de Grondwet. 

Is autocorrect stuk?";0
@Repelsteeltje21 Deze video is onderdeel van de Handreiking voor gemeenten hoe om te gaan met polarisatie. ;0
“Liefde overwint alles” schreef mijn ooitje jaren geleden al in mijn kleine meisjes-poëziealbum. ❤️ ;1
@Denkjewel Hoeveel van dit soort colleges, commissies en autoriteiten zijn er eigenlijk? 🤨;1
We hebben een lijsttrekker voor de Europese verkiezingen op 6 juni! En wat voor één! @sandersmitwzn #ikstemsandersmit  #ikstembbb ;1
Topbegin van het weekend. @driejs met @RedLimoQuartet #watermensen Gaat dat horen! ❤️🎶 ;1
@Dolfjansen Avocado’s, bananen en sojabonen worden ook ingevlogen. Dus nee, in zijn algemeenheid ben ik het niet eens met uw stelling. Maar mijn punt betreft iets anders: de betutteling en stapje voor stapje keuzevrijheid inperken. Althans voor de ander.;0
Juist. Dit kan zo niet doorgaan. 😒 ;0
De mensen met hogere inkomens die deze besluiten nemen en/of toejuichen, raakt dit besluit niet. Zij kunnen de vleeswaren ook zonder korting gewoon blijven betalen. ;0
Tijdens debat over democratie de ‘algemeen belang’-actie aan de orde gesteld. Essentie staat in dit artikel: “Algemeen beleid raakt per definitie alle Nederlanders en een stichting of vereniging kan onmogelijk de belangen van alle Nederlanders waarborgen.” ;0
"“U heeft ons op een moment waarop het echt telde de rug toegekeerd door niet van tevoren de haatmassa’s, waarvan je op je vingers kon natellen dat die er zouden zijn, naar een andere plek in de stad te verwijzen. Zeg niet dat dat niet kon. U deed het immers ook met betogers die van plan waren voor moskeeën te gaan demonstreren.”
De essentie, @Esther_Voet👌";0
Na de beschamende taferelen in Amsterdam van gisteren is deze column van 2 maart jl door @nausicaamarbe weer het lezen waard. ;1
@tonfvandijk Is het denkbaar dat veel Amsterdamse politici het met deze demonstranten eens zijn?;1
@monsdomus @SibelSebuktekin Zoals ik al schreef. De religieus-politieke agenda is op zichzelf niet het probleem: NL is een vrij land. Daar geen grenzen aan stellen omdat het anders discriminatie zou zijn wel.;0
“Fundamentalisme is nooit inclusief. Het is zelfs bedreigend voor de meerderheid.” Moedige @SibelSebuktekin vraagt aandacht voor de religieus-politieke agenda van een nieuwe generatie hoogopgeleiden met islamitische achtergrond. Die agenda hebben, is op zich het probleem niet. Het gebrek aan weerwoord en grenzen stellen is dat wel. Wat we in Nederland met vallen en opstaan gebouwd hebben, is het verdedigen waard. Lezen!;0
@mariabauwens @GeertenWaling Waar zeg ik (of @GeertenWaling) dat ze dit niet mogen zeggen/zingen? Ik vind er alleen wat van: bv of deze mensen zich realiseren waar het geld vandaan komt voor het beoogde leveren van wetenschappelijke kwaliteit ipv politieke protestliederen. En dat is dan weer mijn vvmu.;1
Eenheid in verscheidenheid. ’Europa is pas krachtig als landen zelf keuzes maken’ |;1
"BBB-motie om in Brussel tegen de Natuurherstelverordening te stemmen aangenomen! 🍀
Goede zaak en vakwerk van ⁦@lientje1967⁩ 👌 ";1
@mbchamstra @BoerBurgerB Heeft u het artikel gelezen? Het gaat vooral om Nigerianen, Marokkanen en Algerijnen. ;0
"Vijfduizend, ja 5000 euro handje-contantje om alsjeblieft terug te gaan naar je eigen land….  #derdelanders 
Wie heeft toch ooit bedacht dat het een goed idee was om deze mensen dezelfde rechten te geven als Oekraïners? ";0
@RomarioPSV Het wetsvoorstel zelf.;0
In de beslisnota is het schrappen van “moeder” in de wet niet vermeld. ;0
@baspaternotte Het zat in ieder geval niet in  de beslisnota: ;0
Scherp van @ajflach! En eens natuurlijk. #moeder ;1
@mboudry Mijn arme alma mater….;0
Wat een topvrouw! Twee topvrouwen! 🇳🇱🥇🇳🇱🥈🇳🇱 ;1
Ook zo’n zin in weekend? 😁 ;1
Op 21 februari jl. stelde ik hier schriftelijke vragen over. Wat is er nodig om overlastgevend asielzoekers aan te kunnen pakken zonder dat ze vervolgens duizenden euro’s in hun zak kunnen stoppen? ;0
Bouwen van huizen in dit recreatief natuurgebied is zo lang ik weet een onbegaanbare weg geweest. Nu kan het opeens wel? ;0
Kunst in het Kamergebouw. Titel: ‘Het kan altijd erger.’ 😅 #teluwzegeningen ;0
"Serieus @nrc ? Een saaie en technische wetgevingskwestie? 
Dit debat ging over de vraag of werkende Oekraïeners die in Nederland opgevangen worden mee moeten gaan betalen aan voorzieningen zoals wonen en zorg. Deze voorzieningen worden nu namelijk bijna overal gratis verstrekt. Dit moet anders. ";0
@Winnyvdvelden @ADnl In het wetsvoorstel zit een artikel opgenomen die uitwisseling van de benodigde gegevens tussen UWV en gemeente regelt.;1
"Serieus @nrc ? Een saaie en technische wetgevingskwestie? 
Dit debat ging over de vraag of werkende Oekraïeners die in Nederland opgevangen worden mee moeten gaan betalen aan voorzieningen zoals wonen en zorg. Deze voorzieningen worden nu namelijk bijna overal gratis verstrekt. Dit moet anders.";0
@Denkjewel En dan die “witte blik”…. Dat is vast geen racisme. Het ergste is dat je dit soort berichten moet blijven lezen om te zien en te begrijpen wat er gebeurt.;0
⬇️ ;1
“BBB ziet de grote problemen van de boeren en burgers in Nederland. Wij zijn vastberaden om op constructieve wijze bij te dragen aan het oplossen daarvan.” Lees hier ;1
Emailbom leidt tot 1655 e-mails…. Na opschonen resteren er 1080…. #makkie 😊 ;1
@Amphybrach @BoerBurgerB Het verspreiden van des- dan wel misinformatie door een (former) presentator van Radio Netherlands Wereldomroep waar valt dat onder? Misschien is het een idee mijn inbreng terug te luisteren?;0
@Groenrechts6 @YannickLammers @lientje1967 @claudiavz Heren, heren, heren toch…. @JohanFretz had een goed verhaal bij de herdenking #Februaristaking namelijk probeer eens te praten met elkaar en aansluiting te vinden bij wat de ander beweegt cq belangrijk vindt. Dan komen jullie misschien verder dan deze bozigheid.;0
@Zurhake Mona weet het een en ander over woningbouw en volkshuisvesting. Maar daar wat over zeggen zou opgevat kunnen worden als womansplainen. Mijn tweet ging ook over iets anders, namelijk de voorrang die in bijna alle gemeenten aan statushouders gegeven wordt en de vanzelfsprekendheid daarvan.;0
@shrunk015 @Meisje_Nice Dat is zo.;1
Hoe werkt zoiets nou? Aan de ene kant maak je je zorgen over een ‘nieuw soort preutsheid’ en andere kant werk je mee aan de agenda van islamitische organisaties die een vrouw pas zedig en goed vinden wanneer ze haar hoofd en haar bedekt en die dat voorschrift proberen in te voeren bij vertegenwoordigers van het ‘geweldsmonopolie’ van de overheid.;0
@harmbeertema Wanneer je denkt dat het niet gekker kan…. Verrassing! 🤯;0
"Wie gaat statushouders vertellen dat alle starters in NL lang wachten op een betaalbare woning? Dat veel twintigers en zelfs dertigers een woning delen (of nog bij hun ouders wonen). En dat gemeenten helemaal niet verplicht zijn om een zelfstandige, sociale huurwoning te verstrekken. 
";0
@koemanpeter @rixtmeines Wat is hier stemmingmakerij aan?;0
@Oscarvanstrijp Dat klinkt al anders. Niet meer een totale diskwalificatie maar ‘te weinig empathie getuigen’ in een tweet. Dan gaan we elkaar misschien vinden.  Al was het alleen maar in de constatering dat we het oneens zijn over keuzes. En dat we elkaar gaan vinden, is hard nodig.;0
@Oscarvanstrijp En nu? Of heeft u het probleem inmiddels opgelost? Dan houd ik mij aanbevolen. 🙏🏼;1
Wanneer goede bedoelingen gepaard gaan met naïviteit dan krijg je dit. Volgende week wordt de Tijdelijke wet opvang ontheemden Oekraïne in de Tweede Kamer besproken. Die zal aangepast moeten worden want dit houdt zo geen stand. ;0
Wanneer goede bedoelingen gepaard gaan met naïviteit dan krijg je dit. Volgende week wordt de Tijdelijke wet opvang ontheemden Oekraïne in de Tweede Kamer besproken. Die zal aangepast moeten worden want dit houd zo geen stand. ;0
"Na ruim een dag verdachtmakingen, etiketten plakken en signaalwoorden had ik van o.a. een professor International Affairs toch meer verwacht. Helaas: geen woord over het opzeggen van religieuze teksten (die en passant jodenhaat verheerlijken) in een parlement in een Europese stad.
Maar ja, dat wordt in die denkwereld al gauw islamofoob. Waar stopt deze intellectuele armoede? 🙏🏼";0
🥇🇳🇱💪🏻 ;1
@emielvdv @NikoPronk Je hoeft het toch niet met iemands levenswijze eens te zijn om te vinden dat hij iets interessants geschreven heeft?;1
Houellebecq beschreef jaren geleden al hoe dat gaat in Soumission. Nederlands: Onderworpen. Lees dat boek! Stapje voor stapje verliezen we wat na veel strijd en discussie vanzelfsprekend is geworden: onze vrije, liberale samenleving. ;0
Heel veel succes, @sandersmitwzn 🍀🍀🍀🍀#ikstemBBB ;1
@Daltonhennie @WiltrudeTvdB Ik ken burgemeester Halsema en ik vind dat deze kwalificatie niet klopt. Dat laat onverlet dat ik het zeer oneens ben met de weg die Amsterdam en andere grote steden nu opgaan. Keyvan Shahbazi verwoordde dat naar mijn mening treffend.;0
Dit. ⬇️ #keyvanshahbazi ;1
Wat een verdriet. Wat een verlies. #navalny ;1
"De onderdelen Volkshuisvesting, Bouwen en Ruimtelijke Ordening vallen m.i.v. deze week ook onder mijn woordvoerderschap @MinBZK voor de fractie @BoerBurgerB in de Tweede Kamer. 
De woningnood vraagt om rigoureus snoeien in wetten en regels, aantrekkelijk investeringsklimaat en om doorzettingsmacht.";1
@MarxoftNl @DIJK251055 #doeslief ❤️;1
Een goed begin van de week. #goedzicht 🙂 ;1
Terechte waarschuwing van  hulpverlener Nachman Dykstejn tegen moslimextremisme en terrorisme. ;1
@DooremaRuud @Mirjam152 @lientje1967 De cijfers komen uit dit rapport van Vluchtelingenwerk Nederland. @VluchtelingWerk  ;0
"@Bert0210 @Mirjam152 @lientje1967 U zou ook eerst kunnen klikken op het krantenartikel dat bij mijn bericht zat. Voor de volledigheid het rapport waar dat artikel over gaat -&gt;  ";0
@DinantvdBelt @Mirjam152 @lientje1967 Misschien eerst even kijken waar zij zich op baseert voordat je oordeelt?;0
"De werkweek afsluiten met een lach. Dank, @RVinkenborg 😁 
Goed weekend allemaal. 🐴 ";1
"De werkweek afsluiten met een lach. Dank, @RVinkenborg 😁 
Goed weekend allemaal! 🐴 ";1
"Dank, @mirjam152 Ik ga het kabinet vragen of deze cijfers kloppen. Zeker met het bericht van vandaag -&gt; ";1
Vandaag Kamervragen gesteld. Als COA zo omgaat met belastinggeld, is het op meerdere niveaus onuitstaanbaar. “COA doet huisraad weg, tot verbazing buurt in Holten.” ;0
De Speld is er niks bij…. 🙄 ;0
Dit is wel naïef van een nieuw, hoger niveau. En dan over een jaar of twee weer verbaasd zijn wanneer er nieuwe asielzoekerscentra of flexwoningen voor ontheemden bij moeten. De gemeentebestuurders kunnen nu wel naar Den Haag wijzen. Want ja, zij voeren ook maar de Spreidingswet uit. Waar ze bijna om gesmeekt hebben. Maar dat is snel vergeten.;0
"We zullen erover in gesprek moeten. Oekraïne stelt zelf de vraag ook. 
NL zal grenzen moeten stellen om te voorkomen dat we in 2050 met 23 miljoen inwoners zijn. ";0
Ik ben verbaasd dat burgemeester Wienen verbaasd is. #asielzoekers #spreidingswet ;0
Goed gesprek over hoe de hedendaagse identiteitspolitiek de bijl aan de wortel van vreedzaam samenleven is. En waarom samen ‘God save the King’ zingen in een multiculturele samenleving verstandig is. Hou vol, @Miss_Snuffy 👌 ;1
@tonfvandijk Ontluisterend. En velen van hen kijken   desalniettemin neer op burgers die andere meningen hebben over de samenleving dan zij. Die morele verontwaardigingstoren kan nu zeker verlaten worden.;0
Omroepen en de NPO zijn onvoldoende professioneel en doortastend omgegaan met signalen van grensoverschrijdend gedrag. ;0
“Kiezen voor meer mensen in Nederland, betekent ook kiezen voor minder ruimte voor andere belangen zoals bijvoorbeeld natuur.” Ware woorden. #drinkwater ;0
"“Steeds meer Oekraïense mannen komen naar Nederland om hier te werken: ze worden geholpen als vluchteling, maar zijn eigenlijk arbeidsmigrant” - EenVandaag
Vandaar mijn pleidooi om de huidige regeling voor gratis huisvesting te veranderen. ";0
De geweldige @mellmusictwit gewoon op @pinkpopfest weet je. En waar lees je dat? In onze onvolprezen @NieuwVolendam #groosk ;1
Digitale mogelijkheden dienen meestal het gemak. De overheid en bedrijven treden daarmee echter ook steeds dieper de privésfeer binnen. Op het moment dat blijkt dat de woorden “ik heb niets te verbergen” onterecht zijn  en de gevolgen zichtbaar worden, is het te laat. Dank, @DannyMekic voor het treffend beschrijven daarvan. 👌;1
@Denkjewel Zwichten voor tirannen. De vraag is welk van de twee verklaringen erger is.;0
@knipoog72 Misschien de bestaande bedrijven en hun medewerkers die nu onvoldoende bouwprojecten hebben en dus te weinig huizen kunnen bouwen omdat er te weinig locaties aangewezen? Ik zou het artikel even aanklikken. Daar staat het in.;0
"Nationaal noodplan woningbouw dus. 
De “heilige huisjes” in wet- en regelgeving vergaand overboord. Rijksoverheid die snel locaties aanwijst. (Waar zijn de ‘woondeals’ gebleven?) Natuurlijk ook de migratie drastisch naar beneden. En wat er verder nog nodig is.  #wooncrisis ";1
"@BartNijman Ook goedemorgen ☀️
Foto van Gerie Bond ";1
“Wat hebben we van de diverse, anders zo luidruchtige vrouwenbewegingen gehoord na de aanval op Joden op 7 oktober 2023, toen er op grote schaal en met extreem geweld is verkracht?” @LiesbethWytzes ;0
@KeesBrussen Inwoneraantal en SES-WOA score.;0
Goedenavond! Voor cijfers over arbeidsparticipatie van statushouders (lager dan die van autochtone bevolking) cq hogere bijstandsafhankelijkheid zou ik even bij @statistiekcbs gaan buurten. @demo_demo_nl zet ook nog wel eens een en ander onder elkaar. De regels voor gezinshereniging zijn ruimer dan elders.;1
"Vandaag stemt de Eerste Kamer over de Spreidingswet. Volgende stap van het kabinet is vaststellen hoeveel asielzoekers elke provincie moet huisvesten. Dan kan je uitrekenen hoeveel nieuwe AZC’s erbij moeten in Nederland. 85% van deze asielzoekers krijgt een verblijfsvergunning. Daarna gezinshereniging en doorstroom naar sociale huurwoningen. Die zijn er beperkt waardoor ook de nieuwe AZC’s op enig moment vol zijn en er nieuwe bij moeten. Steeds duidelijker is hoe onhoudbaar de instroom en het huidige asielsysteem is. 
";0
@BrendaStoter Leest dat boek! ;1
De @BoerBurgerB heeft een voorkeur voor een NPO die zich meer moet gaan toeleggen op onafhankelijk nieuws en mooie culturele programma's, waarbij er nadrukkelijk aandacht moet zijn voor regionaal nieuws en regionale cultuur. ;1
Mooi pleidooi vanuit het hart van de zorg door @ArmandGirbes Beknibbel niet op zorgkwaliteit, maar op bureaucratie bv de vele, dure visitaties en cursussen. ;1
Passend bij het rapport van de #staatscommissie op het onderdeel asielmigratie sloot ik de dag af met een boeiende bijeenkomst met @COA_NL @IND_NL @DTenV én de makers van de docu De wereld in Ter Apel. Woensdagavond is aflevering 2 op tv te zien. ;1
Het rapport van de #staatscommissie is een dik boek geworden waar alles te lezen is. Demografische modellen, ontwikkelingen, effecten, sturingsmogelijkheden. Lezen kan je het hier: ;1
Wanneer je Nederlanders vraagt wat ze vinden van bevolkingsgroei geeft al jaren de overgrote meerderheid aan dat ze minder inwoners willen dan wel de bestaande aantallen handhaven. #staatscommissie 3/5 ;0
De verwachte groei van de bevolking heeft direct verband met migratie. #staatscommissie 2/5 ;1
Vandaag kwam het langverwachte rapport van de #staatscommissie over de verwachte omvang van de NL’se bevolking. Het rapport heet Gematigde groei. Dat is ook het advies aan de politiek waarmee wordt bedoeld te sturen op maar liefst 19 tot 20 miljoen mensen in 2050. 1/5 ;1
"Dinsdagmiddag as 16 januari het debat over de onderwijsbegroting. Ter inspiratie deze podcast van @De_NieuweWereld -&gt; ";1
"Tegen de stroom in. Mooi. 
Succes @tonfvandijk en @EsthervanFenema Een nieuwe voor op mijn podcastlijstje tijdens de dagelijkse  #10000stappen ";1
@KeesGrouts @BroFozlover @martindogger Film gezien. Aangrijpend. Springende punt is de doorgeschoten flexibilisering van arbeidsrelaties doordat deze omgezet zijn naar schijnondernemerschap met te lage vergoedingen. Dat aanpakken én fiscaal zorgen dat (meer) werken weer gaat lonen.;1
@MiesBee Dat roodkapjemandje is minstens zo erg. 😏;1
Mooie nieuwjaarscolumn van @nausicaamarbe  waarin een pleidooi te vinden is voor vrijheid van burgers om eigen keuzes te maken en weg te blijven van betutteling en ideologisch neerkijken. ;1
@martindogger Uiteraard heb ik het artikel gelezen. De nadruk op ‘verdelen’ is de mijne trouwens niet. Burgers zouden voldoende geld moeten overhouden van werken om eigen keuzes te kunnen maken en betalen.;0
@Esther_Voet ;1
@jitskekramer @lientje1967 We zullen op gelijkwaardig niveau met elkaar in gesprek moeten over de toekomst. De ‘definitiemacht’ ligt in een democratie nooit bij een beperkte groep.;1
Mijn punt van zorg is dat het lijkt alsof u niet begrijpt dat uw woorden over homo sapiens die graag in groepjes zitten ook voor u geldt. Dat in de perceptie van veel mensen de ‘definitiemacht’ decennialang voorbehouden is geweest aan de bubbel van hoogopgeleide en progressief stemmende Nederlanders.;0
Er is blijkbaar geen einde aan de totalitaire neigingen van aanhangers van ingrijpend klimaatbeleid. Hieronder een pleidooi voor een groene oorlogseconomie die haaks staat op democratie, rechtsstaat en verschillende grondrechten. ;0
Kabinet maakt vertrouwelijke afspraken met Amsterdam waardoor kleinere gemeenten in het nadeel zijn én loopt daarbij vooruit op wetgeving. #spreidingswet #statushouders #socialehuur #wachtlijsten  #kamervragen ⬇️ ;0
Een gezond en voorspoedig nieuwjaar! We gaan er wat moois van maken. Doe je mee? 🙏🏼 ;1
„Plus jamais la guerre entre nous” is ook reden om kritisch te zijn op de door de EU ingeslagen en nog steeds gevolgde weg op gebied van natuur, immigratie, (monetaire) economie en financiën. ;0
“I am here. I am waiting for Naama to come back.” 🙏🏼 ;1
Zalig kerstfeest, lieve mensen. 🌟 ;1
Klopt. De Mediawet geeft de NPO opdracht om een breed en divers publiek te voorzien van informatie en programma’s die o.a. pluriform, gevarieerd en verbindend zijn. Deze opdracht in combi met de situatie in NL en de verkiezingsuitslag maakt voor mij het besluit van de NPO mbt de talkshows in 2024 onbegrijpelijk. Dat wil niet zeggen dat ik fan ben van alles wat gemaakt wordt maar dat hoeft ook niet. Er zit gelukkig een knop op de tv. Mij gaat het om die opdracht in de Mediawet. En dat gaat niet goed. Zie ook rapport commissie Van Geel en bijlage. ;0
En gelukkig is er #twente 😁 @TwenteBoard ;1
Nieuwe Kamerleden ontvangen vele felicitatiebrieven. Veel opbeurends daarbij zoals eentje van @MarcChavannes via @decorrespondent Optimisme, goede wil, verbeteringen en hoop. ;1
@Kronenberg211 @lexhoogduin @ewmagazinenl ;1
"Gelukkig schrijft Martin Sommer nog steeds columns. 
“De journalistiek staat weer in de frontlinie om op te komen voor de grondrechten tegen de populist. Tijdens corona was dat wel anders.” 
“Veiligheid als streven heeft de plaats ingenomen van vrijheid.” 
@ewmagazinenl ";1
Lachen met Kees. Want dat kan je ook met hem. 😊 En gelijk afscheid van hem genomen. Hij gaat gemist worden in de Kamer. @keesvdstaaij ;1
Lachen met Kees. Wat dat kan je ook met hem. 😊 En gelijk afscheid van hem genomen. Hij gaat gemist worden in de Kamer. @keesvdstaaij ;1
"Mooi pleidooi voor politieke temperantia door @keesvdstaaij tijdens de Thorbeckelezing. 
Tempe-wat…? Klik door-&gt; ";1
Gefeliciteerd, Martin Bosma @Martinbosma_pvv en veel succes. ;1
Gefeliciteerd, @Martinbosma_pvv en veel succes. ;1
Ik ben blij dat ik heb kunnen bijdragen aan oplossingen voor de problemen van de bewoners rondom Kanaal Almelo-De Haandrik. En nu daadwerkelijk aan de bak! 💪🏻 ;1
Avondje theater. Toch eens kijken wat ze te vertellen hebben, die @ajboekestijn en @robdewijk 😏 ;1
@EdWres @wierdduk En toch moeten we met elkaar blijven praten.;1
@wierdduk Zou Maartje Bakker wel eens van een bomgordel gehoord hebben?;0
Dank @CIDI_nieuws en een fijne #Chanoeka gewenst. Hopen op wat meer lichtjes in de wereld. 🙏🏼 ;1
"Het blijft bijzonder: vandaag ben ik beëdigd als lid van de Tweede Kamer. 
Ik ben woordvoerder Sociale Zaken en Werkgelegenheid, Asiel, Migratie en Integratie, Binnenlandse Zaken (m.u.v. Wonen), Digitale Zaken en Media. #zinan ";1
@Denkjewel 😁;1
@wierdduk @LavieJanRoos Of de wet intrekken waarin het uitgangspunt is dat tijdelijke contracten verboden zijn. En zo zijn er nog wel wat regeltjes die niet helpen. 😒;0
@Jossedevoogd @Benavra @ReneCuperus @nrc Denk ik ook geregeld. ;1
Mensen, wat een mooi draadje dit. ;1
Dank aan 43.004 kiezers voor hun vertrouwen en steun. Ik ga mijn uiterste best doen. 💚🍀 ;1
"Voor een beter Nederland! 🍀💚💪🏻
Met @CrPierik @lilian_helder #GijsTuinman @lientje1967 @MonaKeijzer @henkvermeer  en @claudiavz in de @BoerBurgerB fractie. ";1
Als het over een paar gezinnen zou gaan die op zoek zijn naar een overnachting had Edwin Rutten gelijk. Het gaat echter over de vraag waar al deze mensen en hun families daarna moeten gaan wonen en hoe bv hun kinderen onderwijs moeten krijgen. Dat is hier de kwestie. En dan begin ik niet over de tienduizenden Nederlanders die feitelijk dak- en thuisloos zijn.;0
Als het over een paar gezinnen zou gaan dat op zoek is naar een overnachting had Edwin Rutten gelijk. Het gaat echter over de vraag waar al deze mensen en hun families daarna moeten gaan wonen en hoe bv hun kinderen onderwijs moeten krijgen. Dat is hier de kwestie. En dan begin ik niet over de tienduizenden Nederlanders die feitelijk dak- en thuisloos zijn.;0
@Bartezvu Zeker. En ik reageer daar dan weer op door mijn verbazing uit te spreken over de ‘einde der democratische tijden’-retoriek zonder enige zelfreflectie aan linkerzijde. @nausicaamarbe had daar vandaag ook een goede column over.;1
“De democratie is niet een staatsvorm voor bange mensen.” Carel Polak in 1968. Ik voeg daar nu graag aan toe dat democratische verkiezingen ook een uitkomst kunnen hebben die je niet bevalt. En dan toch heb je het daar mee te doen. Wanneer je democraat bent.  (@FD_Nieuws Mirjam Vissers ⬇️);1
En stoppen met demoniseren alstublieft. Met de woorden van @RHoogland in het achterhoofd. ;0
“De democratie is niet een staatsvorm voor bange mensen.” Carel Polak in 1968. Ik voeg daar nu graag aan toe dat democratische verkiezingen ook een uitkomst kunnen hebben die je niet bevalt. En dan toch heb je het daar mee te doen. Wanneer je democraat bent. ;1
BBBedankt! En nu aan de bak voor een beter Nederland! 💪🍀💚 ;1
Stem vandaag voor gezond verstand in de Tweede Kamer. #ikstemBBB ;1
"Als je doet wat je deed dan krijg je wat je kreeg. 
De crisissen in ons landen hebben een andere, betere aanpak nodig. De politiek moet weer aan het stuur gaan zitten en besluiten nemen waar gezond verstand en algemeen belang richtinggevend zijn. 
Totale speech hier -> ";0
Als zijn links aan de knoppen zit, verlaten uiteindelijk bedrijven en vermogen het land. Stem daarom @BoerBurgerB die als geen andere partij begrijpt dat een sterke economie en ondernemerschap de bodem is waar welvaart op staat. Mijn kinderen zullen daar blij mee zijn.😊 ;1
@maanvis81 Jij wel. 😏;1
Tot zover de financiële degelijkheid van de doorrekening van verkiezingsprogramma's door het CPB... 😒  ;1
"""Meisjes van 8 of 9 versluieren, wegstoppen, alleen omdat ze meisjes zijn is kinderonderdrukking en vrouwenverachting."" @Assita_Kanko  Helaas wordt het veelal geaccepteerd. 😞
 ";0
Interessant gesprek met 5 ondernemers over de waarde van #horeca in onze dorpen en steden, de kansen die er voor deze ondernemers zijn maar zeker ook het gebrek aan waardering in de politiek voor de gastvrijheidseconomie. En wat er aan te doen is! #DagVanDeOndernemer ;1
Modellen en systemen als heilige wetten gaan de crisissen in ons land niet oplossen. Het moet anders. Opinieartikel van @lientje1967 et moi. ;0
@bauke_geersing @Cortes Nog steeds?!;0
Goed gesprek met @paulbuitink ⬇️ ;1
Dank! 😊 ;1
Dit is wel de essentie van deze discussie. ;1
De @BoerBurgerB wil een einde maken aan modellenpolitiek. De problemen in Nederland hebben échte oplossingen nodig. 💪 ;1
"Nooit meer is nu. 
@LodewijkA ";0
Dus. 😒 #stekkerbestelbus ;1
Volendamse humor over een reëel probleem: het net kan al die electriciteit niet aan. ;1
"Het @hcssnl waarschuwde dinsdag al voor het ondoordachte energiebeleid. De richting deel ik grotendeels; de manier waarop niet. ";0
"@wierdduk @telegraaf Dit. Het verhullende taalgebruik over ""het gesprek aangaan"". 😒 ";0
@wilmerbom @mariannezw @DeBalie En toch vond ik dat bevreemdend met een zaal vol midden twintigers tot dertigers. Tenzij zij natuurlijk de gelukkigen zijn met een eigen appartementje. Hoewel dan nog zou je je moeten willen verplaatsen in anderen.;0
@mariannezw Voorbeeld vanavond genoemd bij economiedebat in @debalie. Het leek niet te landen. Dit soort desastreus, sociaal klinkend woonbeleid leidt tot mínder woningen. Terwijl een huis, een eigen plek onder de zon samen met brood op de plank de bodem is waar bestaanszekerheid op staat.;0
Waarom schrapssessies van regels nauwelijks helpen en wat wel te doen. Gesprek bij OndernemersLounge @RTLZ ;0
Wat @lientje1967 zegt: #TeamOndernemers 👊 ;1
In Topsectorenbeleid is indertijd extra ruimte gemaakt voor #MKB omdat dat eerlijk en noodzakelijk is. Zonder MKB loopt economie vast. Vb? Elke machine die bij ASML vandaan komt, is voor 80% afkomstig van leveranciers waaronder honderden NL'se MKB'ers. Zo zijn er vele voorbeelden.;0
Foto's van Martijn Gijsbertsen  #vakman 👌 ;1
Foto's van Martijn Gijsbertsen  #vakman👌 ;1
Geld moet eerst verdiend worden voor je het uit kan geven. Ondernemers zijn daarbij cruciaal. ;1
@Matthijsvschie @GeertenWaling @ewmagazinenl @AFAS_Theater @hellahueck @ArendoJoustra @JorisHeijn @rensdejong @Victorfpak @Else4WBDenHaag @nardlodewijk @LJacobusse Wat een bizarre reactie. Uw gasten werden uitgemaakt voor leugenaar en genocideplegers. Een gesprek waar wij voor uitgenodigd werden was amper mogelijk. De andere mensen in de zaal met een betaald kaartje kregen niet waar ze voor kwamen: klimaatoptimisme.;0
Bedrijven zorgen voor banen en belastinginkomsten. Zo kunnen we belangrijke zaken betalen zoals onderwijs, zorg en defensie. ;1
"Ontslaan die mannen! 😁
Of is er een nieuwe afspraak in de Ministerraad? 😏 ";0
Iran (dat ook nog een steunpilaar is van #Hamas) voorzitter van de Mensenrechtencommissie maken. Hoe je de @UN tot een lachertje maakt. 😞 ;0
Scheiding tussen kerk en staat betekent dat de overheid zich niet bemoeit met wat mensen geloven. Vrijheids van godsdient en levensovertuiging beweegt zich (zie Grondwet) binnen de grenzen van de wet. Het gaat dan ook niet om wat bv christen, moslims of hindoeisten geloven. Dat staat vrij. Het gaat om jihadisme/islamiSme. De consequenties daarvan staan haaks op onze vrije, Westerse waarden en wetten.;0
@fuckroeper Dit gaat in essentie over verdienvermogen en vestingsklimaat als voorwaarde voor welvaart. Dat zie je bij verschillende onderwerpen terugkomen. Vooral H4a.;1
@DinantvdBelt In mijn boekje hoort die bij de grondrechten.;1
@herbypink Toch gevonden 😏;1
Dit is naar mijn mening ook in Nederland nodig. Uitspreken dat ongeacht wat er gebeurt we in ieder geval blijven staan voor de fundamenten van onze Westerse beschaving die gebouwd is op grondrechten, vrijheid, democratie, individualisme, gelijkheid voor de wet. En dat hier geen plaats kan zijn voor dat wat daar haaks op staat.;1
@JacquesMonasch Het is te gek om los te lopen. Zullen we iig met elkaar afspreken dat we in Nederland blijven staan voor de fundamenten van onze Westerse beschaving die gebouwd is op vrijheid, democratie, gelijkheid voor de wet, constitutionalisme en  recht van eigendom? 🙏;1
"""Veel Joodse Nederlanders zijn angstig na de gebeurtenissen in Israël en Gaza. Ze ervaren voor het eerst een agressieve toon uit progressief-linkse hoek."" @nrc ";0
Voor een goed bestaan is lezen en rekenen belangrijk. Interessant artikel in de @telegraaf over deze kant van #bestaanszekerheid ;1
"Kinderen leren lezen is niet moeilijk. Maar ""hippe, onbewezen onderwijsmethoden"" ondermijnen eerder dan ze helpen. Inmiddels lezen te veel kinderen op een dermate slecht niveau dat dit uiteindelijk zelfstandige #bestaanszekerheid in gevaar kan brengen. ";0
@john_bumblebee @Onderzoeksraad Wat ik er toen zelf van vond besprak ik met @YoeriAlbrecht  eind '21. ;1
De effecten zijn nog steeds merkbaar en voelbaar. Dit mag niet meer op deze manier. Zowel @mrtbollen  als @NickiVerweij hebben daar in hun tweets aandacht aan besteed. Leestip. ;0
Met gevoel voor understatement benoemt de @Onderzoeksraad de crisis als oorzaak voor reeds bestaande kwetsbaarheden en negatieve effecten voor nieuwe groepen. Het was echter niet de crisis. Het waren toch echt de collectieve maatregelen en de communicatie daarover. ;0
Gister kwam het 3e en laatste rapport van de @Onderzoeksraad over Covid19-beleid naar buiten. Ook nu is de Raad weer uiterst kritisch. Wat mij raakt, is de beschrijving van gebrek aan echte aandacht voor alle andere maatschappelijke schade die ontstond.  ;0
Lezing Westerbork vanwege bedreigingen afgezegd. Joodse scholen dicht en nu de herdenking van de Kristallnacht afgelast. En denk niet dat dit jou niet raakt wanneer je niet van Joodse komaf bent. Onze vrije, Westerse rechtsorde en democratie staan hier op het spel. ;0
Wij zoeken nieuwe medewerkers! Kijk op ;1
Diepe schande dat dit in ons land gebeurt 😞 ;0
Nuchterheid, duidelijkheid en praktische oplossingen. @lientje1967 bij #collegetour  💪 ;1
@Sill311 @BoerBurgerB @lientje1967 Denken dat je het alleen met zon en wind redt, is ridicuul.;0
Eens. Ik help je graag dit wetsvoorstel dat ik een aantal jaren geleden indiende waarmee verheerlijking van terroristisch geweld strafbaar wordt gesteld gereed te maken voor behandeling en vaststelling. ;1
En voor alle duidelijkheid: er is een groot verschil tussen de radicale islamisten en de gematigde moslims die onze vrienden, collega's en buurvrouwen zijn. Zoals Leila Ait Baali die zich een paar dagen terug dapper uitsprak voor vrede en medemenselijkheid. ;1
Alles wat @nausicaamarbe hier schrijft. Wordt ook tijd dat het wetsvoorstel dat ik een paar jaar terug schreef dat ging over het verbod op het verheerlijken van terroristisch geweld tot wet geslagen wordt. Als één van de noodzakelijke maatregelen. ;1
Je kunt niet én als ambtenaar wijzen op de neutrale en onafhankelijke ambtenarenstatus en daarom om bescherming in het publieke debat vragen én tegelijkertijd politieke uitspraken doen en dus onderdeel worden van datzelfde debat. Het ambtenarenkorps zal toch echt een keuze moeten maken.;0
"@janwillemwits Och kijk, ze gebruikt in ieder geval dezelfde truukjes als Rutte 😶
#hopenopeentweestrijd 🤦‍♀️ ";0
@alt_economy_mr @geenstijl Ik heb abonnementen op oa @FD_Nieuws @nrc @telegraaf @ewmagazinenl @FTM_nl en koop geregeld oa @HPdeTijdNL @DeGroene @volkskrant Wat nu? 🤔;0
Maar eens een donatie gedaan aan @geenstijl Werken moet lonen. Hard werken met resultaat zeker. ;1
@ChrisAalberts Niet zo cynisch, Chris. Er zijn echt toch nog steeds politici die keuzes maken die het dichtst bij hun hart liggen en die het goede proberen te doen. Los van wat het betekent voor hun loopbaan.;1
"""Zo heeft het CPB onlangs laten weten dat het nog steeds niet mogelijk is om de baten van kennis en innovatie in de macro-economische modellen op te nemen."" En dat geldt voor meer zaken die van waarde zijn.  ";0
Alweer twee weken geleden had ik een gesprek met de Nivo. Een van de vele lokale, periodieke kranten die Nederland kent.  De weergave van dit gesprek staat hier ➡️ ;1
@Denkjewel @BartNijman O boy;1
@Denkjewel @BartNijman En nou wil ik het weten. Wie is Tim? 🤷‍♀️;1
"""Nu even niet! Nu worstel ik met de vraag hoe een mens in hemelsnaam ’God is groot’ kan roepen terwijl hij met een stok op het naakte dode lichaam van de jonge vrouw slaat. Ik zie de grootsheid niet."" Marcel Peereboom Voller in @telegraaf  ";0
@baspaternotte @lientje1967 @BoerBurgerB Max! 🎉;1
Vandaag samen met @lientje1967 onze kandidatenlijsten van @BoerBurgerB ingeleverd. Op mijn verjaardag. 🎉🙌 ;1
Korte uiteenzetting door Aleid Wolfsen over grondrechten die burgers zouden moeten beschermen tegen de overheid. Toeslagenschandaal is een vreselijk voorbeeld van het negeren daarvan. Negeren van grondrechten was ook aan de orde bij de fraudesysteem SyRi en de coronamaatregelen. Over dit laatste schreef ik samen met @TijmenWisman een artikel. Voor wie daar meer over wil lezen: -> ;0
@VeldhuisMarjet @PGBgebruiker Dit soort politiek is zo cynisch. Scoren op een digitaal onderdeel terwijl aan de andere kant autonomie en zeggenschap is en wordt uitgehold.;0
@JDSnel Omdat Putin een vreselijke agressor en oorlogsmaker is, is toch niet alles wat zijn bestrijders/tegenstanders allemaal vinden en allemaal ondernemen automatisch goed?;0
@wierdduk @GeertenWaling Het is niet te geloven.... als je het ergens niet mee eens bent, is het gelijk fascistisch.;0
@JDSnel Fascistisch? Meen je dat nou?;0
Essaybundel van @NieuweDenktank met verhalen van oa @ReneCuperus @DiederikBoomsma Quinten et moi. #leestip ;1
@HPB7 Wat bedoel je?;0
"Links heeft eisen. Rechts heeft wensen... 
Deze tegenstelling verwoordt wat er mis gaat: democratische besluitvorming zou namelijk moeten verenigen. ";0
@KeimpP @BoerBurgerB De link is weggevallen in mijn bericht... Dank!;0
En inmiddels ook online! Het verkiezingsprogramma van @BoerBurgerB 💪🍀 ;1
"In Utrecht praat ik vanavond verder over falend overheidsbeleid, waar dat door komt en wat je eraan kan doen.

Aanleiding is mijn winnende essay: ";1
@SanderSchimmelp Rustig aan, vader... (van harte trouwens nog👶). Met de AG vind ik dat je daadwerkelijk rendement moet belasten. Belasting op vermogen wijkt in principe niet al te veel af van belasting op arbeid. Erfbelasting is redelijk mits het kleine erfenissen cq eigen woning en BOR ontziet.;1
@SanderSchimmelp Hey, Sander, wat leuk. Zomaar contact met een domrechts iemand. Wil je antwoord of was het slechts retorisch? 😏;0
"ECB: ""Its main task is to maintain the euro's purchasing power."" En dan krijg je natuurlijk deze woorden. 🙄 ";0
Wat Thatcher toen zei, geldt nu ook. Wees zuinig op je ondernemers. ;1
"Berichten nav Algemene Politieke Beschouwingen #APB2023 die weer duidelijk maken dat bedrijven géén pinautomaat zijn. 
We hebben ondernemers hard nodig voor werk en ons verdienvermogen. Wees er zuinig op.
#banken #luchtvaart #mkb  ";1
"Ondertussen met Olof op #insta 🤗
Dank voor de gastvrijheid @HumbertoRTL ";1
@ChrisJulien Ik sta iedereen te woord. Al was het  alleen maar om te begrijpen wat iemand beweegt. Welkom dus.;1
Iets na 12 uur ben ik bij @newbusradionl om te praten over economie, ondernemers en banen. Zo verdienen wij het geld om alles wat wij belangrijk vinden te kunnen betalen. #trotsopondernemers ;1
@knipoog72 Ik insinueer niet. Ik meld wat er gezegd is mét bronvermelding.;0
@knipoog72 Bedoelt u dit stukje? Zo nee, welke dan? Los van welke overtuiging: in een democratie zullen we het toch echt samen moeten doen. ;0
@knipoog72 Link naar artikel staat erbij.;1
Verontrustend klimaatextremisme verwoord door de denker, filosoof achter XR met woorden als genocide en massamoord.  De reden om geen geweld te gebruiken is omdat het niet effectief geacht wordt. We zullen het toch echt met elkaar moeten doen.  ➡️;0
@Esther_Voet @JosTeunissen2 @NPORadio1 Is dit nou waar?;0
Alles waar @IngridThijssen vanmorgen aandacht voor vraagt: meer werken moet lonen en het belang van het verdienvermogen van onze economie en de banen als resultaat daarvan. 🙌 ;1
@Denkjewel @DieuwsNieuws 😁;1
@wierdduk Kijk nou. Weer een gezwelzegger. 🙄;0
@RutgervdNoort Misschien is dat nog wel erger: zo'n 23.000 mensen neerzetten als kankergezwel terwijl diezelfde mensen in heel Noord-Holland (en daar buiten) schoonmaken, bouwen, renoveren, verkopen, verzorgen etc. Dat soort neerkijken van de zgn bovenlaag heeft mede mijn stap veroorzaakt.;0
#NieuweProfielfoto ter ere van mijn tweede plaats op de conceptlijst van de @BoerBurgerB voor de Tweede Kamerverkiezingen van 22 november. 💪 ;1
@blizevents ;1
"""Wat rechtmatig is, is niet altijd ook rechtvaardig."" Vanmorgen overhandigde ik mijn rapport over de schadeafhandeling bij Kanaal Almelo-de Haandrik aan de Commissaris van de Koning in Overijssel.  ";0
@fcvheest @harmbeertema @cdavandaag @RenePetersOss Amsterdam;1
@harmbeertema @cdavandaag Introductieweek HBO van zoon ook #foonvrij hetgeen volgens mij gaat helpen in creëren goede onderlinge band. Mooi om te zien dat de nadelen van digitalisering gezien worden en dat er inmiddels verstandig gehandeld wordt. Dank voor agenderen, zeker ook door  @RenePetersOss 👌;1
"""Onderwijsminister Lotta Edholm vindt dat de digitalisering is doorgeschoten. Ze liet zich overtuigen door onderzoek dat uitwijst dat lezen van papier leidt tot een dieper begrip van teksten en betere leerresultaten."" Waar wachten we in Nederland op? 🤷‍♀️ ";0
@trias_politica Ook!;1
Wauw! Niet normaal dit. Wat een vrouw!! 💪 ;1
@trouwschmidt Beter ;1
@ArjanBenard Partijvoorzitter wordt geslachtofferd terwijl het onwaarachtige spel om ander te parachuteren dan de beloofde jonge, vernieuwende lijstrekker niet van hem is. Gelukkig wordt nu snel iemand benoemd die wel aan de criteria voldoet en die ik een goed kompas en een sterk gestel wens.;0
Mijn arme alma mater, @UvA_Amsterdam ;0
"Dit was mooi! @friesmuseum 
De tentoonstelling over 'ferhaal fan Fryslân' trouwens ook.👌#leeuwarden #bezoektip ";1
Met de beste bedoelingen worden nu isolatieplannen doorkruist. Dit kan niet de bedoeling zijn.  ;0
"""Technologie als dienaar van de publieke zaak."" Echt lezen dit.  ";1
@Oscarvanstrijp Ik ken mevrouw Kaag goed en zonder weerzin. Dus ik snap uw punt niet. Los van wat de regering gedaan heeft, heb ik hier zorgen over. En verder dank voor de aardige woorden.;1
@wierdduk @MahirAlkaya Leest zijn boek 😏@MahirAlkaya ;1
@Oscarvanstrijp Het gaat er niet om of u persoonlijk briefjes en munten al dan niet handig of suf vindt. Het gaat om de inrichting van de samenleving, de middelen die je een overheid geeft. Digitalisering heeft daar potentieel verstrekkende invloed op.;1
'Waarom het niet gek is om te vrezen voor de verdwijning van contant geld uit uw portemonnee' ;0
"Zomercursus 'Leestekengebruik' van de @wimdaniels 
Ik hou ervan. ";1
@MichielSteltman @alexdonkers @georgevanhouts @PieterOmtzigt @MahirAlkaya @peterkwint @F_azarkan @SylvanaBIJ1 @PieterHeerma @LianedenHaan Binnen de migratiestroom zitten verschillende groepen. Eens.;1
@MichielSteltman @alexdonkers @georgevanhouts @PieterOmtzigt @MahirAlkaya @peterkwint @F_azarkan @SylvanaBIJ1 @PieterHeerma @LianedenHaan Michiel, kan het dan onbeperkt doorgaan volgens jou? Is er een probleem? Mijn overtuiging is dat terecht meeste mensen openstaan voor opvangen, huisvesten van vluchtelingen. Probleem is spankracht van een samenleving dat nu al dichtbevolkste land is toch ook kwaliteit wil geven;1
"""Conclusions can be so deceiving."" @KevinSpacey ";0
Mooie teksten @keesvdstaaij 👌 ;1
Stopstrateeg (stopstrateeg dus met een s ervoor) Marije van den Berg over beleidsbubbels en wat er aan te doen. Ik word blij van dit soort verhalen. Dank, @kcsmouter 👌;1
Die poot op dat kopje... 🥰 ;1
Interessante kijk van Jolande Withuis op diversiteit, identiteitspolitiek en feminisme in een gesprek met @margjefikse   ;1
Interessant podcast. @wierdduk in gesprek met Andreas Kinneging over hoe de huidige tijd over kan komen en hoe deugden daar kunnen helpen. Deed mij denken aan het recente boek van @EsthervanFenema die dit onderwerp benadert via hoofdzonden. #luistertip  ;1
@Denkjewel Sommigen wel is mij verteld. 😇;1
Even een avondwandeling. #10000stappen ;1
Nou ja.... 😁 ;1
"Ik zal niet solliciteren naar het lijsttrekkerschap van het CDA.
➡️ ";0
Tijdens een bijzonder symposium van het Studiegezelschap Economische Politiek werd @SCWEijffinger Officier Eijffinger 💪#lintje ;1
@Oscarvanstrijp @RobinDraastens Goedemorgen en wat een agressie en haat op de vroege morgen. Waar baseer je dit op? Ik vind alleen dat je in wedstrijd verband op gelijke voet moet strijden. Meer niet. Ik ben verbaasd over al het schelden richting deze mening door al die progressieve, vrijdenkende mensen.;0
Weer een goede column. Dit keer over digitale privacy en de impliciete verwijten die mensen krijgen wanneer ze vraagtekens zetten bij de Europese plannen om deze te beperken.  ;1
@JanDriessen Waarom? Je kunt het toch fijn vinden voor de transvrouw in kwestie dat ze tot mooiste gekozen is en tegelijkertijd vinden dat het beter is wanneer ze mee zou doen aan een transmissverkiezing? Mag dat niet?;1
@erikvogelaar Iedereen mag alles zijn wat hij/zij wil. Dat is het punt niet.;1
Fijn voor Rikkie Kolle maar ook dit is weer een voorbeeld van hoe de woke genderideologie 'ik ben wie ik denk dat ik ben en de samenleving heeft daar zondermeer in mee te gaan' leidt tot het verlies van vrouwen. ;0
@Leentje_Faraway Degene die zo overtuigd zijn van hun gelijk dat ze iconen van onze beschaving die 150 jr geleden leefden voor hun karretje spannen zonder te weten of deze de analyses/oplossingen zou delen. Onderliggende boodschap: ben je het anno nu niet eens dan ben je dom/onverantwoord/etc.;0
Hoogmoed komt voor de val. ;0
Vanavond ben ik bij @op1npo om te praten over mijn essay ;1
@geenstijl Schaamteloos die man;0
@demo_demo_nl @lientje1967 @Nieuwsuur Dat is alleen verstandig wanneer je hoeveelheid sociale huurwoningen en woningbouwopgave meeneemt.;1
Gaan we weer.... 🙄 Het zou toch eens interessant zijn wanneer deze hoge ambtenaren ook eens zouden kijken hoe de kosten AAN de zorg te verlagen en als bijvangst meer mensen aan het werk IN de zorg. Wat jij, @VeldhuisMarjet ;0
@JPvanDijken Toe maar... Is er ook een mogelijkheid dat mensen die in zijn algemeenheid voor vaccinatie zijn toch moeite hebben met of tegen dergelijke oproepen zijn? Nu en/of de afgelopen jaren?;0
Voor de @nieuwedenktank schreef ik een essay waarin ik pleit voor een bescheiden overheid en voor het accepteren van onvolmaaktheid omdat het streven naar volmaaktheid een steeds vaker vastlopende overheid heeft opgeleverd. ⬇️ ;1
@wierdduk Het kan toch elke keer weer extremer. 😞;0
@testbeeldopdeb @hansvantelling @DrZemouri @RolandPierik Guilty by association? Inmiddels zijn we zover dat de lijst van mensen die je volgt en de reacties op een post het oordeel 'fout' mede bepaalt? Ik zie dat steeds vaker voorbij komen en vind daar wat van.;0
@Gert_van_Dijk Desinformatie helpt ook niet.;0
Dank je wel, @RenskeLeijten #diepebuiging ;1
"@DrZemouri ""Zoals bijvoorbeeld door"" staat er. Maar u heeft een punt. Ik had ""o.a."" voor ""gedaald"" erbij moeten schrijven.";0
@joopwitteveen Vertrouwen komt te voet en gaat te paard. Het is dus een proces van lange adem dat kan beginnen met een mea culpa.;1
Lees dit ook maar eens. Ware woorden van Hertzberger. 😞 ;1
Het spijt mij om het te moeten zeggen maar door uitspraken tijdens de coronajaren zoals bijvoorbeeld door  @RolandPierik is de vaccinatiegraad gedaald. Daar is ook voor gewaarschuwd. ;0
@StefanPaas @ReinyW3 @DilanYesilgoz Klopt dat overheid niet gaat over wat gelovigen als verplichtend ervaren. Ik neem alleen een andere afslag dan u. En neutraliteit komt volgens mij wél ook tot uiting in uniform.  Zoals voor sommige gelovigen hoofdbedekking (in welke vorm dan ook)  uitingsvorm is van hun geloof.;1
@StefanPaas @ReinyW3 @DilanYesilgoz Dat komt omdat ik argumentatie niet overtuigend vind. Er zijn gelovige moslima's die hoofdbedekkingsplicht niet/anders invullen. Dat is dus een keuze. Zelfs als je dat niet vindt (zoals u) dan is het gevolg van toestaan van religieuze uitingen aantasting van deze neutraliteit.;0
@StefanPaas @ReinyW3 @DilanYesilgoz Zeker wel gelezen.;1
@StefanPaas @ReinyW3 What's next? Een arts die vervolgd wordt voor levensbeeindiging door een officier van justitie met een kruisje op de witte bef en beoordeeld door rechter met hoofddoek? Neutraliteit van gezagsdragers is verstandig beleid van @DilanYesilgoz;0
"""Het was een enorme teleurstelling dat een organisatie die zich profileert met ‘open debat op het scherpst van de snede’ je als het erop aan komt, laat vallen als een baksteen."" Mooi interview met Harma Heikens over kunst als esthetische discipline.  ";0
@DonArturito @TheodorHolman Zeg mij dat dit niet waar is....;0
@Denkjewel Weet ik niet. Was er niet bij. 😊 Valt wel onder SDG3 maar daar staat niet een alcoholverbod in sportkantines als middel genoemd.;1
@Denkjewel Er komt een nieuwe bestuurder die gaat brainstormen met medewerkers over nieuw beleid. Wanneer je dat geisoleerd in je eigen bubbel doet, beredeneert vanuit 1 belang krijg je dit. Wat ook kan is: ze maken een lijstje met punten waaronder 1 extreme. Die strandt dan. Rest blijft.;0
@Denkjewel Het is de kortzichtigheid ten top.;0
En overigens ben ik van mening dat ze van Kamerleden moeten afblijven. 😡;0
@Patricialubsen Je zou het bijna denken.;1
Vanavond een lekker glas wijn in het Concertgebouw of zondag bij de matineevoorstelling in het theater. 🙄 ;1
Uiteindelijk onbegrijpelijk dit. De @Onderzoeksraad was zeer kritisch over de coronamaatregelen die desalniettemin in nieuwe  'pandemiewet' moesten. Een goed functionerend parlement kan niet anders dan zelfonderzoek doen naar dit verstrekkende beleid. ;0
❤️ @rickastley 😁 ;1
@testbeeldopdeb @ewmagazinenl Ja. En overheidsbemoeienis wijs ik natuurlijk niet categorisch af. Maar ik deel niet de overtuiging dat progressieve/linkse/duurzame politiek ons als vanzelfsprekend de hemel op aarde zal brengen naast dat er ook andere belangen zijn.;1
@testbeeldopdeb @ewmagazinenl Moet ik nu tegen deze hele vol zin ongeclausuleerd 'ja' zeggen? Want dat ga ik niet doen. Jouw 'binnen kaders' herbergt nl een potentiele wereld aan dwingelandij. Kunnen zaken slimmer, duurzamer? Ja, zeker. Doe ik dat zelf prive ook? Uiteraard.;0
"""Zonder erom te lachen"" 😒.... daar zit volgens mij ook een deel van de pijn, een van de redenen waarom mensen afhaken. Goed artikel in @FD_Nieuws ";1
@testbeeldopdeb @ewmagazinenl Leef je uit dan, zou ik zeggen. Maar leg het niet als een soort religieus mantra op aan anderen.;1
@Hen_Nij Wat het belang van ons allemaal is, namelijk dat je niet zonder bewijs veroordeeld wordt.;0
Ik wil zo langzamerhand feiten: precieze citaten, toonhoogte, decibels. Fout is fout maar zo wordt de aanklacht #grensoverschrijdendgedrag een schimmenspel inclusief trial by media en cancelcultuur. #wiersma ;0
@FredNagtegaal Nee, dat bedoel ik niet. We hebben europese, interne markt met een reden. #eerlijkeconcurrentie Wanneer je daarbinnen beperkende regels oplegt, moeten die voor alle eur. bedrijven gelden en dan ook deze eisen opleggen aan produkten van buiten EU. #levelplayingfield;0
Raar gesprek bij Jinek over klappen landbouwakkoord. Logisch dat LTO bedankt voor plannen die het eten wat boeren in NL maken duurder maakt dan wat uit buitenland komt. Dat maakt concurrentie oneerlijk, leidt tot omzetdaling, schrale bedrijfsvoering en mogelijk faillissementen.;0
"@remonhollander @VeldhuisMarjet @telegraaf Ken jij ""Zorgkeuzes in Kaart"" en de doorwerking daarvan in de doorrekening van het CPB van verkiezingsprogramma's? De vraag ia of die inmiddels anders in elkaar zitten dan paar jaar geleden. Zo nee, #daargaanweweer";0
Gaan we weer... Inkomensafhankelijke zorg. Terwijl hier andere oplossingen zo langzamerhand schreeuwen om aandacht. Zoals tegengaan ineffectieve  zorg en bv de missie van @VeldhuisMarjet om de hoge  #kostenaandezorg te verminderen. Bewaarpagina in de @telegraaf vanmorgen⬇️ ;0
Vreemd.... tweets worden verzonden zonder foto.....🤷‍♀️;0
Gaan we weer... Inkomensafhankelijke zorg. Terwijl hier andere oplossingen zo langzamerhand schreeuwen om aandacht. Zoals ineffectieve  zorg en bv de missie van @VeldhuisMarjet om de hoge  #kostenaandezorg te verminderen. Bewaarpagina in de @telegraaf vanmorgen⬇️;0
Kon helaas geen kaartjes bemachtigen voor de Vermeertentoonstelling in het @rijksmuseum. Gelukkig kan ik deze zomer naar het @FriesMuseum in @leeuwarden voor de schilderijen van Christoffel en Kate Bisschop. ;1
@GoVanHeteren @medischcontact Wat bedoel je? De link naar het hele artikel staat erbij.;0
Goed weekend, lieve mensen. Het is in ieder geval heerlijk weer. ;1
@parit_eu Ik vond dat gestoord. En zoals u wellicht weet, was het CTB en het 2G-beleid dat wat de emmer uiteindelijk bij mij deed overlopen.;0
Mocht u soms van mening zijn dat we al bij de meest extreme klimaatdiscussies zijn aanbeland, zou ik heroverwegen. Lees de woorden van een emeritus hoogleraar in @medischcontact ;0
@Dolfjansen In de periode dat ik wethouder was, heb ik ook op verschillende onderwerpen de stelling betrokken dat Haarlem en Den Haag zich 'nogal met ons bemoeiden'. Toen heb ik nooit dergelijke existentiele vragen horen stellen.;0
Wat een verdrietig nieuws.... en hulde voor Greetje en Els Gutter:  zie ook laatste zin. #weeslief ;1
@PGKroeger Dat bepaal ik zelf wel.;1
Lieve volgers, Ik kreeg veel vragen over wat ik ga doen. Ik ben lid geworden van de programmacommissie (CDA) die het verkiezingsprogramma gaat schrijven voor de Europese verkiezingen van volgend jaar. En aangezien de Europese Unie zich nogal bemoeit met ons heb ik 'ja' gezegd.⬇️ ;1
@JDSnel Dank!;1
@Pauli_____ @testbeeldopdeb @ANanninga U krijgt een herkansing: wat vindt u van het voorbeeld dat ze noemt?;0
En we tellen tot tien.... 😁 ;1
@RemkoZuidema @LodewijkA @AmsterdamNL Er zijn daar nog andere dorpen en stadjes. 😎;1
@testbeeldopdeb Dus wanneer iemand tegen die transwet is, is hij transfoob. Wanneer hij doorgeslagen wokebeleid autoritair/totalitair vindt en dit cultuurmarxistisch noemt, is hij een antisemiet. Obv volgers bepalen waar iemand politiek  ingedeeld moet worden. Zo in gesprek gaan helpt toch niet?;0
@LodewijkA @AmsterdamNL Het is een puinhoop. De streekbussen rijden ook de stad niet meer in dus mis ik de trein. Hoe een wereldstad in zichzelf gekeerd kan zijn. @AmsterdamNL;0
@RoelofBouwman @luyte vond iets anders afgelopen zondag. 😏;1
@ewaldeng @mkeulemans Ik zou heel graag terug willen naar de tijd dat het ging om de inhoud van wat iemand zegt ipv uit welke hoek iemand komt.;0
@testbeeldopdeb @Leolucassen Op zich interessant ware het niet dat deze nieuwkomers huizen, zorg (en ook hun kinderen) onderwijs nodig hebben. Effecten op sociale zekerheid zijn er vast ook. Los vd kwestie dat er veel NL'ers zijn die (meer) willen werken maar dat niet doen want levert niks/weinig op.;1
@testbeeldopdeb Ja?;1
Pareltje van een column dit. ;1
@VegtDoor Een quotum stuit volgens mij op de individuele aanspraken die geborgd zijn door verdragen,/richtlijnen/wetten. Dan zal je daar eerst iets aan moeten doen. Anders lijkt het alsof  migratie wordt beperkt maar strandt de overheid bij de eerste de beste rechter.;0
Wat werkt dan wel? Want wees eerlijk: wat zou jij doen wanneer het in je eigen land zo veel minder goed geregeld is dan in het in hun ogen sociale paradijs aan de andere kant? ;0
@RoelofBouwman Er is natuurlijk wel wat voor te zeggen om goedwillende mensen in de gelegenheid te stellen te werken. Realiseer je wel dat na die 24 weken de aanspraken op sociale zekerheid ontstaan. Ik heb begrepen dat dat een reden is  geweest om die grens te trekken.;0
@DinantvdBelt Zeker wel. OM is in het vonnis alleen wel afgedroogd door de rechter. Beroep is uiteraard toegestaan. Maar dan past wel enig tempo en duidelijkheid over de termijn. Dit hele proces duurt al jaren. De impact op betrokkenen is altijd groot en hier ook zichtbaar.;0
Dit kan je gewoon niet maken. ;0
"Dit boek dus. Leven op stand. Mooi geschreven door historica Ileen Montijn. Over de gegoede burgerij, bv de notaris- en burgemeestersgezinnen tussen 1890 en 1940. Hoofdstuk 8 gaat over de dienstmeisjes. De generatie van mijn (over)grootmoeders. 
";1
Het is prachtig weer. Mooie dag voor #kaaspop in #edam ;1
Ware woorden van @nausicaamarbe over cancelcultuur 😞 ;1
@CGDBV @chr_weijts Komt in de beste kringen veur;1
Stemmen voor de Eerste Kamer gebeurt met zoveel ruggespraak dat je stem het begeeft. @chr_weijts ;0
@MikeVerweij Het wordt tijd dat spelers en trainers zich gaan gedragen. Het is toch niet om aan te zien? Al jaren.;0
@baspaternotte Echt?;0
@evert_mouw @TheSocHumMov Ook voor vluchtelingen trouwens. Want je hebt daarin verantwoordelijkheid omdat je nu eenmaal niet alleen voor jezelf leeft. Maar het huidige systeem is vastgelopen. In NL zie je dat ook bij IND. Maar ook bv in Italië.;1
@TheSocHumMov @evert_mouw Huidige systeem leidt tot zoveel nieuwe mensen dat we te weinig huizen, zorg, onderwijs hebben. Vb: jongeren zijn 30 voor ze een betaalbaar huis hebben. Mijn beeld is dat de desbetreffende wetgeving echt werkende maatregelen onmogelijk maakt. Dus zal je daar iets aan moeten doen.;0
Eens met Henk Kamp. En dieptriest dat het zover gekomen is. Want niemand leeft voor zichzelf alleen. Maar de gevolgen van de keuzes in het asiel- en migratiebeleid zijn onhoudbaar. ;0
Job van Amerongen had een verstandige vader. ;1
@rogerramakers @tonfvandijk Ik doelde op vrijheid van meningsuiting binnen de grenzen van de wet en creatieve en jorunalistieke vrijheden ook wanneer je het er niet mee eens bent. Ik denk ook wel eens, moet dat nou zo maar dat zou de grens niet moeten zijn.;0
Terechte vragen van @tonfvandijk Ik heb eigenlijk dezelfde vragen omdat we uiteindelijk gedeelde waarden en afspraken nodig hebben om een samenleving te zijn. ;1
In hetzelfde @medischcontact een interessant en genuanceerd stuk over genderbevestigende behandeling bij minderjarigen. ;1
Is er niet in het Integraal Zorgakkoord plechtig verklaard dat passende zorg bewezen effectief moet zijn, vraagt Marcel Levi terecht. Niks mis met die cursussen maar waarom worden die betaald via de verzekeraar en bereiken die dan ook mensen met veel minder gezonde levensjaren? ;0
Goed weekend, lieve mensen. Het weer helpt mee. ;1
Hier een podcast met Paul Frissen over de gevaren en valkuilen van  integrale oplossingen. Podcast met Maxim Februari deelde ik al eerder. De boeken zijn ook de investering waard. 😏 ;1
"De burger is geen klompje data. En integraal beleid dat echt werkt bestaat niet. Menno Hurenkamp over de gedachten van Februari en Frissen daarover. ""De burger als een klompje data - geen wonder dat veel mensen boos zijn."" ";0
Voor alle #europafans die morgen nog willen natafelen over de Staat van de Europese Unie zie hier de ultieme europastasaus: een Duitse naam, Italiaanse tomaten en de productinfo in Frans en Nederlands. ;1
❤️ ;1
Een overheid die neigt naar het meer en meer willen controleren van de levens van individuele burgers is een zorgelijk fenomeen. Eens met @estanaqui en  @parandanah ;0
@janwillemwits @TijsvandenBrink @koertvb @HarcoPloegman @StefanPaas @inekeevink Dat heeft mi niks met serieus nemen te maken. Ik vind de benadering eenzijdig/simpel. Alsof er niet 10000-den NL'ers zijn zonder eigen dak boven het hoofd. Alsof voor al die mensen die blijven komen een plek is. De spreidingswet helpt maar tijdelijk. Met hoge prijs voor draagvlak;0
"@agapastoor Ja, die waarschijnlijk ook. Zouden al die stadse politici zich nu afvragen of er bij verstopping nog een loodgieter komt en wat die dan kost. Een ""bouwbus"" is nu electrisch al gauw een 20k duurder. En 2025 is het sneller dan je denkt.";1
Dit wordt wat als straks ook de metselaars, loodgieters, timmermannen, electriciens, stukadoors, vloerenleggers, schilders etc met hun fossiele bouwbusjes de steden niet meer in  mogen. Of 2x duurder worden. Rekening komt hoe dan ook boven tafel. ;0
@TijsvandenBrink @ericvanderburg Eens.;1
@ChrisIsErbij Moeilijk, moeilijk, moeilijk 😁;0
@sypwynia Dit werkt toch alleen wanneer de buitengrenzen van europa dicht gaan voor producten van buiten EU en alle boeren ín europa ook conform NL gaan produceren? Zo niet, wordt het NL'se product toch weggeconcureerd in eigen land? Of zie ik iets over het hoofd?;0
Nieuwe puzzeltocht: koeien tellen! 😁 ;1
De gebroken plaat van het asielbeleid. Ondanks de goede bedoelingen leidt het al jaren tot ellende. Aan vele kanten. ;0
@rgeeraedts Ook nog slecht schoongemaakt, kan ik u melden.;0
😁 ;1
"Heerlijke podcast met Maxim Februari over digitalisering en het effect op democratie en rechtstaat. Net als zijn boek ""Doe zelf normaal"" eigenlijk verplichte kost. 😏 ";1
Draadje over gebrek aan transparantie en over de noodzakelijke grondwettelijkheid van beperkende overheidsmaatregelen. Dat laatste begint met de vraag of een maatregel effectief is voor het doel dat nagestreefd wordt. ;0
Het voorzorgbeginsel schaft in wezen de essentie van de politiek af, namelijk de weging van belangen.  Martin Sommer in de @volkskrant  👌 ;0
Promoveren op het subsidiariteitsbeginsel. Dan ben je een baas. ;1
@SjoerdvanHoorn Lekker dan. Komt mijn bap ook nog uit zijn graf. De Markerwaard is immers goud waard.;1
Verontrustend maar ook hoopvol draadje. Tegelijkertijd zo onverstandig van @Natuurmonument ;1
@SjoerdvanHoorn Uit welk brein is dit ontsproten?;0
@Rotjelotje Zeker. En een beetje beschaafde teksten houd ik ook wel van.;1
"Weer een topcolumn van Martin Sommer.  ""Meningenvrijheid die alleen voor de juiste meningen is, kun je wel opdoeken."" ";1
@buitengebieden @masakakids Fijn weekend! 🤗;1
Het zonnetje schijnt. Gezellige Koningsdag allemaal! ;1
@mbchamstra @DerkBoswijk Precies.;1
@FerryVeerman Zou zeker kunnen maar ik heb het via @NOS 🤷‍♀️;0
@Denkjewel @wierdduk Wat mij fascineert, is hoe progressieve, vrijgevochten mensen de verfoeide religieuze autoriteit inruilt voor een andere autoriteit die zich vergelijkbaar 'religieus' gedraagt maar dan gebaseerd op klimaat en inclusie.;1
"""Ja, lieverd, we hebben je genomen omdat er bijna gratis kinderopvang zou komen. Toen dat er niet kwam, hebben we gelukkig schadevergoeding voor je geboorte gehad."" 😒 ⬇️ ";0
Dank, @CarlaEvers5 @BBBOverijssel voor de voordracht en Provinciale Staten van Overijssel voor de steun. Met hart en hoofd zal ik mij gaan inzetten voor de bewoners rondom Kanaal Almelo-De Haandrik om zo ook een bijdrage te leveren aan het herstel van vertrouwen. ;1
Kijk eens en glimlach 🤗 ;1
Voor de één een koude, harde wind. Voor de ander vrijheid. Fijn weekend! ;1
Er is altijd een keuze. En daarvoor zijn uiteraard verschillende mogelijkheden. Politici die zich beroepen op status quo, modellen, systemen smoren de politieke kant van keuzes en daarmee uiteindelijk de democratie. ;0
Wat een mooi liedje is dit. ;1
@robertnijman Mijn ouders spraken geen Frans.;0
In mijn tijd (lang geleden) waren de woorden 'zo blijf je zitten' een aansporing om wat te gaan doen want dat wilde je voorkomen. #laks #whatsinaname;0
Zalig Pasen, lieve mensen. Er is altijd een nieuw begin.🙂 ;1
Vleugelvrouw zijn was weer eens wat anders.🤗 Dank je wel @hlf8live en veel succes verder, @SamHvNL ;1
De Vierde Statie van de Kruisweg in de Vincentiuskerk. Jezus ontmoet zijn bedroefde moeder. #GoedeVrijdag ;1
Mooie afsluitende woorden van Thomas van Luyn bij #thepassion #leunopmij;1
Tot zo! ;0
'Jolande Withuis: 'Vrouwelijkheid is historisch gezien een glibberig begrip' ' ;0
"Na het weergaloze debuut van @markkampers1 gisteravond bij de mannen van @vandaaginside 😁 is hij vanavond bij @Hlf8Live 
En anders zeker kijken voor het gesprek over #AI #digitalesamenleving 
O ja, ik ben er ook bij. ";1
@wierdduk Komt allemaal goed.... 😒 ;1
Het lek is boven. 😏 #agathachristie #geld ;1
Lezen. 😊;1
"Lezezen dit, mensen. Over verzetsheldin Lau Mazirel. Met een afsluitend citaat van @marleenstikker over het belang van bescherming van data.  
 ";1
Tot vanavond iets na half 8. @Hlf8Live ;1
Ik las en hoorde de afgelopen dagen nog al wat commentaren op de verkiezingsuitslag en kon het op een gegeven moment niet meer aanhoren. Dus schreef ik het maar van mij af. ⬇️  ;0
Positief het weekend in. Mijn eerste slagroomijsje van het jaar. Van de onvolprezen Van der Linde op de Nieuwendijk te Amsterdam. Een van mijn #lievelings Goed weekend allemaal! ;1
Nog 10 minuten. Tot zo! @Hlf8Live ;0
En natuurlijk ook felicitaties aan @lientje1967 ;1
Ondanks dit alles is het vandaag een feestelijke dag. Dit lieve, slimme, stoere mannetje is vandaag 27 jaar mijn zoon. Van harte, lieverd. ;1
En als je wilt weten hoe de digitalisering zonder tegenmaatregelen dit alles erger maakt, lees dan het nieuwste boek van Maxim Februari. Stukje vakwerk. #computersaysno ;1
Of lees anders dit draadje van @Kcsmouter ;1
Wat ook de onderlinge verbondenheid niet gesterkt heeft, is jaren lang tegen mensen zeggen dat ze rascistisch en discriminatoir  zijn. @wierdduk heeft daar geregeld over geschreven. ;0
Verliezers én winnaars, lees dit artikel van @ChrisAalberts : ;1
Burgerplicht verricht en nu richting het theater voor De Verleiders. ;1
Wauw, moet je dit zien! ;1
En dit. ⬇️ Hoe te voorkomen dat we over 10 jaar wel duurzaam maar geen samenleving meer zijn? ;0
"Cachotcursus. ❤️ #alliteratie 
Maar ook een terechte column van @nausicaamarbe ";1
Wanneer je na 10.000 stappen kletsnat en bevroren thuiskomt, heb je dit gewoon nodig. Goed weekend, lieve mensen. Morgen schijnt er voorzichtig weer een zonnetje heb ik mij laten vertellen ;0
Tot zo! @Hlf8Live ;1
"""Vaak wordt beweerd dat regeltjes een oplossing in de weg zitten, terwijl dat helemaal niet waar is."" Resultaat: vastlopende burgers en wantrouwen naar de overheid. Goede podcast van @KustawBessems met Albert Jan Kruiter @Publiekewaarden

";0
@RiaWeerdmeester @Kaatje_30 @elzinga14 @NiemandsKnegt @JonaWalk Het gaat niet over de vraag wie, wanneer waar last van heeft gehad. Het gaat om de vraag of een maatregel effectief en proportioneel was. Maatregelen waren namelijk grondrechtenschendend en dan ligt er een zware bewijslast voor een overheid die deze wil nemen.;0
"Stiekem toch een beetje leuk: 80.000 volgers. 😎 
En met de 80.000-ste drink ik binnenkort een kopje koffie. ";1
"Tot straks! 
@Hlf8Live ";1
"'Model bepaalt wie er weg moet en wie er mag blijven. Een beslissing behoeft geen verdere motivatie dan een verwijzing naar het model. En niemand is verantwoordelijk want het was immers het model dat besloot."" Wat een armoede. Modelcratie. Systeemcratie. ";0
Kiespijn! Vorige week zat ik met @sanderlantinga  in #teamrechts van @Rutger_zelf  Vanavond Henk en Sylvana. Hannah en Sieger zitten in #teamlinks. Lekker even lachen om serieuze zaken op NPO3 om 20.25 uur. De vorige aflevering terugkijken via onderstaande link. Dat kan ook. ;1
Iets na half 8 vanavond. Kijken dus. 😊 ;1
@franktieskens Dan heeft dit alles in ieder geval nog één positief effect #steunuwlokaleboekhandel;1
Deze vandaag maar eens beiden aangeschaft. Lieve mensen, waar zijn we mee bezig? 🙁 #signofthetimes ;1
@uitdepraktijk En dit was juni vorig jaar. Moet je mij nou zien. 😈;0
Later als ik groot ben, wil ik met @DiederikBoomsma trouwen. 😊 ;1
@JantenCate @stanvoerle @eddy_terstall In welke setting bedoel je dat? Medisch onderzoek of breder?;1
Dit wil je toch kunnen! 💪 ;1
@stanvoerle @eddy_terstall @JantenCate Welk % is transman met baarmoeder? Irt als vrouw geboren mens? Wat zeg je trouwens tegen vrouwen zonder baarmoeder? Wat doe je met vrouwen die niet teruggebracht willen worden tot hun baarmoeder? Vraagt deze 'als vrouw geboren' zich af. Nu nog met baarmoeder. Maar je weet nooit.;0
@JosetteDaemen In het interview met Maxim Februari in VN waarin hij waarschuwde voor te weinig tegenmacht stond het zo: ⬇️ ;0
Over de gevaren van te ver doorgevoerde #digitalisering voor rechtstaat, democratie, en de noodzaak van bevragen van de macht. Staan aantal pareltjes van citaten van Maxim Februari in. Alleen vandaag te lezen voor iedereen. ;1
Zoals een vader.... 😔 ;1
Gezellige tv om half 8 vanavond. Kijken dus. Tot straks! 👋 @Hlf8Live ;1
"Mijn weekend begon gister goed met #teamdynamite bij A-fusion. Hier kan je mij onder begraven. #lievelings 
Goed weekend allemaal. 😘 ";1
O, ja. Iemand wees mij daarop. Ook voor @MinPres 💪;1
De eerste vragen in het artikel gaan over de juridische kanten van dit vraagstuk. Hou ik van: ❤️-juristerij. Conclusie is wel dat het niet zal meevallen voor @ericvanderburg voor zover er iemand is die anders dacht.;1
De hoeveelheid veilige landen op de wereld is ook in beeld gebracht.  ;1
Deze bijvoorbeeld. Antwoord 37 over andere delen van de keten. ;0
Complimenten voor @ewmagazinenl voor dit artikel. Zo'n beetje alles staat er in. Antwoord op de gestelde vraag is volgens mij: 'ook'. ;1
@Japked @toineheijmans Topgetal 😎;1
Loffit 😁 ;1
Op de valreep van januari dit gesprek vol troostende woorden met @jjvpeperstraten in dec/jan-editie van @HPdeTijdNL ;1
Het was heerlijk gisteravond: paar stukjes gebakken kabeljauw (aka kibbeling) en een gebakken tongetje. Ook vandaag verkrijgbaar bij uw lokale vishandel en anders eenvoudig zelf te maken. #gezond #eiwit #lekker #grillenkanook #visreclame #noordholland  #reclamevoorvis 🤗 ;1
Met Gerdi Verbeet praten over lef, kansen pakken, vrouwen, moeders, politiek en afspiegeling van de bevolking daarin. Onder leiding van  Laura Bas. #podcast ;1
"""Meer scharrel dan vis ga je het niet krijgen."" @RPlasterk Zo is dat. #vrijdagvisdag Vanavond gebakken vis, aardappeltjes en rode bieten. Nou al trek. ";1
Breek mij de bek niet open 🧐 #nadebevalling #kraamvisite ;0
Mooi interview met @MeyerRon over #armoede plus 🧵 voor kerncitaten. ;1
@zegmaarLyde Kan je je voorstellen dat je het soms  mooi vindt wat iemand zegt en soms niet? Zo gaat het in mijn leven.🙂;1
Goed weekend, lieve mensen. De zaterdag is alvast heerlijk. 🌞 ;1
Economic 😏;1
Zoals beloofd tijdens de uitzending van @Hlf8Live hier de toelichting die staatssecretaris @vivianneheijnen heeft gegeven over haar deelname aan het World Exonomic Forum. Goed dat ze het uitlegt. ;1
Tot zo bij @Hlf8Live 💪 ;1
Terechte observaties lijkt mij. Met de beste bedoelingen gaat dit heel erg mis. @laurensbuijs ;0
Dit is mooi! ;1
@HuubBellemakers Zoals bijvoorbeeld dat de kijk op de wereld van deze progressieven verlicht is en dat de anderen vanzelfsprekend een ontwikkeling zullen doormaken waardoor ze op deze verlichte kijk en bijbehorende meningen zullen uitkomen. #kloof;0
Ze hebben helemaal niet de toekomst. Ze gaan opgegeten worden. 🧐 ;0
@roosschlikker Foto én interview kunnen in een lijstje👌;1
Wat een mooie, dierbare foto van jou met je pa, @roosschlikker ;1
Goed weekend voor alle lieve mensen en zeker voor alle harde werkers zoals deze ⬇️ ;1
@DeSpeld is er niks bij 🤗 ;0
Zo is dat! ;1
Goedemorgen! 🥰 ;1
@baspaternotte Zouden ze nou in de gaten hebben hoe dit het vertrouwen in de politiek en de overheid ondermijnt? Streng en stoer doen op migratie terwijl je weet dat het juridisch onhoudbaar is.;0
@eddy_terstall Mooiboy!;1
Beste mensen van @trouw hebben jullie de brief van de @EersteKamer gelezen? ;0
Als je kind ooit het verkeerde pad opgaat, mag je hopen dat ze zo iemand treffen. Ad de Beer, jeugdofficier van justitie. #rip ;1
@Denkjewel Huilie en Mekker.... 😁 De taalvondst van dit jaar. Nou al.;1
Gisteravond rond deze tijd in Oostenrijk. Zo mooi. Je wordt er stil van. ;1
Het advies van de Adviesraad Migratie over quota en streefcijfers ;1
Gelukkig nieuwjaar, lieve mensen. Maak er wat van.🤗 ;1
"""Maak van jouw verwachting niet mijn verplichting.""  Gelukkig nieuwjaar, @guidoweijers";1
"Hoop voor #2023 🎊
We moeten het tenslotte samen doen. #conservatief #progressief #anywhere #somewhere #platteland #stad
""Wie naar een uitweg uit deze impasse zoekt, doet er om te beginnen verstandig aan niet de wens maar de werkelijkheid als uitgangspunt te nemen."" @kcsmouter ";1
Mooi interview met Roanne van Voorst in #FD dat in essentie over menselijkheid gaat. ;1
Wat blijft het toch een heerlijke film. Net nog maar weer eens een keer gekeken. De laatste scènes in de ontvangsthal van het vliegveld met al die ontmoetingen ontroert me elke keer meer.  #loveactually ;1
Zalig Kerstfeest, lieve mensen. 🎇 ;1
@TijsvandenBrink Altijd lichtpuntjes blijven zien. Dat moet. Zalig kerstfeest, Tijs. 🎇;1
"For whom does America exist? Voor wie bestaat Nederland?
Helaas geen ondertiteling. De analyse is dodelijk voor de democratische partij in VS. Met aanpassingen te vertalen naar Nederland en daarmee zeer interessant voor de middenpartijen. ";1
You know nóthing, @denkjewel. We will take what is ours with fire and blood.😊 #housetargaryen #GoT  @Hlf8Live ;1
"De Kunst van het Loslaten. Zo in @Hlf8Live 
Kijken zo! ";1
@michaelsijbom Deze kerst komt hij niet meer met zijn sleutelbos rammelend aan een riemlus het huis binnen. Met zijn grote geluid 'zalige Kars' roepend. Die gewaarwording sloeg mij dit weekend vol in het gezicht. #Rippappa;1
Morning, love. ;1
Het is vast ironisch bedoeld want column en toch komt deze boodschap ook over: in Joure en Oude-Tonge wonen blijkbaar de deplorables. Waar komt dat neerbuigende toch vandaan? ;0
@timrobbe Communicatietraining 😊;1
Zo ga je ook niet met mensen om. En dat alles om kosten maximaal te drukken. Goed dat #Schiphol dit verandert. En de kosten van betere werkomstandigheden lijken ze ook eerlijk te gaan verdelen. Komt het dan toch nog goed? 🙏 ;0
Even lachen, mensen. Hebben we nodig. 😁 ;1
🧡 ;1
Bloeddruk door het dak heen. Zwaar gefrustreerd. En een maagzweer. Ik ben niet geschikt voor WK's. Zeker niet voor penalties. #NEDARG;0
Het artikel van @Tijmenwisman en mij over de materiële grondwettelijke begrenzing van de macht van de overheid staat in deze bundel van @WIvoorhetCDA over de lessen te trekken uit de coronatijd. ;1
De Grondwet begrenst de macht van de overheid en beschermt burgers tegen deze macht. Met @Tijmenwisman beschrijf ik wat een inhoudelijke grondrechtentoets van overheidsmaatregelen inhoudt. En wat dat betekent voor de nieuwe epidemiewet. #wpg ;1
Nog een paar minuten en dan begint het. Tot zo! @Hlf8Live ;1
Jammer, @Japked Te laat! #kat #baissie ;0
Ik kan hier ademloos naar blijven kijken 💙 ;1
"""Ik zou niet weten waarom je hen geen held mag noemen. Door ze zo'n eer te onthouden, bagatelliseer je alsnog hun morele moed. Terwijl juist die ons stil en beschaamd zou moeten maken."" Ware woorden van @ElmaDrayer over #verzetsheld in @volkskrant ";1
"Mijn lievelings. Songbird. #RIP @christine_mcvie
";1
Basketbal ook. ;1
Voetbal is eigenlijk gewoon ballet 😁 ;1
"Ruim vijf jaar geleden ontmoette ik haar. Mooie, sterke Ina Pronk-Van der Loo. Ze stond model voor het beeld van de vissersvrouw dat nog steeds op Scheveningen over de zee uitkijkt. Gisteren is ze begraven. Rust in vrede. 🙏 
Het hele filmpje -&gt; ";1
"Op de drempel van het weekend de dag doornemend bij @Hlf8Live 
Tot zo! ";1
Heb je om 14 uur tijd dan hier  de link ;0
Voor mensen die geïnteresseerd zijn in een genuanceerd draadje over #cbdc #digitaleeuro lees deze 🧵 van @mrtbollen  ;1
Morgenmiddag in de Tweede Kamer een interessant debat over een publieke digitale munt. Hier alvast een schot voor de boeg door @MahirAlkaya een van de smaakmakers op dit onderwerp ;1
Begin is goed. Fijn weekend, lieve mensen. #toppers ;1
Er wordt sneeuw verwacht dit weekend. Beter. 😁 ;1
"@wierdduk ""Unsere Mütter, unsere Väter"" is een serie die ook over de diepe ellende van oorlog gaat. Een 'must-see' in mooi Nederlands.";1
"Tot zo! 
@Hlf8Live ";1
"""Op gepaste manier juichen."" Hoe doe je dat eigenlijk? 

Goed weekend, lieve mensen. 🤗 ";1
Column uitgesproken tijdens deelsessie Markt met moraal van @cda_bc ;1
@vanveeelen Een soort 'Amerikanen lopen niet' maar dan over Rotterdam? In dat geval: koopt dat boek! 😊;1
Het knellende korset van de juiste mening. ⬇️ ;1
Het belooft een heerlijk weekend te worden. De vrijdagavond is al vast een plaatje. ;1
Ik vind #kalenderlandbouw vreselijk. Moet ik nou ook iets gaan bekliederen? ;0
Om half 8 dus bij @Hlf8Live Tot zo! ;1
Realiteitscheck door Martin Sommer. ;1
Goed weekend, lieve mensen. 🤗 ;1
@SjoerdvanHoorn Op zichzelf is het goed om te presteren, beter te worden in wat je doet. Het probleem ligt in het alles kwantificeerbaar maken, in rapportageverplichtingen waardoor je werk teruggebracht wordt tot meetbare doelen. Terwijl de keuze voor je vak vaak anders gemotiveerd is.;1
Hij kan er gelukkig zelf ook om lachen. 😁 ;1
@SplinterChabot Plaatje!;1
Fijne avond, mensen 😁 ;1
"Het ongemak dat je voelt bij ""effectief altruisme"" perfect onder woorden gebracht door @JosetteDaemen 👌 ";1
@m_neuteboom @MarijseKlink Mooi, Maarten. Hoopvol.;1
De hamvraag van dit deel vond ik wat hij dan met zijn onderbroeken en sokken doet. Maar ja, ik ben een moeder van vijf zonen. #tmi 🤗 ;1
Om half 8 ben ik bij @Hlf8Live met @leonieterbraak en Ronald. ;1
Tijdens het congres Pandemische Paraatheid sprak ik deze column uit. Over maakbaarheid, ratio en rigide beleidssystemen. ;1
Heerlijk dit 😁 ;1
Verdrietig nieuws ;0
@sypwynia Soort nieuwe definitie. Populist is iemand die vraagtekens zet bij door meerderheid geaccepteerd overheidsbeleid bv inzake klimaat, stikstof, migratie. Deze persoon woont vaak buiten de randstad.;1
"""Mensen werden ziek van corona, zeker. Maar ook van de maatregelen."" 
Bezint eer ge verder gaat.
";0
@baspaternotte @MiesjeB En toch... In gezouten roomboter met veel peper gestoofde kabeljauwhaasjes kan eigenlijk niet anders dan beter zijn. ;0
"Ze deed het gewoon even! Over de 20 meter. Europees kampioen! Jessica Schilder. 

";1
@peterstam Aardige bries. 🤗 ;1
Het was een heerlijke dag, mensen. #markermeer ;1
Gistermiddag hebben wij onze Jan Keijzer (Tok) begraven. Dank voor alle lieve woorden en gebaren. Zeer gewaardeerd. ;1
Mijn sterke, goede vader is niet meer. Rust zacht, pa. Wat zal ik je missen. ❤️ ;1
Kijk nou eens. Hoe leuk is dat! #lintje #ridder ;1
Burgerplicht verricht #democratie #volksvertegenwoordiging  #lokaalbestuur @depet ;1
Jaaa! Eindelijk weer! Twee van de laatste kaartjes gekocht. @hetpark ;1
Vandaag ook voor mensen van buiten Amsterdam nog één keer op het beste #raadslid van Nederland stemmen. Vanaf maandag t/m woensdag alleen voor Amsterdammers. 😏 #grijpjekans #boomsmamoetdoor   ;1
@martinvisser Er is altijd hoop en troost. Inspiratie genoeg. Vooral de goede daden van gewone mensen. Maar voor mij ook de schoonheid van dit: ;1
Ongeacht welke partij je stemt, @DiederikBoomsma is gewoon het beste #raadslid. Hij steunde ook #onverdeeldopen dus steun hem nu hier ⬇️ ;1
@TomKorporaal Zeker niet!;1
"Beetje laat getweet. Ik weet het. Maar ik liep vanmiddag buiten. Moet je zien -&gt; 💙 ";1
"Hier -&gt; ";1
"Waarom hielden zoveel wetenschappers hun mond over lockdowns? ""It is a professional liability to take a strong stand on a controversial issue. Being silent is safe.""  ";0
Bruce pakte de hoofdrol tijdens de dank-je-wel-lunch om @mariannezw  te bedanken voor haar raad en daad ten faveure van #onverdeeldopen ;1
@ellenzandink @JonaWalk @VierdeGolf Dat is gebeurd.;1
Je denkt @DeSpeld te lezen... ;0
Heel veel mensen vroegen aan mij hoe het zit met de Europese coronapas. Hier ;1
Over mission creep, function creep, qr-code en hoe de digital identity wallet misschien wel goed is voor de regering en het grootbedrijf maar zeker niet automatisch ook voor een vrije samenleving. @DeGroene ;0
Bij @BeauRTL over de Grondwet, grondrechten en waarom je daar zuinig op moet zijn. ;1
Lees deze analyse van @huibmodderkolk aub van begin tot einde. Ik kan namelijk niet kiezen welk citaat het beste is. #onverdeeldopen #welkesamenlevingwillenwij ;1
"Vanavond ben ik te gast bij @BeauRTL om te praten over het moment waarop écht de coronapas van tafel is en waarom dat moet.

Al getekend? 
Zo niet -&gt; ";1
"Schaf het coronatoegangsbewijs per direct af, zeggen @BijlDick en Jasper Bovenberg. ""Grondrechten zijn geen stukken worst en mensen zijn geen honden.""
";0
Wie zou er ook graag van @ministerVWS en @MinPres horen wat nu precies het dempende effect van 3G op de virusverspreiding en ziekenhuisopnames is?   ;1
"Dank je wel, @PvdA @attjekuiken 💪
Weet dat 3G ook een zeer beperkt effect heeft op verspreiding van het virus en dus op ziekenhuisopnames. Van 3G willen we dus ook nog af. 
Wanneer jij dat ook vindt, teken dan onze petitie op ";1
Over een paar minuten bij @Hlf8Live over ;1
"Er wachten nog flink wat ondertekeningen op bevestiging.  Kijk je ook nog even in je mail? 🙏
#dank 
";1
Inmiddels bijna 600.000 ondertekeningen. Dank voor alle steun tot nu toe! Wanneer de gele lijn doorzet bereiken we vandaag mogelijk de 750.000. Wil je ook meedoen teken dan via: ;1
"Interview van @trouw met mede-initiatiefneemster @JonaWalk
Wil je met ons de samenleving weer #onverdeeldopen kijk dan op ";1
Dit is het moment om na te denken over de toekomst. Spreek je samen met ons uit voor een onverdeelde samenleving waar deelname niet afhankelijk is van een gezondheidspas. Doe je mee? Sluit je aan bij onze coalitie. ;1
Samen met Ronald Meester, @JonaWalk @devierdegolf en vele anderen #onverdeeldopen gelanceerd. Dank voor alle bijval en steun tot nu toe. Voor meer info: ;1
"Hier het interview in @trouw van afgelopen week. ""Denk niet dat je een virus stuk kunt hameren. Wat je stuk hamert, zijn vooral de andere dingen die ons altijd dierbaar zijn geweest."" ";1
"Ze rekenen dus met oude data die bij de delta-variant horen? Mijn hemel.... 
Wordt het trouwens niet eens tijd om de modellen en de gebruikte data openbaar te maken zodat andere wetenschappers de bevindingen tegen het licht kunnen houden? ";0
"""Hoe gewoner je bent, zo lijkt het, des te kleiner de kans dat je iets mag. De meeste mensen zíjn helaas gewoon, en zo wordt het middenveld naar de flanken gedreven."" @danielahoogh ";0
Gesprek van afgelopen week bij @op1npo met @ArmandGirbes en Elnathan Prinsen van @psychiaters over #corona #jeugd #jongeren #ondernemers #grondwet #ziekenhuiszorg ;1
Heerlijk moment ❤ ;1
Alles afwegend zal ik niet nu alsnog toe treden tot de Tweede Kamer maar een actieve, onafhankelijke rol spelen in het publieke debat over corona omdat ik meen dat ik daar meer van betekenis kan zijn. Ik vraag jullie om met mij te werken aan veranderingen ten goede. ;1
Hier de link naar het gesprek dat ik 29 december had over het coronabeleid, 2G en wat het met onze samenleving doet. ;1
"Om 20 uur zijn er gesprekken van @nieuwskamernl in De Balie over ""Jong zijn in 2021"". En wat er nodig is in 2022. Ik ben erbij. Meekijken via ";1
Zalig Kerstfeest 💛 ;1
De ellende als gevolg van de coronamaatregelen voor jongeren is niet te onderschatten. Op woensdag 29 december 20 uur is dit onderwerp van gesprek bij De Balie. Ik ben erbij. ;1
@daphartmann @adewolff Ik 🤗 ;1
"Vanmiddag langs de dijk, Volendam.
#10000stappen
Zorg goed voor elkaar en zorg goed voor jezelf. ";1
"""Herbezinning op corona noodzakelijk""  ";1
Dat begrijp ik goed, @michelrog Verdrietig om ook hier weer te zien hoe het coronabeleid de tegenstellingen voedt. Haarlem verliest een oprecht en betrokken bestuurder. ;0
Wat een mooie dag 💙💚💛 #10000stappen ;1
Vandaag 27 jaar geleden werd op mijn 26e verjaardag de lieverd geboren die mij tot moeder maakte. #taart #feest #tompouce #dubbeldekker ;1
Een smoking huren voor een zoon en dan dit cadeautje in je handen gedrukt krijgen. Dank je wel, Daniëlle van ;1
"We gaan de FM-vergunningen van @skyradio101fm, @538, @QmusicNL, en @radio10nl met drie jaar verlengen tot en met augustus 2025. Binnenkort start de internetconsultatie waarin de verlengingsprijzen worden vastgelegd.

";1
"PowerD en Ebusco 3.0 zijn de winnaars van de Automotive Innovation Award 2021. Proficiat!

PowerD won met een slimme laadoplossing voor wagenparkbeheerders, en Ebusco 3.0 met een elektrisch aangedreven bus. Op naar een duurzame, en slimme toekomst 🚘

#NLinnovatief ";1
"Bekijk een selectie van belangrijke investeringen op het gebied van onze economie.

Nieuwsbericht: ";1
"Zonder goed beroepsonderwijs en #vakmanschap kunnen onze maatschappij en economie niet goed functioneren. Toptalenten Ynola (kapper), Esmé (schoonheidsspecialist) en Rik (bloemaccessoire) hebben mij vandaag gestyled. 

Vakmensen met gouden handen👌🏻

#Prinsjesdag2021 ";1
"Vandaag bezocht ik Matix in Volendam. Hier ontwerpen en produceren ze souvenirs en gifts voor een kleine 1000 souvenir- en museumwinkels. Hier merken ze de gevolgen van corona nog elke dag. We blijven in gesprek met elkaar.
#trotsopondernemers ";1
Deze vrouwen inspireren door de weg vrij te maken voor veel vrouwen in het bedrijfsleven 👊🏻;1
"Waardevolle gesprekken met vrouwelijke topondernemers en voorzitter SER Topvrouwen, Marguerite Soeteman-Reijnen.

Diversiteit leidt tot betere teams, betere resultaten en daarmee een betere economie. Wij spraken over hoe we dit kunnen bereiken. ";1
"@ZihniOzdil @ewmagazinenl Daarbij zijn alle wijzigingen bespreekbaar, ook het compleet afschermen van adressen waar dat mogelijk is binnen EU-regelgeving. Nog dit najaar sturen we dat naar de Tweede Kamer zodat we het kunnen hebben over hoe het anders moet.
^CE";1
@ZihniOzdil @ewmagazinenl Het Handelsregister is toe aan een update, zodat het rechtszekerheid biedt en privacy beter waarborgt. Staatssecretaris Mona Keijzer werkt daar nu aan in de vorm van de Datavisie. De voor- en nadelen, inclusief consequenties zet ze nu op een rij.;1
"Mijn gedroomde toekomst voor vrouwen, is een toekomst waarin we ons niet meer hoeven af te vragen waar de vrouwen zijn.  
Het vrouwelijk perspectief is onmisbaar 👊🏻 

Volg de Prinsessendag livestream: ";1
Er zijn veel vrouwen met kleine banen die graag meer zouden werken. Hier valt nog een wereld te winnen. Hierover vertelde ik tijdens het event #Prinsessendag ;1
Jaarlijks wordt 1 op de 5 bedrijven in NL slachtoffer van een cyberaanval. Soms met grote gevolgen. Daarom zetten we ons in om het bedrijfsleven digitaal weerbaarder te maken. Het @DTC_NL begint met actief informeren van bedrijven over digitale dreigingen. ;1
"Ik kijk terug op een goed #CDAcongres met aan het einde van de dag een inspirerende speech van @WBHoekstra Lees hier de speech -&gt;  ";1
"Weet dat de evenementensector nadrukkelijk aan de orde komt aanstaande dinsdag wanneer een nieuw besluit genomen gaat worden. Iedereen ziet het belang daarvan en ziet zeker ook alle mensen in deze prachtige sector. 

#UnmuteUs";1
"Beste festivalliefhebbers, 

Of je nou voor, achter of op het podium staat, iedereen wil weer genieten van al het fraais wat deze sector heeft te bieden. Het is daar ook de hoogste tijd voor. Het dilemma voor het kabinet is hoe je dat verantwoord kan doen. ";1
Foto van fotografen #cdacongres ;1
"Op de ONE Conference komt de internationale cybergemeenschap bij elkaar. Dit jaar vindt de conferentie plaats op 28 en 29 september. Iedereen is welkom om online deel te nemen. 

Schrijf je in ⤵️

";1
"Ben jij klaar voor de grootste techbeurs #CES2022 ter wereld?

Nederlandse innovatieve groeibedrijven gaan in januari 2022 de wereld laten zien wat we te bieden hebben. Start-ups en scale-ups kunnen zich tot 10 september aanmelden.

Doen 👊🏻

";1
@bartroovers81 hebben. En het geeft ruimte om te blijven investeren in bijvoorbeeld gezondheidszorg, onderwijs en maatregelen tegen klimaatverandering. Zie ook: ;1
@bartroovers81 Het Nationaal Groeifonds investeert samen met initiatiefnemers in projecten die zorgen voor economische groei op langere termijn. Daar plukken wij uiteindelijk allemaal de vruchten van. Want economische groei zorgt voor meer inkomen, zodat wij met zijn allen meer te besteden 1/2;1
"Quantum is een veelbelovende technologie die ons banen, inkomsten en nieuwe uitvindingen gaat opleveren. 

Om die reden heeft het kabinet eerder 615 miljoen euro uit het Nationaal Groeifonds toegezegd aan @QuantumDeltaNL. 

Een voorbeeld ⤵️ ";1
"🇫🇷 en 🇳🇱 gaan intensief samenwerken aan quantumtechnologie. 

Dat hebben @Cedric_O en ik bekendgemaakt in Parijs. Samen leggen we de basis voor een Europees quantumecosysteem dat onze landen banen, inkomsten en innovatie oplevert.

Nieuwsbericht ⤵️

";1
@IngeJusta Beste Inge, met 'crowd control' bedoelen we 5G-toepassingen die o.a. in de Johan Cruijff ArenA worden getest. Dit is voor de veiligheid bij grote evenementen, ook bij incidenten. Bekijk dit tv-fragment: ;1
"Heb je als ondernemer vragen over het coronavirus en ondernemen?
 
Kijk op ";1
"Medewerkers van de @RVO_Nederland die de TVL uitvoeren zitten dagelijks klaar om ondernemers te beantwoorden en hen te adviseren. Dankbaar voor al het harde werk dat ze de afgelopen maanden hebben verricht om zoveel mogelijk ondernemers te helpen. 

📰 ";1
Eten bij De Lindenhof. Wandelen ipv varen in #giethoorn en daarna de vesting lopen in het mooie #steenwijk. Lekker weg in eigen land. #nederlandheeftalles ;1
@Riemenserik @KVK_NL hiervan doen bij ConsuWijzer: ;0
@Riemenserik @KVK_NL Beste Erik, bedrijven en goede doelen mogen je alleen nog bellen om iets te verkopen of om te vragen om een donatie, als je toestemming hebt gegeven. Of als je klant of donateur bent (geweest). Je mag niet ongevraagd gebeld worden. Gebeurt dit toch, dan kun je een melding 1/2;0
@Edward83124502 hiervan doen bij ConsuWijzer: ;1
@Edward83124502 Beste Edward, bedrijven en goede doelen mogen je alleen nog bellen om iets te verkopen of om te vragen om een donatie, als je toestemming hebt gegeven. Of als je klant of donateur bent (geweest). Je mag niet ongevraagd gebeld worden. Gebeurt dit toch, dan kun je een melding 1/2;0
"Het is belangrijk dat we niet alleen op nationaal niveau blijven investeren in digitale veiligheid. Meer internationale samenwerking is nodig om cybercriminaliteit terug te dringen. 

Interview met het Italiaanse @skytg24 bij #G20Italy ";1
"@JetWandelaar Meer over de plannen om samen met het bedrijfsleven digitalisering te versnellen (maar de risico’s niet uit het oog te verliezen) vind je hier:

";1
@JetWandelaar Dat kunnen nieuwe technologische diensten of producten zijn (bijvoorbeeld wanneer bedrijven data delen) of bijvoorbeeld procesoptimalisatie door slim gebruik van data. ^NS;1
@HansAckerNY Het gaat hierbij over data-uitwisseling (datastromen), onder veilige voorwaarden. Met bescherming van onder meer veiligheid en privacy. ^NS;1
"Ook het mkb moet de kansen kunnen pakken van digitalisering. Dat wil ik vandaag benadrukken op de #G20 in Italië.

De thema's zijn onder andere digitale veiligheid, datatransparantie, privacy &amp; AI ⤵️

";1
Broek in Waterland is politie dankbaar ;1
@Wietsebodde Dat is niet mijn bedoeling, Wietse. Integendeel.;0
"Het kabinet verlengt het verbod op eendaagse evenementen zonder vaste zitplaats tot 1 september. Kleinschalige evenementen in de buitenlucht zonder vaste zitplaats zijn per 14 augustus met maximaal 750 bezoekers toegestaan.

Nieuwsbericht: ";0
Dit ook #eenpracht #era ;1
Het is een pracht #hermanvanveen ;1
"Organisatoren hebben nu duidelijkheid nodig. Dit blijft natuurlijk ontzettend zuur voor alle organisatoren en hun bezoekers.  

";0
"Vandaag hoorde ik heftige verhalen van ondernemers uit Valkenburg. Het is niet mals hoeveel impact de overstroming heeft, ik wens ze heel veel sterkte. 

Het kabinet ontwikkelt een vangnet voor niet-gedekte schade van de overstroming ⤵️

";1
Bijna vakantie. Mijn stapel boeken ligt klaar. ;1
Een mijlpaal voor de Europese én de Nederlandse ruimtevaart! Hiermee laten we weer onze sterke internationale positie zien in het ontwikkelen en realiseren van innovatieve instrumenten voor de ruimtevaart. ;1
👍🏼 ;1
@buyszitcomfort Wat met deze wijziging is vastgelegd, is dat de openingstijden waar de winkelier in het contract mee akkoord is gegaan, vervolgens niet eenzijdig door anderen kunnen worden gewijzigd. ^MV;1
"@MPC_online @hugodejonge @GGDGHORNL De GGD heeft het dringende verzoek om de 2e vaccinatie niet bij de bus te halen. Dit om te voorkomen dat het bij de prikbus te druk wordt voor mensen om hun 1e prik te halen. 

Plan je 2e vaccinatie bij voorkeur hier in of bel met 0800 - 7070 ⤵️

";0
"@MPC_online @hugodejonge @GGDGHORNL Het gaat om de 1e prik van BioNTech/Pfizer of in het geval van Janssen de enige prik.

Als je al een prik hebt gehad verzoek ik je via de reguliere weg de 2e prik te regelen.

Meer ⤵️

";0
"De prikbus maakt het nog makkelijker een prik tegen corona te halen. Ook in Volendam. Daar nam ik samen met minister Hugo de Jonge een kijkje bij het hardwerkende prikteam. 

Je kan hier zonder afspraak terecht voor een prik ⤵️

";1
De Eerste en Tweede Kamer hebben voor de wetswijziging Winkeltijdenwet gestemd. Winkeliers zijn straks alleen aan openingstijden gebonden, als zij daar zelf uitdrukkelijk mee instemmen. Daarmee worden winkeliers zoveel mogelijk beschermd tegen gedwongen winkelopenstelling. ;1
"We steunen ondernemers waar nodig. Daarom maken we extra geld vrij als evenementen afgeblazen moeten worden vanwege de coronamaatregelen. Er komt ook een oplossing voor ondernemers in de evenementenbranche die tussen wal en schip dreigen te vallen.  

";1
“Het is zo’n verdomd klein bootje, dat je goed moet mikken om er in te stappen.” 😁 Hans Dorrestijn bij @omroepmax #alleenopeeneiland;0
"Ruim 1.300 bedrijven en zelfstandigen hebben de TVL voor startende ondernemers aangevraagd. Tot nu toe is 7 miljoen euro toegekend en uitbetaald. Deze regeling is voor ondernemingen die tussen 1 oktober 2019 en 30 juni 2020 zijn gestart.

Nieuwsbericht: ";1
Een Nationaal Icoon! ;1
"Wat hebben de ROM’s in 2020 bereikt? ⤴️

Meer over de oprichting: ";0
Samen met @MRAsamenwerking, regio Noord-Holland Noord en @ProvincieNH werken we aan de oprichting van een ROM voor innovatieve ondernemers uit de regio. Zo hebben ondernemers, bij groen licht van de Eerste en Tweede Kamer, in heel NL toegang tot advies en kapitaal van hun ROM. ;1
"Ons kleine land zit vol met grote verrassingen. In elke provincie vinden we een schat aan geschiedenis, cultuur, natuur en streekproducten.  

Bas Smit en Nicolette van Dam hebben de allerbeste tips opgeschreven in hun boek ‘Nederland heeft Alles’ ⤵️

";1
Precies: Nederland heeft alles. Hier moet je zijn. 🇳🇱👌🏼 ;1
"Bij het overgrote deel van de evenementen gaat het nu goed. Daarom roep ik iedereen op Testen voor Toegang serieus te nemen en je aan de voorschriften te houden. 

We moeten dit met zijn allen doen.";1
"De uitgaanssector heeft een zware periode achter de rug. Heel goed dat de dansvloer weer open is, mede dankzij de inzichten van Fieldlab Evenementen en Testen voor Toegang 👯‍♀️

Meer informatie over Testen voor Toegang ⤵️

";1
Op weg naar Duitsland voor staatsbezoek zie ik dit filmpje. Wat wonen we toch in een mooi land.❤️ Gelukkig mogen buitenlandse toeristen stapje voor stapje hier ook weer mee komen genieten. ;1
@JosVranken Wauw, Jos! Kippenvel. Ons mooie land wel heel fraai weergegeven. Prachtig.;1
"Op 21 juli gaat de European Robotic Arm (ERA) de ruimte in naar het International Space Station (ISS). Het is een grotendeels Nederlandse innovatie. Ik ben trots op de sterke keten van ingenieurs &amp; bouwers die dit samen tot stand hebben gebracht. 🦾👩🏽‍🚀 🇳🇱 
#NLinnovatief ";1
Het is belangrijk dat bedrijven zich uit de coronacrisis kunnen investeren. Daarom geeft het kabinet sinds kort hogere staatsgaranties bij achtergestelde leningen. Mooi dat de banken en ABP de handen ineen slaan om hiermee midden- en grootbedrijven te ondersteunen. ;1
@adriaankeij aan moeten doen. Als bedrijven zich niet aan de regels houden kan de ACM daartegen optreden. Zij kunnen een bedrijf dat de regels overtreedt bijvoorbeeld een boete opleggen. Je kunt een melding maken via ;0
"@adriaankeij Beste Adriaan, meld het bij ACM ConsuWijzer, het consumentenloket van de Autoriteit Consument &amp; Markt (ACM), als je denkt dat een bedrijf zich niet aan de regels houdt.. Een melding helpt de ACM om te zien welke bedrijven zich niet aan de regels houden. En waar wij iets 1/2";0
"📵 Krijg je ongewenste telefoontjes van telemarketeers? Per 1 juli gaat de nieuwe Telecommunicatiewet in. Je mag alleen nog gebeld worden als je daar toestemming voor geeft.

";0
Ik heb grote bewondering voor de veerkracht en creativiteit die ondernemers in deze zware tijd hebben getoond. Met de TVL hebben we duizenden ondernemers geholpen om de eindstreep te halen. Ik ben blij dat het perspectief voor ondernemers nu steeds beter wordt. ;1
"Onlangs sprak ik ondernemers uit het #ondernemersdenkenmee panel die getroffen zijn door het coronavirus.
We blijven de komende maanden met  panelleden in gesprek gaan over allerlei onderwerpen waar ondernemers in hun dagelijkse praktijk mee te maken hebben. ";1
"Nu de economie sneller opent, kunnen bedrijven meer omzet draaien. Het kabinet past het steunpakket daarop aan. Na 30 september 2021 stopt de steun. Bij grote nationale sluitingen kan nieuwe steun worden overwogen.

Nieuwsbericht ⤵️

";1
"Ondernemers die zeiltochten organiseren met eigen zeilschepen van 50 jaar of ouder kunnen vanaf 29 juni 12.00 uur een aanvraag doen voor aanvullende steun voor de onderhouds- en herstelkosten van deze historische schepen.

Nieuwsbericht ⤵️

";1
"Vanavond ben ik bij @nieuwspoort om te spreken over hoe we ons de crisis uit kunnen innoveren en investeren. Kijk om 19 uur live mee ⤵️

";1
Ondernemers vormen het kloppend hart van onze steden en economie. Ben dan ook opgelucht en blij dat op 26 juni de economie verder open gaat. Bijna alles kan op anderhalve meter en meer is mogelijk met coronatoegangsbewijzen. Belangrijk moment voor onze ondernemers en samenleving. ;1
"De Tegemoetkoming Vaste Lasten voor het tweede kwartaal (TVL Q2 2021) is vanaf 25 juni 08.00 uur aan te vragen. De regeling is voor ondernemers die geraakt zijn door de maatregelen om de verspreiding van het coronavirus te voorkomen.

Nieuwsbericht ⤵️

";0
Nieuwsbericht: ;1
Proficiat Kink, @QmusicNL, @TalpaRadio, @radiomarianl, Sublime en Terrestial: zij hebben meegedaan aan de landelijke veiling van frequenties voor digitale radio en succesvol ruimte verworven. Digitale radio zorgt voor beter geluid en een uitgebreider aanbod. ;1
@buyszitcomfort Beste Pieter, het wetsvoorstel tot wijziging van de Winkeltijdenwet is met algemene stemmen aangenomen. Dat betekent dat alle 150 Kamerleden voor hebben gestemd. Op dit moment ligt het wetsvoorstel bij de Eerste Kamer. De behandeling daarvan is tot 29 juni aangehouden. ^AH;1
"Transparante informatie vóór consumenten en goede geregelde aanleg van nieuwe infrastructuur. Dat gaan we regelen door de telecommunicatiewet te moderniseren. 

";1
"Meer informatie via @IndustrySmart ⤵️

";1
"Zojuist ontving ik met Tsjechische minister @KarelHavlicek_ een kansrijke actieagenda voor het versterken van de samenwerking binnen de industrie van onze landen. Met de focus op Smart Industry, Smart Mobility &amp; Aerospace voor een competitief  en duurzaam Europa. ";1
"Niet gezien gisteravond? Alsnog doen. Prachtig en ontroerend. 
Bekijk Reizen Waes: IJsland op  ";1
"Nederland zet een grote stap. Op 26 juni kan bijna alles op anderhalve meter. 

Op naar een mooie zomer ☀️🏖

";1
#10000stappen #goedweekend ;1
"@Classicon2 Met 'crowd control' bedoel ik 5G-toepassingen die oa in de Johan Cruijff ArenA worden getest. Dit voor de veiligheid bij grote evenementen, ook bij incidenten. 

Bekijk dit tv-fragment:
";1
"De subsidieregeling voor evenementen bij annulering is vanaf 18 juni geopend. De regeling staat garant voor 80% van de gemaakte kosten bij annulering vanwege coronamaatregelen van de Rijksoverheid vanaf 1 juli 2021. 

Meer informatie ⤵️

";1
Dit doen we door te blijven investeren in onze scale-ups. Nederland huisvest op zes landen na de meeste scaleups van Europa. Met Amsterdam als nummer 8 in het lijstje met grootste scaleup-steden van Europa. We need to think big 💪🏼 Op naar de top 🚀;1
Inspirerende conferentie met @cedric_o en andere Europese collega’s tijdens het @VivaTech hybride event. Samen bundelen we onze krachten en gaan we zorgen voor een gezond en krachtig Europees Tech Ecosysteem. ;1
@SpacecourtPlant Met 'crowd control' bedoelen we 5G-toepassingen die o.a. in de Johan Cruijff ArenA worden getest. Dit is voor de veiligheid bij grote evenementen, ook bij incidenten. Bekijk dit tv-fragment: ;1
@Rigong3 Daar vind je op de website van Fieldlab Evenementen meer informatie over: ;1
Ik sprak de groeifondsprojecten AiNed (@NLAICoalitie) en @QuantumDeltaNL waar bedrijven en onderzoekers pionieren op het gebied van kunstmatige intelligentie en quantumtechnologie. Zo werken we met het Nationaal Groeifonds aan economische groei en werkgelegenheid van de toekomt. ;1
De eerste diploma’s Erkend Financieringsadviseur mkb zijn onlangs uitgereikt. Een belangrijk moment voor mkb-ondernemers en financieringsadviseurs. Dit zorgt ervoor dat ondernemers gemakkelijker de juiste adviseur kunnen vinden voor het realiseren van hun financieringsplannen. ;1
"Een mooi moment om wederom te pleiten voor meer vrouwen in de techniek. Aan alle #powervrouwen: de technische branches kunnen niet zonder jullie!

Deze resultaten zijn zojuist bekend gemaakt tijdens het jaarlijks online event #TechniekPact.

";1
"Een lichtpunt: het aantal vrouwen op de technische arbeidsmarkt neemt voorzichtig toe.  

👩🏼‍🔧🆙 Het aantal vrouwen met een technisch beroep steeg van 201.000 in 2018 naar 226.000 in 2020. ";1
"In goed gezelschap genieten van een mooi festival of naar een goed concert. Binnenkort kan het weer. Vanaf 30 juni kan elk evenement met toegangstesten doorgaan.

Op naar een mooie zomer ☀️💃

";1
"Goed nieuws voor ondernemers en zzp’ers in deze branche en voor iedereen die er, net als ik, enorm aan toe is van een evenement of concert te genieten. Met dank aan de inzichten van Fieldlab Evenementen, veilig en verantwoord worden georganiseerd.

";1
Met coronatoegangsbewijzen mogen vanaf 30 juni evenementen met 100% van de bezoekerscapaciteit worden georganiseerd. Per 29 juli zijn meerdaagse evenementen toegestaan. Dat heeft het kabinet besloten na onderzoek van Fieldlab Evenementen. ;1
"Voor veel ondernemers en hun klanten zijn de versoepelingen een verademing. Bij @VanMosselGroep sprak ik ondernemers over de stand van zaken én er was even tijd om weg te dromen... 🏎

Succes heren 💪 ";1
"Vandaag is Jo-Annecy 'de baas van morgen' op het ministerie. Mijn opdracht voor haar: help mij meer meiden voor techniek te laten kiezen 🔧💪

#baasvanmorgen @JINC 

";1
Zeker in een economische crisis is doorgaan met innoveren van groot belang om weer te kunnen groeien. Het is bewonderenswaardig om te zien dat ondernemers in 2020, ondanks het loodzware jaar, meer plannen hebben gemaakt om te innoveren met hulp van de WBSO. ;1
Politiek, debatteren, sport, ontmoeting, hoe formeer je een kabinet  en gewoon leuk. Aanmelden voor vrijdag. @cdavandaag ;1
"Meer informatie over het Nationaal Groeifonds ⤵️

";1
Investeren in technologieën van de toekomst is belangrijk voor duurzame economische groei. Bij @tudelft sprak ik ondernemers en onderzoekers die binnen het project GroenvermogenNL samenwerken aan de mogelijkheden van waterstof. Dit doen ze met steun van het Nationaal Groeifonds. ;1
#ROM @HorizonFlevo is op deze zonnige dag gelanceerd. We bundelen onze krachten met provincie Flevoland door samen 16 miljoen euro te investeren in Flevolands ondernemerschap. Dat zorgt voor meer innovatie en bedrijvigheid, en levert ook banen op. Een mooi begin van deze week 💪🏼 ;1
"Terugkijken ⤵️

";1
Sinds afgelopen weekend kan er weer meer. Onder andere cafés, bioscopen en musea openden onder voorwaarden hun deuren. Voor veel ondernemers en hun klanten een verademing. Bij @WNLVandaag sprak ik over de versoepelingen en de laatste stappen van het openingsplan. ;1
"In goed gezelschap weer naar een restaurant. Of genieten van een mooie rondvaarttocht. Vanaf morgen kan het gelukkig weer. Ben blij en hoopvol gestemd nu dit moment voor onze ondernemers en samenleving is aangebroken. 

Meer informatie: ";1
"De kamer heeft een brief ontvangen over de voortgang van het Digital Trust Center. Nieuw is dat we actiever bedrijven willen kunnen informeren bij een specifieke dreiging. Dat gaan we samen met het Nationaal Cyber Security Centrum doen. 

Lees de brief ⤵️

";1
@AX0_io Vervelend dat je eerdere aanvragen zijn afgewezen. De startersregeling is sinds gisteren, 31 mei, geopend. Mogelijk kom je wel voor deze regeling in aanmerking. Meer informatie over de voorwaarden en aanvraag: ;0
"Voor startups is het vanaf vandaag makkelijker om talent naar Nederland te halen. Het kabinet start een pilot waarmee startups hun personeel in aandelen mogen uitbetalen. Daarmee kunnen startups personeel met de juiste expertise aantrekken.

Doe mee: ";1
"Ondernemers die tussen 1 oktober 2019 en 30 juni 2020 zijn ingeschreven bij de Kamer van Koophandel kunnen een aanvraag indienen voor steun bij het betalen van hun vaste lasten. 

Meer informatie: ";1
"Meer informatie ⤵️

";0
Het nieuwe innovatieprogramma @HorizonEurope1 start binnenkort. Er is in totaal 95,5 miljard euro beschikbaar. Voor innovatieve ondernemers veel kansen om samen te werken met toponderzoekers, nieuwe producten of diensten te ontwikkelen en hun internationale ambities waar te maken;1
Samen met @ivanengelshoven ontving ik Eurocommissaris @GabrielMariya in Eindhoven. We spraken over wat onze ondernemers en onderzoekers hebben gehad aan EU-innovatiesubsidies de afgelopen jaren. Met mooi voorbeeld @PhilHumans dat AI een plek geeft in de zorg van de toekomst. ;1
@RoelSalden In Limburg schijnt altijd de zon. 😊;1
@corneli83600728 Hier nu ook gelukkig. ☀️☀️☀️☀️☀️☀️;1
"Vanaf 5 juni zetten we een nieuwe stap vooruit en gaat de economie weer een stukje verder open. Belangrijk nieuws voor onder andere restaurants, cafés, bioscopen en theaters die nu weer onder voorwaarden aan de slag kunnen.

Nieuwsbericht ⤵️ 

";1
"Stapsgewijs kunnen ondernemers weer gaan ondernemen. Maar het blijft onzeker wanneer sommige sectoren weer volledig aan de slag kunnen. We doen ons best om hen zo goed mogelijk te helpen. Daarom verlengen we het steun- en herstelpakket waaronder de TVL.

";1
“Je bent zelf boterzacht.” 😁 @japked - NRC ;1
"Including our efforts to prevent the very largest players from buying up innovative start-ups on a regular basis. 

#DMA 

@BrunoLeMaire @cedric_o @Economie_Gouv @RPFranceUE @_DINUM @peteraltmaier @BMWi_Bund @NLatEU ";1
@AlexanderDeWit Beste Alexander, bedankt voor je reactie. De internetconsultatie is open voor iedereen die input wil leveren over dit onderwerp en hier te vinden: ;1
@OlifaNT Beste Tim, dank voor het meedenken. De consultatie is open voor iedereen die input wil leveren over dit onderwerp: ;1
@waxle Beste Jan Wessel, dank voor je bericht. De consultatie is open voor iedereen die input wil leveren over dit onderwerp: ;1
@ThomasHogeling @KVK_NL e-mailadres achterlaten om op de hoogte gehouden te worden van de ontwikkelingen rondom de consultatie. Deze adressen zijn niet te koppelen aan de gegeven reacties in de online tool (die op een ander platform draait) en zullen alleen gebruikt worden voor dit doeleinde. ^AH 2/2;0
@ThomasHogeling @KVK_NL Dag Thomas, het invullen van de internetconsultatie is anoniem. Er worden geen gegevens of IP-adressen opgeslagen of geregistreerd. Je geeft op de 1e pagina aan tot welke doelgroep je behoort en daarna kan je de vragen gaan beantwoorden.  Op de consultatiesite kan je wel je 1/2;1
@nachtboekhouder De consultatie is open voor iedereen die input wil leveren: ;1
@isabellewoerkom @KVK_NL in de manier waarop bedrijven, burgers en overheden geraakt worden door het functioneren van het Handelsregister. Daarom start vandaag de internetconsultatie over het gebruik van data uit het Handelsregister. De internetconsultatie vind je hier: ;1
@isabellewoerkom @KVK_NL Beste Isabelle, het Handelsregister wordt door heel veel verschillende personen en instanties gebruikt voor verschillende doeleinden. De belangen lopen ontzettend uiteen. De afgelopen jaren zijn er veel klachten rondom de openbaarheid van het register bekend geworden. Als we 1/3;0
@ElisabethIJmker de manier waarop bedrijven, burgers en overheden geraakt worden door het functioneren van het Handelsregister. Daarom start vandaag de internetconsultatie over het gebruik van data uit het Handelsregister. De internetconsultatie vind je hier: ;1
@ElisabethIJmker Handelsregister dicht zouden doen, zouden er echter weer andere klachten aan het licht komen. Om tot een goede oplossing te komen voor de verschillende belangen, die voor langere termijn gebruikt kan worden, is online dialoog nodig. We hebben nog duidelijker inzicht nodig in 2/3;0
@ElisabethIJmker het Handelsregister wordt door heel veel verschillende personen en instanties gebruikt voor verschillende doeleinden. De belangen lopen ontzettend uiteen. De afgelopen jaren zijn er veel klachten rondom de openbaarheid van het register bekend geworden. Als we het 1/3;0
@JennekeEnsink Dag Janneke, de consultatie is open voor iedereen die input wil leveren: ;1
@GillianDN Handelsregister. Daarom start vandaag de internetconsultatie over het gebruik van data uit het Handelsregister. De internetconsultatie vind je hier: ;1
@GillianDN een goede oplossing te komen voor de verschillende belangen, die voor langere termijn gebruikt kan worden, is online dialoog nodig. We hebben nog duidelijker inzicht nodig in de manier waarop bedrijven, burgers en overheden geraakt worden door het functioneren van het 2/3;1
@GillianDN Beste Gillian, het Handelsregister wordt door heel veel verschillende personen en instanties gebruikt voor verschillende doeleinden. De belangen lopen ontzettend uiteen. De afgelopen jaren zijn er veel klachten rondom de openbaarheid van het register bekend geworden. Om tot 1/3;0
@boerdeboer Dank voor je bericht. De consultatie is open voor iedereen die input wil leveren: ;1
@tessaevers De consultatie is open voor iedereen die input wil leveren: ;1
@HumphryJoey de manier waarop bedrijven, burgers en overheden geraakt worden door het functioneren van het Handelsregister. Daarom start vandaag de internetconsultatie over het gebruik van data uit het Handelsregister. De internetconsultatie vind je hier: ;1
@HumphryJoey Handelsregister dicht zouden doen, zouden er echter weer andere klachten aan het licht komen. Om tot een goede oplossing te komen voor de verschillende belangen, die voor langere termijn gebruikt kan worden, is online dialoog nodig. We hebben nog duidelijker inzicht nodig in 2/3;0
@HumphryJoey het Handelsregister wordt door heel veel verschillende personen en instanties gebruikt voor verschillende doeleinden. De belangen lopen ontzettend uiteen. De afgelopen jaren zijn er veel klachten rondom de openbaarheid van het register bekend geworden. Als we het 1/3;0
@Jillholterman @KVK_NL Dag Jill, dank voor je bericht. De consultatie is open voor iedereen die input wil leveren: ;1
@dwindt @tessaevers Beste Dennis, dank voor je bericht. De consultatie is open voor iedereen die input wil leveren: ;1
@bramkeijsers @KVK_NL Beste Bram, de consultatie is open voor iedereen die input wil leveren: ;1
@Sjoerdkocken @KVK_NL Dag Sjoerd, de consultatie is open voor iedereen die input wil leveren: ;1
@MoaskeFoto de manier waarop bedrijven, burgers en overheden geraakt worden door het functioneren van het Handelsregister. Daarom start vandaag de internetconsultatie over het gebruik van data uit het Handelsregister. De internetconsultatie vind je hier: ;1
@MoaskeFoto Handelsregister dicht zouden doen, zouden er echter weer andere klachten aan het licht komen. Om tot een goede oplossing te komen voor de verschillende belangen, die voor langere termijn gebruikt kan worden, is online dialoog nodig. We hebben nog duidelijker inzicht nodig in 2/3;0
@MoaskeFoto Beste Marco, het Handelsregister wordt door heel veel verschillende personen en instanties gebruikt voor verschillende doeleinden. De belangen lopen ontzettend uiteen. De afgelopen jaren zijn er veel klachten rondom de openbaarheid van het register bekend geworden. Als we het 1/3;0
@tessaevers de manier waarop bedrijven, burgers en overheden geraakt worden door het functioneren van het Handelsregister. Daarom start vandaag de internetconsultatie over het gebruik van data uit het Handelsregister. De internetconsultatie vind je hier: ;1
@tessaevers Handelsregister dicht zouden doen, zouden er echter weer andere klachten aan het licht komen. Om tot een goede oplossing te komen voor de verschillende belangen, die voor langere termijn gebruikt kan worden, is online dialoog nodig. We hebben nog duidelijker inzicht nodig in 2/3;0
@tessaevers Beste Tessa, het Handelsregister wordt door heel veel verschillende personen en instanties gebruikt voor verschillende doeleinden. De belangen lopen ontzettend uiteen. De afgelopen jaren zijn er veel klachten rondom de openbaarheid van het register bekend geworden. Als we het 1/3;0
@farmerthijs de manier waarop bedrijven, burgers en overheden geraakt worden door het functioneren van het Handelsregister. Daarom start vandaag de internetconsultatie over het gebruik van data uit het Handelsregister. De internetconsultatie vind je hier: ;1
@farmerthijs Handelsregister dicht zouden doen, zouden er echter weer andere klachten aan het licht komen. Om tot een goede oplossing te komen voor de verschillende belangen, die voor langere termijn gebruikt kan worden, is online dialoog nodig. We hebben nog duidelijker inzicht nodig in 2/3;0
@farmerthijs Dag Thijs, het Handelsregister wordt door heel veel verschillende personen en instanties gebruikt voor verschillende doeleinden. De belangen lopen ontzettend uiteen. De afgelopen jaren zijn er veel klachten rondom de openbaarheid van het register bekend geworden. Als we het 1/3;0
@HenryLootens de manier waarop bedrijven, burgers en overheden geraakt worden door het functioneren van het Handelsregister. Daarom start vandaag de internetconsultatie over het gebruik van data uit het Handelsregister. De internetconsultatie vind je hier: ;1
@HenryLootens Handelsregister dicht zouden doen, zouden er echter weer andere klachten aan het licht komen. Om tot een goede oplossing te komen voor de verschillende belangen, die voor langere termijn gebruikt kan worden, is online dialoog nodig. We hebben nog duidelijker inzicht nodig in 2/3;0
@HenryLootens Beste Henry, het Handelsregister wordt door heel veel verschillende personen en instanties gebruikt voor verschillende doeleinden. De belangen lopen ontzettend uiteen. De afgelopen jaren zijn er veel klachten rondom de openbaarheid van het register bekend geworden. Als we het 1/3;0
"🔔 Ondernemers en andere belanghebbenden opgelet: denk mee over hoe deze data integer gebruikt kan worden. 

Nieuwsbericht: ";1
Vandaag lanceer ik de internetconsultatie over het gebruik van data uit het Handelsregister van de @KVK_NL. Daarbij is er nadrukkelijk aandacht voor de juiste balans tussen openbaarheid en privacy. ;1
Eerlijke verhoudingen tussen ondernemer en platform zijn essentieel. Dat hebben we met de #P2B EU-breed geregeld, nu is het zaak dat als er toch geschillen zijn dat de handhaving toegankelijk en effectief is. ;1
@Miriam97517008 @DilanYesilgoz Dag Miriam, er is met @DilanYesilgoz een extra staatssecretaris EZK bijgekomen. Mona Keijzer blijft ook staatssecretaris van EZK. Meer informatie: ;1
"Ik wens mijn collega @bvantwout veel beterschap en een voorspoedig herstel toe.

Stef Blok en @DilanYesilgoz vervangen hem de komende tijd. Ik kijk uit naar onze samenwerking. 

";1
@bartroovers81 @BeauRTL van de basisregels losgelaten. Op die manier kunnen onderzoekers zien of evenementen ook met andere maatregelen veilig kunnen worden gehouden. ^AH 3/3;1
@bartroovers81 @BeauRTL een onderzoeksprogramma waarbij onderzocht wordt of de coronamaatregelen (met name 1,5 meter afstand) vervangen kunnen worden door een andere set van preventieve maatregelen zodat evenementen veilig georganiseerd kunnen worden. Als onderdeel van het onderzoek wordt een deel 2/3;1
@bartroovers81 @BeauRTL Het vooraf testen is een voorwaarde voor deelname aan een Fieldlab, maar maakt geen deel uit van het onderzoek. Doel van de Fieldlabs is onderzoeken op welke manier culturele, zakelijke en sportevenementen weer veilig en verantwoord georganiseerd kunnen worden. Fieldlabs zijn 1/3;1
Voilá, Italië #incroyable #eurovision;1
Mijn lievelings #detroubadour @LenKuhr #eurovision;1
Wat werd #Rotterdam mooi in beeld gebracht bij de tussenact met @afrojack @WulfieMusic en @GlennisGrace en wat een topmuziek ❤️ #Eurovision #esf21;1
"Het kabinet stelt 200 miljoen euro beschikbaar voor leningen aan mkb-bedrijven die zijn getroffen door de gevolgen van de coronamaatregelen. Zij kunnen in aanmerking komen voor een lening van maximaal 100.000 euro.

Nieuwsbericht ⤵️

";1
Wat was dit mooi... @AhmadJoudeh90 en @Dezmaarsen tijdens #ESF Inspirerend en emotionerend. Prachtig.;1
"Het Eurovisiesongfestival speelt een belangrijke rol om de evenementensector, waar 300.000 mensen in werken, zo snel mogelijk weer aan de slag te laten gaan.

Kijk nu live ⤵️

";1
@AstridHoreca 2e kwartaal de optie om de referentieperiode uit 2 kwartalen te kiezen. Hiermee worden veel ondernemers geholpen die nu beperkt gebruik kunnen maken van de steun. De verwerking hiervan kost tijd. Het lukt daarom helaas niet om TVL Q2 voor de 2e helft van juni te openen. ^AH 2/2;0
@AstridHoreca Ik begrijp dat het voor ondernemers zware tijden zijn en dat zij zsm de aanvraag willen doen. De TVL is in het eerste kwartaal van 2021 fors uitgebreid. Het subsidiepercentage is verhoogd en meer ondernemers kunnen TVL aanvragen. Daarnaast geven EZK en RVO ondernemers in het 1/2;1
"Straks om 22h bij @BEAU over het Eurovisiesongfestival. Ik was al fan, maar nu helemaal 🎵👯‍♀️ 

We laten deze week de hele wereld zien wat we kunnen én we verzamelen waardevolle data. 

#Eurovision #songfestival #fieldlabs ";1
"Ruim 113.000 mkb-bedrijven en zelfstandigen hebben een aanvraag ingediend voor de Tegemoetkoming Vaste Lasten voor het eerste kwartaal van 2021 (TVL Q1 2021). Hiervan zijn tot nu toe 91.000 aanvragen goedgekeurd.

Lees meer:
";1
"Twelve points voor alle deelnemers, presentatoren, organisatie en betrokken ondernemers in Ahoy. 

Succes vanavond 🙏🏻

#Songfestival #Eurovision ";1
"Mooi nieuws voor ons Nationaal Icoon Ioniqa uit Eindhoven. Er is in een financieringsronde €10 miljoen groeikapitaal binnengesleept ⤵️

";1
Raak geïnspireerd door de ruim 60 creatieve #MKBideeën die in de eerste en tweede ronde al door vindingrijke ondernemers bedacht werden: ;1
Voor de derde keer ondersteunt het kabinet mkb-bedrijven om werk te maken van hun #MKBidee: een project om de ontwikkeling van werknemers in hun bedrijf, branche of regio te stimuleren. Dit keer in totaal 10 miljoen euro voor 63 nieuwe projecten, bedacht door 175 ondernemers. ;1
@lucvdbos Dag Luc, sauna's, zonnebanken en wellnesscentra zijn vooralsnog gepland voor stap 3 van het openingsplan. Maar wel met de kanttekening dat dit afhankelijk is van o.a. de ziekenhuiscijfers tegen die tijd. Hier lees je meer over het openingsplan: ;1
@WillieHolvast De uitrol van glasvezel is afgelopen jaar sterk versneld (500.000 adressen aangesloten tov 180.000 adressen in 2019) en de verwachting is dat dit doorzet. Hier lees je meer: ;1
"We zetten een volgende stap om de digitale, mobiele infrastructuur in ons land op excellent niveau te houden.

Maandag 17 mei start de internetconsultatie nieuwe veiling frequenties voor snelle mobiele communicatie.

Nieuwsbericht: ";1
"Stap voor stap kan steeds meer. Als de ziekenhuiscijfers het toelaten, zetten we op 19 mei de tweede stap van het openingsplan en gaan onder andere dierenparken, openluchtmusea en sportscholen open.

Meer informatie en voorwaarden ⤵️

";1
"De Tegemoetkoming Vaste Lasten (TVL Q1 2021) wordt vanaf maandag 10 mei 12.00 uur voor de eerste keer opengesteld voor grote bedrijven. Zij kunnen tot 10 juni 17.00 uur een aanvraag indienen bij RVO.

Meer informatie ⤵️

";1
"Blij dat 🇪🇺 kern van 🇳🇱 plan overneemt in dit wetsvoorstel, om onderzoek in te kunnen stellen naar een bedrijf bij een vermoeden dat deze met behulp van overheidssteun oneerlijk concurreert, inclusief sancties.  

#levelplayingfield #eerlijkeeconomie ";0
@hwpeters77hotm Hier kun je terecht voor vragen en voor het insturen van je groeiplan: ;1
"Heb jij ideeën of plannen die bijdragen aan economische groei in Nederland op de langere termijn? Deel je groeiplan met het Nationaal Groeifonds. Samen creëren we nieuwe en groeiende bedrijvigheid en een gezonde toekomst voor ons land.

";1
Ik shopte. Jij shopte. Wij shopten. Onder voorwaarden. Dat wel. Maar eindelijk weer. 💪🏼 ;1
Samen met @FerdGrapperhaus sprak ik met de eigenaren van woonwinkel Fort M en ICI Paris in Den Haag. Ik ben diep onder de indruk hoe deze ondernemers zich in deze zware periode staande houden. ;1
@MarkJansen92 @ferdgrapperhaus Als mensen binnen een vaste zitplaats hebben, mag het mondkapje af. Als mensen van hun plek opstaan, moet het mondkapje weer op. Voor meer informatie zie ;0
"Van het versterken van onze kustlijnen tot warmtebatterijen voor energieopslag. 

Onder de indruk van de voortgang van de TO2-instellingen, die samen werken aan onze maatschappelijke uitdagingen ⤵️

";1
"Bekijk de voorwaarden en dien je aanvraag in ⤵️

";0
"RVO is begonnen met het uitbetalen van de verhoging van TVL Q1 2021. Ruim 69.000 ondernemers ontvangen hiervoor automatisch een tweede voorschot. 

Deze bestaat uit het verhoogde subsidiepercentage (85%), het hogere maximale subsidiebedrag en eventuele extra opslagen. ";1
@buyszitcomfort Het wetsvoorstel ligt bij de Tweede Kamer. Het is aan de Kamer om dit onderwerp te agenderen voor plenair debat. ^AH;1
"Ondernemers en onderzoekers die pionieren in de zorg. Daar kunnen we allemaal beter van worden. Ik sprak er twee, die met steun van het Nationaal Groeifonds hun ambities kunnen waarmaken 👍

";1
"Vandaag is, mede namens minister @ferdgrapperhaus, minister @SanderDekker en staatssecretaris @RaymondKnops de jaarlijkse update van de Nederlandse Digitaliseringsstrategie gepubliceerd. 

Lees hoe we de kansen van digitalisering verantwoord benutten ⤵️

";1
"Stap voor stap wordt meer mogelijk. Per woensdag 28 april mogen niet-essentiële winkels klanten zonder afspraak ontvangen. Daarnaast zijn warenmarkten voor zowel levensmiddelen als niet-essentiële producten open.

Meer informatie: ";1
"Als onderdeel van de eerste stap van het openingsplan mogen per woensdag 28 april de buitenterrassen open tussen 12.00 uur en 18.00 uur. Per tafel geldt: maximaal 2 personen of 1 huishouden. Blijf de basisregels volgen.

Meer informatie: ";1
"Wat levert investeren in innovatie ons op? De High Tech Campus @Brainport_ehv laat dat vandaag zien aan de Koninklijke familie. Bij @WNLVandaag sprak ik over mijn bezoek daar aan @Xeltis en het belang van het Groeifonds.

Terugkijken: ";1
"De @EuropeanCommiss heeft haar AI-wetsvoorstel gepresenteerd.

Nederland investeert veel in kennis, veiligheid én bescherming van fundamentele rechten in algoritmes. 

Goed dat de EU bij uitstek aandacht heeft voor ons uitgangspunt van mensgerichte AI ⤵️

";1
Op het symposium #ReinventingChemistryTogether sprak ik over samenwerking en onderzoek in de chemiesector. Onder @ARCCBBC werken wetenschap, industrie en overheid aan schone, slimme en circulaire chemieproducten van de toekomst. Mooie voorbeelden heb ik vandaag daarvan gezien. ;1
"🆙 Van 18% nu naar 50% vrouwen in de ICT in 2030. Dat is een van de doelen van de nieuwe publiek-private Taskforce Diversiteit en Inclusie in de @digitalesector die ik vandaag op International #GirlsInICT Day presenteer. 

#NLdigitaal

";1
"Het Smart Industry-programma, samenwerking tussen bedrijven, onderzoekers en overheid, werpt zijn vruchten af in de maakindustrie. Dit blijkt uit de evaluatie. 

Het leidde in 5 jaar tot 50 nieuwe centra met meer dan 680 betrokken bedrijven ⤵️

";1
Samen sterker! ;1
"Detailhandel, markten en buitenterrassen kunnen weer open onder voorwaarden vanaf 28 april. Een belangrijke stap voor veel ondernemers die lang hebben gewacht om open te gaan. 

Nieuwsbericht ⤵️

";1
@ZihniOzdil Samen met de KVK kijk ik naar aanscherpingen om privacy en veiligheid te waarborgen. Hiervoor gaan wij in gesprek met belanghebbenden o.a. ondernemers(koepels), de bankensector en overheden. 2/2;1
@ZihniOzdil Nee, dat is het niet. De KVK heeft een wettelijke taak (Handelsregister) die inhoudt dat bepaalde gegevens verstrekt moeten worden, o.a. voor rechtszekerheid. KVK maakt daarmee geen winst en mag dat ook niet. De gebruiker betaalt een gedeeltelijke kostenvergoeding. 1/2;0
@JoSeegers @KVK_NL Doel is om samen te onderzoeken of er oplossingen gevonden kunnen worden waarin de verschillende belangen zo goed mogelijk verenigd worden. Bijvoorbeeld in de vorm van een wijziging Handelsregisterwet. Zie toelichting KVK: ;1
@JoSeegers @KVK_NL Samen met KVK zijn we doorlopend op zoek naar de juiste balans. Zo is KVK onlangs gestopt met bulkverstrekkingen van data via online aanvraag. Privacy blijft een aandachtspunt. Binnenkort gaan we hier met KVK en belanghebbenden over in gesprek in de vorm van een consultatie. 2/3;1
@JoSeegers @KVK_NL Beste Jo, de inrichting van het handelsregister brengt dilemma’s met zich mee. Het gaat om het belang van privacy. Maar ook om rechtszekerheid en fraudebestrijding. Er is helaas geen makkelijke oplossing voor. 1/3;0
"Bedroefd door het verlies van Pieter Hoff: een bevlogen man en innovatieve ondernemer die ik ken van de wereldbekende Growboxx. Dit door het kabinet benoemde Nationaal Icoon laat planten groeien in droge gebieden. Ik wens de familie veel sterkte toe.

";1
@ZihniOzdil @De_Goede_Zaak Doel is om samen te onderzoeken of er oplossingen gevonden kunnen worden waarin de verschillende belangen zo goed mogelijk verenigd worden. Bijvoorbeeld in de vorm van een wijziging Handelsregisterwet. Zie toelichting KVK: ;1
@ZihniOzdil @De_Goede_Zaak Samen met KVK zijn we doorlopend op zoek naar de juiste balans. Zo is KVK onlangs gestopt met bulkverstrekkingen van data via online aanvraag. Privacy blijft een aandachtspunt. Binnenkort gaan we hier met KVK en belanghebbenden over in gesprek in de vorm van een consultatie. 2/3;1
@ZihniOzdil @De_Goede_Zaak Beste Zihni, De inrichting van het handelsregister brengt dilemma’s met zich mee. Het gaat om het belang van privacy. Maar ook om rechtszekerheid en fraudebestrijding. Er is helaas geen makkelijke oplossing voor. 1/3;0
@De_Goede_Zaak Doel is om samen te onderzoeken of er oplossingen gevonden kunnen worden waarin de verschillende belangen zo goed mogelijk verenigd worden. Bijvoorbeeld in de vorm van een wijziging Handelsregisterwet. Zie toelichting KVK: ;1
@De_Goede_Zaak Samen met KVK zijn we doorlopend op zoek naar de juiste balans. Zo is de KVK onlangs gestopt met bulkverstrekkingen van data via online aanvraag. Privacy blijft een aandachtspunt. Binnenkort gaan we met de KVK en belanghebbenden over in gesprek in de vorm van een consultatie. 2/3;1
@De_Goede_Zaak De inrichting van het handelsregister brengt dilemma’s met zich mee. Het gaat om het belang van privacy. Maar ook om rechtszekerheid en fraudebestrijding. Er is helaas geen makkelijke oplossing voor. 1/3;1
Dank je, @ArneWeverling                           Het ga je goed! ;1
@ShortWire Ik raad je aan contact te houden met Agentschap Telecom. Je kunt met hen afspreken dat ze het jou laten weten als de regeling in werking is getreden en is gepubliceerd in de Staatscourant. ^CE;1
"Nederland presenteert zich deze week op de Hannover Messe onder de titel “Integrated Smart Industries for Recovery in Europe”. 🇩🇪-🇳🇱 samenwerking komt hier aan bod, zoals het partnerschap tussen @ASMLcompany, @ZEISS_Group en @TRUMPF_News.

Lees meer ⤵️

";1
"Samen met de fieldlabs evenementen en de pilots voor testen van het toegangstesten kan het Fieldlab cafés bijdragen aan het openen van de samenleving. Iets waar we allemaal naar uitkijken. 

#samensterk ";1
"Het kabinet heeft toestemming gegeven aan Fieldlab Evenementen om de komende twee maanden evenementen met een hogere bezoekerscapaciteit te organiseren. 

Een stap in de goede richting! Zo blijven we binnen het kabinet kijken wat er wel kan. 

";1
"Bij de Hannover Messe vond zojuist de ""Lightweighting Summit"" plaats, waar ik door collega @peteraltmaier was uitgenodigd om de 🇳🇱🇩🇪 banden bij de productie van composietmaterialen te verstevigen. Cruciaal, bijvoorbeeld voor duurzamer vervoer.

Meer ⤵️

";1
"Deze pilots bieden een hoopvol perspectief. Ik kijk dan ook met veel belangstelling uit naar de resultaten.

#samensterk ";1
"Of je nu fotograaf, muzikant of auteur bent. Het is belangrijk om je werk te beschermen via het intellectuele eigendomsrecht.

Hoe je dit kunt doen lees je hier: ";1
"Het Kabinet investeert vanuit het Nationaal Groeifonds 1,35 miljard euro in innovatie zoals quantumtechnologie. 

Vanochtend schoof ik aan bij @WNLVandaag om uit te leggen waarom.

📺 Bekijk de uitzending ⤵️

";1
"Postbezorging mag niet in gevaar komen. Daarom concludeer ik op basis van economische, juridische en sociale argumenten opnieuw dat het toestaan van de overname van Sandd door PostNL noodzakelijk is ⤵️

";1
"Blij met de toekenning van 1,35 miljard euro uit het Nationaal Groeifonds aan vijf voorstellen die ik namens samenwerkende partijen heb ingediend. 

Onderzoek en ontwikkeling is de sleutel voor duurzame groei en dus voor onze toekomst.

Nieuwsbericht ⤵️

";1
"Ik kijk terug op een geslaagde #innovatieexpo en bedank innoverend Nederland voor alle creatieve, groene ideeën. Jullie zorgen voor een welvarende, innovatievere en duurzamere toekomst voor ons allemaal.

Meer informatie: 
🔗💡";1
@baspaternotte Niet doen. Ze zijn ter inspiratie aan een ieder. Mijn notering in #styletweet staat daarnaast in mijn hart gegrift. Die kan je helemaal niet verwijderen.;1
"Aan alle knappe koppen en gouden handen van Nederland: plaats een #kroonopjewerk en bescherm je werk via het intellectuele eigendomsrecht.

Nieuwsbericht: ";1
"Vanochtend sprak ik bij @BNR over het belang van het beschermen van eigen werk door ondernemers. Zoals bijvoorbeeld muziek, merken, vormgeving, uitvindingen, teksten en foto's. 

📺 Uitzending gemist? ⤵️

▶️  ";1
"Het ‘Holland High Tech House’ staat ook digitaal als een huis bij de Hannover Messe van 12-16 april 2021. 
 
Tickets en informatie ⤵️
 
";1
"Wat we met deze crisis meemaken is buitengewoon zwaar voor iedereen.
Met deze belangrijke stap kunnen we hopelijk onze samenleving en economie weer zo snel mogelijk heropenen. 

#samensterk ";1
Om duurzame en circulaire doelen voor 2030 te bereiken heb je innovatieve ideeën nodig. Gelukkig hebben we veel innovatiekracht in huis. Donderdag spreek ik tijdens de #innovatieexpo 2021 met econoom @MazzucatoM over het economisch belang van innovatie. ;1
#kruisweg #GoedeVrijdag #vincentiuskerk ;1
Vandaag beëdigd als #Kamerlid. Blijft een bijzonder moment. Dank aan iedereen die mij hier gebracht heeft. ;1
"Ons Neerlands trots en #nationaalicoon @HiberGlobal ontvangt een Europese investering van 26 miljoen euro om zijn satellietnetwerk in de ruimte uit te breiden👏🏻 Trots op de baanbrekende #ruimtevaart innovaties van dit mooie bedrijf.

#IoT ";1
"We zetten alles op alles om ondernemers zo goed mogelijk door deze moeilijke tijd heen te helpen. De TVL geeft ondernemers lucht in deze zware tijden. 

#steunpakket #samensterk ";1
"Een fantastische prestatie van maritieme helden @BoskalisNL en #SmitSalvage. Zij hebben een vastgelopen schip in het Suezkanaal losgemaakt. De blokkade bedreigde de wereldeconomie. For every global challenge there is a Dutch solution ⛴💪🏼🌍

#NLinnovatief #trotsopondernemers ";1
"Alles weten over creatief ondernemen in coronatijd?

Meld je dan aan voor het online evenement #OpStoom, georganiseerd door @qredits 

🔗 Volg de livestream vanaf 15 uur:
";1
"De TVL heeft naast een enorme impact op de ondernemers ook impact op het klantcontact bij de RVO. 

Vandaag spraken minister @bvantwout en ik enkele van de 400 medewerkers die hier hard aan werken.

Meer informatie over TVL ⤵️

";1
Deze regeling richt zich op technologische samenwerking tussen wetenschap en ondernemers en geeft een impuls aan onze toekomstige banen en inkomsten. Het is belangrijk dat we ons in de huidige economische crisis op innovatie voor zowel de korte als de lange termijn richten. ;1
"De Tegemoetkoming Vaste Lasten (TVL) is sinds juni 2020 meer dan 210.000 keer aangevraagd. De regeling is voor ondernemers die getroffen zijn door de coronamaatregelen. In totaal is er tot nu toe 1,9 miljard euro toegekend.

Nieuwsbericht ⤵️

";1
@dderuiter Dit is niet mogelijk. Het gaat om evenementen die gepland staan tussen 1 juli en 31 december 2021. Als het aanvankelijk voor juni geplande evenement verplaatst wordt naar de periode tussen 1 juli en 31 december, dan kan de organisator wel aanspraak maken op de regeling. ^MV;0
"Ik ben positief getest op corona. Geen zorgen; ik voel mij goed. Uiteraard zit ik in thuisisolatie en doe ik dus de komende tijd mijn werk via de digitale weg.";1
De subsidieregeling evenementen geeft ondernemers werkzaam in de evenementenbranche extra lucht in deze zware tijden. Hopelijk kunnen we deze zomer weer met zijn allen op een evenement genieten. ;1
Beste mensen, Bedankt voor de steun en stem. Ik had had op meer gehoopt. Maar het is nu zoals het is. Uiteraard blijven we met elkaar bouwen aan een beter Nederland. 💪🏼;1
@TacoScargo @EvelineTijmstra @thierrybaudet @PieterOmtzigt Ook goed! 👍🏼;1
@dinaperla @Concertgebouw Dank! 🙏🏻;1
De #BVm dus 👇🏻 ;1
In gesprek over maatschappelijk verantwoord ondernemen en #Bvm ;1
Ondernemers willen ondernemen. Mensen kunnen niet zonder elkaar. Daar zet ik mij voor in. #NuDoorpakken ;1
"Het Kabinet wil dat grote bedrijven hun mkb-leveranciers sneller gaan uitbetalen en verlaagt de maximale betalingstermijn van 60 naar 30 dagen. 

Daarom heb ik dit wetsvoorstel gisteren naar de kamer gestuurd ⤵️

";1
"We moeten #NuDoorpakken en het eerlijke economische verhaal vertellen.  

#NederlandKiest #NOSdebat ";1
"''Het VVD-programma is het enige programma waarin de ongelijkheid in Nederland toeneemt, in plaats van afneemt.'' - @WBHoekstra 

We moeten #NuDoorpakken en zekerheden herstellen.

#NederlandKiest #NOSdebat ";0
1 op de 3 mensen heeft inmiddels een flexibel arbeidscontract. Denk aan bv de platformeconomie. Dit moet veranderen zodat ook jongeren weer toekomst hebben. #ikstemCDA #NuDoorpakken ;1
Na een jaar is het wetsvoorstel van @MonaKeijzer (@MinisterieEZK) om mkb'ers sneller hun geld te laten krijgen af. Ondernemers moeten, zeker tijdens deze crisis, ademruimte krijgen. Verslaggever @LeonBrandsema: ;0
"De uitbreidingen van de Tegemoetkoming Vaste Lasten (TVL) voor het eerste kwartaal van 2021 zijn goedgekeurd door de Europese Commissie. @RVO_Nederland gaat de verschillende uitbreidingen stapsgewijs doorvoeren.

Nieuwsbericht ⤵️

";1
"Voor winkelen op afspraak geldt per 16 maart een aanpassing voor het ontvangen van klanten:

- Max. 1 klant per 25 m2
- In elk geval 2 klanten per verdieping, ongeacht de grootte van de winkel
- In totaal max. 50 klanten per winkel

Meer informatie ⤵️

";0
Ondernemers verdienen duidelijkheid. Ondernemers moeten weer kunnen ondernemen. Wij hebben het plan klaarliggen 👉 ;1
Ik sprak met ondernemers Bas en Veronique uit Oosterhout. Fantastische ondernemerschap. Ondernemers moeten kunnen blijven ondernemen. ;1
En zo is dat. @WBHoekstra #NuDoorpakken ;1
"Vanuit @EsportsH20  kijk hier even-&gt; ";1
Vanmorgen in gesprek over de toekomst van Nederland 👏🏻 ;1
Vrouwenpower! ;1
@juliawouters @LisanSpanbroek @MonicaKeyzer @SigridKaag @MinBijleveld @ivanengelshoven @KajsaOllongren @NOS @monicaKeyzer en ik zijn er inmiddels aan gewend. 🤗;1
@Fredericotje De TVL-regeling kan bij goedkeuring snel uitgekeerd worden. Ik realiseer me ook dat dit niet alles oplost. We doen wat we kunnen. Hopelijk kan dankzij snelle vaccinatie dit jaar nog een kermis georganiseerd worden. Ik blijf die hoop houden. Sterkte. ^NS 2/2;1
@Fredericotje Beste Frederico, Ik begrijp de zorgen van de kermisbranche. De TVL-regeling moet de ergste klap opvangen. Er is al ruim 10 miljoen aan de branche toegekend. Ook aanvragen voor 2021 zijn deels goedgekeurd, net als de evenementenuitbreiding. Hier meer: ;1
"Het is een loodzware periode voor steeds meer ondernemers die door hun reserves heen zijn en geld nodig hebben voor onder andere de vaste lasten. Daarom breidt het kabinet het steun- en herstelpakket uit.

Nieuwsbericht ⤵️

";1
"De internetconsultatie voor de BVm, die maatschappelijke bedrijven meer her- en erkenning moet geven, is nu geopend. 

Een goede stap voor de ruim 5.000 Nederlandse ondernemers met een sociaal of maatschappelijk doel 👍

Reageer voor 30/4  ⤵️

";1
Luister mee naar de @WOMENInc podcast 🎧 ;1
"Hiermee kunnen nieuwe investeringen worden gedaan in innovatieve mkb-ondernemingen.

Nieuwsbericht: ";1
Extra investeringen bieden perspectief voor bedrijven om uiteindelijk weer sterk als mogelijk uit deze zware crisis te komen. Met dit kabinet en de provincies bundelen we onze krachten door 300 miljoen euro extra te investeren in het fondsvermogen van de ROM’s. ;1
"@Ans2aan Bekijk hier de programma’s:

";1
Met een plan uit de crisis. De economie en samenleving na Corona. #NewDeal #NuDoorpakken ;1
"Vanuit het Perspectief-programma van NWO ontvangen 6 innovatie-koplopers in totaal 22 miljoen. 

Deze onderzoekers, bedrijven en overheidsinstellingen werken samen aan maatschappelijke uitdagingen, bijvoorbeeld op het gebied van zorg en energietransitie.

";1
"Per 16 maart gelden onderstaande voorwaarden voor winkelen op afspraak bij grotere winkels.

Meer informatie: ";0
"Het interview dat bij deze foto hoort, vind je hier -&gt; ";1
"Het aantal coronabesmettingen is nog te hoog. Daarom is er nu geen ruimte voor versoepelingen. Afhankelijk van de besmettingen en ziekenhuisopnames kijkt het kabinet naar mogelijke versoepelingen vanaf het paasweekend.

Nieuwsbericht ⤵️

";0
"Het is #InternationaleVrouwendag 

Een mooi moment om te pleiten voor gelijke kansen voor vrouwen en meer vrouwelijk ondernemerschap. 

#Powervrouwen: ga de competitie niet uit de weg, realiseer je ideeën en geef nooit op! Onze samenleving en economie kan niet zonder jullie! ";1
Verkiezingsshow. Met @lucillewerner en @CDANH #NuDoorpakken ;1
@DeLoods1 @wilfredgenee @BNR Heel veel succes! 💪🏼;1
"Dit weekend vinden een dancefeest en een concert plaats, onderdeel van de Fieldlab Evenementen. Ik lichtte bij @WilfredGenee op @BNR toe waarom we doorgaan met evenementen testen, zo veilig en verantwoord mogelijk.

Luister de uitzending terug ⤵️

";1
"De BVm voor maatschappelijke ondernemers moet bijdragen aan meer her- en erkenning. 

In de loop van volgende week, de week van 8 maart, mag de consultatie starten en kunnen ondernemers op het voorstel reageren. 

Nieuwsbericht ⤵️

";1
"De conferentie ging over het belang van goed digitaal EU-beleid dat innovatie en groei aanjaagt, de positie van consumenten beschermt en marktverstoring aanpakt. Meer weten over de Nederlandse positie over de #DSA/#DMA? 

DSA:
";1
Ik blijf me inzetten om onze economie weer gezond te maken zodat we sterker uit de crisis komen. Ondernemers vormen de motor van onze economie. Het @MinisterieEZK doet haar best om ondernemers te steunen in deze zware tijden. En om ervoor te zorgen dat het ondernemen doorgaat. ;1
"Sinds de start van Tegemoetkoming Vaste Lasten Q1 2021 op 15 februari zijn ruim 66.000 aanvragen ingediend bij @RVO_Nederland. Tot nu toe zijn meer dan 36.000 aanvragen goedgekeurd. Daarbij is een bedrag van 381 miljoen euro toegekend.

Nieuwsbericht ⤵️

";1
@PierreSpaninks Het wetsvoorstel is 09-02-2021 door de Eerste Kamer aanvaard. Vanzelfsprekend willen we het wetgevingsproces op de juiste manier doorlopen en consumenten zo snel mogelijk beter beschermen. Het streven is om de wet per 1 juli dit jaar in werking te laten treden. ^MV;1
Daarnaast raad ik alle schippers aan zich aan te melden voor de TVL-regeling. Binnenkort worden ook de verruimingen doorgevoerd, waaronder de verhoging van het subsidiepercentage naar 85%. Zie: ;1
In afstemming met @minOCW werken we hard aan de sectorspecifieke regeling die ervoor moet zorgen dat we de historische zeilschepen voor de chartervaart kunnen behouden. Eind van deze maand volgt daar meer nieuws over.;1
De bruine vloot is ontzettend belangrijk voor onze cultuur en historie, als beeld van een trots en prachtig land. De sector en toerismeorganisatie @NBTC waren vandaag in gesprek over initiatieven om de zeilvloot verder te helpen en te versterken. ;1
"Bijna 96 miljard euro beschikbaar vanuit het nieuwe EU-programma @HorizonEurope1 voor innovatieve ondernemers en onderzoekers. Dit is belangrijk voor het versterken van onze kennis en het creëren van banen en inkomsten in de toekomst.

Nieuwsbericht ⤵️

";1
Of in 🇳🇱 “Naast steun voor ondernemers hebben we economisch herstel besproken. Strategische autonomie vereist diversificatie, meer dan isolatie, en focus op innovatie en eerlijke competitie.”;1
"Na zijn bezoek aan vaccinproducent @HALIX_CMO sprak ik vandaag @ThierryBreton. 🇪🇺

Mijn reactie: “Besides support for entrepreneurs we’ve discussed economic recovery. Strategic autonomy requires diversification over isolation and focus on innovation and fair competition.” ";1
"Ze mag vandaag weer aan het werk. Ook andere contactberoepen zoals rij-instructeurs en masseurs mogen vanaf vandaag weer aan het werk. 

Ik ben ongelofelijk trots op het doorzettingsvermogen van onze ondernemers. 

Meer informatie: ";1
"Ondernemers zijn onmisbaar voor onze samenleving en economie. De pedicure die jouw nagels verzorgt, de kapper die jouw haren knipt, allemaal te danken aan hardwerkende ondernemers. 

Voor Anita van der Lee, eigenaar van kapsalon de Driesprong is het een spannende dag. ";1
"Door innovatiemissies zijn Nederlandse ondernemers en onderzoekers ook over de grens in staat om kansen te verzilveren. 

Onze publiek-private samenwerking blijkt een internationaal voorbeeld, volgens onderzoek van @OECD.

Nieuwsbericht ⤵️

";1
"Steun je lokale winkeliers en #kooplokaal 

Vanaf woensdag 3 maart mogen winkels op afspraak klanten ontvangen. Als klant moet je van tevoren een tijdslot reserveren.

Meer informatie over winkelen in coronatijd ⤵️

";1
@marjolijnbb Beste Marjolijn, Om meer kleine ondernemers toegang te geven tot de TVL-regeling in het eerste kwartaal van 2021, wordt onder andere de vaste lasten drempel verlaagd naar €1.500. Dat was €3.000. Dit ligt ter goedkeuring bij de Europese Commissie: ;1
Doorstarten. Repareren. Investeren. Een tijdelijke solidariteitsbijdrage van bedrijven die juist in de crisis extra winst hebben gemaakt, is één van de vele ideeën uit het “new deal”-plan van @WBHoekstra #RTLdebat #teamwopke #NuDoorpakken ;1
Doorstarten, Repareren, Investeren. Voor onze economie, ondernemers en banen. Lees hier het plan van @WBHoekstra  ;1
Doorstarten, Repareren, Investeren. Voor onze economie, ondernemers en banen. Lees hier het plan van @WBHoekstra htpps://www.cda.nl/newdeal #NuDoorpakken;1
Bouwen. Huizen. Wonen. #NuDoorpakken #CDA ;1
"Goed nieuws voor de innovatieve luchtvaartindustrie van Nederland ✈️🔧

";1
@EdwinS2x Daarmee zou het primaire doel van de regeling in gevaar komen. Ik raad je aan contact op te nemen met het KVK coronaloket: ;0
@EdwinS2x Beste Edwin, ik snap dat dit oneerlijk voelt. Helaas kan er niet worden afgezien van de referentieperiode. De hoeveelheid maatwerk die nodig is voor het bepalen en controleren van een representatieve referentieomzet voor elke ondernemer zou leiden tot erg lange doorlooptijden.1/2;0
"Het maximum subsidiebedrag van de Tegemoetkoming Vaste Lasten (TVL) en Voorraad Gesloten Detailhandel is verhoogd. Vooral middelgrote bedrijven, zoals grote horecaondernemingen en winkelketens, kunnen hiervan gebruikmaken. 

Nieuwsbericht ⤵️

";1
"Het kabinet wil besmettingen voorkomen, maar ook perspectief bieden. Onder strenge voorwaarden gelden vanaf 3 maart een aantal voorzichtige verruimingen voor onder andere contactberoepen en winkeliers. 

Nieuwsbericht ⤵️

";1
"Heb je als ondernemer algemene vragen over het coronavirus en ondernemen en wens je advies op maat? 

Kijk op ";1
Medewerkers van het @KVK_NL Coronaloket zitten dagelijks klaar om te luisteren, mee te denken en vragen van ondernemers te beantwoorden. Dankbaar voor al het harde werk dat zij de afgelopen maanden hebben verricht om ondernemers zo goed mogelijk te helpen. ;1
Fan erbij #japie #teamcda ;1
“We kunnen ze niet vinden.”....  Beter zoeken. #weldus #vrouwen #topvrouw  @mariekenass 💪🏼 ;1
@lolacolonna Beste Lola, voor restaurants (droge horeca) vindt het kabinet dat er geen fieldlab nodig is. We hebben namelijk een goed beeld van de voorwaarden en het gedrag dat bezoekers zullen vertonen. Als het epidemiologisch beeld het toelaat, kunnen restaurants open. ^MV;1
@Marinus_vd_Hoek Beste Marinus, er zijn verschillen in de ‘droge’ en ‘natte’ horeca, bijvoorbeeld al door het aantal verplaatsingen. In een café zijn mensen veel mobieler dan wanneer zij aan een vooraf gereserveerde tafel zitten om een maaltijd te nuttigen.  ^MV;0
@flapuut Beste Gerben, voor de restaurants (droge horeca) vindt het kabinet dat er geen fieldlab nodig is. We hebben namelijk een goed beeld van de voorwaarden en het gedrag dat bezoekers zullen vertonen. Als het epidemiologisch beeld het toelaat, kunnen restaurants open. ^MV;1
@TheLightofK1 Voor de restaurants (droge horeca) vindt het kabinet dat er geen fieldlab nodig is. We hebben namelijk een goed beeld van de voorwaarden en het gedrag dat bezoekers zullen vertonen. Als het epidemiologisch beeld het toelaat, kunnen restaurants open. ^MV;1
@DDjulbic Dank voor de uitnodiging. Je kunt je uitnodiging hier insturen: ;1
"@CMReuser @EZK_Digitalecon @DTC_NL @digitalesector @digioverheid @EUinNL @IAnetwerk @NLatEU Beste Carel, 

Met 'crowd control' bedoelen we 5G-toepassingen die oa in de Johan Cruijff ArenA worden getest. Dit voor de veiligheid bij grote evenementen, ook bij incidenten. 

Bekijk dit tv-fragment:
";0
@KlundertAdvies Beste Frank, vandaag opende ook deze regeling die voor een deel van deze ondernemers hulp kan bieden. ;1
@avine_fokkens @HISWARECRON @geertdijks De bruine vloot is verbonden met de Nederlandse geschiedenis. Ik adviseer schippers zich voor TVL aan te melden: ;1
@mariannezw De bruine vloot is verbonden met de Nederlandse geschiedenis. Ik adviseer schippers zich voor TVL aan te melden: ;1
@JoukeC @Hilde_PM @aukjedevries @wmoorlag @WytskePostmaCDA De bruine vloot is verbonden met de Nederlandse geschiedenis. Ik adviseer schippers zich voor TVL aan te melden: ;1
"Nederland heeft een piketpaal in de grond geslagen op digitaal gebied in de EU.

- Betere consumentenbescherming 
- Meer verantwoordelijkheid bij grote platforms 
- Duidelijke regelgeving over illegale content 

Lees onze ideeën over de digitale markt  ⤵️

";1
@DDjulbic Hierdoor kan het bedrijf in een tijd van mindere omzet, het personeelsbestand in stand houden. Dit alles met oog voor mens en milieu. ^MV 2/2;1
@DDjulbic Beste Dino, Het bedrijf laat zien dat investeren in innovatie, hand in hand gaat met behoud van menselijk kapitaal. Digitalisering verhoogt de wasproductie, drukt de kosten en maakt het wasprogramma duurzamer. 1/2;1
Samen met @FTN_NL sprak ik met familiebedrijf @linnenverhuur over ondernemen en innoveren in coronatijd. Door de inzet van slimme robots kunnen ze, met hetzelfde aantal mensen, een hogere productie draaien. Om zo mee te blijven doen in de toekomst. ;1
"Een stap in de goede richting 💪

#fieldlabs #evenementen ";1
"De RVO werkt met man en macht om de nieuwe TVL-regeling uit te voeren.  

- Meer dan 30.000 aanvragen sinds maandag
- Eerste ondernemers ontvangen komende week tegemoetkoming

Dien je aanvraag voor TVL Q1 voor 30/4 in ⤵️

";1
Het eerste Fieldlab Evenementen, een congres met 500 mensen, zit er op. ;1
"Weer veilig en verantwoord evenementen organiseren. Dat is het doel van de Fieldlab Evenementen. Vandaag vindt de 1e plaats in het Beatrix Theater, met 500 bezoekers. 

Meer in de uitzending van @WNL ⤵️

";1
@PetervanOord3 Dag Peter, de nieuwe voorwaarden zoals aangekondigd op 21 januari worden na goedkeuring door de Europese Commissie door RVO verwerkt en door middel van een extra voorschot uitbetaald. Zie ook: ;1
Maandagochtend om 8 uur op #NPO1 over #evenementen #back2live ;1
Wat een mooie schaatsdag vandaag. Vanuit Edam over de Purmerringvaart naar Monnickendam. Prachtig. #samensterkerdoorsport #10000stappenopdeschaats ;1
@JohnSchilder1 @HJtC1948 Waar anders naar? 🤷🏼‍♀️😊;0
@LauraBromet Morgen! 💪🏼;1
De haven van #Volendam en een stukje verder langs de dijk met zicht op Marken. Dit is waar ik geboren ben. ❤️ ;1
💪🏼🏃🏼‍♀️ #samensterkdoorsport ;1
Het zag er vanmiddag prachtig uit. #denhaag ;1
@MonicaKeyzer @MarkRus14 Leuk! Theekrans met de 3M’s 😎;1
De TVL wordt in Q1 2021 uitgebreid. Bedrijven en zzp’ers die aan de voorwaarden voldoen, kunnen meer subsidie aanvragen. En dat is nodig, want deze coronacrisis duurt veel te lang en het is loodzwaar voor ondernemers. ;1
"Mooi initiatief tijdens de Conferentie Nederland Digitaal - een oproep aan ondernemers, ambtenaren en kennisinstellingen om jongeren juist nu een stageplek aan te bieden. 

";1
"Trots op deze knappe koppen, winnaars van de Noorden Digitaal Talent Award tijdens de Conferentie Nederland Digitaal. 

";1
"Het nieuwe boegbeeld van Topsector Water &amp; Maritiem is Thecla Bodewes. 

Vandaag sprak ik de CEO van @shipyardbodewes over de kansen van scheepsbouw in Nederland.

Lees meer ⤵️

";1
@VloonM Het Bureau Economische Handhaving voert controles uit of bedrijven hun jaarrekening wel/niet gedeponeerd hebben. Zij kunnen indien nodig sancties opleggen. Telefoonnummer: 088 157 04 71 / 088 157 48 61. ^MV;0
Vanmorgen voor de eerste onlinevergadering naar buiten om te genieten van het weer en het zicht op de dijk en haven tussen Edam en Volendam ❤️ #10000stappen ;1
@rvandenhoff KVK mag tegen betaling data uit het handelsregister verstrekken die door wettelijke bepaling openbaar zijn. Bijvoorbeeld als je op zoek bent naar contactgegevens als je je recht wilt halen bij een bedrijf. In de nieuwe wet wordt bellen zonder toestemming sowieso verboden dus 1/2;0
"Het afhalen van bestellingen bij winkels is vanaf woensdag 10 februari mogelijk. #Kooplokaal om onze lokale winkeliers te steunen en de reisbewegingen te beperken.

Meer informatie en de voorwaarden ⤵️

";1
@rvandenhoff niet onder, omdat dit niet valt onder het doel van deze wet. Dat doel is namelijk consumentenbescherming. Ook zouden rechtspersonen elkaar dan geen commercieel aanbod meer kunnen doen via de telefoon en dat zou een belemmering voor het handelsverkeer vormen. ^MV 2/2;0
@rvandenhoff Dit wetsvoorstel is erop gericht om de irritatie en problemen op te lossen van natuurlijke personen bij ongevraagde telefonische verkoop, waaronder consumenten en kleine ondernemers (met een rechtsvorm zonder rechtspersoonlijkheid). Rechtspersonen zoals een BV vallen hier 1/2;0
@dviate et wetsvoorstel is gisteren door de Eerste Kamer aanvaard. Vanzelfsprekend willen we het wetgevingsproces op de juiste manier doorlopen en consumenten zo snel mogelijk beter beschermen. Het streven is om de wet per 1 juli dit jaar in werking te laten treden. ^MV;1
"@PierreSpaninks @MinisterieEZK Deze wet geldt voor alle natuurlijke personen, niet alleen consumenten.
Dus ook voor ondernemers die geen rechtspersoonlijkheid (zoals BV of NV) hebben zoals bv ZZP’ers.";0
"In Zeeland zit veel expertise op het gebied van water, een sector waar ons land wereldleider in is. We investeren 20 miljoen in @impulszeeland. Hierdoor kunnen Zeeuwse bedrijven doorgroeien en kunnen nieuwe bedrijven aangetrokken worden.

Meer informatie: ";1
💪🏼 ;1
@rvandenhoff Rechtspersonen (BV, NV, vereniging, coöperatie/onderlinge waarborgmaatschappij en stichting) vallen hier niet onder. ^MV 2/2;0
@rvandenhoff Beste Ronald, alle natuurlijke personen worden beschermd met de nieuwe wet. Dit betekent dat naast consumenten ook ondernemers zonder rechtspersoonlijkheid, zoals eenmanszaken, vennootschappen onder firma, commanditaire vennootschappen, en maatschappen worden beschermd. 1/2;1
@Sweero78 Het is niet de bedoeling dat cookies om je telefoonnummer vragen of om toestemming vragen om te bellen. Daarvan kun je melding doen bij @AutoriteitCM of @toezicht_AP. Daarnaast is het altijd verstandig om terughoudend te zijn met het verstrekken van persoonlijke gegevens. ^MV;0
@Vosjuh De @AutoriteitCM heeft straks als de wet van kracht wordt de mogelijkheid om – ook technisch - veel beter te handhaven op dergelijke gedragingen en boetes op te leggen tot 900.000 euro of 1% van de jaaromzet. ^MV;0
"De @EersteKamer heeft een aanpassing van de Telecommunicatiewet goedgekeurd. Ongevraagde telefonische verkoop is nog steeds een groot probleem, deze aanpassing gaat dit verbieden.

Gisteravond in @avrotrosradar vertelde ik over deze wet.

▶️ Uitzending: ";1
@JWML77 Dat ligt voor telemarketing wat betreft de AVG genuanceerder. Zie: ;1
@hermanbodewes Meldingen kunnen inderdaad nog steeds bij ACM gedaan worden. Daarnaast heeft ACM straks als de wet van kracht wordt de mogelijkheid om veel beter te handhaven en boetes op te leggen tot 900.000 euro of 1% van de jaaromzet. ^MV;0
"Tot en met woensdag komen partijen die bepalend zijn voor digitalisering samen bij de Conferentie Nederland Digitaal. Om onze koppositie vast te houden, moeten we nog meer samenwerken. 

Bekijk het programma en meld je aan ⤵️

";1
Je bent goed zoals je bent. ;1
"Maandag begint de Conferentie Nederland Digitaal 🖥️

▪️ 8 t/m 10 februari 2021, volledig online
▪️ Al meer dan 2.000 aanmeldingen
▪️ Uitgebreid programma over o.a. ethische AI, digitale overheid en cyberveiligheid 

Registreer je nu ⤵️

";1
@Gijs8861 Ik ook. Wij doen onze uiterste best.;1
"@Gijs8861 Beste Gijs, 

We hopen de TVL voor dit kwartaal eind volgende week open te stellen. Naast deze korte termijn oplossing werken we aan aanvullende steun voor de sector. Daar wordt in maart meer over bekend gemaakt. Meld je aan voor een alert:  ";1
@Com4all We hopen de TVL voor dit kwartaal eind volgende week open te stellen. Naast deze korte termijn oplossing werken we aan aanvullende steun voor de sector. Daar wordt in maart meer over bekend gemaakt. Meld je aan voor een alert:  ;1
@Kayb_1983 Beste Kay, dank voor je bericht. Direct ter plekke ruilen van afgehaalde producten is niet toegestaan. Passen gebeurt thuis en ruilen kan volgens de voorwaarden van de winkelier. ^NS;0
"Konnichiwa! 🇯🇵

De virtuele innovatiemissie naar Japan is van start. 

▪️ Meer dan 600 deelnemers 
▪️ Digitalisering, financiële dienstverlening en landbouw
▪️ Groei export van diensten naar Japan meer dan 26.6% in 2019

@BNR interview ⤵️

";1
"Het kabinet heeft zojuist aangekondigd om bestellen en afhalen bij winkels mogelijk te maken per 10 februari. Zo willen we ondernemers tegemoetkomen om de lockdown draaglijker te maken.

Meer informatie ⤵️

";1
"Mooi initiatief van @nlactief. Omdat fit blijven belangrijk is, bieden sportscholen, studio’s en personal trainers samen gratis fitness content aan op #fitblijvendoenwesamen ⤵️

";1
Om de bezoekerseconomie te helpen herstellen sprak ik met Taskforce Samenwerking Gastvrijheidssector over onder andere een actieplan voor toeristenseizoen 2021. Ook ontving ik van @geertdijks een manifest voor een vitale watersport- en recreatiesector. ;1
"485 bedrijven doen deze week mee aan een virtuele handelsmissie naar Japan. 

Vanmorgen sprak ik bij @NPORadio1 over de kansen voor Nederlandse ondernemers in Japan. 

Luister het interview terug ⤵️

";1
Momenteel gaan er phishingberichten rond. Wees extra voorzichtig als je sms’jes of e-mails ziet die van de Rijksoverheid lijken te komen. De Rijksoverheid vraagt je nooit om codes of betalingen via e-mail of telefoon. #phishing ;0
"Vandaag te beluisteren bij @oogopmorgen een terugblik op een bijzondere kabinetsperiode en mijn werk als staatssecretaris. 

Luister mee: ";1
@martinbuis Beste Martin, hier wordt aan gewerkt via onder andere het @Techniekpact. Meer informatie: ;1
Een waardevol gesprek met Jo-annecy, zij is op 10 juni onze #BaasvanMorgen. Ik geloof in een Nederland waarin ieder kind kansen krijgt. We hebben jongeren nodig om al onze ambities waar te kunnen maken. Het talent van alle kinderen moeten we blijven koesteren en stimuleren! ;1
@boristulin Beste Ruud, vaccins vallen onder verantwoordelijkheid van @minvws. Via het coronadashboard van @minvws kun je al wat data inzien over vaccinaties. Zie: ;0
@BarteleB Hallo Bartele, dit klopt niet helemaal. Ik verwees naar fraude bij een klein percentage van de ondernemers bij de steunmaatregelen. Dat is een feit. Daarom is zorgvuldigheid zo belangrijk. Specifieke steun wordt nu uitgewerkt en zsm bekend gemaakt. ^NS;0
"Digitalisering speelt een cruciale rol bij de de grote wereldvraagstukken, zoals betaalbare zorg, genoeg voedsel en de energietransitie. Er wordt gelukkig steeds meer (internationaal) samengewerkt om antwoorden te vinden. 

Voorbeelden:
";1
#holocaustremembranceday is een goed moment om @AuschwitzMuseum te gaan volgen. Maakt stil en laat zien welke ongekende ellende voort kan vloeien uit antisemitisme, racisme en haat. ;1
"Meer weten over het steun- en herstelpakket voor ondernemers?

Lees meer ⤵️

";1
De coronamaatregelen hebben flinke gevolgen voor veel ondernemers. Zo sprak ik @JorritHeinen van Heinen Delfs Blauw over wat dat voor zijn bedrijf betekent. En was ik in gesprek met ondernemer Robert van Leeuwen en wethouder @MarjaRuigrok over de komst van de startersregeling. ;1
@TwetterFrank werk om ervoor te zorgen dat de tekst van de Regeling klopt en dat de wijziging doorgevoerd wordt. Zodra dit kan en de wijziging ondertekend is en gepubliceerd is in de Staatscourant, zal dat uiteraard gecommuniceerd worden. ^MV 3/3;1
@TwetterFrank vertraging is omdat er prioriteit is gegeven aan de noodzakelijke wetsvoorstellen en aanpassingen als gevolg van de corona epidemie en andere acute werkzaamheden. We begrijpen dat de zendamateurs graag willen dat de wijziging doorgevoerd wordt. Het ministerie is hard aan het 2/3;1
@TwetterFrank Dank voor je bericht. De voorbereiding van de wijzigingsregeling heeft een tijd stilgelegen en daardoor langer geduurd dan gepland. De voorbereiding van een dergelijke wijziging vergt afstemming tussen Agentschap Telecom en de beleidskern in Den Haag. De oorzaak van de 1/3;0
"Ga mee op digitale handelsmissie naar Japan of Frankrijk en versnel de internationale groei van je bedrijf ⤵️

";1
"Vanmorgen bij WNL op zondag gesproken over steun aan ondernemers en (digitale) handelsmissies. Uitzending terugkijken-&gt; Bekijk WNL Op Zondag op ";1
#doorpakken met @WBHoekstra 💪🏼 ;1
"Het kabinet breidt het steun- en herstelpakket uit, waaronder de Tegemoetkoming Vaste Lasten (TVL). Dat betekent onder andere:

➡️ Verhoging subsidiepercentage 
➡️ Toegang voor meer bedrijven
➡️ Aparte regeling voor starters 

Nieuwsbericht ⤵️

";1
"Veel ondernemers en werkenden worden hard getroffen door de economische gevolgen van de coronamaatregelen. Het kabinet breidt daarom het steun- en herstelpakket fors uit. 

Nieuwsbericht ⤵️

";1
"Al meer dan 200 bedrijven nemen deel aan een virtuele handelsmissie naar Japan.

▶️ 3-5 februari 2021
▶️ Digitale economie en innovatie

De Japanse ambassadeur Hidehisa Horinouchi en ik spraken over de voorbereiding.

Meld je aan ⤵️

";1
"Nederland en Duitsland gaan intensiever samenwerken voor een innovatieve en duurzame industrie. Dat staat in het innovatiepact dat ik met @PeterAltmaier, Siegfried Russwurm, @SigridKaag, @IngridThijssen, @InekeDezentje en @Marc_Hendrikse heb ondertekend.

";1
"Graag verwelkom ik Bas van ‘t Wout @bvantwout als onze nieuwe minister van het ministerie van Economische Zaken en Klimaat. 

Van harte gefeliciteerd en ik kijk uit naar onze samenwerking voor een duurzaam en ondernemend Nederland. ";1
"Vandaag spreekt de @2eKamertweets over mijn wetsvoorstel aanpak telemarketing-irritatie. Ongevraagde telefonische verkoop is nog steeds een groot probleem, daarom het voorstel aan de Tweede Kamer om dit te verbieden.

Volg zo het kamerdebat: ";1
Dank voor de gastvrijheid 👌🏼 ;1
"De virtuele roadshow langs 20 innovatie hubs wereldwijd is begonnen. Innovaties van NLse ondernemers staan de komende weken in de schijnwerpers. Zo maken buitenlandse investeerders en klanten kennis met onze oplossingen voor wereldwijde uitdagingen 👊🏻🌍

#CES2021 ";1
Geraakt door het plotselinge overlijden van de nog maar onlangs gestopte VNO-NCW-voorzitter Hans de Boer met wie ik veel heb samengewerkt aan het sterker maken van ondernemend Nederland. Ik wens zijn nabestaanden veel sterkte. Ik zal hem missen. ;1
Vanaf vandaag gaat het werk op @MinisterieEZK door zonder mijn fijne en loyale collega Eric Wiebes. Ik dank hem voor alle steun en samenwerking. Op EZK blijven wij ondernemers ondersteunen. Zo gaat het werken aan uitbreiding van het steunpakket onverminderd verder. ;1
Het aftreden van het kabinet was onvermijdelijk. We moeten werk maken van een dienstbare en behulpzame overheid, die naast mensen staat waarbij nu als eerste de gedupeerde ouders en hun kinderen genoegdoening krijgen. ;0
"Deze week stemde de Eerste Kamer in met het wetsvoorstel van het Nationaal Groeifonds. Daarmee wordt 20 miljard geïnvesteerd, om de gevolgen van de coronacrisis op te vangen en onze welvaart te bevorderen. 

Lees meer ⤵️

";1
@jellieTiemersma @InBalanzApp @constantijn14 Ja, je kunt de livestream hier terugkijken: ;1
"90 NLse ondernemers met geweldige innovaties voor wereldwijde uitdagingen vertegenwoordigden ons land tijdens de digitale #CES2021 techbeurs. Toonaangevende innovators met mooie prestaties. 

Livestream terugkijken: ";1
"De grootste digitale #CES2021 techbeurs ter wereld is zojuist geopend door @GaryShapiro 

Samen met @constantijn14 had ik de eer om 90 Nederlandse geweldige groeibedrijven te presenteren.

For every global challenge there is a Dutch solution 👊🏻

";1
"Ben jij klaar voor de grootste digitale techbeurs #CES2021 ter wereld?

90 Nederlandse innovatieve groeibedrijven gaan de wereld laten zien wat we te bieden hebben.

🔗 Volg de livestream vanaf 16 uur ⤵️

";1
@BrunaHHW @MinisterieEZK Altijd bereid om gesprek aan te gaan. Heb ik afgelopen jaar gedaan en blijf ik doen. Persoonlijk kan ik dat niet met álle ondernemers vandaar vaak ook met brancheorganisaties. Ik laat contact opnemen met die van u en nodig u daarbij graag uit.;1
"‘Met lichtsnelheid naar een miljardenomzet’ kopt de @telegraaf vandaag, en daar sluit ik me graag bij aan.

Fotonica is een van onze grootste beloften voor de toekomst.

Lees meer ⤵️ 

";1
"Ons land blinkt uit in innovatie, maandag 11 januari laten we dit zien. Dan presenteren @constantijn14 en ik 90 Nederlandse geweldige groeibedrijven die ons vertegenwoordigen tijdens de grootste digitale techbeurs ter wereld #CES2021NL

Mis het niet! 👊🏻

";1
"Met twee virtuele innovatiemissies op het gebied van AI en digitalisering wil ik bedrijven en onderzoekers helpen internationale kansen te pakken. 

🇫🇷 Frankrijk - 25-27 januari 2021
🇯🇵 Japan - 3-5 februari 2021 

Meld je aan ⤵️

";1
Een goed begin is het halve werk. #10000stappen Gelukkig nieuwjaar! ;1
Op naar 2021. Kan alleen maar beter worden. Fijne jaarwisseling en pas een beetje op elkaar. ;1
Zalig Kerstfeest 🌟 ;1
#donna ;0
💪🏼 #teamCDA ;1
"Het kabinet voegt vanwege de lockdown een aantal gerichte tegemoetkomingen toe aan het steun- en herstelpakket. Zo krijgen mkb-ondernemers in de non-food detailhandel een vergoeding voor hun seizoensgevoelige voorraad. 

Nieuwsbericht ⤵️

";1
"De tweede Nederlandse veiling van frequenties voor snelle mobiele communicatie vindt begin 2022 plaats. Telecomaanbieders kunnen daarmee een technologie zoals 5G aanbieden aan bedrijven en consumenten. 

Nieuwsbericht ⤵️

";1
"Eric Wiebes en ik hebben een Kamerbrief gestuurd over de uitzonderingen voor sluiting van de detailhandel. Verduidelijking en aanscherping bleek nodig, omdat het doel is om het aantal bewegingen in winkelstraten te verminderen. 

";0
"Goed nieuws voor consumenten en ondernemers: nieuwe EU-regulering maakt digitale economie effectiever, eerlijker en veiliger. 

In dit nieuwsbericht lees je hoe we dit gaan aanpakken: ";1
@PetradeBoevere @broekmansvenlo Slijters mogen open blijven. ^MV;1
@PetradeBoevere Hier vind je een overzicht van uitgezonderde detailhandel: ;0
Respect voor het moedige besluit van @hugodejonge om landsbelang boven partijbelang te stellen. Blij met de kandidatuur van @wbhoekstra als lijsttrekker voor @cdavandaag #teamCDA ;1
"Als we studenten vandaag inspireren om de uitdagingen van morgen met deze mooie leerroute te overwinnen, dan ligt morgen een nieuwe wereld aan onze voeten. 

Dit is een belangrijke samenwerking tussen #mkb en hogescholen. Hiermee versterken we het mkb en onze economie! ";1
"Belangrijk nieuws voor ondernemers! Het kabinet breidt het steun- en herstelpakket uit, waaronder de Tegemoetkoming Vaste Lasten (TVL). Zoals meer tegemoetkoming bij hoge omzetverliezen door sluiting vanwege de coronamaatregelen.

Nieuwsbericht ⤵️

";1
"Het kabinet breidt het steun- en herstelpakket uit. Het vangnet moet ervoor zorgen dat zoveel mogelijk Nederlanders hun baan of bedrijf behouden, nu het coronavirus langdurig impact heeft op delen van de economie. 

Nieuwsbericht ⤵️

";1
Zojuist ontving ik een manifest van de Horeca Alliantie. Ik zie hoe zwaar het is voor onze horecaondernemers. Het kabinet houdt het steunpakket tegen het licht en bekijkt of en waar aanvullingen nodig en mogelijk zijn. Daar komen we deze week op terug. ;1
"In 2 @EUCouncil raden met  collega-ministers gesproken over consumenten- en digitaal beleid. We hebben oa de EU-consumentenagenda behandeld en voorstellen aangenomen over de digitale veiligheid van slimme apparaten. Mooie stap voor consumenten!

Meer info ";1
"LIOF ondersteunt innovatieve ondernemers met advies, netwerk en financiering in Limburg. Zij kennen de ondernemers in hun regio het beste en kunnen ze daarom optimaal bijstaan. Dit nieuwe programma gaat Limburg en Nederland veel brengen.

Meer informatie: ";1
"We willen ondernemers helpen door meer risicokapitaal voor ze beschikbaar te maken. We investeren daarom honderden miljoenen om miljarden aan risicokapitaal beschikbaar te maken.

Lees meer over hoe we dit doen ⤵️

";1
"📰 Aandacht in @De_Ondernemer voor vrouwelijk ondernemerschap. Dit moeten we blijven koesteren en stimuleren, hier blijf ik me voor inzetten 👏🏻

Leestip ⤵️

";1
"Met minister @WBHoekstra stuurde ik een marktstudie aan de @2eKamertweets over de rol van #bigtech bedrijven in het NLse betalingsverkeer. De studie is in lijn met mijn inzet voor nieuwe toegangs- en gedragsmaatregelen voor te machtige digitale platforms. 
";1
"@thenextwomen 100 &amp; #TheNextWomen to Watch zijn bekend! Deze lijsten zetten onze fantastische vrouwelijke ondernemers van Nederland in de spotlight. Vandaag vieren we hun successen en maken hen zichtbare rolmodellen voor de volgende generatie.

";1
"De NNP (Nederlandse Nieuwsblad Pers; de organisatie van lokale nieuwsmedia bestaat 75 jaar. En uiteraard staat Pius van de Nivo in de jubileumuitgave te shinen 💪🏼 #woensdagNIVOdag ";1
"We zitten klaar! 

🇳🇱🇬🇧 Vanaf nu geven @SigridKaag en ik live antwoord op alle vragen over Brexit en zakendoen met het Verenigd Koninkrijk. 

📺 Kijk mee via:
Facebook - ";1
"🇳🇱🇬🇧 Straks om 12.30u geven @SigridKaag en ik live antwoord op alle vragen over Brexit en zakendoen met het Verenigd Koninkrijk. 

📺 Kijk mee via:
Facebook - ";1
“Als je niemand spreekt, raakt je zuurstof op.” @vanveeelen Doorbreek de eenzaamheid van het thuiswerken - NRC ;1
"Welke vragen heb je over #Brexit? 

Stel ze hieronder.

@SigridKaag en ik beantwoorden tijdens een livesessie zoveel mogelijk vragen.

Deze maandag: 

▶️ Facebook - ";1
"Familiebedrijven bewijzen keer op keer dat ze zichzelf opnieuw uit kunnen vinden.

Over ondernemen in coronatijd en de 'Oscars van het Nederlandse bedrijfsleven' bij Op1 ⤵️ 

";1
"Vandaag zijn 13 nieuwe mkb-deals ondertekend. Daarmee krijgen ondernemers betere regionale ondersteuning, een belangrijk onderdeel van het mkb-actieplan.  

▶️ Verhalen + video’s ";1
"Ondernemers die de wereld een stukje beter maken, verdienen meer steun. Dat kunnen we doen met juridische erkenning in de vorm van een maatschappelijke BV. In gesprek met experts om te horen hoe deze nieuwe rechtsvorm tot stand kan komen.  

";1
"Ongewone tijden vragen om ongewone maatregelen en om een enorm aanpassingsvermogen. Van ondernemers in de eerste plaats. Maar ook van de overheid.

Met @MKBNL sprak ik vandaag strijdvaardige ondernemers en brancheverenigingen 💪 ";1
"Dit zijn de 10 winnende startups van de Academic Startup Competition! De competitie is georganiseerd door @TechLeapNL @deVSNU @AcTI_NL &amp; NFU om de meest baanbrekende ondernemingen aan te jagen en onder de aandacht te brengen met steun van @ministerieEZK.

";1
@GertKr Hallo Gert, het klopt dat de aanvraagperiode van de TVL juni-sept 2020 sloot op 30 oktober. Het is vanaf vandaag mogelijk om een aanvraag in te dienen voor de TVL okt-dec 2020. Hier vind je de voorwaarden en aanvraagpagina: ;1
"De Tegemoetkoming Vaste Lasten mkb (TVL Q4 2020) is vanaf nu aan te vragen. De regeling is voor mkb’ers die geraakt zijn door de maatregelen vanwege het coronavirus. Eerder sprak ik hierover bij @WNLvandaag.

Bekijk de voorwaarden en dien je aanvraag in⤵️

";1
@alainkahn @CES Goedemorgen Alain, neem contact op met het KVK coronaloket voor vragen en advies over de regelingen in het steunpakket: ;1
"Ik sprak bij @Lady_Academy met jonge vrouwen die barsten van de ambitie om de top te bereiken en het verschil te maken. Inspirerend hoe @DoetsElske met haar Academy, deze jonge vrouwen helpt hun passie te volgen en ambities waar te maken.

#ylba #powervrouwen ";1
"Ben je ondernemer met vragen over zakendoen met het Verenigd Koninkrijk? Stel je vragen hieronder. 

Volgende week maandag beantwoorden @SigridKaag en ik ze live om 12.30 🎥

#Brexit ";1
We compenseren tijdelijk niet alleen de vaste lasten van bepaalde sectoren, maar van elke ondernemer die hard getroffen is door de coronabeperkingen. Horecaondernemers ontvangen daarnaast een extra opslag voor onder andere de voorraad. ;1
"Internetcriminelen komen makkelijk binnen via je slimme apparaten. Zo kunnen ze bij je privégegevens komen en dat kan heel vervelend uitpakken.

";0
Mooi #Volendam #10000stappen ;1
De jongens stonden erop 😇 ;1
"80 Nederlandse bedrijven, de grootste Nederlandse delegatie ooit, nemen deel aan @CES 2021. Deze editie vindt digitaal plaats. 

De CES is - digitaal of niet - elk jaar een wereldpodium voor onze groeibedrijven.

Lees meer  ⤵️

";1
"Mooie gesprekken met mkb-winkeliers bij het @vakcentrum over ondernemen in coronatijd, de kansen en uitdagingen. Onze ondernemers zijn de motor van de economie, ze bouwen mee aan de toekomst. Ik doe een oproep aan iedereen #kooplokaal 

Ze hebben dit hard nodig!

#dvdo ";1
"Ontdek hoe onze mkb’ers aan de slag gingen met de #digitalewerkplaats in diverse regio’s om hun online strategie te verbeteren. 
 
Lees de mooie verhalen ⤵️
 
";1
@jansen_er Hallo Erwin, hier vind je meer informatie over (om)scholing: ;0
"Kijk nu live mee naar de lancering van 5 digitale werkplaatsen ⤵️

";1
"Vandaag is de #DagvandeOndernemer. Zij zijn het kloppende hart van onze economie. Zij verdienen vandaag extra aandacht. 

Vandaag open ik 5 nieuwe MKB-werkplaatsen. Ondernemers kunnen hier terecht met al hun vragen over digitalisering. 

Nieuwsbericht: ";1
Tot zo! #NPO1 @wnlvandaag ;0
Goed gesprek vanmiddag met mijn collega @a_pinkwart (Noordrijn-Westfalen) over innovatiesamenwerking. Belangrijk dat we als directe buren van elkaar leren op dit gebied en elkaar versterken.  #NRWNL ;1
"Op verzoek van Eric Wiebes, @ferdgrapperhaus en mij verscherpt de detailhandel het toezicht in winkelgebieden de naleving van coronamaatregelen verder te verbeteren. Bij drukte wordt ingegrepen, indien nodig met hulp van politie en boa's.

";1
Een toekomstbestendige en competitieve industrie bij gelijk speelveld voor bedrijven ten opzichte van derde landen. En meer aandacht op Europees niveau voor financiering voor innovatieve mkb-ondernemers. Daarover sprak ik met EU-collega’s bij de Raad voor Concurrentievermogen. ;1
"Zorg dat #Brexit je niet in de weg zit.

Check de gevolgen op ";0
🏃🏼‍♀️🏃🏽🏃🏼‍♂️Rennen! Nog een minuut of 15 kan het. #stemcda ;0
Trots op onze @Hydraloop, met een financiële injectie van @Niverplast en @Rabobank kunnen ze opschalen en inspelen op de sterk stijgende marktvraag. Ze gaan internationaal uitbreiden, nieuwe producten op de markt brengen en zich richten op innovatie. Van #startup naar scale-up👌🏻 ;1
We hebben allemaal energie nodig, maar we hebben maar één planeet. De uitdaging is dus om energie duurzaam en betaalbaar te maken. #Startups en scale-ups bieden vaak innovatieve oplossingen. Met @TechLeapNL slaan we de handen ineen om kansen te creëren voor deze knappe koppen. ;1
Samen met de regionale ontwikkelingsmaatschappijen #ROMS gaan we innovatieve ondernemers in het hele land ondersteunen. Ik zie al mooie dingen van @ROMRegioUtrecht, zo ondersteunen ze #startups en innovatieve mkb’ers en helpen ze regionale ondernemers vooruit. ;1
"Het mkb profiteert nog te weinig van nieuwe kennis van hogescholen. Daarom heb ik met @kennisbundel, hogescholen en topsectoren het innovatietraineeship bedacht. Daarbij gaan studenten het mkb helpen met innoveren. 

Meld jouw bedrijf aan!

";1
"Ik sprak met de evenementensector en ministers @hugodejonge, @ivanengelshoven @tamaravanark over hoe we straks veilig en verantwoord events laten plaatsvinden. We hebben besloten te starten met testevents zodra we weer op risiconiveau 'waakzaam' zitten.

";1
"@myriam_der ‘Crowd control' gaat over de 5G-toepassingen bij grote evenementen. Dit verbetert de doorstroom, ook als er een incident plaatsvindt. Het gaat dus om veiligheid. 
Lees meer: ";1
"Alles weten over de mogelijkheden die de nieuwe EU-subsidies voor gemeenten bieden, en in het bijzonder op het Europese crisis- en herstelfonds?

Volg dan de #Europadialoog livestream:

🔗 ";1
@yferyj Hallo Jeffrey, Net als de andere mobiele netwerken moet #5G in Nederland voldoen aan internationale normen, in lijn met advies van o.a. @WHO, @RIVM en @Gezondheidsraad. We blijven de veiligheidsnormen intensief monitoren. Lees meer: ;1
"TNO lanceert 25e nieuwe bedrijf: Relement 

Deze spin-off verduurzaamt het productieproces van verf en olie. Dankzij TNO gaan dit soort innovaties sneller naar de markt. Ik sprak met @PaulKrom van TNO en ondernemers Roger Blokland en Christian Rood over het innovatie programma. ";1
"Met strengere eisen aan telecomaanbieders kunnen we onze mobiele netwerken veilig en vertrouwd houden. 

Daarom heeft het kabinet zojuist een voorstel gepubliceerd. 

Lees meer over het voorstel en de aanvullende eisen ⤵️ 

";1
"Wie denkt dat ruimtevaart alleen belangrijk is voor astronauten of raketbouwers heeft het mis. Boeren, militairen en eigenlijk iedereen die een navigatie-app gebruikt, allemaal profiteren we van investeringen in ruimtevaart. Zo blijkt uit onderzoek ⤵️

";1
"Ik hoop dat in de komende jaren steeds meer vrouwen zich realiseren dat het vrouwelijk perspectief onmisbaar is. Ben je geïnteresseerd in de ervaringen van vrouwen in de politiek? 

Meld je dan aan voor het event #PolitiekeVrouwen op 11 november om 19.00

";1
@badego1982 @Poldermanie Ik heb haar nummer niet 🤷🏼‍♀️;0
Het is voor iedereen belangrijk dat winkels zoveel mogelijk openblijven. Daarvoor is naleving van de afspraken belangrijk. Daarom spraken Eric Wiebes en ik met directeuren van grote ketens over hoe dat beter kan. ;1
"Zeeland heeft veel kennis van water in huis, een sector waar ons land wereldleider in is. Daarom investeren we €20 miljoen in Zeeuws ondernemerschap. Hierdoor kunnen Zeeuwse bedrijven doorgroeien en nieuwe bedrijven aangetrokken worden.

Nieuwsbericht ⤵️

";1
Wij zijn er klaar voor! Beantwoording van de zijde van de regering in eerste termijn #begroting #ezk #economie #klimaat Met collega Eric Wiebes 👌🏼 @MinisterieEZK ;1
@deslaapfabriek Hallo Marjo, De bank waar je een lening hebt afgesloten, is ook degene die je aanvraag voor uitstel van aflossingen beoordeelt. Neem voor advies contact op met de betreffende bank en ook het KVK coronaloket: ;0
@CMReuser Beste Carel, deze foto is uit 2019 (zie de tekst in de foto). ^MV;0
"Aandacht in @delimburger voor #startup @DeedmobGlobal

Ze verbinden over de hele wereld vrijwilligers aan mensen die hulp nodig hebben. Met een slim idee helpen ze de wereld vooruit 👍🏻

Eerder dit jaar was ik bij ze op bezoek, en ik blijf ze steunen. 

📰 ";1
Dank, dames! 💪🏼 ;1
"Met gepaste trots presenteer ik de voortgangsrapportage van het MKB-actieplan. Mooie plannen zijn inmiddels werkelijkheid, zoals de digitale werkplaatsen die het mkb ondersteunen. Maar ook de franchisewet en de regelingen om personeel om te scholen. 

";1
"Onze startups en scale-ups zetten Nederland op de wereldkaart met hun nieuwe producten en diensten, en zorgen zo voor inkomsten en banen. Samen met @Invest_NL willen we zoveel mogelijk kapitaal voor onze groeibedrijven beschikbaar maken. 

Nieuwsbericht:

";1
"De opleving van het coronavirus en de huidige maatregelen hebben flinke gevolgen voor onze ondernemers. Daarom heeft het kabinet het #steunpakket aangevuld. Vanochtend sprak ik hierover bij @WNLVandaag.

Meer informatie over het steunpakket ⤵️

";1
"Gisteren stuurde ik een brief aan de Tweede Kamer over het @statistiekcbs onderzoek naar familiebedrijven. Dit onderzoek toont aan dat familiebedrijven onmisbaar zijn voor onze samenleving en economie.

Nieuwsbericht: ";1
Trots op deze lijst en vooral op al deze vrouwen! 💪🏼 #CDA ;1
"📢 Aanvullingen op het derde steunpakket

Veel ondernemers gaan door een zware tijd vanwege de coronamaatregelen. Meer sectoren komen daarom in aanmerking voor de regeling Tegemoetkoming Vaste Lasten (TVL). Ook de horeca en evenementenbranche krijgen extra financiële steun. ";1
Jij kunt net als @nicoleploeger en @EvelineTijmstra een vrouw in de politiek worden. Ongeacht je politieke kleur ben je welkom bij deze digitale bijeenkomst 👉🏻 ;1
@WhatAllThink In de wet zijn inderdaad al zaken geregeld maar dat gaat over het daadwerkelijk retourneren. Dit wetsvoorstel gaat over verantwoordelijkheden zoals in situaties waar een verkoper naar het platform wijst en vice versa. Het biedt de consument dus nog meer bescherming. ^MV;1
@RJWillemsen1 Hallo RJ, Dank voor je bericht. Consumenten kunnen op de website van @ACMConsuWijzer informatie vinden over dropshipping, je rechten en waar je een melding kunt doen als een bedrijf zich niet aan de regels houdt: ;1
@WhatAllThink Hallo Sjoerd, ook retourneren valt onder dit wetsvoorstel. ^MV;1
@Smarti_s Hallo Martineke, Ja, je kunt een DM sturen. ^MV;1
"Net gesproken met @NICCT1 over de sterke en belangrijke economische relatie tussen Nederland en India.

India biedt veel samenwerkingskansen voor Nederlandse bedrijven. 

Wil je ondernemen in India? 
Bekijk de mogelijkheden ⤵️

";1
"Onze innovatiekampioen uit Leeuwarden @hydraloop steelt nu ook de show op het witte doek 👊🏻

👁‍🗨 Kijktip: het baanbrekende recyclingssysteem is nu te zien op @NetflixNL in de docu @bravebluewrld 

🎥 ";1
Vanavond bij @op1npo over voorbereiden op #brexit ;1
"Per 1 januari 2021 verandert het zakendoen met het Verenigd Koninkrijk. Samen met minister @SigridKaag roep ik ondernemers op om zich goed voor te bereiden op #Brexit.

Bereid je voor met de #BrexitImpactScan ⤵️

";1
"Vorige week sprak ik @GaryShapiro, tijdens de #CESunveiled conferentie, over de noodzaak van innovatie. Gelukkig hebben we veel innovatiekracht in huis. Die hebben we nodig om ons zo sterk mogelijk uit de crisis te krijgen.

Bekijk een terugblik ⤵️

";1
@JanHHellinga Hallo Jan, bekijk hier alle subsidies en (innovatie)regelingen die open staan voor het indienen van een aanvraag: ;1
"Ik sprak vandaag met #topvrouwen en #startups tijdens de European Entrepreneurship Summit #EES2020. 

Allen inspirerende voorbeelden van innovatieve ondernemers. Door in hen te investeren komen we zo sterk mogelijk uit de crisis 💪🏻

";1
"Nederland neemt deel aan de Europese Cloud Federatie. Een initiatief om samen met de andere lidstaten gebruik en opslag van data veilig te regelen. 

Lees meer over de overeenkomst, die ik net tijdens de informele telecomraad ondertekende ⤵️

";1
"𝗞𝗶𝗷𝗸 𝗻𝘂 𝗹𝗶𝘃𝗲 𝗻𝗮𝗮𝗿 #𝗖𝗘𝗦𝘂𝗻𝘃𝗲𝗶𝗹𝗲𝗱

Een online techevent over innovatie, revolutionair leiderschap en scale-up investering.

Tot zo! 

";1
"Met nieuwe toegangs- en gedragsmaatregelen wil ik samen met mijn Franse collega @cedric_o zorgen voor een eerlijke online markt en bedrijven en consumenten keuzevrijheid geven. 

#eerlijkeeconomie 

Lees het voorstel ⤵️ 

";1
Hier de nieuwe maatregelen #Coronacrisis ;0
@StemopeenVrouw Hallo, dit kan via  uitnodigingen@minezk.nl ^NS;1
"Ontmoet de sprekers van #CESUnveiled, een online evenement op 15 oktober met inzichten in technologie en innovatie ⤵️

";1
"Ondernemers met nieuwe ideeën zorgen voor economische groei en meer banen. Bij @WNLopZondag legde ik uit waarom ik in deze ondernemers blijf investeren. Zelfs de meest complexe uitvindingen leveren ons allemaal wat op.

Meer informatie  ⤵️

";1
@NKG80 In principe alle landen die geen lid van de EU zijn. We willen met een gezamenlijke aanpak die concurrentie het hoofd bieden. ^NS;1
Ik ben nog niet klaar. Verder werken aan een eerlijke economie en de toekomst van onze kinderen, maken dat ik mij graag blijf inzetten voor Nederland als CDA-kandidaat op de Tweede Kamerlijst. ;1
Goedemorgen. Om 10 uur praat ik bij WNL op zondag op NPO1 over innovatie #potmetgoud ;1
"Het kabinet blijft investeren in ondernemers met nieuwe ideeën. Met hen kunnen we ons zo sterk mogelijk de crisis uit innoveren en zorgen we voor de banen van de toekomst. 

Morgen meer bij @WNLopZondag om 10 uur bij NPO1. ";1
Europese samenwerking is essentieel, vooral voor een goede concurrentiepositie ten opzichte van andere landen. #AI #NLDigitaal ;1
"Mooi gesprek gehad met de kermisbranche. Over hun zorgen en de toekomst. We doen wat nodig is om onze ondernemers te steunen. 
#Aandachtvoorelkaar is belangrijk in deze tijd. 
 
Trots op het doorzettingsvermogen van deze ondernemers. 

Dank voor de rondleiding 🙏🏻 ";1
"Gisteravond sprak ik met de evenementensector en ministers  @ivanengelshoven, @tamaravanark en @ferdgrapperhaus over hoe we weer veilig en verantwoord evenementen kunnen laten plaatsvinden. We zetten het gesprek binnenkort voort en pakken samen door.

";1
"Dank voor de mooie gesprekken. 

Liefs, 

Staatssecretaris Mona Keijzer 🤗😉 ";1
Zojuist sprak ik op het online #SEOverheidscongres Maatschappelijke ondernemers en organisaties zijn van groot belang voor onze samenleving. We werken daarom aan een wetsvoorstel voor aparte juridische erkenning en actieve ondersteuning voor maatschappelijk ondernemerschap. ;1
"Zojuist sprak ik bij de Avond van Wetenschap &amp; Maatschappij ter ere van wetenschappers. Die met hun kennis bijdragen aan een beter leven en waar onze economie sterker van wordt.

🏆 Mijn felicitaties voor de prijswinnaars Elly Konijn en Johan Hoorn @VUamsterdam en Lowlands! ";1
"Nederlandse #startups kunnen een beroep doen op €67,5 miljoen aan durfkapitaal bij zes nieuwe investeringsfondsen. Zo blijven startups ons land op de wereldkaart zetten met hun nieuwe producten en diensten, en zorgen ze voor inkomsten en banen. 

";1
"Hoe bieden we technologische oplossingen voor wereldwijde uitdagingen? 

Denk met ons mee en neem op 15 oktober deel aan het online evenement #CESUnveiled ⤵️

";1
"Het blijkt dat men slecht op de hoogte is van digitale gevaren, maar tegelijkertijd wordt de kennis hierover grandioos overschat. Daar maak ik me zorgen om. 

Vandaag start #AlertOnline om te werken aan bewustzijn.

Ben jij alert online? 

Test jezelf ⤵️

";0
@LRoorda Ha Lucas, dank voor je reactie. Er wordt hier bedoeld dat men leert vóórdat deze toepassingen gebruikt worden. Dus ook onderzoeken of er ongewenste/onbedoelde sturing zit in algoritmes. Dat kan niet als je op voorhand verbiedt of reguleert. ^NS;1
@hwpeters77hotma Dit is een quote uit een gesprek met een Portugese Minister, met een internationaal publiek. Vandaar.  ^NS;0
"""Do not smash innovation with rules. And allow ourselves to learn while developing the possibilities of AI to strengthen our society and economy. That's the only way to have a real human centric approach on AI and eventually mirror the analogue world.""

#politicoAI";1
"Een bekende uitdaging: hoe krijg je goede ideeën uit laboratoria, de markt op, zodat de samenleving daar beter van wordt? 

Universiteit Twente pakt dit slim aan, door samen te werken op hun kenniscampus, zoals bij het TechMed Center 💪

 #Twente #NLinnovatief #topsectoren ";1
De coronacrisis treft ons allemaal. Veel ondernemers werken hard om hun bedrijf overeind te houden. Bedrijven in verschillende getroffen sectoren, waaronder horeca, recreatie en evenementen, kunnen daarom een tegemoetkoming voor vaste lasten (TVL) aanvragen via @RVO_Nederland. ;1
"Onlangs sprak ik op de #ToerismeTop over hoe creativiteit en innovatie kunnen bijdragen aan het herstel van toerisme in ons land. De impact van deze pandemie vraagt om een inventieve aanpak om het hoofd boven water te houden.

#SamenSterk
#NLinnovatief 
#Trotsopondernemers ";1
Gefeliciteerd 🎉 Mariëlle Bartholomeus is #topvrouw van het jaar! Een prachtig voorbeeld voor alle vrouwen, bron van inspiratie voor iedereen. #Trots #Powervrouwen ;1
"Mariëlle Bartholomeus, Conny Helder en @ellisjeurissen zijn alle drie finalist in de #topvrouwverkiezing2020 
Ik wens deze #powervrouwen ontzettend veel succes 💪🏻

De uitreiking is zometeen om 18.00 uur live te volgen via: ";1
"Inspirerende bijeenkomst met de Taskforce Samenwerking Gastvrijheidssector. Samen werken we aan innovatieve oplossingen. Hiermee versterken we de sector en helpen we vakantiegangers, omwonenden en ondernemers. 

#samensterk ";1
"Powervrouw Josefien Groot wint met haar mooie techbedrijf @QlayersBV de EU Rising innovatorprijs. Van harte gefeliciteerd 🎉

Bron van inspiratie voor de talloze talentvolle vrouwelijke ondernemers die ons land rijk is.

#Powervrouw #trots ";1
"Vandaag precies een jaar ‘mijn’ Nationaal Icoon. 

Hiber blijft, ondanks de gevolgen van het coronavirus, aan de weg timmeren en lanceert binnenkort twee nieuwe satellieten 🛰

Meer over @HiberGlobal ⤵️

";1
Kennisinstituut @DeltaresNL speelt een belangrijke rol in de waterveiligheid van ons land. Ik was er in gesprek over wateronderzoek. Het is mooi om te zien hoe Deltares werkt aan kennis, en hoe ze startups én mkb helpen om het meeste te halen uit watertechnologie. #NLinnovatief ;1
"Hans de Boer neemt afscheid van @VNONCW Een boegbeeld en bondgenoot van het bedrijfsleven die stond voor de kracht van ondernemers.

Dank voor je energie, daadkracht en grote inspanningen #respect ";1
"Trots op onze Nederlandse e-bikebouwer @VanMoof 

Dit mooie bedrijf heeft in totaal 40 miljoen dollar bij investeerders opgehaald. Daarmee gaan ze hun vliegensvlugge groei voortzetten. In januari 2019 was ik nog bij ze op bezoek in San Francisco. Lekker bezig en keep on moving 🚲 ";1
"We mogen trots zijn op het aanpassingsvermogen van ons mkb op het gebied van digitalisering en corona.

Bekijk de resultaten van de flitspeiling digitalisering mkb ⤵️

";1
"Zet ‘m in de agenda - Conferentie Nederland Digitaal 8 en 9 februari 2021 in Groningen en online. 

";1
"Vandaag sprak ik bij @eenvandaag over #Prinsjesdag2020 en de investeringen die we als kabinet in onze economie doen.

📺 Uitzending gemist? ⤵️

▶️  ";1
"Deze #Prinsjesdag investeert het kabinet ook in ondernemers. Zij werken elke dag voor eigen rekening en risico aan hun bedrijf – en daarmee aan de banen en de welvaart van ons allemaal.

Bekijk een selectie van belangrijke investeringen op het gebied van ondernemerschap ⤵️ ";1
We hebben met elkaar een bizarre tijd achter de rug, zeker ook onze ondernemers. Daarom ben ik blij dat we deze Prinsjesdag maatregelen kunnen nemen voor veel bedrijven die het nog steeds heel zwaar hebben en we kunnen investeren in de toekomst. #Prinsjesdag ;1
@lubbersrob Beste Rob, hier vind je de mogelijke manieren om contact op te nemen: ;0
Vandaag kennisgemaakt met #powervrouwen @IngridThijssen, de nieuwe voorzitter van @VNONCW, CEO @Inekekooistra en branchedirecteur Denise Wit van @YoungCapital_NL Zij vervullen belangrijke functies voor Nederlandse ondernemers en jongeren op de arbeidsmarkt. ;1
Overbruggingskrediet (COL) was voor veel bedrijven de afgelopen maanden hard nodig om te kunnen overleven. Voor de toekomst van onze economie zijn startups en scale-ups van groot belang: zij zorgen voor de inkomsten en banen van morgen. Daar spraken we over tijdens het COL-event. ;1
Mooi verhaal in ;1
"Inspirerend om te zien dat @IPO_Provincies hun krachten bundelen voor het versterken van de regionale economie. Zojuist van @vanHijum en @volgmartijn het actieplan Herstel Regionale Economie ontvangen. Op naar een duurzaam en veerkrachtig herstel. 

#samensterk ";1
"Een constructieve #AO waarbij gesproken werd over de coronacrisis die ook de toerismesector hard raakt. 
Binnenkort praat ik op de #NationaleToerismeTop verder met de sector over hoe creativiteit en innovatie kunnen bijdragen aan het herstel van toerisme in ons land. ";1
"🚀 Startups opgelet!

Doe mee aan de Academic Startup Competition aan de titelstrijd voor meest baanbrekende innovatie in de wetenschap in Nederland. 

De beste kandidaten mogen zich in oktober presenteren tijdens #CESunveiled

Meer informatie ⤵️

";1
"@Baggerboer Beste Willem, ‘Crowd control' gaat over de 5G-toepassingen bij grote evenementen. Dit verbetert de doorstroom, ook als er een incident plaatsvindt. Het gaat dus om veiligheid. Lees meer:
";1
Het #nationaalgroeifonds zorgt voor meer innovatiekracht. Dit is goed nieuws voor ondernemers, #MKB en kennisinstellingen. Samen creëren we nieuwe en groeiende bedrijvigheid in Nederland en een gezonde toekomst voor ons land. ;1
Omscholing tussen sectoren is essentieel om beter uit de crisis te komen. Ik sprak met GAP Academy over hoe zij mensen snel en efficiënt omscholen naar techniek. Mooie voorbeelden van mensen die hierdoor weer aan het werk zijn en bedrijven die dankzij deze instroom verder groeien ;1
"Nederland heeft een sterke internationale positie in het ontwikkelen en realiseren van innovatieve instrumenten voor de ruimtevaart. 

Trots op de baanbrekende #ruimtevaart innovaties van onze Nederlandse bedrijven!

@ESA_nl @NLSpaceOffice  @AirbusDS_NL @cosineBV @isis_space 🛰👌🏻 ";1
"Om 11:00 start #IBMPolicyLab. Daarin verkennen we de mogelijkheden voor een Europees economisch herstelplan. 

📺 Kijk live mee via @IBMEuropePolicy of ";1
"Goed gesprek gehad met diverse familiebedrijven over kansen en uitdagingen waar ze voor staan. Ze zijn van groot belang, omdat ze een krachtige motor van onze economie zijn; ruim twee derde van het Nederlandse bedrijfsleven is een familiebedrijf. 

Trots op onze familiebedrijven! ";1
@DijkhuijsenPaul Beste Paul, dank voor je bericht. Kun je een mail sturen met meer informatie over jouw apparatuur en de waardes die gemeten worden, inclusief de eenheden?  Dit kan naar: info@agentschaptelecom.nl ^MV;0
@Len_saya Er komt geld beschikbaar om SW-bedrijven tegemoet te komen voor omzetverlies en voor de gemeentelijke dienstverlening van bijstandsgerechtigden. Ook de dienstverlening van Wajong-uitkeringsgerechtigden wordt op peil gehouden. De precieze invulling wordt bekend op Prinsjesdag. ^MV;1
"De impact van het coronavirus op onze ondernemers van klein tot groot houdt aan. Daarom blijven we mkb’ers ook via de Tegemoetkoming voor Vaste Lasten (TVL) langer steunen. De verlenging is onderdeel van het steun- en herstelpakket.

Meer informatie ⤵️

";1
"De impact van het coronavirus op banen en economie houdt aan en de economische recessie is voorlopig niet voorbij. Daarom komt het kabinet na twee noodpakketten met een steun- en herstelpakket voor ondernemers en werkenden.

Nieuwsbericht ⤵️

";0
@aleurs Beste Antoon, je kunt nu een DM sturen. ^MV;1
"@jos1963 @AgentschapT ‘Crowd control' gaat over de 5G-toepassingen bij grote evenementen. Dit verbetert de doorstroom, ook als er een incident plaatsvindt. Het gaat dus om veiligheid.
Lees meer: ";1
@BenOostra Individueel of per bedrijfstak is berekening van de vaste lasten niet op een goede en snelle manier mogelijk. Hierdoor is besloten voor een berekening op sectorniveau. De loonkosten zijn daarbij niet meegenomen vanwege de aanvullende NOW regeling. Zie: ;0
@BenOostra Goedemorgen Ben, het deel vaste lasten is per sector berekend met cijfers van het Centraal Bureau voor de Statistiek. Meer informatie over de berekening van de hoogte de TVL-regeling: ;0
"@Fleur_Ru11 @PieterOmtzigt Beste Fleur

Met ‘crowd control’ bedoelen we de doorstroming en veiligheid bij grote evenementen.

";1
"@JonGar00990153 @CllrBSilvester Dear Jon,

Crows control refers to safety and crowd management at events and gatherings. 

";1
"@Heleen96957220 @hindsight_dr @Calvincritical @gonneke70 Beste Heleen,

Met ‘crowd control’ bedoelen we de doorstroming en veiligheid bij grote evenementen. 

";0
"@HerbotsTheo Beste Theo,

Met ‘crowd control’ bedoelen we de doorstroming en veiligheid bij grote evenementen. 

";0
Een vakman, die @leonardwalpot 👌🏼 ;1
@NlWakker @AgentschapT Als wetenschappelijk onderzoek aanleiding geeft tot nieuwe inzichten, dan worden de normen aangepast. Daar is op dit moment geen sprake van. Zie ;0
"Complimenten aan @AgentschapT voor een succesvolle Nederlandse multibandveiling. 

Een belangrijke stap om wereldwijd voorop te blijven lopen op digitaal gebied. Ik blijf erop toezien dat dit veilig en verantwoord gebeurt. 

";1
De eerste 7000 van de #10000stappen al weer gezet 💪🏼 ;1
@politiek_moe Door de toenemende vraag naar data vanuit de samenleving zijn investeringen in telecommunicatie wel nodig. Meer informatie op ;1
@LJ7311 Met crowd control bedoelen we toezicht en veiligheid tijdens grote evenementen, bijvoorbeeld in de Arena. ^NS;1
"Het is voor iedereen van belang dat de introductie van 5G veilig en zorgvuldig gebeurt. 

Meer informatie:
";1
#topvrouwen #samensterk 💪 ;1
"Het is goed dat consumenten met dit wetsvoorstel langer de tijd krijgen om hun cadeaubon in te wisselen. 

Op deze manier zet ik me actief in voor een eerlijke economie met voldoende bescherming voor kopers. ";1
We hebben een lijsttrekker! Gefeliciteerd @HugodeJonge 🎉🥂 #teamCDA @cdavandaag ;1
"Deze zomer is de perfecte kans om te ontdekken hoe adembenemend mooi ons land eigenlijk is. Er zijn zoveel plekken waar je kunt ontspannen en van de natuur en het water kunt genieten.

Bekijk de #hiermoetjezijn tips voor jouw vakantieplek in Nederland ⛵️

";1
Onze MKB’ers kunnen hierdoor gemakkelijk een groot publiek bereiken, óók over de grens. Met deze regels zorgen we voor een eerlijke economie. Een kleinere ondernemer is beter beschermd en kan met vertrouwen online zaken doen 👍🏻 ;1
En door!  Ik stem op @PieterOmtzigt  #lijsttrekkersverkiezing ;1
Dank voor jouw steun! ;1
@EdMeester @cdavandaag Dank je!;1
"Ondernemers en organisaties die aan maatschappelijke vraagstukken werken zijn van groot belang voor onze samenleving. Het kabinet kondigt vandaag de BVm aan, een aparte juridische erkenning voor deze maatschappelijke ondernemers. 

Nieuwsbericht ⤵️

";1
En zo is dat! ;1
Al gestemd? #zetmonaop1 #cda #weeswijzerkieskeijzer 👉🏻 ;1
"Inspirerend gesprek met ondernemer @stevenschuurman over hoe je tijdens en na een crisis kunt blijven ondernemen.

Zijn advies: 💬 ""Hoop is geen strategie. Kom snel in actie.""

💡Lees zijn @sprout_nl interview 

";1
@Robert_Winkkk Dank je wel!;1
"Wijzigingen in de openingstijden van de winkel is eigen keus van de ondernemer, dat staat in de wetswijziging op de Winkeltijdenwet. Zo kunnen winkeliers niet gedwongen worden op open te zijn, als ze daar zelf niet mee hebben ingestemd.

Nieuwsbericht ⤵️

";1
Stembussen zijn weer open! #zetMonaop1 #weeswijzerkieskeijzer ;1
@HenkRoosmalen Dank!;1
"Aan elk nadeel zit een voordeel: vanaf morgenochtend 9 uur nog een keer stemmen voor CDA-leden. 

#zetMonaop1 #weeswijzerkiesKeijzer 

En wel hierom 👉🏻 ";1
"Weinig organisaties weten meer van water dan @wetsus

Zij zetten ons waterland op de kaart en zijn een kweekvijver voor #startups met wereldideeën, zoals de @hydraloop Dat willen we graag zo houden. ";1
Goed gesprek met minister @SigridKaag, Hans de Boer van @VNONCW en ondernemers over hoe Nederland sterker uit de crisis komt. De interne markt is van belang voor ondernemers, werknemers en consumenten. Daarom blijven we samenwerken om obstakels weg te nemen op de interne markt. ;1
"In de nieuwe #GroeiCast vertellen minister Wiebes en ik over de impact van corona op de economie.
 
Luister de aflevering ⤵️

";1
De toekomst van onze kinderen! #zetMonaop1 #weeswijzerkieskeijzer @cdja ;1
"De stembussen zijn open! #zetMonaop1 Ter inspiratie voor CDA-leden -&gt; @trouw ";1
Zojuist sprak ik met ondernemers bij wie ik de afgelopen maanden op werkbezoek was. Hoe staan ze er nu voor? Dat wilde ik graag van hen weten. Het is nog steeds een uitdagende tijd. Veel bewondering voor de enorme gedrevenheid en creatieve oplossingen van deze topondernemers. ;1
Wat doe je wanneer je ergens een 1️⃣ ziet staan? Juist! @1_OP_1 ;0
"#Samensterk, ook met onze zuiderburen. Net een goed gesprek gehad met de Vlaamse minister @Zu_Demir over toerisme. Hoe zorgen we ervoor dat we elkaars maatregelen respecteren? 
#wijsopreis Samen helpen we onze ondernemers vooruit. ";1
"Hier het hele interview -&gt; #zetMonaop1 #weeswijzerkiesKeijzer @ADnl @JanHoedeman Foto: Marco de Swart ";1
😊💪🏻 ;1
De toekomst van de #landbouw besproken op boerenbedrijf Gebroeders Van Baar in werelderfgoed #Beemster De nieuwe generatie staat te trappelen. Dank @evelinetijmstra voor de organisatie💪🏼 ;1
"De schoolvakantie gaat voor Noord Nederland van start. Geniet van een veilige en verantwoorde vakantie en ga #wijsopreis. Afgelopen week bij @op1 sprak ik over vakantie in eigen land.

Meer informatie ⤵️

";1
"De Nederlandse FinTechsector behoort tot de top van de wereld. Daar mogen we trots op zijn. Samen met minister @WBHoekstra van @Financien willen we met het FinTech-actieplan de sector verder (inter)nationaal op de kaart zetten.

Kamerbrief ⤵️

";1
@janwillemwits @Arnoudproos Toch een Lindberg.;1
Gaan we doen. #mkbdeal ;1
@EsthervanFenema @pegeve @kittyedy Goed idee! Neem ik @hugodejonge en @PieterOmtzigt mee. 😎;1
"Zojuist 9 MKB-deals ondertekend 👏

Samen met @MinisterieEZK, provincies, gemeenten en hun regionale partners werken aan een sterker #mkb. Dat doen we met deze MKB-deals!

Nieuws ⤵️

";1
Heel veel succes, Eddy! 👍🏼 #familiebedrijf #trotsopondernemers ;1
Zeker! 💪🏼 ;1
"Consumenten moeten online met vertrouwen producten kunnen aanschaffen. Zojuist een goed gesprek gevoerd met Nederlandse internetplatforms over het nemen van verantwoordelijkheden voor consumentenrechten en productveiligheid.

Nieuwsbericht ⤵️

";1
"Deze zomer is de perfecte kans om te ontdekken hoe adembenemend mooi ons land eigenlijk is. Er zijn zoveel plekken waar je kunt ontspannen en van de natuur en het water kunt genieten.

Bekijk de #hiermoetjezijn tips voor jouw vakantieplek in Nederland ☀️

";1
"Gefeliciteerd @WordProofio met het winnen van Europese innovatieprijs!

Deze Nederlandse startup zet blockchaintechnologie in voor een nieuwe standaard om betrouwbaarheid van internetbronnen te controleren. Een indrukwekkende Nederlandse uitvinding waar iedereen wat aan heeft. ";1
"#Fotonica kan de nieuwe miljardenindustrie worden voor Nederland. Qua kennis lopen we wereldwijd voorop in deze techniek, die licht en electronica combineert. Dit moet zo blijven. Daarom investeren we via @BOMBrabant 20 miljoen euro in @SMARTPhotonics  

";1
"Een mooie mijlpaal voor onze ondernemers. Vandaag is de franchisewet door de Eerste Kamer aanvaard. Eerlijker ondernemen en beter samenwerken, dat is het doel van deze wet.

#trotsopondernemers ";1
"De Hollandsche @Zeilvloot is belangrijk Nederlands erfgoed. Het coronavirus heeft ook hier een enorme impact. Ik ben geraakt door de persoonlijke verhalen. 

Vandaag vanaf 12 uur is de Tegemoetkoming Vaste Lasten ook voor deze ondernemers geopend ⤵️

";1
"Kandidaat-lijsttrekker van het #CDA. Dus. Stemmen vanaf 6 juli 18 uur t/m 9 juli 12 uur. 💪🏼 Filmpje -&gt;  ";1
"Vakanties in eigen land kunnen gelukkig weer, als je je aan de RIVM-richtlijnen houdt. Morgen kan je hiervoor op 300 plekken in Gelderland een druktemonitor bekijken. Een mooi voorbeeld hoe we praktisch onze samenleving en economie kunnen openen.  

";1
Voor onze vrede en veiligheid 🙏🏻🇳🇱 #dieprespect #veteranendag ;1
Vanmiddag ben ik door het CDA-bestuur voorgedragen als kandidaat-lijstrekker van het CDA. #kiesdenummer1 #zetmonaop1 #cda #weeswijzerkieskeijzer ;1
Ik mis de bestseller “Mona and the luBach Street Boys” 👊🏼 ;1
"Corona heeft aangetoond dat digitalisering op veel manieren erg belangrijk is. We werken thuis en houden via digitale kanalen met elkaar contact. Vol trots kan ik melden dat vandaag een update van de Digitaliseringsstrategie is gepubliceerd.

";1
In het mooie @Duinrell vandaag de oprichting van de Taskforce Samenwerking Gastvrijheidssector bijgewoond. Samen werken we aan veilige vrijetijdsbesteding voor iedereen. Waar vakantiegangers van kunnen genieten, omwonenden minder overlast ervaren en ondernemers zaken kunnen doen. ;1
"Nederland scoort hoog op de @startupgenome lijst. We laten hiermee zien dat ons land uitblinkt in innovatie. Trots op deze mooie prestatie. Met @TechLeapNL werk ik aan een goede thuisbasis voor startups, van waaruit ze kunnen uitgroeien tot wereldspelers. 
";1
De volgende stap kan gezet worden! Met ingang van 1 juli kunnen weer meer delen van onze samenleving open. Door gepast afstand te houden, thuis te blijven wanneer je klachten hebt en handen te wassen geven we elkaar meer ruimte. 👌🏼 ;1
"Het @EUREKA_NETWORK programma levert innovaties van onschatbare waarde op dankzij het samenwerkingsverband van 45 landen. Ik draag het voorzitterschap van dit waardevolle netwerk over aan Oostenrijk.

Meer weten ⤵️

";1
"Het Coronavirus heeft ons weer laten zien wat belangrijk is: gezondheid, familie, vrienden, onze samenleving. We moeten nu met elkaar werken aan herstel van onze economie. Hier moet het #CDA het verschil maken. 

Ik stel mij kandidaat als lijsttrekker van het CDA. ";1
"De schouders eronder in Alkmaar 💪🏻

Meer: ";1
💪🏼 #franchisewet #eerlijke #economie #trotsopondernemers ;0
@VermeerMich Ik heb ook met de taxibranche gesproken en in april een petitie in ontvangst genomen. Na de uitbreiding hebben deze ondernemers gebruik kunnen maken van de TOGS regeling. ^MV;1
Ook voor ondernemers van de touringcarbranche zijn het barre tijden. Gisteren een petitie van hen ontvangen. Het noodpakket met financiële maatregelen geldt ook voor deze branche. Met het kabinet en deskundigen gaan we kijken of zij op een veilige manier weer aan het werk kunnen. ;1
We willen ook graag zaken blijven doen met landen van buiten de EU. Dat heeft ons altijd economisch voordeel en banen opgeleverd. Maar die markt moet wel eerlijk zijn en niet worden verstoord door bedrijven die dankzij hun thuissituatie oneigenlijke concurrentievoordelen genieten ;1
"Goed nieuws, de Tweede Kamer heeft vandaag ingestemd met de #franchisewet. Eerlijker ondernemen en beter samenwerken. Dat is het doel van deze wet. De wet wordt nu voorgelegd aan de Eerste Kamer. 

Meer informatie ⤵️

";1
"Trots op @aupingNL, @Panton_NL en Duflex. Zij hebben medische mondneusmaskers ontworpen en gemaakt om onze zorgverleners te beschermen 😷👌🏻

Hartverwarmend en inspirerend om die enorme gedrevenheid om te helpen te zien.

#trotsopondernemers ";1
@aliettejonkers @tijn333 @HesterLoeff Staat een R op het glas. Rodenstock. Of is dat Duits voor Lindberg(h)? 🤓;0
Persoonlijk tapijt.💪🏼 Gelukkig is het volledig opnieuw te gebruiken.😄 #Betap Tufting te Genemuiden. #trotsopondernemers ;0
"In gesprek met medewerkers van de Corona brigade Zwolle

Ondernemers in @regiozwolle krijgen gratis hulp om hun bedrijven gezond door de coronacrisis te loodsen. Zo blijft werk- en innovatiekracht behouden 👏🏻

Meer informatie ⤵️

";1
@StanGronheid Vanaf vandaag kun je weer reizen naar een groot aantal landen in Europa, waaronder Frankrijk. Meer informatie: ;1
@RobertDiependaa Het telefoonnummer 113 is uiterlijk op 1 juli 2020 beschikbaar voor de Stichting Zelfmoordpreventie. Hier vind je meer informatie: ;1
"We moeten meer vrouwen aantrekken en behouden in de techniek. Een landelijke aanpak is daarom hard nodig in samenwerking met @MinOCW en de technische branches. 

Daar sprak ik over bij de @Techniekpact jaarconferentie.

Bekijk het gesprek ⤵️

";1
Mooi nieuws! Het bedrijf @BeyondMeat opent 2 fabrieken voor de productie van vleesvervangers in NL. Begin dit jaar sprak ik het bedrijf in de VS over mogelijke uitbreiding naar ons land. Een goede match met NL’se kennis en innovatie van duurzaam eten. ;1
@dirk_tth Hallo Dirk, graag via post of formulier aanleveren. Dank alvast, ^NS;1
Het is goed om te zien dat onze digitale netwerken in topvorm zijn en onze ondernemers in het #mkb steeds meer gebruik maken van digitale mogelijkheden. Digitalisering blijft belangrijk om ervoor te zorgen dat ons bedrijfsleven banen en inkomsten kan vasthouden. ;1
Samen met ministers @ministerieJenV @MinVWS en @MinOCW gesproken met evenementensector (oa congressen, festivals, kermissen en toeleveranciers). De sector is hard getroffen door de impact van het coronavirus. Daarom gaat het kabinet experimenten in fieldlabs ondersteunen. ;1
"Mooi nieuws voor toerisme in eigen land! Per 15 juni mogen gemeenschappelijke was-, toilet- en douchevoorzieningen bij recreatieparken, vakantieparken, kampeerterreinen, kampeerveldjes en jachthavens weer open.

Stapsgewijs komt er meer ruimte ⤵️

";1
"@mersjof Hallo, begrijpelijk dat je je zorgen maakt in deze barre tijden. Ik adviseer contact op te nemen met het KVK coronaloket 0800 - 2117 (werkdagen 8:30 tot 17:00). Er bestaan ook andere regelingen zoals verruimde kredietmogelijkheden en belastinguitstel. 
Veel succes/sterkte  ^NS";1
"Vandaag spreek ik in de Tweede Kamer over de nieuwe wet #Franchise om de balans tussen franchisenemer en gever te verbeteren. 

Volg straks het debat ⤵️

";1
@dirk_tth Hallo Dirk, dank voor je bericht. Hier vind je de contactgegevens: ;1
@Yog_on_steroids Het wetsvoorstel ligt ter behandeling bij de Tweede Kamer. Het bevat diverse waarborgen om de privacy te beschermen en te voldoen aan de AVG. Er is geen sprake van het verstrekken van medische gegevens. Bekijk hier het wetsvoorstel: ;1
"Grote bedrijven moeten de rekeningen van hun mkb-leveranciers sneller gaan betalen: niet meer binnen 60, maar binnen 30 dagen. Momenteel werken we aan een wetswijziging om dit te realiseren.

Meer informatie ⤵️

";1
Tijdens 10000 stappen pulletjes redden 💪🏼 ;1
"Opluchting dat er weer wat kan, maar ook zorgen hoe ze dit vol gaan houden. Op de dijk in ‘mijn’ Volendam vertellen horecaondernemers hoe hun eerste dagen waren.

Meer:
";0
"Startups kunnen met hun innovatiekracht helpen bij het herstellen van de economie. Ze zijn belangrijk voor de economische toekomst van Nederland.

Onlangs waardevolle gesprekken met @TechLeapNL en @DSA_NL over het gezamenlijk creëren van een gezond startupklimaat in ons land. ";1
@manonklei751 Hallo Manon, voor specifieke vragen over SBI-codes adviseer ik contact op te nemen met het KVK coronaloket 0800 - 2117 (werkdagen 8:30 tot 17:00) ^NS;0
"De zomer van 2020 wordt vanwege het coronavirus anders dan we gewend zijn. Met vakantie gaan is dit jaar minder vanzelfsprekend. Voor wie gaat, is het advies: bereid je goed voor en informeer jezelf.

Meer informatie ⤵️

";1
@TrudyKwik De 1,5 meter afstandsregel geldt ook in de horeca, behalve voor mensen die behoren tot één huishouden. Hier vind je meer informatie over het coronavirus en de horeca: ;1
@NietsIs @WNLOpZondag Meer informatie vind je hier: ;1
"We hebben een zorgvuldige wet gemaakt in de strijd tegen het coronavirus. 

Vanochtend in @WNLOpZondag vertelde ik over de noodzaak van het inzetten van de noodwet voor tijdelijk gebruik zendmastdata.

Bekijk de uitzending ⤵️

";1
Trots op ondernemers 💪🏼 ;1
"Telecom in de strijd tegen het virus, voorwaarden van reisvouchers en steun voor getroffen ondernemers zoals kredieten. Veel te bespreken met @ricknieman 

Morgenochtend bij WNL Op Zondag, 10 uur, NPO1.

#wnl #WNLopZondag ";1
"Stap voor stap komt er meer ruimte. Ga je binnenkort naar een restaurant of café, houd dan rekening met elkaar en volg aanwijzingen op van het personeel. Want alleen samen krijgen we corona onder controle. 

#samensterk ";1
"Goed nieuws voor kleine ondernemers die behoefte hebben aan extra krediet als gevolg van de coronacrisis. Voor deze groep mkb’ers is de KKC-regeling nu beschikbaar. 

Zo bieden we ook hier welkome hulp in deze voor veel bedrijven pittige tijden.

";1
"Het kabinet wil via Noodwet tijdelijk anonieme zendmastdata inzetten om de verspreiding van het coronavirus nauwkeuriger te volgen en te voorspellen. 

Meer informatie  ⤵️

";1
"Consumenten moeten zeker weten dat zij geen financieel risico lopen bij het accepteren van een reisvoucher met SGR-dekking. Daarom versterkt het kabinet het SGR-fonds met een leningsfaciliteit. Accepteer, als het kan, de voucher. Zo steunen we elkaar. 

";1
Dank, Barend! 👍🏼 ;1
"Zojuist webinar #Franchisewet bijgewoond. Met leden van @NFVfranchise ging ik in gesprek over eerlijker ondernemen en beter samenwerken. Dat is het doel van de nieuwe wet Franchise. 

Meer informatie ⤵️

";1
"Vandaag heeft de rechtbank in een kort geding beslist dat we bij mobiele communicatie voldoende voorzorgsmaatregelen nemen, gebaseerd op betrouwbare en actuele onderzoeken van deskundigen. 

";1
@Kill_nl @TijsvandenBrink Of deze ondernemer wel of niet in aanmerking komt is lastig te beoordelen zonder alle feiten te weten. Ik adviseer hem contact op te nemen met het @KVK_NL coronaloket ;0
"Bij @op1npo in gesprek over het noodpakket en de gevolgen voor ondernemers vanwege het coronavirus. Mkb, startups en scale-ups krijgen ook de komende periode financiële steun.

Nieuwsbericht ⤵️

";1
Straks vanaf 22.00 uur bij @op1npo spreek ik onder andere over wat het noodpakket betekent voor het #mkb, startups en scale-ups. ;1
Ondertussen op #instagram #volledams #interview #goedgesprek ;1
"Het is belangrijk om het #mkb ook komende maanden meer gericht te ondersteunen. Daarom komen we met een tegemoetkoming voor de vaste lasten voor mkb’ers in diverse sectoren waaronder horeca, recreatie en evenementen zoals kermissen.

Meer informatie ⤵️

";1
"Ondernemers en werkenden krijgen ook de komende periode financiële steun vanwege de impact van het coronavirus. Het #noodpakket voor banen en economie wordt verlengd en het kabinet neemt nieuwe uitzonderlijke maatregelen.

Meer informatie ⤵️

";1
"Zolang het coronavirus onder controle blijft, komt er stap voor stap meer ruimte. Per 1 juni kunnen we opnieuw enkele maatregelen versoepelen.

Lees meer over de versoepeling en de voorwaarden ⤵️

";1
"📰  In het @ADnl vertellen minister Eric Wiebes en ik over de economische impact van het #coronavirus en hoe we zo goed als mogelijk ondernemers ondersteunen. 

Benieuwd naar het interview? 

";1
"Met @ferdgrapperhaus positief gesprek gehad met @KHN,
BM Aboutaleb en BM Weterings over evt. versoepeling horecamaatregelen per 1 juni. 

We onderstrepen dat het belangrijk is dat horeca op veilige en werkbare wijze weer open kan. We praten na het kabinetsbesluit 19 mei verder. ";1
Zojuist webinar gehad met leden van de Amerikaanse Kamer van Koophandel in Nederland. Heb gesproken over de impact van corona op onze bedrijven en de economische maatregelen voor ondernemers. Het zijn zware tijden, maar gelukkig is er ook optimisme over ondernemen in ons land. ;1
"Bij @wnlhaagselobby sprak ik over gratis professionele coaching van het Ondernemersklankbord voor mkb’ers. 

Het @MinisterieEZK heeft de subsidie aan het @okbklankbord verhoogd, zodat ondernemers geen eigen bijdrage meer hoeven te betalen.  

";1
"@HenkRoosmalen @MKBNL @VNONCW Hallo Henk,
Ik heb je berichtje doorgestuurd. Je wordt binnenkort teruggebeld.
^CE";1
"Professionele coaching nu gratis voor mkb’ers die in zwaar weer zitten.

Elk jaar staan de coaches van @okbklankbord ruim 1.000 ondernemers bij, daarvan weet ongeveer 50% hun onderneming te herstellen.

Luister mee bij @wnlhaagselobby (20.30 uur)

🎧 ";1
@Monicafalck @MinisterieEZK Hallo Monica, Heel vervelend om te horen dat je moet wachten. Stuur je een dm met meer input, waar heb je je brieven naartoe gestuurd? Dan probeer ik  na te gaan wat de status is.  ^CE;0
"750 miljoen euro extra aan overbruggingskredieten mogelijk voor kleine bedrijven.

De kleine ondernemers hebben vaak moeilijk toegang tot financiële steun. 

Met deze aanvullende regeling wil het kabinet hen door deze moeilijke maanden heen helpen ⤵️

";1
"@Bijzonderheid Gezondheidsorganisaties (int.+NL) geven aan dat er geen gevaar is, zolang we mondiale normen handhaven. NL zit hier tienvoudige onder. Mocht advies wijzigen, dan worden normen aangepast. 

Meer: ";0
"@Queenoftheunse1 Gezondheidsorganisaties (int.+NL) geven aan dat er geen gevaar is, zolang we mondiale normen handhaven. NL zit hier tienvoudige onder. Mocht advies wijzigen, dan worden normen aangepast. 

Meer: ";0
"Digitalisering is van grote waarde gebleken tijdens de coronacrisis. Om contact te houden met dierbaren, maar ook om thuis te werken en te vergaderen. Vandaag in gesprek met EU-collega's om wereldwijd voorop te kunnen blijven lopen.

🇪🇺 ";1
@smoeshaan1 Dank!;1
Wie was Jules Schelvis waar onze Koning gisteravond zo indrukwekkend over sprak? “Sobibor begon in het Vondelpark.” ;1
"Vandaag sta ik stil bij 75 jaar #vrijheid 

Vrijheid moeten we diep koesteren, want vrijheid is helaas voor veel mensen niet vanzelfsprekend. 

Ik wens iedereen een fijne en vooral gezonde #bevrijdingsdag toe 🕊🇳🇱

#geefvrijheiddoor ";1
"Vandaag herdenken we alle Nederlandse oorlogsslachtoffers sinds de #TweedeWereldoorlog

Tijdens #2minutenstilte denk ik aan alle helden die voor onze vrijheid gesneuveld zijn. Dankbaar voor onze vrijheid 🇳🇱🕊

#dodenherdenking #4mei ";1
@bakbartboxmeer De tegemoetkoming is eenmalig € 4.000 per onderneming. Het kabinet blijft overleggen om te bepalen welke maatregelen mogelijk aangevuld of versoepeld kunnen worden. Bij het KvK Coronaloket kun je terecht voor vragen en advies: ;1
@JDCScheppink Het wetsvoorstel wordt in de Tweede Kamer en Eerste Kamer besproken. Er kunnen nu schriftelijke vragen worden gesteld. Na de zomer wordt het voorstel plenair besproken. ^MV;1
@carolinevanloo2 @MinisterieEZK @NBTC Ik kan me voorstellen dat je bezorgd bent over de maatregelen. De komende weken bekijkt het kabinet of bepaalde sectoren verantwoord open kunnen. We moeten het stap voor stap doen. Bij KVK Coronaloket kun je terecht voor vragen en advies: ;0
@ContractMaklaar Bedankt voor het meedenken, dat wordt gewaardeerd. VNO-NCW en MKB Nederland hebben een platform opgericht waar vragen en oplossingen worden verzameld: ;1
"Zo waar. Ik mis deze allemaal. Een mens komt nou eenmaal tot zijn recht in relatie tot een ander. Kwam deze tegen op #instagram -&gt; ";1
@HenkRoosmalen De financiële regelingen voor ondernemers vanwege het coronavirus zijn op 28 april jl. aangevuld en versoepeld. Zo kun je nu ook aanspraak maken op de TOGS-regeling met één van de geregistreerde nevenactiviteiten (SBI-code). Meer informatie hierover:  ;1
Prachtige foto’s met een terechte boodschap @saskiawesseling in @telegraaf ;1
"Sinds de opname zijn er:

🔹 156.433 TOGS-aanvragen ingediend, waarvan 91 % een betaling heeft ontvangen

🔹 59.431 klantvragen gesteld, via telefoon, e-mail en live chat";1
"Onlangs goed gesprek gevoerd met medewerkers van @RVO_Nederland Hier wordt hard gewerkt aan de uitvoering van aanvragen van ondernemers voor de TOGS-regeling. Ondernemers met vragen over deze regeling kunnen ook bij ze terecht.

";1
@GerbenKoppelma1 @WNLVandaag @OmroepWNL De komende weken bekijkt het kabinet of bepaalde sectoren verantwoord open kunnen. We moeten het stap voor stap doen. Meer informatie: ;1
"Vanaf vandaag kunnen startups en scale-ups een speciaal overbruggingskrediet (COL) aanvragen.

Vanochtend te gast bij #GoedemorgenNederland @WNLVandaag om hierover te spreken.

⌨️ Regeling aanvragen ⤵️

";1
"De impact van het #coronavirus is groot, veel ondernemers in diverse branches worden hard geraakt. Vanochtend een goed gesprek gehad met vertegenwoordigers van de kermisbranche. 

Onze economie herstellen doen we samen. 

";1
Onze economische crisismaatregelen staan niet stil. Het kabinet werkt op dit moment aan aanvullende steunplannen bovenop het huidige noodpakket banen en economie en de aankondigingen van vandaag. ;1
"@njstuut Beste Jaco,
Bedankt voor je bericht. Ik snap dat je met vragen zit. 
Het KVK Coronaloket is telefonisch bereikbaar voor vragen op werkdagen van 8.30 tot 17.00. ";1
"🎧 Volg nu live ▶️ @TechLeapNL #webinar over het tech ecosysteem in NL
 
🎦 ";1
@jndkgrf ;1
"Mijn #Koningsdag begon met een videoconferentie met 26 collega EU-ministers en staatssecretarissen over de impact van #corona op toerisme. We werken Europees samen aan een goede ondersteuning van de toerismesector en een zo effectief mogelijk herstel! 

#samensterk ";1
"Vandaag vieren we #Koningsdagthuis en dat doen we met het eten van een oranje #tompouce van de lokale bakker.

Mijn favoriete #oranjetraditie 🍰

Ik feliciteer de koning en wens het @koninklijkhuis en heel Nederland een fijne en vooral gezonde #Koningsdag ";1
Hij hangt! #ikvlag 🇳🇱 #Koningsdag ;1
Geen dag hetzelfde en bijna altijd adembenemend mooi. De Zeedijk tussen Edam en Volendam. #10000stappen ;1
Vanmorgen in @nhdagblad nog meer #lintjes 🇳🇱 en wel in #edam #volendam #beets #monnickendam #ilpendam #marken #broekinwaterland #mooiemensen ❤️ ;1
"🚀 Goed nieuws voor startups en scale-ups! 

Vanaf 29 april kunnen zij een aanvraag indienen voor een speciaal overbruggingskrediet (COL). Resultaat van een goede samenwerking met de Regionale Ontwikkelingsmaatschappijen en @TechLeapNL 

#corona ";1
"Help mee in de strijd tegen #Corona 

Doe mee met de grootste #hackathon in Europa ⌨️

We hebben je nodig! 

Schrijf je nu in ";1
Jaaa!!! Een lintje voor @jansmit 💪🏼  Ome Jaap pinkt boven een trots traantje weg ❤️ ;1
"🎧 @TechLeapNL #webinar volgen over het tech ecosysteem in NL?

Dat kan👇🏻

📆 Dinsdag 28 april
⏰ 16.00 uur 
🎦 ";1
"Veilig en verantwoord winkelen is voor iedereen nu ontzettend belangrijk.

Onlangs bezocht ik chocolaterie de Bonte Koe in Schiedam. Zij maken verantwoord winkelen mogelijk in de 1.5 meter samenleving. 

Complimenten voor het harde werk dat verzet is om dit mogelijk te maken 👌 ";1
@BenOostra Coronaloket, het loket is bereikbaar op 0800-2117 (werkdagen van 8.30 tot 17.00) ;0
"@BenOostra Hallo Ben,

Je kunt hier aangeven dat je SBI-code niet aansluit bij je huidige werkzaamheden. We onderzoeken een mogelijke oplossing. ";0
@HansWind63 informatie over dit onderwerp lees je hier: ;1
"@HansWind63 Beste Hans,

De kans is klein dat je ziek wordt als je spullen of oppervlakken aanraakt of vastpakt, zoals post, pakketjes of een bos bloemen. De kans wordt nog kleiner als je regelmatig de handen wast en voorkomt dat je na het aanraken met de handen in het gezicht komt. Meer 1/2";1
@Pocketprivilege Het kennisplatform elektromagnetische velden geeft aan dat er geen verband is tussen 5G en het coronavirus. Berichten hierover zijn niet gebaseerd op wetenschappelijk onderzoek. Meer info: ;0
@Jacq_gomesJHV Beste Jacqueline, je kunt nu een DM sturen. ^MV;1
@ernaluxagency We laten onderzoeken welke mogelijkheden er zijn om het tegengaan van massale kortingsacties voor 1 juli te ondersteunen. ^MV;1
@Gerritsen_Dan @trudiverstegen @dokterJohn @MinPres @DanielGerritsen Met 'crowd control' bedoel ik de 5G-toepassingen die onder andere in de Amsterdam Arena worden getest. Dit verbetert de doorstroom van de tot wel 50.000 aanwezigen. Ook als er een incident plaatsvindt. Het gaat dus om jouw en mijn veiligheid en die van onze kinderen. ^NS;1
"@ontvangingen @DijkhuijsenPaul Hallo, 

Bekijk hier een voorbeeld: 
";1
@trudiverstegen @dokterJohn @Gerritsen_Dan @MinPres Gezondheidsorganisaties (int.+NL) geven aan dat er geen gevaar is, zolang we mondiale normen handhaven. NL zit hier tienvoudige onder. Mocht advies wijzigen, dan worden normen aangepast. Meer: ;0
"Gisteren behandelde de Tweede Kamer mijn #telecom wetsvoorstel om ongewenste overnames te verhinderen, als blijkt dat de openbare orde en nationale veiligheid in het geding is. 

📰 FD-artikel: ";1
"@dokterJohn @Gerritsen_Dan @MinPres Beste John, 

Wetenschappers hebben geen bewijs gevonden voor een link tussen 5G en het coronavirus. 
";0
@DijkhuijsenPaul Met 'crowd control' bedoel ik de 5G-toepassingen die onder andere in de Amsterdam Arena worden getest. Dit verbetert de doorstroom van de tot wel 50.000 aanwezigen. Ook als er een incident plaatsvindt. Het gaat dus om jouw en mijn veiligheid. ^CE;1
Nederland heeft door wie de coolste minister van het kabinet is: The Ferd ;1
"Vandaag bezocht ik start-up Deedmob in Amsterdam. Prachtig om te zien hoe ze in deze moeilijke tijd blijven innoveren. Onze economie en maatschappij heeft bedrijven als deze nodig, nu en in de toekomst.  

@coronahelpers baanbrekende innovatie 👏

⏩

#techtegencorona ";1
"Goed gesprek met eigenaren Eva en Jeffrey van tattooshop Ink District. 
Het kabinet heeft de TOGS-regeling verder aangevuld, tattooshops kunnen vanaf vandaag een aanvraag indienen.

TOGS ⤵️
";1
@FashionHans @MinPres Een frisse neus halen mag, en met inachtneming van de gezondheidsmaatregelen, mogen Nederlanders ook winkels blijven bezoeken als zij iets nodig hebben. Zie ook dit fragment van Op1 uitzending van vorige week: ;1
@DijkhuijsenPaul Het kennisplatform elektromagnetische velden geeft aan dat er geen verband is tussen 5G en het coronavirus. Berichten hierover zijn onzin en berusten op bangmakerij. Meer informatie: ;0
@MarjoleinKok1 @NOS @ADnl Wetenschappelijke adviesorganen zoals de @WHO en de @Gezondheidsraad concluderen dat in wetenschappelijke onderzoeken geen bewijzen zijn gevonden voor negatieve effecten op de gezondheid door blootstelling aan straling onder de blootstellingslimieten. ;1
@Ermelllow Wetenschappelijke adviesorganen zoals @WHO en @Gezondheidsraad concluderen dat in wetenschappelijke onderzoeken geen bewijzen zijn gevonden voor negatieve effecten op de gezondheid door blootstelling aan straling onder de blootstellingslimieten.  ;1
Zalig Pasen! ;1
Zo is dat. Zeker in deze tijd zijn goede telecomverbindingen meer dan belangrijk. #thuiswerken #thuisonderwijs #digitalehouseparty 💪🏼 Los nog van feit dat je met je tengels van andermans spullen afblijft. #gedraagje ;1
Mooie column op deze paaszaterdag van @BrendaVanOsch #radicaalmild ;1
@Jeroen99271706 @cruijffarena Zeker wordt er onderzoek naar straling gedaan. Gezondheidsorganisaties (int.+NL) geven aan dat er geen gevaar is, zolang we mondiale normen handhaven. NL zit hier tienvoudige onder. Mocht advies wijzigen, dan worden normen aangepast ;1
@Jeroen99271706 Met 'crowd control' bedoel ik de 5G-toepassingen die in @cruijffarena worden getest. Dit verbetert de doorstroom van de tot wel 50.000 aanwezigen. Ook als er een incident plaatsvindt. Het gaat dus om jouw en mijn veiligheid en die van onze kinderen.;1
Dank je wel @youpvanthek #fotovaneenjongenvanzes @npo1 #terugkijktip;1
@NEETEGENMSM1 Met 'crowd control' bedoel ik de 5G-toepassingen die onder andere in de Amsterdam Arena worden getest. Dit verbetert de doorstroom van de tot wel 50.000 aanwezigen. Ook als er een incident plaatsvindt. Het gaat dus om jouw en mijn veiligheid en die van onze kinderen.;1
@IvoFromNL @HeynJan @NUnl Met 'crowd control' bedoel ik de 5G-toepassingen die onder andere in de Amsterdam Arena worden getest. Dit verbetert de doorstroom van de tot wel 50.000 aanwezigen. Ook als er een incident plaatsvindt. Het gaat dus om jouw en mijn veiligheid en die van onze kinderen.;1
@LadyJetske Met 'crowd control' bedoel ik de 5G-toepassingen die onder andere in de Amsterdam Arena worden getest. Dit verbetert de doorstroom van de tot wel 50.000 aanwezigen. Ook als er een incident plaatsvindt. Het gaat dus om jouw en mijn veiligheid en die van onze kinderen.;1
Klasse @WBHoekstra 👌🏼 Een koel hoofd in combi met een warm hart. #zodoejedat Twitterlijntje 👇🏻 #corona ;1
Kippenvel... Dank je wel, lieve mensen van @thepassion voor deze mooie, inspirerende avond. Hoop vervangt angst. #samensterk The Passion 2018 - A... ;1
"In Molencatepark Flevostrand zag ik hoe heftig de impact van #corona is voor ondernemers en de regio. Normaal genieten mensen hier met volle teugen, nu is het stil. 

Om ondernemers te ondersteunen hebben we aanvullende maatregelen ⤵️
    
";0
"Hoe kun je lokale winkeliers steunen als je zoveel mogelijk thuis moet blijven? 

En wat doet het kabinet voor getroffen ondernemers? 

🎥
";0
"Vanmiddag bezocht ik @htfigi #Corona raakt ook dit bedrijf hard. 

💬 Directeur @VictoriaRuys: ""Mijn omzet is met 94% gedaald, verschrikkelijk om te zien. Het is moeilijk, maar we blijven hopen op een goede uitkomst""  

Dank voor de inspirerende rondleiding 🙏

#samensterk ";1
Om 22.10 uur op #NPO1 ;1
"Het kabinet heeft vandaag aanvullende maatregelen genomen om ondernemers te ondersteunen. 

Lees meer ⤵️

";1
"Zojuist een petitie ontvangen van de taxibranche en met hen gesproken over wat het #coronavirus voor hen betekent. 

Ik leef mee met ondernemers die hier last van ondervinden. Het kabinet steunt ondernemers waar het kan met financiële regelingen ⤵️

";1
"62.500 bedrijven hebben binnen een week aanspraak gemaakt op de TOGS-regeling. Dit zijn bedrijven die niet meer kunnen ondernemen door de overheidsmaatregelen tegen het coronavirus. Al € 9 miljoen wordt uitbetaald. 
Kijk voor alle financiële regelingen⤵️ 
";1
Complimenten👌🏼 @foxit #samensterk ;1
"🎧 #nationalevrijmibo geweldig en gezellig initiatief 👌🏻🧀🧃

⏰ Iedereen kan de borrel vandaag bijwonen om 16.45

@Naltacom 💻👌🏻
@digitalesector 📡👍🏻
@JettRebel 🎤🎼👏🏻

#blijfzoveelmogelijkthuis
#anderhalvemetersamenleving ";1
"Mooie initiatieven van @TMobile_NL, @KPN en @VodafoneZiggo. Samen helpen we kinderen aan internet als zij dat thuis niet hebben. Zo verbinden we onderwijzers met hun leerlingen. We helpen ook zorginstellingen 👏🏻
 
#samensterk 👥 ";1
"↔️ Ook bij bakker Klink, vlak naast het ministerie houdt men 1,5 meter afstand 🥐👌🏻 

#verantwoordwinkelen #anderhalvemetereconomie ";1
Mooi voorbeeld uit Hattem. #kooplokaal #pasopelkaar #anderhalvemetersamenleving ;1
"Samen met minister Wiebes sprak ik vandaag met brouwerijen en horecaondernemers.

In deze moeilijke tijd moet iedereen elkaar helpen. Goed om te zien dat brouwerijen en ondernemers in de horecasector samen op zoek gaan naar hoe ze de lasten kunnen verdelen.

#alleensamen #corona ";1
"Gisteren is de TOGS-regeling uitgebreid.

💬 ""We kijken constant wat nodig is"", zei ik  vanmorgen bij @WNLOpZondag. ""Ook burgers en bedrijfsleven hebben de maatschappelijke plicht elkaar te helpen.""

Terugkijken ⤵️

";1
"Ook winkeliers en ondernemers in de non-food sector kunnen vanaf aanstaande maandag gebruik maken van de regeling voor ondernemers in de getroffen sectoren. 

Meer informatie: 
";1
"Ik roep financieel sterke bedrijven en institutionele beleggers in NL op kleinere bedrijven te helpen. Onderlinge solidariteit en integer handelen kunnen negatieve economische gevolgen verkleinen van de coronacrisis. 

📺 Uitzending @EenVandaag gemist?

▶️ ";1
"🛒 Mensen zo verantwoord mogelijk hun aankopen laten doen en medewerkers op een veilige manier laten werken. Dat is het doel van #verantwoordwinkelen in de aanpak van het #coronavirus

🏬 Download de poster en hang hem vandaag op in je winkel 📄👍🏻

";1
Op gepaste afstand in gesprek met vertegenwoordigers van winkeliers en winkelvastgoedeigenaren. Zij roepen gezamenlijk op de rust te bewaren, in gesprek te blijven en samen op zoek te gaan naar een oplossing die recht doet aan elkaars belangen. #eerlijkeeconomie #samensterk ;1
"Het kabinet heeft vandaag maatregelen aangescherpt in de aanpak van het coronavirus.

Een overzicht van de maatregelen ⤵️

";1
@Willem_Kruithof @KoninklijkeANKO @rivm Hallo Willem, De werktijdverkorting (NOW) kan aangevraagd gaan worden door sectoren die agv coronavirus tenminste 20% omzetverlies hebben. Kappers hebben dat veelal ook. Zie brief ;0
"Het #coronavirus heeft ook in IJsselstein veel economische impact. Gisterochtend burgemeester @PatrickvDomburg en lokale ondernemers gesproken over de ingrijpende gevolgen voor bedrijven en deze mooie stad. 

Informatie over economische maatregelen: 

";1
@marcomijwaart @KoninklijkeANKO De overheid adviseert waar mogelijk 1,5 meter of 2 armlengtes afstand te houden. Branchevereniging ANKO voegt daaraan toe dat de keuze aan de ondernemer zelf is, aangezien deze afstand bewaren onmogelijk is met deze beroepen. ;0
"@SonjaNijhuis @538 Ga in gesprek met: 
";1
"De door het kabinet gelanceerde coronamaatregelen kunnen vragen oproepen. Vanmorgen gaf ik op @538 uitleg over de financiële ondersteuning voor ondernemers.

";1
"Het kabinet heeft maatregelen aangekondigd om kleine en grote ondernemers te steunen. Dit roept vragen op. Vanmorgen sprak ik @BNR over de stand van zaken. 

";1
Nu live op ;1
"Het kabinet heeft vanavond de economische maatregelen vanwege het coronavirus toegelicht ⤵️

➡ Hoekstra @Jinek_RTL: ";0
"Om 22:30 zit ik live bij @HartvNL @SBS6 om te praten over het vandaag aangekondigde noodpakket voor economie en banen. Het kabinet steunt alle ondernemers en werkenden, maandelijks met miljarden:
";1
"Het kabinet heeft besloten om vanwege het coronavirus uitzonderlijke economische maatregelen te nemen. Doel is om naast onze gezondheid ook onze banen en inkomens te beschermen.  💪

Een overzicht van de maatregelen:
";1
"We nemen maatregelen om ondernemers de komende weken te ondersteunen overeind te blijven. Dat is in ons aller belang want het midden- en kleinbedrijf is de grootste werkgever van Nederland.💪

 #coronavirus #WNL #coronavirusNL ";1
Nu op #NPO1 ;1
@caseofdees Het kabinet denkt daarnaast na over andere maatregelen. Daar binnenkort meer over. Dank voor het meedenken en veel sterkte in deze uitdagende tijd! 💪;1
"Belangrijk nieuws voor ondernemers 📣

Aanvragen voor de verruimde BMKB-regeling kunnen morgen al ingediend worden. Ondernemers die door het coronavirus problemen ervaren kunnen daarmee steun krijgen. 

";1
"Vandaag bezocht ik met @jaccovonhof @HotelJakartaAMS en drie van hun #mkb-leveranciers
We hebben gesproken over hun zorgen over en de gevolgen van het #coronavirus

Het kabinet ondersteunt met maatregelen ⤵️ 

";1
Ondernemers voelen de impact van het #coronavirus. Ik bezocht Tina Altieri van Enotria Travel, die grote gevolgen ondervindt, en onderstreep hun aanpak: volg het nieuws en blijf op een verstandige manier ondernemen. Het kabinet ondersteunt met maatregelen: ;1
"Er valt nog een wereld te winnen op het gebied van vrouwelijk ondernemerschap. Deze #powervrouwen hebben zojuist hun ervaringen gedeeld. Inspirerende sessie. Hartelijk dank voor jullie openheid! 

#trotsopondernemers ";1
Een mens moet eten. En hoe! Eettip: @rheezerbelten Dank, Emile, Eric en Dylan. 💪🏼 #trotsopondernemers ;1
Over grenzen heen samen aan concrete oplossingen werken #digitalisering #banen #toerisme #duurzaam #regiodeal ;1
"Op camping @ZandStuve, waar duurzaamheid en digitalisering samenkomen. Zojuist is hier het startschot van de regiodeal Zuid- en Oost Drenthe gegeven. Deze moet de regio nog aantrekkelijker maken voor zowel ondernemers als bewoners. 💪

#regiodeal #zuidoostdrenthe ";1
💪🏼 #internationalevrouwendag  #begineengesprek ;1
@Marrieta56 @AxlRose13188439 Zeker. En dat is echt aan ieder persoon zelf. Maar daar heb ik het nu niet over.;1
Kippenvel @driejs #theatertour ;1
Mooie muziekavond 👌🏼 @driejs #theatertour #deaardvanhetbeest #tip ;1
"Binnenkort stuur ik een wetsvoorstel naar de Kamer om ongevraagde, telefonische verkoop te verbieden.

Goed om te zien dat de sector zelf de Code Telemarketing heeft herzien. Telemarketeers mogen consumenten niet meer anoniem bellen. Een mooie stap in de juiste richting📱👍🏻 ";1
"Een adviescollege gaat het kabinet adviseren over het toekomstige beleid in de commerciële radiosector. 📻 Een belangrijke stap om radio toekomstbestendig te houden. 

";1
"Vandaag zijn de definitieve veilingregels voor snelle mobiele communicatie zoals #5G bekendgemaakt 📱

▶Minimum opbrengst: €0.9 miljard
▶Gemiddeld 100 Mbps  
▶98% dekking 

Telecomaanbieders kunnen vanaf nu inschrijven ⤵

";1
De enige Volendammer die Ahoy vult met praten in plaats van zingen. 🎤😊 ;1
❤️ en 😄 en 💪🏼 voor @roosschlikker ;1
Met Franse collega Agnés Pannier gesproken over digitalisering #economie, interne markt en wegnemen barrières voor ondernemers. ;1
Samenwerking! 💪🏼 ;1
Aan het einde van de middag weer een keer kunnen genieten van een zichtbaar ondergaande zon #10000stappen #zeedijk tussen #volendam en #edam ;1
@csidokter Eens! 👿;1
De #machseuverdrach is weer gelukt! #vasteloavend #Mestreech ;1
@L1leohauben @hugodejonge Het was weer top! 👍🏼🎉😄 ;1
"Vandaag lanceerde de @EU_Commission een digitale strategie voor de EU. Deze kan bijdragen aan een sterk en verantwoord digitaal Europa, zoals wij in Nederland onze plannen ook hebben vormgegeven. Ik ga de rapporten lezen en bespreken met het kabinet.

⤵️
";1
"Nederland behoort tot de wereldtop als het gaat om #quantumtechnologie Om deze positie te behouden, investeert dit kabinet 23,5 miljoen euro in deze #sleuteltechnologie. Dit biedt groot potentieel voor de toekomst en onze economie 🖥📉💶

";1
👍🏼 Eerlijke economie #franchisewet ;1
"Samen met koning Willem-Alexander bezocht ik de Beverwijkse winkelstraat. Ondernemers, @gem_Beverwijk en vastgoedeigenaren hebben door samen te werken de binnenstad van #Beverwijk weer laten bruisen.

De #Breestraat, een inspirerend voorbeeld voor andere gemeenten👌🏻 ";1
Meer #balans in belangrijke economische sector #franchise #eerlijkeeconomie 💪🏼 ;1
Koop dat boek! ;1
"Zojuist te gast bij @WNLOpZondag Gesproken over de nieuwe #Doejeupdates campagne van het @MinisterieEZK 

Het is belangrijk dat we onze #slimmeapparaten regelmatig updaten. Geef digitale inbrekers geen kans om je apparaten te hacken, doe je updates 🖥🖨✅
";1
"Morgen te gast bij @WNLOpZondag. Daar spreek ik met @ricknieman over kansen en risico’s van #slimmeapparaten en hoe belangrijk het is dat je deze apparaten vaak update. 

Mis het niet! 10.00 uur op @NPO1 

#doejeupdates 
#veiliginternetten ";1
Interessant artikel: ;1
"We moeten ons beter beschermen tegen internetcriminelen. De #doejeupdates campagne van het @MinisterieEZK roept iedereen op om slimme apparaten zoals smart-tv of horloge regelmatig te updaten. Verder werk ik aan een wetsvoorstel om updates te verplichten.

";1
🏳️‍🌈💪🏼🥂 ;1
Gisteravond bij thuiskomst liep ik tegen deze mooi docu van @AndereTijden over Rita Hovink aan. ;1
@DannyMekic @rohy @TechLeapNL Zeker! 😎 ;1
"Trots op deze waardevolle NLse uitvinding. De resultaten van deze slimme satelliet zijn zinvol. Dit draagt niet alleen bij aan ons klimaat, maar ook aan onze economie. 

#Tropomi 🛰🌍👍🏻
#NLinnovatief

";1
"Gisteren het startschot gegeven voor de lancering van het @nesecfunding scheepsfonds. Een mooie impuls van €250 mln. voor de maritieme sector, met oa:

✅ruimte voor modernisering
✅verduurzaming
✅extra banen

Wij steunen dit fonds door garant te staan! 
";1
Samen staan we sterker! 🌍💪🏻 ;1
"Te gast bij @BNR radioprogramma The Friday Move, met @wilfredgenee.

🎧 Luister mee ⤵️

";1
"Benieuwd naar mijn belangrijkste speerpunten in 2020 op het gebied van ondernemerschap, #innovatie en digitalisering?

🎧Luister vanmiddag live naar @BNR radioprogramma The Friday Move🎙met @wilfredgenee 

⏰ 16.00 - 18.30 uur ";1
Iedereen moet makkelijk kunnen overstappen naar een andere internet- en telefonieaanbieder. Een markt waar aanbieders een kans krijgen, consumenten bewuster zijn van keuzemogelijkheden. En ondernemers worden beschermd tegen misleidende overstappraktijken. ;1
"Was zojuist bij een inspirerende #womenintech brainstorm, georganiseerd door de Zweedse ambassadeur @annikamarkovic Waardevolle gesprekken gevoerd met #powervrouwen die het verschil maken in de techwereld. Samen blijven we vrouwelijk ondernemerschap stimuleren &amp; faciliteren. ";1
Internetplatforms zijn niet meer weg te denken uit onze samenleving. Het SEO-rapport hierover, dat ik vandaag kreeg van @digitalesector is een goede stap om inzicht te krijgen in de kansen en uitdagingen van deze sector op punten als mededinging, consumenten en arbeid. ;1
"NL hoort thuis in de wereldtop van #startup- en #scaleup ecosystemen. Het kabinet stelt de komende 4 jaar €65 miljoen beschikbaar. 

Samen met @TechLeapNL steunt het kabinet onze bedrijven om te groeien en zo met hun innovatieve producten &amp; diensten de wereld te veroveren. 🌍💪🏻 ";1
"Onlangs bezocht ik cybersecurityspecialist @Foxit. Zij ondersteunen bijvoorbeeld bedrijven die zijn getroffen door geavanceerde gijzelsoftware. 

Veiligheid is voor ondernemers een must om te profiteren van de kansen van digitalisering. 

Op naar een veiligere online samenleving! ";1
"Vanochtend te gast bij #GoedemorgenNederland @WNLVandaag samen met @CES winnaar @hydraloop.

Onze innovatie-kampioen🥇

#CES2020NL

";1
Vanmorgen mag ik bij Goedemorgen Nederland vertellen over de 50 startups waarmee ik in Las Vegas aanwezig was op de grote techbeurs #CES2020 Sabine Stuiver van Hydraloop schuift ook aan. #wnl ;1
Uitzicht 💚 #10000stappen ;1
"Een week vol hoogtepunten in de VS. 🇺🇸🇳🇱 Wat een energie en ambitie heb ik gezien. 

Many thanks to @NLintheUSA⁩ ⁦@CES⁩ ⁦@WhiteHouse⁩ ⁦@SpaceX⁩ and all others! ";1
"De startup @hydraloop uit Leeuwarden is bekroond tijdens @CES Een prachtig voorbeeld van de Nederlandse innovatiefilosofie: de wereld staat voor grote uitdagingen en NL heeft daar slimme oplossingen voor in huis.
#CES2020NL 
";1
"Waarom de @CES zo belangrijk voor NL is? 

Lees het interview dat ik aan @dutchcowboys gaf: ";1
"Michigan en Nederland delen een lange geschiedenis, maar kijken ook vooruit. Zo werken we samen aan een innovatieve auto-industrie. 

Ik heb @LtGovGilchrist vandaag gesproken over de voortgang. 

#CES2020NL #CES2020 ";1
"‘For every global challenge a Dutch solution’. 👏

Zeer trots op de NL delegatie. Ik wens alle deelnemers een succesvolle #CES2020NL 🇳🇱 toe. 

@CES @TechLeapNL ";1
"Met Amerikaanse collega’s in gesprek over onder andere #AI, digitalisering en bijbehorende kansen en uitdagingen. 🇺🇸🇳🇱

Met het Strategisch Actieplan Artificiële Intelligentie wil Nederland voorop blijven lopen, maar niet door technologie geleefd worden: 
";1
"In Washington op bezoek bij ‘Holland on the Hill’. Op naar een week vol ontmoetingen, kansen voor Nederlandse ondernemers en uiteraard #CES2020👍

 #WashingtonDC 🇺🇸 #CES2020NL ";1
"Wat een productief jaar vol inspirerende ontmoetingen met innovatieve ondernemers. 

Veel dank aan het #MKB &amp; familiebedrijven die elke dag weer voor eigen rekening en risico NL een beetje mooier maken.   

Voor nu een gezellige jaarwisseling en een ondernemend &amp; gezond 2020🥂👌🏻 ";1
"Volgende week is @CES 2020. Dé kans om de hele wereld te laten zien wat we in huis hebben. 👏

Kom naar het NL Tech Square, Eureka Park, stand 51726. 🇾🇪 🇱🇷

Bekijk de 50 innovatieve startups die met @TechLeapNL afreizen hier: ";1
Zalig Kerstfeest! ;1
"Het is van groot belang dat ons telecomnetwerk door betrouwbare bedrijven wordt beheerd. 📞 #telecom 

Meer informatie:
";1
"Op bezoek bij zakenvrouw van het jaar 2019: Mireille Kaptein. Directeur van een succesvol zuivelbedrijf dat in 55 landen actief is, en 180 mensen in dienst heeft. Indrukwekkend en inspirerend!

🎥 Bekijk de video van mijn bezoek.

#trotsopondernemers #powervrouw ";1
Prachtig! ;1
"Inspirerende bijeenkomst met diverse provincies die mooi werk verzetten en goede initiatieven tonen om de regionale economie te versterken. Samen kunnen we het #mkb en onze economie sterker maken. 🇳🇱💪 

#MKBdeals kamerbrief ➡️ ";1
"Vanochtend te gast bij #GoedemorgenNederland
@WNLVandaag om te spreken over techbeurs #CES2020NL en hoe belangrijk NLse startups zijn voor maatschappelijke uitdagingen op het gebied van duurzaamheid, mobiliteit en betaalbare zorg.

⏩ ";1
@creasuuz @cdavandaag @Joannekevdn @hugodejonge Dat is helaas zeker waar.;1
Goedemorgen Nederland! Op NPO1. Samen met @bas1hoorn ;1
"@roeldobbe @AgentschapT @AINowInstitute Beste Roel, je haalt een terecht punt aan. Transitie is ook in deze sector onvermijdelijk. Er bestaat bijv. al een gerichte aanpak om de groei van datacenters te verduurzamen.
";1
"Eerlijke economie -&gt; ";1
@AgentschapT Veiligheid staat voorop. Daarom stellen we extra hoge eisen aan leveranciers van diensten en producten. Kritieke onderdelen van het telecomnetwerk mogen alleen afkomstig zijn van betrouwbare leveranciers. 2/2  ;1
Vandaag heb ik de consultatie gestart voor de veiling van frequenties voor snelle mobiele communicatie, zoals #5G. Dit is nodig om in de grote behoefte van de samenleving aan snelle en betrouwbare mobiele communicatie te voorzien. 1/2  ;1
"Ik pleit voor uitbreiding van het EU-mededingingstoezicht voor aanpak oneerlijke concurrentie vanuit derde landen.

Met uitbreiding toezicht zorgen we dat iedereen zich aan de hier geldende mededingingsregels gaat houden.

Nieuwsbericht ⤵️

";1
"Voorstel NL aan Europese Commissie - Pak oneerlijke concurrentie van buiten de EU aan met uitgebreidere handhaving.

";1
Een leven lang leren is goed voor het #mkb. Gisteren het startschot gegeven voor #MKBidee2019 Deze toppers gaan aan de slag met hun #MKBidee. Ik kijk nu al uit naar de resultaten. ;1
Samen met @debackerphil #belgië kennismaken met de nieuwe Europese Commissaris @thierrybreton 💪🏼 ;1
"Ruimtevaart spreekt tot de verbeelding, maar is vooral van belang voor alledaagse technologieën en infrastructuur. Daarom blijf ik samen met mijn Europese collega’s investeren in ruimtevaartprogramma’s. 

";1
Ruimtevaarttechnologie biedt grote kansen voor Nederland. Op het gebied van innovatie, economische groei én nieuwe banen. Ik ben vandaag en morgen in Sevilla om het ruimtevaartbeleid, samen met mijn Europese collega’s, verder te ontwikkelen. ;1
"Als het te mooi is om waar te zijn, dan is dat het meestal ook. Laat je niet inpakken! 

Kijk op ";0
"Leiderschap staat aan de basis van groei en innovatie. 

Ik feliciteer Nicoline van Leersum (Johnson &amp; Johnson) met het winnen van de Young Captain Award 2019! 🎉

";1
Op bezoek bij @Hiberglobal, 'mijn' Nationaal Icoon. 🛰🚀  ;1
Een einde aan ongewenste verkooptelefoontjes. Vanmiddag besproken bij @spijkersbnnvara 💪🏻 ;1
"Een goed voorbeeld van toekomstbestendige binnenvaart. 👍 

";1
💎🏆💎 Van harte gefeliciteerd Royal @Schiphol Group met het winnen van de #Kristalprijs.👌🏻 ;1
We zijn er klaar voor! @MinisterieEZK #begroting #trotsopondernemers ;1
Mooi! #neetegenracisme #onsoranje ;1
Het mooiste liedje gezongen door Jan Dulles van @drieJS Het dorp👌🏼  #hetdorp ;1
In januari 2️⃣0️⃣2️⃣0️⃣ reis ik met 50 NLse startups naar techbeurs @CES Samen met @CTATech CEO @GaryShapiro, schreef ik hoe belangrijk het is dat we samenwerken met de VS. Daar liggen enorm veel kansen voor onze ondernemers! Lees het Engelstalige artikel ➡️ ;1
😄😄😄😄😄 ;1
Trots op alle ondernemers van Nederland. Van groot tot klein, jullie zijn de motor van onze economie. Bedankt! 👏#dagvandeondernemer #trotsopondernemers #trotsopmkb ;1
"Zonder veiligheid is online ondernemen niet mogelijk. Daarom is vandaag de Basisscan Cyberweerbaarheid gelanceerd. 

Leer in 5 minuten hoe jouw bedrijf digitaal veiliger wordt: 
";1
@reneemerkestijn @RVO_Innovatie Omdat “techniek” bedacht, gemaakt, geïnstalleerd en onderhouden wordt door mensen.;1
@BiancaPrins Uiteraard! Is nadrukkelijk besproken.;1
Ik heb zojuist het #KIC convenant ondertekend.🖋️ De komende jaren wordt voor 4,9 miljard euro geïnvesteerd in het vernieuwde topsectoren- en innovatiebeleid. Zo kan ons land blijven uitblinken op het gebied van #innovatie. Dit is geweldig nieuws! ;1
Vanmiddag ondertekening kennis- en innovatieconvenant 2020-2023. Hopelijk houden we het dit jaar wél droog.😊 #KICstart ;1
Op bezoek bij @PLUSVerheul in #Benthuizen. Vierde generatie supermarktondernemer met belangrijke maatschappelijke functie in het dorp. Mooi om te zien hoe goed een franchise in de praktijk kan werken. #franchisewet #supermarkt ;1
Ondertussen op #instagram #10000stappen 😱 ;0
@AliesOuwerkerk 💪🏼;1
Naar huis na een goed #CDAcongres 👌🏼 ;1
Het #mkb is de motor van onze economie en daar mogen we trots op zijn. In #BergenopZoom sprak ik ondernemers die bewijzen waarom Nederland innovatieleider binnen Europa is. #trotsopmkb #ondernemers ;1
"Consumenten moeten online met vertrouwen producten kunnen aanschaffen. Daarom sla ik vandaag de handen ineen met NLse internetplatforms. We gaan samen met dit onderwerp aan de slag. Lees het nieuwsbericht &amp; kamerbrief hier ➡️ ";1
Vandaag heb ik mijn visie op de #mkb-financieringsmarkt gedeeld met de Tweede Kamer. Negen acties worden in gang gezet om het ondernemers makkelijker te maken om financiering aan te trekken. Lees meer ;1
Samen met collega staatssecretaris @stinabillinger was ik gisteren aanwezig bij het #WomeninTech event in Zweden, een mooie gelegenheid om met #powervrouwen te spreken over ondernemerschap en innovatie. ;1
Nederland staat aan de top qua innovatie en economische groei. Hoe kan iedereen hiervan profiteren? Kan de samenleving de razendsnelle technologische ontwikkelingen bijbenen? Daar gaan vandaag economen uit het hele land over in debat. #economendebat #uitzicht #economie 🔭 ;1
Vakmensen zijn hard nodig voor onze economie. Zij geven sfeer en kleur aan de winkelstraat, bieden persoonlijke service en verkopen ambachtelijke producten. Gisteren bezocht ik lokale ondernemers in Hattem. Bekijk een impressie van mijn bezoek ▶️ #MKB ;1
Zo is dat. 😔 #tilgardeniers ;1
Onder de indruk van wat ik vandaag heb gezien. Nederland heeft heel wat in zijn mars op innovatiegebied. 👏 Op naar een succesvolle #CES2020 in Las Vegas! #CESunveiled #banenvandetoekomst ;1
Beroepsonderwijs moet jongeren beter gaan voorbereiden op een leven als ondernemer. Een voorwaarde om innovaties de markt op te krijgen, wat goed is voor de economie en zorgt voor meer banen. #CESUnveiled #banenvandetoekomst ;1
Bam! De beurs is geopend. 😁Vandaag staat in teken van #CESunveiled. Hier komt Nederlands innovatietalent samen met investeerders, bedrijven en overheid. #NLinnovatief #Banenvandetoekomst ;1
👍🏼 Nationale Iconen 👍🏼 ;1
Samenvatting van vandaag. Prachtige voorbeelden van innovatieve samenwerkingen en volop kansen voor ondernemers.🙏🇾🇪🇮🇳 #NLIndia #NLIndiaNEXUS #TechSummit19 ;1
@HansHaarsma @EenVandaag ;1
Op weg naar India. Doel: ondernemers helpen om kansen te benutten. India is een belangrijke partner op gebied van innovatie. Ga mee op handelsmissie, volg #NLIndia 🇮🇳🇳🇱 ;1
Waarom de mens centraal moet blijven staan in #AI. Bij #Buitenhof toelichting gegeven op de stappen die deze week zijn gezet. #sapai #nederlanddigitaal ;1
Morgen in @Buitenhoftv om 12.10 uur op NPO1, spreek ik over Artificiële Intelligentie #AI Een technologie die heel belangrijk is voor onze economie en maatschappij. ;1
"Online platforms vergen regulering. De #P2B verordening is een goed begin, maar er is meer nodig. Eurocommissaris @vestager noemt NLse voorstellen als voorbeeld. Mooi dat het initiatief van dit kabinet als goed voorbeeld wordt omschreven. 
";1
Dank voor alle felicitaties! 😊 Nu thuis met gebak en zoon die 25 jaar geleden op mijn 26e verjaardag geboren is. Dubbel feest! ;1
Dank! ;1
Nu zaak om inhoud agenda te verstevigen. Daarom nodig ik andere partijen uit aan te sluiten en samen door te pakken #toerismetop ;1
Hier mogen we trots op zijn. Mooie en verdiende complimenten voor ondernemers, werknemers en kennisinstellingen. 💪 #trotsopondernemers ;1
Van @ComitevoorO het Jaarbericht #StaatMKB2019 ontvangen. Deze trendanalyse laat zien hoe het #mkb in Nederland er voor staat. Ik kom met een kabinetsreactie op het Jaarbericht. ;0
"Trots! Vandaag nieuwe #mkb werkplaats in Groningen geopend. Topstudenten en experts helpen ondernemers bij het oplossen van vragen over online ondernemen.
Veel dank aan iedereen die deze werkplaats heeft mogelijk gemaakt.👌🏻 ";1
Inspirerend werkbezoek afgelegd in Eemshaven, innovatieve hub voor offshore wind. Mooi om te zien hoe de Groningse haven, offshore wind startups en bedrijven hier de handen ineen slaan om hoogwaardige offshore wind projecten te realiseren. 🤝 ;1
"Ook in de toekomst moet de vis-en kaasboer een vertrouwd beeld op straat blijven.
Zojuist een rapport in ontvangst genomen van @deCVAH die aandacht vragen voor het vergunningbeleid voor marktstandplaatsen in gemeenten. ";1
@jphgkmr Doen we ook. Concrete voorstellen om aan te sluiten bij de digitale economie.;1
In Wenen de 7e #FriendsofIndustry verklaring ondertekend. We zetten in op klimaat, een sterke digitale agenda en gelijke kansen voor de Europese industrie en het #MKB. Samen krachten bundelen, essentieel voor een sterke industriële basis van de EU 💪🏻🇪🇺 ;1
"Dank aan organisatie en partners voor een succesvolle One Conference 2019 met een bloedstollend einde. 
#NLCyber #OneConference2019 ";1
"Gemeentes en provincies opgelet, inschrijving MKB-Deals nu open. Kans om regionaal #mkb te versterken. 💪#mkbactieplan 
";1
"#Trots op onze innovatiehelden 💪🏻
#NLInnovatief
#NLstartupweek ";1
"Mooi overzicht van proeftuinen, digitale koplopers die samen innoveren en experimenteren. 👍
#banenvandetoekomst #trotsopondernemers ";1
Goedemorgen! ;1
Aanrader! Morgen laatste kans 👍🏼 ;1
Onder strenge voorwaarden sta ik de overname van Sandd door PostNL toe. De toestemming verleen ik om te zorgen dat postbezorging betaalbaar, beschikbaar en betrouwbaar blijft in een sterk krimpende markt. Persbericht ➡️ ;1
Gefeliciteerd 🎉@Rianneletschert is #topvrouw van het jaar! Omringd door echte #powervrouwen! Een prachtig voorbeeld voor alle vrouwen, bron van inspiratie voor iedereen. Ook een mooi moment om te pleiten voor meer #topvrouwen in NLse boardrooms. #Trots ;1
Goede, serieuze gesprekken en gelukkig ook af en toe lachen met collega’s uit andere lidstaten. Hier @VladimirBaertl uit Tsjechie en Vincenzo Amendola uit Italie. Raad voor Concurrentievermogen. #rvc #competitiveness #Brussel ;1
Er moeten meer vrouwen in de top van het bedrijfsleven. Dat is mijn boodschap in mijn speech, die ik morgen geef tijdens de @topvrouw verkiezing. In @WNLVandaag uitzending Goedemorgen Nederland vertelde ik meer over deze bijzondere verkiezing #topvrouwen ;1
“Spion in huiskamer” @telegraaf ;0
"Goed gesprek met @CES ceo @GaryShapiro over NLse startups die de wereld veroveren &amp; verbeteren. Benieuwd naar de nieuwste innovaties van eigen bodem? Bezoek Techbeurs CES Unveiled. Meld je aan: ";1
🎉🎊 #trotsopondernemers ;1
Vandaag bij @bookingcom lancering bijgewoond van W@CompetitionNL Een mooi moment om te benadrukken dat door nieuwe #P2b regelgeving ondernemers beter beschermd worden bij zakendoen op digitale platforms. Ook de kleine ondernemer! #NLDigitaal ;1
"Vanavond in @DWDD - Volg mij op Instagram voor de live uitslag en beelden achter de schermen! 

";1
"Technische innovaties als oplossing voor maatschappelijke opgaven met potentieel economisch voordeel -&gt; Nationaal Icoon 💪🏼🇳🇱 ";1
“Ontzettend gevaarlijk” #manmanman ;0
@YesimCandan Ik geef je wel een korte cursus #appeltjeaaitju 😄;1
....tromgeroffel... 🥁 ;1
Blijft een geweldige speech. @emmawatson. #heforshe “Men, I would like to take this opportunity to extend your formal invitation. Gender equality is your issue too.” ;1
@Hobbyverslaafde @dutchdreamer_ 👍🏼;1
@rklimbie In deze miljoenennota is 7,5 miljoen begroot voor Kunstmatige Intelligentie (AI). Verder werkt dit kabinet hard aan een nationale strategie met daarin publiek-private ondersteuning voor deze technologie.;1
#Prinsjesdag ;1
Samen met mijn zus.❤️#Prinsjesdag ;1
Knap werk door toptalenten van @WorldSkillsNL Dank je Sanne voor het stylen van mijn haar en Esme voor de visagie. #Prinsjesdag, een belangrijke dag voor iedereen! #trotsopondernemers #NLonderneemt ;1
"Nederland is wereldleider op het gebied van quantumtechnologie. Die positie willen we graag behouden! 

Maar waarom eigenlijk?🤔

#quantumtechnologie #trotsopondernemers #economievandetoekomst #banenvandetoekomst ";1
"👏

#trotsopondernemers #economievandetoekomst #banenvandetoekomst ";1
Een heerlijk film! @downtonabbey ;1
Dank dat je er was! #samensterk #trotsopondernemers ;1
Mooie samenwerking, ontstaan uit behoefte om elkaar te kunnen vertrouwen en versterken! #banenvandetoekomst #NLDigitaal 🕵️‍♂️👌 ;1
#F35 👍🏼👍🏼 #economie #veiligheid ;1
Goed voor #veiligheid en #economie #F35 ;1
Met dank aan alle partners en bedrijven die dit initiatief steunen! Tot 16-19 maart 2020 in Groningen. 💻👌 #NLdigitaal #digitaletop ;1
@Phaedrajanine @meerschaut WAUW! #vrouwenpower;1
Het keurmerk “Erkend #MKB Financier“ is een geweldige stap om de sector verder te professionaliseren en een eerlijk speelveld te creëren voor financiers en ondernemers. ;1
Advies ‘Waardevol toerisme – onze leefomgeving verdient het’ in ontvangst genomen van @raadrli. Voorkomen dat #toerisme Nederland 'overkomt' en betere balans tussen voor- en nadelen. Op 9/10 delen we onze aanpak. ;1
Innoveren doe je samen! Al meer dan 15.000 mkb-bedrijven worden wereldwijd ondersteund. 👍 #EUREKA2019 ;1
Met dank aan @matthijshuizing en @karstenklein sloten we vanmiddag #BeterAanbesteden af én gaan we een vervolg in. Dank, heren! #aanjagers ;1
Goed nieuws! Actieagenda Beter #Aanbesteden is vandaag afgerond. Betrokken partijen willen nu doorpakken, er komt een vervolgprogramma. Dit juich ik van harte toe! Lees meer ;1
"Trots op onze Nederlandse toppers! #NLstartupweek 
#NLinnovatief ";1
👌🏼🇳🇱 Een hele goede morgen! ;1
Van alle markten thuis. Dus Vissen met Jan. Morgen in het @ADnl @janhoedeman ;1
Even gezellig koffie met @JanSmit en @PieterHeerma en natuurlijk rondleiding inclusief de Handelingenkamer. ;1
Mooie afscheidsreceptie voor een markant bestuurder, betrokken CDA’er en #Volendammer in NH. Dank je, @JaapBond voor meebouwen aan sterke #economie in Noord-Holland en #woningbouw in #Broeckgouw #Volendam 💪🏼 ;1
😱 ;1
@jndkgrf Meestal geen probleem voor @MonicaKeyzer 😎;1
Doen! ;1
@rebinmaref Bedoel je dit? ;0
@MarcDubach 👋🏻;1
Wat een feest dit #gaypride #amsterdam ;1
"Mooi -&gt; Rutger Hauer: ‘Blade Runner’ and Four More Indelible Performances – Variety ";1
Ook benieuwd naar de tien kans hebbende innovaties voor de verkiezing van de nieuwe Nationale Iconen? In het nieuwe e-zine ‘EZK in beeld’ leest u alles over de tien finalisten. #NLInnovatief - ;1
"Ik ben blij dat we na 1 jaar al duidelijke resultaten kunnen laten zien van het #MKBactieplan. Ik wil met oa ondernemers, branches &amp; andere overheden het fundament vd economie blijven versterken. Niet eenmalig, maar over de komende jaren. Zie: ";1
#MKBactieplan geeft meer ruimte aan ondernemers. Ik presenteer vandaag de 1e voortgangsrapportage: ;1
Goed gesprek met de ambassadeurs van #Oostenrijk #Finland #Spanje #Portugal #Malta #Tsjechie #Slovenie #Estland over #mededinging en #platformeconomie ;1
@PetradeBoevere @Kantar ;1
En wat doen we met de jongens? ;0
💪🏼💪🏼💪🏼💪🏼💪🏼💪🏼💪🏼💪🏼💪🏼💪🏼💪🏼 ;0
Nederlanders ergeren zich in overgrote meerderheid aan ongevraagde, telefonische verkoop blijkt uit recent onderzoek van @Kantar. Daarom ga ik dit wettelijk verbieden. Alleen als je zelf expliciet toestemming geeft (opt-in), kun je nog gebeld worden. ;0
Vanavond mooie en terechte woorden bij diploma-uitreiking gehoord over #MBO #ditisMBO ;1
Dank voor de uitnodiging! ;1
Handelsregisterwet aangenomen door @EersteKamer. Deze wet versterkt de rechtszekerheid in het economische verkeer en van de kwaliteit van het handelsregister. Ook versterkt het de rol van @KvK_NL bij de bestrijding van malafide praktijken in het handelsverkeer. ;1
Steeds meer apparaten zijn verbonden met internet. Veilig omgaan, gaat niet vanzelf. Doe je dat niet, dan ben je kwetsbaar of wordt je besmette apparaat ingezet om bij anderen aan gegevens te komen. Kennisinstellingen, bedrijven en overheid gaan samenwerken om dit te verbeteren. ;1
"Op #PAS2019 was ik bij ondertekening @Boeing, @SPECTO_Aero &amp; @Defensie van een overeenkomst voor industriële participatie. Deze samenwerking met internationale bedrijven zorgt oa dat NLse ondernemers &amp; onderzoekers op het gebied van innovatie internationaal kunnen doorgroeien. ";1
"Internationale samenwerking zorgt in NL voor extra banen &amp; inkomsten. Het is mijn doel om NLse techbedrijven &amp; maakindustrie goed te positioneren en via industriële participatie in defensiematerieel onze nationale veiligheid te beschermen &amp; technologische basis te versterken ";1
"Gesprekken met Franse kabinetsleden @Cedric_O @AgnesRunacher over innovatie (tech)industrie, digitale platforms &amp; marktwerking. Belangrijk voor banen+inkomsten om Europees samen te werken en voor inzet nieuwe EU-commissie. Zo kunnen onze ondernemers mondiaal blijven concurreren. ";1
"Tijdens @Room4Discussion bij de @UvA_Amsterdam ben ik in gesprek met alumni en studenten over o.a. digitale ontwikkelingen &amp; vrouwelijk ondernemerschap. ";1
Dank @JaapBond voor de prettige samenwerking en je harde werken al die jaren! 💪🏼 ;1
Digitale platforms zijn voor ondernemers steeds belangrijker om hun diensten/producten aan te bieden, ook over de grens. Met deze regels zorgen we voor een eerlijkere economie. Een kleinere ondernemer is hierdoor beter beschermd en kan met vertrouwen online zaken doen. #mkb ;1
Geslaagd!! 🎉🎉🎉 #dejongste #delaatste #geslaagd ;0
De Nota Mobiele Communicatie is vandaag gepresenteerd. Sneller en beter beschikbaar mobiel internet door frequentieveilingen tbv van #5G. | De Volkskrant ;1
Global challenges, dutch solutions. 😊 #proudtobedutch #GES2019 ;1
En dank aan u, @mgrhendriks #vormsel ;1
"Die tweede zin! 😁😁 
";1
Ik kijk terug op een inspirerende en goed georganiseerde #GES2019 Thanks to @usambnl @karenchupka @WHOSTP @garychapiro @theGESsummit and ofcourse @statedept 👌🏼 ;1
Thank you for the the great teamwork 👍🏼 ;1
Tijdens de #GES2019 sessie Women in Entrepreneurship de economische kansen voor vrouwen benadrukt: “Because of lack of diversity in boardrooms and venture capitalists,  we miss out economic opportunities.” ;0
Tijdens de #GES2019 ontmoette ik de 10 genomineerden van de Nationale Iconen. Zij waren aanwezig @theGESsummit. In september volgt de bekendmaking van de nieuwe Nationale Iconen - ;1
De volgende stap in startupbeleid. Startup, scale-up, unicorn. De economie, verdienvermogen en de banen van de toekomst. @techleapnl ;1
Ondertussen op #insta ;0
Komt dat zien! 😊 ;1
#bumabedankt 👍🏼 ;1
De campagne ‘Eerst checken, dan klikken’ van @ministerieJenV roept mensen op zich beter te beschermen tegen phishing en andere vormen van internetcriminaliteit ;1
Bij de Franse en Finse collega het belang van adequate mededingingsregels voor platforms bepleit. #keuzevrijheid #kansenvoorkleineondernemers ;1
Vandaag een #dagjevergaderen tijdens de Raad voor Concurrentievermogen in #Brussel over #industriepolitiek #internemarkt  #concurrentie #mededinging #platform #kampioenen ;1
Samen #cybercrime aanpakken 💪🏼 ;1
☎ Dit is het antwoordapparaat van Sybrand Buma. Ik ben er niet, maar... #keuzemenu #ikstemCDA ;0
Wint #Nederland eindelijk weer eens #ESF #eurovision lig ik te hoesten in bed. Wel topnieuws om bij op te staan. 🇳🇱👌🏼❤️ van harte, @dunclaurence ;1
Kabinet vindt een blijvende dominante marktpositie van digitale platforms onwenselijk. Dat belemmert toetreding van bedrijven en keuzevrijheid. Ik stel daarom 3 maatregelen voor om in te grijpen: ;0
Een prachtig, Limburgs familiebedrijf. #trotsopondernemers ;1
"Ik start een onderzoek naar de wenselijkheid van een nieuwe rechtsvorm voor sociale ondernemingen. Betere erkenning &amp; herkenning van deze bedrijven stimuleert sociaal ondernemerschap. ";1
Ik mocht 7 jaar met hem strijden. Een monument voor onze partij vertrekt. Maar ook gewoon een fijne collega en een goed mens. Sybrand, dank je wel. Het ga je meer dan goed. #bumabedankt ;1
Dank voor de gastvrijheid! ;1
Goed gesprek met @annikamarkovic Zweedse ambassadeur over samenwerken tussen Nederland en Zweden ogv #innovatie #startup #scaleup #sleutel #technologieën ;1
Hoe werden Epke Zonderland en Ranomi Kromowidjojo kampioen? Door keihard te trainen en eerlijke wedstrijden. Voor economische kampioenen geldt hetzelfde. In dit artikel het bijbehorende verhaal. ;1
Ons aller @japked is weer in vorm vandaag.👌🏼 #kantooruitzicht #kurken ;1
Academische #startups zijn voor NL ontzettend belangrijk vanwege hun vaak innovatieve doorbraken die op allerlei manieren impact hebben op de maatschappij. De 10 winnaars laten zien dat Nederlandse universiteiten en instituten meespelen op het hoogste mondiale podium. ;1
Way to go! #innovatie #GES2019 #CESunveiled #startup #scaleup ;1
Zeker een topavond 💪🏼 #vrouwenkiesrecht ;1
Weer eens wat anders. Vanavond mag ik optreden in een toneelvoorstelling over 100 jaar vrouwenkiesrecht in Frascati Amsterdam 💪🏼 ;1
@ajboekestijn Dank!;1
"Goed te zien dat NL is gestegen naar 15e plaats in de internationale ranglijst voor #startup ecosystemen. Dit laat zien dat ons beleid effect heeft en daarom werk ik aan nieuwe impuls voor het opzetten &amp; doorgroeien van startups &amp; scale-ups. ";1
Nee!! #ajatot;0
Ja wel! #ajatot ;1
Het Midden- en KleinBedrijf is het fundament onder onze economie. #beschermenwaard #MKB #ondernemer #fundament #banen #trotsopondernemers ;1
Bevrijdingsdag. Vier de vrijheid. Vier het leven. 💪🏼 ;1
#4mei #dodenherdenking ;1
Van harte gefeliciteerd! 🇳🇱 ;1
Altijd zo’n bijzonder moment. Weet nog dat mijn schoonvader zaliger hem jaren geleden kreeg. Altijd stoer maar toen ontroerd. Tranen in zijn ogen. ❤️ 🇳🇱 ;1
Als blijkt dat grote bedrijven de huidige maximale betalingstermijn van 60 dagen in toenemende mate als norm hanteren voor de rekeningen van #mkb-leveranciers, pas ik de wettelijke betalingstermijn aan. ;0
"""Je bent niet alleen. Ik zal er voor je zijn."" Mooi.❤️
#ThePassion";1
Zaal vol met scholieren en studenten die technische ideeën omzetten in nieuwe producten. 💪🏼 ;1
Wat een verdrietig begin van de dag. #NotreDame ;0
Thuiswedstrijd vandaag. Met collega’s vanuit #Europa praten over digitale economie en #platform #D9+ Aan het uitzicht gaat het niet liggen. #amsterdam  #VOC #digital ;1
“Vergeet China en Silicon Valley” Interessante bijdrage van Marleen Stikker en Roel Dobbe - NRC ;1
@LaetitiaOuillet Stuur een inhoudelijke motivatie met cv. 😎;1
😄👍🏼 @DeSpeld “Getal 14 wordt vernoemd naar Johan Cruijff” ;1
Voorafgaand aan #Cohesieraad alvast gesproken met collega’s uit #Duitsland en #Slowakije over toekomst van #cohesiebeleid ;1
Doorpraten over betekenis #platformeconomie en #data voor #MKB tijdens #ondernemersberaad Voor en door #ondernemers 💪🏼 #Jads en #Bovag met @MKBNL ;1
Succes, @carmenvvilstere ;1
Hoe voorkom je “computer says no”..... in het tijdschrift van de #SER en vandaag ook nog besproken tijdens #Digitalday2019 ikv #blackbox #algoritme ;1
Terechte woorden van @aimeevanrobot over #AI namelijk dat er een mens achter zit en daar dus de ethische afweging wordt gemaakt. Aan het begin de juiste vragen stellen en data gebruiken. #DigitalDay2019 ;1
In #Brussel voor #DigitalDay2019 om te praten over kunstmatige intelligentie #AI en wat nodig is om dit verantwoordelijk en vanuit de mens in onze samenleving te gebruiken. ;1
Prachtige dag voor de #Pieperrace 2019 #Volendam ;1
Dank daarvoor. Uiteraard gelijk onder de aandacht gebracht bij Duitse collega’s. #samensterker ;1
Complimenten voor de inspirerende tour door de ruimte en daarmee de techniek! ;1
Samenwerking tussen 🇳🇱 en 🇩🇪 bedrijven maakt samen sterker. #HannoverMesse #HM19 #SmartIndustry ;1
@tilhulp @RVO_Int_Ond @gezondbelast @Laevobv @tiller_tilhulp Ik zag het tijdens de presentatie Hackaton! 💪🏼;1
@A_Stekelenburg Zeker!;1
@Japked @B_Rijlaarsdam 🥴 ;1
Ik kijk terug op twee geslaagde dagen #HannoverMesse waar vele NL 🇳🇱bedrijven, studenten, universiteiten en kennisinstellingen laten zien wat ze kunnen👩🏼‍🎓👨🏼‍🎓💪🏼 #HM19 ;1
@JlcmLeemkuil @tudelft @NTSgroupNL Met recht! 👌🏼;1
@rfmwensing Vielen Dank 😎;1
Gleichweis! ;1
De techneuten van de toekomst die we zo hard nodig hebben! 💪🏼 ;1
"Tijdens @Hannover_Messe spreek ik met div partijen over intensievere samenwerking met Duitsland voor het positioneren van innovatieve NLse techbedrijven, startups, kennisinstellingen &amp; hun toeleveranciers om internationaal te groeien. #HM19 ";1
AI kan niet goed zonder data over vrouwen. ;0
“Ik ga elke dag voor 10.000 stappen.” 🏃🏼‍♀️💪🏼 ;1
#transport #logistiek #nederland @TLNnieuws ;1
Over digitalisering, 5G, ongewenste zeggenschap in telecom en integriteit van netwerken. Interview: ;1
"Meer dan 2.000 deelnemers werkten op conferentie Nederland Digitaal aan doelstelling om NL digitale koploper van Europa te maken. De resultaten -&gt; ";1
Dank voor de bereidheid hier samen de schouders onder te zetten 💪🏼 ;1
😎 ;1
Vooroplopen in digitalisering vereist een slagvaardige coalitie van bedrijven, ondernemersorganisaties, regio’s, kennisinstellingen en overheden. Conferentie Nederland Digitaal is daarom belangrijk voor het ondersteunen van kennisdeling en samenwerking. #NLDigitaal2019 ;1
@DannyVerbaan @MinisterieEZK @NLGroeit @Port4Growth @CruiseReizenNL @BoekelAGF @marnixgeus @huisaanhuisnu @bcdejong @gijsb @JWOnink Helemaal correct.;1
#EenHeleGoedeMorgen! Ook voor Noord-Holland, Zuid-Holland, Zeeland, Noord-Brabant, Limburg, Overijssel, Utrecht, Flevoland, Drenthe, Friesland en Groningen en alle waterschappen. #IkstemCDA ;1
Interview met @BNR over gezamenlijke aanpak van digitalisering met oa bedrijfsleven, wetenschap, maatschappelijke instellingen en overheden tijdens 4-daagse Conferentie Nederland Digitaal: ;1
Zakenvrouw van het jaar 💪🏼 RT @nhdagblad: Mireille Kaptein uitgeroepen tot zakenvrouw van het jaar: ’Sta pal voor je ambities, je bedrijf en grijp je kans’ ;1
Gedeputeerden @vanHijum @michielscheffer en @bertpauli vertellen hoe zij de digitalisering en robotisering van hun bedrijfsleven stimuleren. #fieldlab #smartindustry #Nederlanddigitaal #NLDigitaal ;1
Conferentie Nederland Digitaal! ;1
Onderweg. Tot zo! ;1
👍🏼 RT @hermendegraaf: Hey @JaapBond en @MonaKeijzer - natuurlijk zijn we in @AalsmeerCentrum even bij de Volendammers langs gegaan met de Groenr Golf #ps2019 @CDANH 😉 ;1
Met @AgnesMulderCDA aanwezig bij 5 jaar ⁦@BusinessClubNV⁩ in de showroom van ⁦@BroekhuisAutos⁩ 🎉👌🏼 ;1
Dank voor het organiseren! ;1
Intrigerende lezing gehad van @jayabaloo @KPN over cybersecurity en wat je zelf kan doen. Digitaal vaardig, digitaal veilig. ;1
Dank voor de gastvrijheid en heel veel succes! 👍🏼 PS: de 1e folder aan @KPN gegeven. #vmboishetbeginvanjetoekomst #beroepenfeest @VMBOOnStage ;1
Het was echt een feest! Er zijn vele tientallen Doe-dagen afgesproken waar vmbo’ers gaan kijken bij bedrijven of in die branche hun toekomst ligt. ;1
Met topvrouwen op de foto 💪🏼 Karin Zwinkels, Adri Bom-Lemstra, Jenny Vermeer, Anja van der Eijk en Ellen Verouden. ;1
Bericht van zoon. Wat zal hij daar nou mee bedoelen.... 😬🙃 #kookkunst #topchef #jemoetwelvanhemhouden ;1
Dank ook aan @naktuinbouw voor het delen van informatie zodat ook anderen zich goed kunnen voorbereiden op #brexit #brexitbuddy ;1
"Doel: in 2023 heeft iedereen in NL toegang tot snel vast internet. We doen dit samen met marktpartijen, overheden &amp; burgerinitiatieven. Hierover spreek ik tijdens Fiber to the Home Conference. #FTTH2019 ";1
Een hele goede morgen, Piet-Cees! 😄 ;1
Mooie voorbeelden van innovatie in de #detailhandel 👌🏻 ;1
Mooi verhaal over hét drumstel. #groteliefde @dellavia @Else4Weekblad ;1
In Noordwest-Brabant veel ondernemers gesproken 💪🏼 Het leek wel #IWD2019 😎 #trotsopondernemers ;1
Werken aan sterke detailhandel! 💪🏼 ;1
Roosendaal past digitale technologie toe voor winkelend publiek in de binnenstad en is daarmee één van de retailpioniers in NL. Daarom ga ik in @gem_roosendaal met @Hester_Duursema, @CeesL en lokale #ondernemers in gesprek over #innovatie binnen de #retail. #NLDigitaal ;1
Met @mariannecda op pad in Den Bosch. Inmiddels bekend terrein 😉 #oeteldonk ;1
Gebrek aan diversiteit is ook een economisch probleem. We missen kansen door onvoldoende diversiteit in bedrijven en bij investeerders. Vandaag bij @DeloitteNL tijdens #InternationaleVrouwendag. #BalanceforBetter ;0
Inspirerend werkbezoek met @derkboswijk bij Brabebo en Profile Hoogendoorn. Twee familiebedrijven waar #duurzaam een bedrijfspilaar is. ;1
Morgen #Internationalwomensday en daarom spreek ik bij @deloitteNL hoe ik zelf #Balanceforbetter #IWD2019 ;1
Trotse medewerkers: “Dit is mijn werf.” #mijnwerf #damenshiprepair #020 ;1
Gemeente Amsterdam kan trots zijn op Damen Shiprepair 👌🏼 Mooi werkbezoek bij een prachtwerf met oa @JaapBond en @dennisheij #trotsopondernemers ;1
Zondag 3 maart was ik in #Oeteldonk en zaterdag 9 maart ben ik in Den Bosch, #Veghel en #Uden 💪🏼 ;1
@marnixtenbrinke @Boeing Bedrijven zoals KVE, QuinteQ en Fokker/GKN. Harm, Paul, Wouter en Mike kunnen je meer vertellen.;1
"NL bedrijven &amp; kennisinstellingen werken met @BoeingEurope aan #innovatie, onderhoud &amp; productie van defensiemateriaal waaronder upgrade van #Apache helikopters. Hiervoor ondertekende ik vandaag een overeenkomst: ";1
@marnixtenbrinke @Boeing Het #klimaat wordt niet geholpen door te kniezen maar juist door ism grote bedrijven in combi met innovatief MKB te werken aan duurzame industrie. Vanmorgen goede voorbeelden daarvan gezien.;1
Tot zo, Jaap! @boeing ;1
Gezellig met @MvanToorenburg 👌🏼🎉🥳 #oeteldonk #carnaval ;1
Tijdens de #Carnavalsmis werd het ambulancepersoneel in het zonnetje gezet. Barmhartigheid in de praktijk. Zuinig zijn op deze mensen! #oeteldonk ;1
Gaan we! #oeteldonk @MvanToorenburg ;1
En natuurlijk ook een goed gesprek over de digitale agenda met de collega uit Duitsland, @ChristianHirte tijdens informele #telecomraad in #Boekarest ;1
Een goed gesprek voorafgaand aan #telecomraad met @mounir Mahjoubi, staatssecretaris Frankrijk over samenwerking op de digitale agenda. ;1
Een hele goede morgen, #boekarest #informele #telecomraad #NLinEurope ;1
The USA and the Netherlands have been trade partners for over 400 years. We both have been in the top 10 ranking of the Global Innovation Index @WIPO and now our countries co-host #GES2019 in 99 days from now! Tech scaleups can still apply until March 1: ;1
Bijeenkomst over #Brexit dus meld je snel aan ➡️ ;1
Financiering voor ondernemers die willen groeien ➡️ ;1
Een bijzondere ochtend! RT @BlauwBloedtv: Een trotse koning opent nieuw laboratorium waar gewerkt wordt aan een supercomputer. Bekijk meer: ;1
Vanuit MKB-Actieplan is nu 1,1 miljoen euro beschikbaar om regionale Financieringstafels op te zetten, samen met @MKBNL, @SRAnl, de @bankensector en @StMKBFin. Meer info via ;1
Op pad naar de opening van @Microsoft Quantum Lab. Lees hier👇🏻wat ze daar doen. 💪🏼 ;1
Dank, heren! #detailhandel ;1
Vanmiddag een kort debat #VSO naar aanleiding van de informele #Telecomraad. Onderwerpen waren blackboxalgoritme en 5G. ;1
@JoannaSusanna In december gesproken obv oude ramingen. Zoals minister gisteren ook gezegd heeft. Hij werkt nu aan verbetering.;0
Mobiel internet in buitengebied moet veel sneller | NOS ;1
Weer een contract! #F35 #economie #banen ;1
We missen economische kansen door onvoldoende diversiteit in bedrijven en financierders. ;0
Echt even lezen dus. 👌🏼 #powervrouwen ;1
@ClaartjeJV @FD_Nieuws Alletwee dus. En naar samenstelling kijken en naar onbewuste vooroordelen.;1
“Dit jaar is de Machiavelli-prijs een aanklacht. Een aanklacht tegen het feit dat een publiek instituut, de burgemeester als gevolg van bedreigingen en geweld niet langer publiek kan communiceren zoals dat hoort.” #bedreigdeburgemeester #Machiavelli ;0
Met als resultaat #ondernemerschap op gebied van #maatschappelijke #uitdagingen 👌🏼 ;1
Door te weinig #diversiteit #vrouwen op bepalende posities laten we economische groei liggen. Goed gesprek gehad mét acties als uitkomst. ;1
Suces met de Flevolandse ontwikkelingsmaatschappij, @JanNicoAppelman! 💪🏼 ;1
Tot morgen! ;1
Op #werkbezoek bij @VreugdenhilDF Dan uiteraard een #smoothie #dekrachtvanzuivel #maatschappelijkverantwoordondernemen #trotsopondernemers ;1
Goed gesprek met ondernemers en inkopers in Groen, Grond en Infra. Steun voor #BeterAanbesteden ;1
“Ireen Wüst reed de wedstrijd van haar leven, voor het leven” | TROUW ;1
Kleine collage. Meer op ;1
Nu! @WNLOpiniemakers #NPO1 #Radio1 ;1
Een hele goede middag! @sybrandbuma start zijn speech tijdens #CDAcongres ;1
Samen sterk! Goede samenwerking tussen ondernemers, gemeente en provincie. 💪🏼 #snelinternet #glasvezel ;1
Op naar #Aalten! #Gelderland #glasvezel #snelinternet ;1
Zorg dat #Brexit jouw bedrijf niet in de weg zit! ;0
Ik sprak op #Moerdijk ondernemers die zich ondanks alle onzekerheid goed voorbereiden op #brexit 💪🏼 #trotsopondernemers ;1
@hdemik Ik word wel blij van de wetenschap dat NL zich kan verdedigen, dat onze mannen en vrouwen die dat werk doen goed materieel hebben (en dat het kabinet daar aan werkt) en dat NL’se bedrijven contracten binnenhalen waardoor mensen hun brood kunnen verdienen.;1
Daar word je blij van!👌🏼 ;1
Filmpje! 👇 ;1
De nieuwe F35 “overhandigd” krijgen en gelijk werd er weer een miljoenencontract getekend met NL🇳🇱bedrijf! ;0
"Met @dennisheij een rondje door Edam-Volendam gereden🤗
#EenHeleGoedeMorgen ";1
Toegang tot financiering is belangrijk voor ondernemers daarom investeert @ministerieEZK in het #ZeeuwsParticipatiefonds. Demacq is mooi voorbeeld hiervan: ;1
Gewoon in Kerkrade, Limburg. En praat je over een leuk werkbezoek! Dank, Angelique en Jack van den Born 👌🏼 ;1
Dus. #10000stappen ;1
@floorter @envirosec Juist. Gecompliceerd dossier waar binnen het kabinet van alle kanten naar wordt gekeken.;1
Dank en veel succes! ;1
Met @ManfredWeber @Esther_de_Lange @eppgroup op werkbezoek in de #haven van #Rotterdam. Aan prachtig uitzicht iig geen gebrek. ;1
Ondernemer, bereid u zich zo goed als mogelijk voor. #brexit ;0
Dank, Pieter en heel veel succes met het ondersteunen van ondernemerschap in #Papendrecht! #trotsopondernemers ;1
Dank voor de ontvangst en toelichting op beleid Stad in Balans! ;1
Vanmorgen heb ik bij @WNLopZondag verteld over de #CES2019 en hoe NL oa zo het internationaal ondernemen ondersteunt. #trotsopondernemers ;1
Veel dank, @peteraltmaier voor de inspirerende lezing over onze gezamenlijke waarden, de relatie Duitsland-Nederland en de kracht van #innovatie voor onze #economie. En dat alles met humor.👌🏼 ;1
@dutch_travel @InfraTech 👍🏼;1
"Online platforms worden steeds belangrijker. Dit leidt oa tot vraagstukken rond de macht van (een aantal) platforms. Hier een analyse vh mededingingsinstrumentarium in de digitale economie -&gt; ";1
Morgenochtend Goedemorgen Nederland tussen 7 en 9 uur op NPO1. Over #startup #scaleup #innovatie #CES2019 ;1
@TacoCarlier @VanMoof Topfiets! 👌🏼;1
Electrische fietsen van NL’s 🇳🇱 bedrijf @VanMoof Sinds de zomer hebben ze een fietsenwinkel in San Francisco. Even getoerd. 😊 ;1
Tijdens het innovatiebezoek VS ontmoette ik ook James Clarke van @Intel en @AstroTeller v @Google en besprak investeringen in NL mbt quantum, kunstmatige intelligentie en slimme mobiliteit👌🏼 ;1
Wij staan op de #CES2019 om er voor te zorgen dat Nederlandse bedrijven internationale kansen kunnen pakken. ;1
De #CEO van @IBM @ginnirometty interviewt de CEO van @Delta Ed Bastian op startdag van #CES2019 👍🏼 ;1
Net geland in Las Vegas en de eerste ontmoeting met de 50 🇳🇱 startups zit er al weer op. Mét foto en uiteraard special envoy @constantijn14 👌🏼 ;1
American Center for Mobility met oa ruim 2 mile aan snelweg inclusief tunnel om connected vehicles te testen. Thanks, @acmwillowrun 👍🏼 #impressive #innovation ;1
Een mooie afsluiting van de eerste dag🇺🇸: ontmoeting met vertegenwoordigers van NL🇳🇱 #bedrijven in Detroit #trotsopondernemers ;1
@EWdeVlieger @gretchenwhitmer Wat willen we niet?;1
@AukeHoekstra @EgbertDijkstra @gretchenwhitmer @M_Steinbuch En morgen naar Universiteit van Michigan om belang van samenwerking te onderstrepen en deze te bevorderen.  👌🏼;1
En door! Op naar Detroit, Michigan. Ontmoeting met de nieuwe gouverneur @gretchenwhitmer en oa bezoek aan het American Center for Mobility waar zelfstandig rijdende auto’s getest worden. ;1
Volgende week samen met special envoy prins Constantijn naar Las Vegas om op de #CES2019 Nederlandse #ondernemers onder de aandacht te brengen. 💪🏼 ;1
Een gelukkig en gezond nieuwjaar! ;1
Het was een mooi mens. #RIP ;1
Lessons and Carols door de Nicolaascantorij #Edam Tidings of comfort and joy 🌟 ;1
Voor nieuwe technologie 5G is de 3,5 GHz-band (boven lijn Amsterdam-Zwolle) van belang. Daarom maken we werk van verplaatsing satellietstation Burum. ;1
Goed nieuws voor #MKB. Kabinet, heeft afspraken gemaakt over makkelijker en goedkoper maken van regeling loondoorbetaling bij ziekte. Een van de acties uit het #MKBactieplan #ondernemers 👍🏼 @wkoolmees ;1
"Interessant stuk. Eerste voorstel van oa @MullerCatelijne voor richtlijnen #AI &lt;- Om de (economische) kansen van Kunstmatige Intelligentie te pakken, moeten mensen deze kunnen vertrouwen. ";1
Terecht. #trots 👌🏼 RT @LandstedeSport: Staatsecretaris @MonaKeijzer en gedeputeerde @vanHijum zijn vanavond de sprekers. Studenten @LandstedeMBO verzorgen het diner. #trots. ;1
"De nieuwe #Michelin sterren zijn bekend!
Het ontvangen van een Michelin #ster is niet alleen een kroon op het werk van vakspecialisten. Ook de #hotels en #MKB profiteren van de kracht van een #sterrenrestaurant in hun regio. #trotsopondernemers #toerisme ";1
Dank je! Leuk je weer eens te spreken en succes in #Enkhuizen ;1
"En de winnaar van de #NextUnicornAward2018 is @EclecticIQ. De andere twee genomineerden waren @Bux en
@Hotelchamp_com Van harte! #trotsopondernemers #amsterdambusinessaward ";1
Veel ouderen zijn helaas met #Kerstmis en de #jaarwisseling alleen. Jij kan kan laten weten dat je aan hen denkt. @ouderenfonds en @postnl hebben namelijk een mooie actie. #stuureenkaartje ;1
Tijdens ledenvergadering @CDANH zingt Jesse van Rooijen #bestuurslid @marc_haverkamp toe.🙃#vanallemarktenthuis #smartlap #gezellig ;1
Feest! 🎉 En wat een mooie, krachtige  foto! 💪🏼 #girlpower ;1
@EJHerm 👍🏼;1
En dan is er koffie! ☕️ ;1
It was a privilege to talk about our great Dutch🇳🇱 brands.💪🏼 ;1
Via deze SBIR-uitvraag zoeken we daarom naar nieuwe mogelijkheden om de CO2-uistoot bij het beheer van onze vaarwegen te verkleinen of te compenseren. Onze mkb-ondernemers zijn hiervoor de aangewezen partij, zij helpen ons uitdagingen zoals deze op te lossen. ;1
Techniek die ons leven verbetert. #smartindustry #digitalisering #technischpersoneel ;1
@SeldersKroezen @simongerman600 @astro_andre Ja! ❤️ ;1
In gesprek over oa de praktijk #SmartIndustry en #digitalisering in de technologische #industrie met @InekeDezentje van @FME_NL en 5 directeuren uit het middelgrote en kleine industrie. #NederlandDigitaal #NLInnovatief ;1
Met Robert Nefkens voor draaimachine die gehard metaal verspaant. “De beste in de wereld. In alle bescheidenheid.” 💪🏼 Hembrug Machine Tools ;1
❤️ RT @CBSNews: President George H.W. Bush's service dog, Sully, guarded his casket on Sunday. His mission of serving the former president is complete, but now he's moving on to another important job – helping other veterans. ;1
Inspirerend! #Innovatie RT @evdvossen: @MonaKeijzer in #haarlem bij #3dmakerszone ;1
In #Brussel steun uitgesproken voor verordening Platform-to-business. Eerlijke verhoudingen tussen #ondernemers #mkb en internetplatforms met aandacht voor kleinere #bedrijven #RvC ;1
@PGKroeger @wijzijnkatapult Afgelopen week aanwezig bij Ondernemersacademie Food @KNSvoorslagers @SVO_Opleidingen en hoewel al kennisgemaakt met @wijzijnkatapult kom ik graag ter plaatse langs.;1
Dylan van Leeuwen, Josja Haagsma en Tessa Moerland zijn onze vertegenwoordigers bij de International Young Butchers’ Competition 2019 in Frankfurt. Vakmanschap is Meesterschap. @svo_opleidingen ;1
Ondernemersacademie Food geopend. Vakmensen zoals bij @KNSvoorslagers leiden de volgende generatie slagers en traiteurs op. Met @Astridvanhest #MKBActieplan. ;1
Interessant gesprek over #vaderlandsliefde #patriottisme met @DiederikBoomsma 👌🏼 #DvdCD ;1
Over een uurtje begint de deelsessie van @rogierhavelaar et moi over eerlijke economie en technologie #DvdCD #komtdatzien ;1
Ter inspiratie een mooi interview met de directeur van @RijkZwaan Ben Tax. Op de fiets naar het Binnenhof. 👌 ;1
De president van #Singapore bezoekt #Nederland. Vandaag ontvang ik haar samen met en in @brainport_int #Eindhoven ;1
Morgen mooie bijeenkomst. Samen met @RogierHavelaar verzorg ik een deelsessie over eerlijke #economie en #technologie. ;1
@chrisbellekom 🙃 En dinsdag tot en met zaterdag #werk 😊;1
Vandaag extra aandacht voor #telekwetsbaarheid dus kijk even op deze site ;1
@chrisbellekom 😎.... doe eens een mooi gedicht....🤗;1
"Mooie uitslagen! 🎉 CDA weer de grootste bij lokale verkiezingen. 💪🏼
12 herindelingsverkiezingen, 5 keer goud, 2 keer zilver, 4 keer brons. Kiezers bedankt! #ikstemCDA #teamCDA ";1
"Alle genomineerden en winnaar van Gelders Familiebedrijven Gilde Award bij elkaar. Bakker Hilvers, Melis Logistics, Robbers &amp; Van den Hoogen, Elite. #trotsopondernemers #mkb ";1
Mooi bedrijf! #trotsopondernemers  RT @MJAHielkema: Bakkerij Hilvers ontvangt van @MonaKeijzer de eerste Gelderse Familiebedrijven Award! Van harte gefeliciteerd namens @VNONCWarnnijm ;1
Op uitnodiging van Boudewijn Wijands, oprichter van @deedmobglobal aanwezig bij dankdiner. Platform voor #vrijwilligerswerk  #dogood 👍🏼 ;1
@mlauriks 👋🏻;1
Dank, @doekle_terpstra voor het goede gesprek over toekomst van installatiebranche. Van groot belang voor de maatschappelijke uitdagingen. ⁦@unetovni⁩ wordt #TechniekNederland ;1
@weth_deJong Vast! 😄;1
Op campagne! Met @cdanoordwijk naar #VVSB #noordwijkerhout @weth_dejong #stemCDA ;1
"NLse ondernemers staan welverdiend in de schijnwerpers tijdens #DagvandeOndernemer. Ik bespreek vandaag kansen en uitdagingen #digitalisering met @MKBNL en ondernemers Van Rijnsoever, @CamptooNL &amp; @SparNL. #trotsopondernemers #NederlandDigitaal #MKBactieplan ";1
Goedemorgen Nederland! Morgenochtend ben ik vanaf 7 uur op #NPO1 om te vertellen over de Dag van de Ondernemer. #mkb #ondernemers 💪🏼 ;1
Plus: iedereen moet mee kunnen doen. #digitalisering #inclusie 👍🏼 ;1
Daar waar nationale veiligheid in het geding is, kunnen kiezen voor Nederlandse bedrijven. #defensie #veiligheid #marine #DIS @telegraaf ;1
Vandaag bezocht ik bijeenkomst van de stichting Fraude Aanpak Detailhandel (FAD). Tegengaan #winkeldiefstal en beheer van Waarschuwingsregister. ;1
@EgbertDijkstra @IBM Kijk nou! ;1
Allemaal #10000 #stappen 💪🏼 #inbeweging ;1
Te gast bij de @Consumentenbond Voordat ik het woord krijg eerst afscheid nemen van 9 #Bondsraadsleden die bij elkaar 84 jaar hebben bij gedragen aan dit belangrijke werk. ;1
Onderweg naar Wageningen! ⚓️ ;1
Vandaag het vervolg van de bespreking in de #TweedeKamer van de #begrotingEZK. Eerste spreker minister Eric Wiebes. Kijk live mee via ;1
De Kamerleden in gesprek met de voorzitter over de wijze van behandeling van de begroting Economische Zaken en Klimaat. Kijken: ;0
Zojuist een samenwerkingsovereenkomst getekend. We werken in samenwerking met Vlaanderen aan personalized medicine voor mensen met diabetes of nierfalen. #topsector  #LSH ;1
Bouwen op vrouwen. 💪🏼😉 ;1
Inspirerend! Samen met @WBHoekstra bij de  @deverbindingbv #KansrijkeLeerweg biedt mensen de mogelijkheid van een baan. 👌🏼 ;1
Complimenten, @letsgro050 Alleen de maan gaat boven #Groningen ;1
Regionale samenwerking is belangrijk om ondernemers verder te helpen met de veranderende economie. Vandaag ben ik in @ProvOverijssel met lokale mkb’ers in gesprek over oa #digitalisering. #trotsopondernemers #NLdigitaal #mkboverijssel ;1
"Echt even kijken -&gt; Bekijk VPRO Tegenlicht: Mens in de machine op ";1
Dutch Design Week. #eindhoven Kijkje waard. #dagjeuit ;1
Inspirerende ondernemers en hardwerkende mensen in een prachtige omgeving. #werkendam #maritiem #landbouw #ict #innovatie #trotsopmkb ;1
"En nu dit debat voorbereiden -&gt; ";1
Ruimte voor ondernemers! #economie #mkb #trots ;1
Nieuwe toepassingen voor zonnepanelen. #mooi #innovatie #klimaat ;1
🏳️‍🌈 ;1
@LavieJanRoos Niet wanneer deze van een goede banketbakker komt. #kwaliteit;1
@LavieJanRoos Ook mijn lievelings. #tompouce;1
Juist! #zwolle #toerisme #banen #economie ;1
"Op weg naar Deventer. #Toerismetop2018 Hoe kunnen ondernemers, provincies en gemeenten toeristen verleiden om andere mooie plekken te bezoeken? #banen #economie #parelsindeprovincie
";1
Hoe verleid je de internationale toerist maar zeker ook Nederlanders om al die mooie plekken in NL te bezoeken? 🇳🇱 Vanaf 7 uur bij @WNLVandaag #NPO1 #goedemorgen ;1
😊 Dank voor alle felicitaties! ;1
En ja, @attjemeekma @maarten_nijman en @mattHouben Voorstel #telemarketing opt-in gaat ook gelden voor ZZP’ers die geen rechtspersoon zoals bv. een BV of stichting zijn.;1
Einde aan ongevraagde telefonische verkoop. #telemarketing ;0
Eerdere jaren:  REDstack/Blue Energy, Lighthouse, BioNeedle, Groasis met Growbox, Solynta en @QuTech_news #nationaalicoon #trots Global challenges, Dutch solutions! ;1
Goed initiatief voor financiering van plannen van ondernemers anders dan door banken. @StMKBFin 👍🏼 ;1
En dank aan alle medewerkers van @CorrosionBV 😄👍🏼 ;1
Filmpje! @CorrosionBV ;1
Dank aan Bart Wessels en Robert Roeleven voor de ontvangst bij hun succesvolle bedrijf @CorrosionBV in #Moerkapelle #rustroest #inbewegingblijven #innovatie ;1
Om 9.15 geef ik openingsspeech van One Conference #NLCyber waar vorig jaar Reuben Paul iets heel bijzonders deed via een teddybeer. ;1
Goud! 🇳🇱 @worldskillsnl #ditisMBO 👍🏼 ;1
Over #brexit #brexitbuddy #mkb en #innovatie bij @1_OP_1 radio #NPO1 Terugluisteren via ;1
Vier mooie pitches tijdens #CESUnveiledAmsterdam. 1 winnaar: @speak_see gaat in januari @MonaKeijzer @constantijn14 mee naar #CES2019 in Amerika. Deze startup zet groepsgesprekken in tekst en empowers zo dove en slechthorende mensen - ;1
Klik even door voor 10 geweldige, nieuwe technologieën! #Innovatie #economie ;1
Ongeveer 22 miljoen bezoeken onze oa pretparken, dierentuinen en kermissen. Een economische sector die een lach en mooie herinneringen brengt. ;1
Nee. Dit zijn niet de rijen voor #popconcert van een grootheid. Dit is deel van de rij voor Euro Attractions Show. 22 miljoen mensen bezoeken in NL pretparken, dierentuinen en oa kermissen. #economie #banen #plezier #EAS2018 @rai_amsterdam ;1
"-&gt; Tijdens stadswandeling door Leeuwarden gesproken over betekenis van Culturele Hoofdstad 2018 voor het MKB en de aankomende Nationale toerisme top op 10 oktober. 😊";1
"By in stedskuier troch Ljouwert haw ik de betsjutting fan Kulturele Haadstêd 2018 en de takommende Nasjonale Toerisme Top foar it MKB út de doeken dien. Of anders gezegd -&gt; ";1
In #Deventer #toerismetop ;1
Dank voor de ontvangst en heel veel succes met deze veelbelovende innovatie. 💪🏼 ;1
Vanmorgen Koninklijke Onderscheiding mogen uitreiken aan Dr. Joop Kruithof voor zijn internationale verdienste voor schoon water. #indrukwekkend ;1
@PeterTwiets De opgeklopte melk van een #cappuccino 😎;0
De tweede termijn van de fractievoorzitters is begonnen! #APB ;1
"Vorige week was ik bij 10 jaar #Seedvalley. Internationale speler op de wereldvoedselmarkt. Gewoon in Noord-Holland 🇳🇱 @ms_SeedValley Voor mooi filmpje-&gt; ";1
Dank voor alle aardige woorden. Complimenten zet ik graag door aan deze twee toppers: Shana Veltman en Sanne van Overdijk. #visagiste en #kapster #ROCMiddenNederland @roctilburg @worldskillsnl #ditisMBO ;1
Go, Wopke! 😄 ;1
Nog #197 dagen tot #brexit dus #ondernemer bereid je voor. Zoek bv een #brexitbuddy! #nbcc ;0
Wat is dit leuk! Succes, @GlennisGrace 💪🏼 ;1
Even bijpraten met mijn voorgangers (Anneke van Dok, Joop Wijn, Yvonne van Rooy, Karien van Gennip en Piet Bukman) 💪🏼 ;1
@TyterMeulen @GerardVVD Dank! ☺️;1
Een interessant en lezenswaardig overzicht gehad met goede voorbeelden hoe samenwerking tussen onderwijs, ondernemers en overheden leidt tot puike #ICT opleidingen en dito personeel. #humancapitalagenda ;1
Vielen Dank! ;1
Wat was dit indrukwekkend.... De Militaire #Willemsorde #WMO voor Apache-piloot #RoydeRuiter #moed #beleid #trouw ;1
Diepe buiging voor deze helden! ;1
Hartenkreet vader: 'Zoon in gevaar door ouders die niet vaccineren' | Binnenland | ;0
@robertt500 @cornaldm Dat is meestal het geval.;1
En zeer interessant en relevant. RT @cornaldm: Marleen Stikker - tv-verademing: helder, precies formulerend, poehaloos, en ook het persoonlijke maakt ze relevant #zomergasten;1
Neem aub even een moment om dit te lezen. Opinie: Maartens poging verdient onze massale steun ;1
🇳🇱👍🏼🎉🎉 RT @NOSsport: Binnen! 🏆 De Nederlandse hockeyvrouwen pakken met groot vertoon van macht de wereldtitel. Het wordt 6-0 tegen Ierland.  ;1
Hannie van Leeuwen (1926-2018) 'Macht is om te dienen, niet om te heersen' Dank voor al het harde werken en de goede zorgen. ;1
👍🏼 🇳🇱 RT @telegraaf: Voor het eerst sinds 28 jaar Nederlander op Tour-podium Parijs ;1
Van harte @annekuik en @paulderook met jullie huwelijk ❤️ ;1
Kort overzicht van aantal bedrijfsbezoeken van afgelopen half jaar. Na de zomer weer verder. #ondernemers #trots ;0
Fotonica is één van de sleuteltechnologieën in het nieuwe innovatiebeleid en de @NLTopsectoren aanpak. Gister werd de Nationale Agenda Fotonica en een investeringsplan gepresenteerd. Maar wat is #fotonica eigenlijk? @EffectPhotonics ;1
Kwart miljard om veelbelovende fotonicatechnologie in Nederland te stimuleren | Het Financieele Dagblad ;1
"Deze netvliescamera maakt gebruik van #fotonica en spoort zo eenvoudig ziekte van het netvlies op -&gt; ";1
NL ondernemers lopen voorop in fotonica. Bijna 300 bedrijven gebruiken deze technologie. Fotonica gaat ons helpen maatschappelijke uitdagingen op te lossen en dus onderdeel van het vernieuwde Topsectorenbeleid - ;1
@martijn_vroom @zzzmarie1 Heerlijk rustig daar op #Schokland. Maar zoals @martijn_vroom stelt: zo’n ervaring gun je iedereen. 👌🏼;1
Werelderfgoed #Schokland is een prachtige plek die meer toeristen verdiend dan de 35.000 die er nu jaarlijks komen. #Flevoland ;1
@AvanKemenade2 Ja! :-);1
Samen sta je sterk! #economie #innovatie #banen ;1
"De eerste keer dat de wereldwijde top over handel en ondernemen in Europa gehouden wordt en wel in Nederland. 🇳🇱 💪🏼 
";1
In de detailhandel in NL komt interne fraude veel minder voor dan in andere Europese landen. 👍🏼 ;1
Actieplan met 200 miljoen om ondernemers #MKB te helpen met de drie grootste uitdagingen: personeel, digitalisering en financiering #MKBactieplan - ;1
Dit is samen met de ondernemers van Lukowitz ;1
Hou je veilig, @japked #fijnezomer “We zijn gek geworden op kantoor” §1NRC ;1
Net de #digitaliseringsstrategie gepresenteerd. ;1
Vorig jaar won @greentomworld de #InnoTop. Nu op weg naar #nieuwegein voor de lijst 100 concrete innovatieve #ondernemers #2018 ;1
Met @versjesvanLars Later als ik oud ben... Verliefd op Zeeland ❤️ | ;1
“Een krachtige impuls aan het begin van een traject kan de onderlinge interactie versterken.” 😉 Kudo’s dus voor @japkeD 🙃 ;1
Dank @henkbrinkdr @MichielScheffer @bertpauli @JaapBond voor het goede gesprek over samenwerking ten faveure van onze #economie ;1
De aftrap van de Conferentie #techniekpact door @ebeljanvandijk #kiestechnisch ;1
Bedrijven, Rijk en gemeenten beloven betere toegankelijkheid gehandicapten | NOS ;1
Jaaaa!!! #geslaagd #4downonetogo 🎉🎊🍾🎊🎉🇳🇱🎊🎉 ;0
Vanmiddag de nieuwe locatie van het Limburgse Regionale Ontwikkelingsmaatschappij, het ‘Limburgs Instituut voor Ontwikkeling en Financiering’ (LIOF) geopend. ;1
Vandaag de Telecomraad in Luxemburg. #dus ;1
Leuk! Bij thuiskomst een mooie krant van mijn gemeente: Edam-Volendam. #GewoonGoed ;1
@gbeltra @StefanKoreneef @NLatEU @Ansip_EU @EU2018AT @beuc That’s one of the possibilities. Eventually we need products that are cybersecure by design or default. I expressed my regrets that a simular proposal wasn’t adopted.;0
Tot slot nog even op de foto met de splinternieuwe wethouder economische zaken van #Eindhoven @StSteenbakkers #CDA ;1
@robertt500 Ja zeker!;1
Hier worden de toekomstige oplossers van ICT-problemen opgeleid. 👍🏼 #digitalisering #techniekpact ;1
👌🏼 RT @nhdagblad: Volendammer krijgt Zilveren Anjer van prinses Beatrix ;1
Vanavond samen met Klaas Knot de Koning Willem I prijs @kw1prijs uitgedeeld aan drie ondernemers van formaat. @natureandmore-Eosta, @AFAS en @DijkstraDraisma #oscars ;1
Met @Stinabillinger staatssecretaris Zweden benadrukt niet alleen onze sporthelden maar ook helden die ondernemen tot een succes maken in het zonnetje te zetten. #startup #scaleup ;1
Keijzer gaat MKB helpen bij digitale dienstverlening | BNR Nieuwsradio ;1
Nederland is opnieuw nummer 1 als het gaat om de beschikbaarheid én snelheid van zowel vast als mobiel internet, tv en telefonie. ;1
In Trinity College Library ligt ook de Fagel-collectie waaronder deze kaart uit 1680 van mijn geboortegrond. #Dublin ;1
Tussen de vergaderingen door even kort naar de bibliotheek van Trinity College in Dublin geweest. Prachtig! ;1
@mathijsbouman @PatBreen1 Nabijheid. Grote handelspartner. Agri-food.;1
Discussing #brexit with minister @patbreen1 #ierland Veel vergelijkbare vraagstukken. ;1
In gesprek met ondernemers van kappersbedrijf, autoleasebedrijf, webwinkel en student van ;1
Indrukwekkend verhaal. #4mei #Dodenherdenking ;1
In @Else4Weekblad foto’s en namen van de jonge mannen die begraven liggen in #Margraten #4mei #Dodenherdeking ;1
#Koningsdag 🇳🇱🤴🏼👸🏼 Met mijn zus ❤️ ;1
@Elmarswereld @BuienRadarNL 👍🏼;1
Grapje van @buienradarNL 😄 Fijne #Koningsdag allemaal! ;1
Micreos als eerste uit de bus gekomen tijdens Ideas from Europe! #IFE18 ;1
"@GerBaron From all the markets home ;-)";1
Viel Spaß @peteraltmaier! Ik was daar gisteren en ontmoette de meest innovatieve bedrijven die fascinerende dingen bedenken en maken. #HM18 👍🏼 ;1
Om MKB te helpen de digitaliseringsslag te maken! ;1
Een Noord-Hollands bedrijf! #middenbeemster ;1
Fascinerende bedrijven (startups en al jaren succesvolle familiebedrijven) die de nieuwste technieken ontwikkelend en/of gebruiken. 👍🏼 ;1
Dit citaat bedoelde ik vanmorgen bij #WNL: Enkel met het hart kan men goed zien. Het essentiële is onzichtbaar voor de ogen. Le petit prince. ;1
"Genome-rapport onderzoekt ontwikkeling van startupecosystemen. 55 startupecosystemen in 28 landen worden vergeleken. NL startupecosysteem het sterkst ontwikkeld in Fintech, Life Sciences &amp; Health en Agrarische Technologie. Thnx, @danestangler ";1
Nog meer inspirerende gesprekken. Hier de breinen achter #neurocast ;0
Dank voor het inspirerende verhaal! Zorg voor onze aarde op een economisch slimme manier.  💪🏻 ;1
Keijzer: bedrijven voortaan beter beschermd ;1
I went to Van Gogh’s house..... ;1
Dank voor de ontvangst, de scherpe vragen en de gezelligheid! ;1
@stefvanderziel @BOK @jorndevreede 5 😇 ;1
Kijk! Op mijn kamer. #DeLorean ;1
Gebeurt niet vaak. Op de foto met nog een Mona en dan nog ondernemer ook! 💪🏼 @MonaRoorda #Hoorn ;1
Van #Brussel naar #Hoorn. Praten met ondernemers over actieplan MKB. ;1
“Europe must and can lead in responsible and ethical Artificial Intelligence.” @mullercatelijne #digitalday18 #AI;1
"Bij Agentschap Telecom in #Groningen gesproken over #telekwetsbaarheid -&gt; ";1
Hoe digitalisering de kapper voorziet van meer omzet. 👍🏻 ;1
Tijdens #retaildag in #Hoogeveen belang van goede retailagenda’s én uitvoering daarvan benadrukt. ;1
Wat was dit weer mooi. Mag jij bij mij schuilen... 🎼 #thepassion ;1
Morgenochtend vanaf 7 uur. RT @WNLVandaag: Het duurt nog maar een jaar totdat Brexit in gang wordt gezet. Zijn Nederlandse bedrijven er klaar voor? We praten erover met staatssecretaris van Economische Zaken @MonaKeijzer.  #WNL ;1
@LavieJanRoos @MinisterieEZK @ComitevoorO @NLevator @mkbnl @NLGroeit @pmwaasdorp @KvK_NL @RVO_Nederland :-) Die waren elders in het pand in gesprek. Silo’s van Sugar City. Prachtig!;1
“Voor ons allemaal is het belangrijk dat bedrijven groeien. Groeiende bedrijven creëren nu de banen en de welvaart van morgen.” Koningin Máxima tijdens #NLgroeit ;1
@Anneke_TB Deze met @JLeertouwer is wel een hele bijzondere. En in een prachtige kerk. 👌🏼;1
Wat was dit mooi. Matthäus Passion olv Johannes Leertouwer. Morgenavond nog een kans in #Amersfoort  ;1
Even bellen 😎 ;0
En woon je in de prachtige gemeente #Waterland dan kies je natuurlijk 1 van deze toppers van @CDAWaterland  @jellekaars @SimoneBoogaard @JacobvanAltena @bertenderink ;1
Morgen verkiezingen. Kies in #Purmerend de ijzersterke en betrokken @EvelineTijmstra 💪🏼 ;1
Geen Keijzer maar Keijzert. 😄 Kadootje van Rotterdammert @SvendeLangen Lijsttrekkert aldaar. ;0
Afsluitend in #Nijmegen een gesprek met @sitandheat over hoe ondernemers te verleiden tot energiezuinig en daarmee #duurzaam #ondernemen 💚 👍🏼 ;1
Dank aan @Goshortfilmfest voor de ontvangst. En mensen.... ga kijken! #nijmegen #kortefilm ;1
Maar liefst 130 miljoen euro voor Brainport #Eindhoven. Geld voor innovatie, economische vooruitgang en werkgelegenheid. 👌🏼 ;1
@WeDriveSolar Like my father taught me... 😊;1
Tot vanmiddag! ;1
Zelfgemaakte tomatensoep door #Frederique in de conceptstore Plek, Engestraat in #Deventer. Beter wordt het niet meer. Recept ontfutseld. 😎 ;1
Vandaag dus! 😎 #ondernemers #ingesprekmet ;1
Bevlogen en betrokken. Deskundig en doortastend. Gewoon even doen dus: stemmen op het beste raadslid van Nederland, Rick Brink. #RickRocks ;1
@klaasholtman @MinisterieEZK @campusgr_ @stefvanderziel Eens. Voorlopig 5G via andere frequenties dan 3,5 GHz. Oplossing voor deze band wordt naar gezocht. Zie ook: ;0
Tot straks! ;1
"Obstakels voor het opslaan van energie in accu's wegnemen -&gt; EU-deal in #Utrecht ";0
Na een inspirerend verhaal door Tim Roemer van @socialblueteam (wat een bedrijf!) in  gesprek met de ondernemers van de Westfriese Bedrijvengroep. #Hoorn ;0
Op #internationalevrouwendag2018 uiteraard op foto met jongste vrouw op lijst voor gemeenteraadsverkiezingen, Ebie Peeters 💪🏼 #girlpower ;1
Mooie samenvatting van toezeggingen net gedaan tijdens Algemeen Overleg met de Kamer over #Innovatie ;1
Met grote steun van de Tweede Kamer ga ik graag in op deze uitnodiging om zo toeristen te interesseren voor alle mooie landschappen, dorpen en steden die NL heeft. 🇳🇱 #toerisme #top #spreiding ;1
Vandalisme is altijd al treurig maar dit is toch echt de overtreffende trap.😡   #Suitsupply ;0
😄 👍🏼 RT @cdavandaag: Sybrand Buma deed mee met Jouw Fractie, Mijn Fractie. Maar ze waren Sybrand nog wel één ding vergeten te vertellen… #JouwFractieMijnFractie ;1
In kader van #toerisme en Nederland Museumland vandaag bezoek gebracht aan Oorlogsmuseum Overloon. Indrukwekkend. ;1
"Samen met provincies bereiken dat toeristen genieten van onze prachtige landschappen, steden en dorpen"". #toerisme #spreiding ";1
😎 RT @VDL_Groep: .@MonaKeijzer krijgt instructie van Willem van der Leegte in de lakstraat @VDLNedcar @VDL_Groep #VDL ;1
@LeeflangHans @Innov_estafette Bij leven en welzijn.;1
@janwillemwits 😇;1
@GeorgopoulouP Uiteraard 😎;1
Goed werkbezoek bij een prachtig familiebedrijf in #Zeeland @Omoda Twintig winkels in stadsharten gecombineerd met online verkoop van schoenen en tassen. ;1
"Recent ben ik ook verantwoordelijk geworden voor innovatie, topsectoren en ruimtevaart. #portefeuilleverdeling #minister #staatssecretaris Voor een totaal overzicht -&gt; ";1
@jouke64 Nou! 👩🏼‍🎓;1
Terwijl ik in de Tweede Kamer pleit voor het kiezen van een technische opleiding gebeurt het in #Friesland 👍🏼 #techniekpact ;1
Ondertussen in de wandelgangen.... 😏 @CDAoss @RenePetersOss ;1
Op deze dag bij het verlaten van het ministerie van Economische Zaken en Klimaat even stil gestaan bij het portret van #Lubbers in de portrettengalerij van eerdere bewindspersonen. #staatsman #premier #ministervanstaat ;1
@ArneWeverling 👍🏼;1
De dag in #Breda afgesloten met inspirerende gesprekken met ondernemende vrouwen olv @christinedemoor #2 @CDA_Breda ;1
Complimenten voor Bredase binnenstad! #retaildeal #detailhandel ;1
Tot zo! #detailhandel #retaildeals #Breda ;0
Econoische groei, werkgelegenheid en gezelligheid. “Steeds meer gemeenten vernieuwen hun centrum” | NOS ;1
“De stad staat te schreeuwen om koks.” Of loodgieters, installateurs, verpleegkundigen. ❤️#VMBO ❤️#MBO ;1
👍🏼 RT @johnkurf: #beteraanbesteden @MonaKeijzer #overheid #aanbesteden #actieagenda ;1
"Vanmorgen op @NPORadio1 over actieagenda Beter #aanbesteden “Ondernemers &amp; inkopers ervaren dagelijkse praktijk aanbestedingen als stroef. Met deze acties pakken betrokkenen voor het eerst sámen problematiek zoals clusteren aan” ";1
@MatVink @SearchUser @hvkrasvolendam 👍🏼;1
Op weg naar PurmerValley #Purmerend waar overheid, onderwijs en ondernemers samenwerken om jongeren te interesseren voor opleiding in #ICT #digitalisering ;1
"😄 RT @NHNieuws: Dit spandoek ging de wereld over. NH-radiopresentator Nicolas Ruis blijkt de maker en is overdonderd door de aandacht: ""Vet bizar dit"" ";1
We zijn er klaar voor! Met @ferdgrapperhaus  en @RaymondKnops aanwezig bij de Maastrichtse sleuteloverdracht! #machseuverdrach #mestreech @1limburg ;1
Helder overzicht van de MBO-opleidingen waarna het goed solliciteren is. #banen ;1
In 25 jaar van 48 naar 450 personeelsleden met het maken van lasrobots. @AWLTechniek #digitalisering #banen ;1
'Nederland moet voorop blijven lopen met slimme maakindustrie' | NOS ;1
Mooi artikel over #familiebedrijven @martinschilder en @BroekhuisAutos in @telegraaf ;1
@TechniekTalent 👍🏼;1
Hiep hiep hoera!! #prinsesBeatrix  🎉🇳🇱 ;1
"Te kort aan technisch personeel. Daar hoor ik ondernemers vooral over. Ouders van NL, help je kinderen een goede MBO-opleiding te kiezen -&gt; ";0
Samen met @BertPauli op bezoek bij wereldleider in transportsystemen vliegvelden en postpakketten @VanderLande in #Veghel. #economie #werkgelegenheid ;1
Initiatiefnemer Stefan van de Ven leidde mij rond. Indrukwekkend wat door samenwerking tussen ondernemers en de overheid bereikt kan worden. #Veghel #Noordkade ;1
Bijzonder om bij #BioConnection op @pivotpark te zien hoe medicijnen voor zeldzame ziektes gemaakt worden. ;1
Winkelopeningstijden is keuze van de ondernemer. ;0
Innovatie! ;1
Begin is er: eerste ronde tafel om te komen tot nationale digitale strategie. Kansen pakken van digitale economie die ook een eerlijke economie moet zijn. ;1
Twee voor mij belangrijke dorpen komen bij elkaar: #Volendam en #Ilpendam. De Ilpendamse Fanfare en Flegmatieke Zonderlingen in hotel #Spaander. Het is een #pracht ;1
Digitale economie moet ook een eerlijke economie zijn. ;1
@mertenhou @Subsidie @makezens @hightechcampus Daar reken ik op! 😉;1
Samen werken #ASML en @PijnenburgManon van @AAEbv aan meer mensen in de techniek. ;1
@HannyvandenBerg Dank!;1
Op de middelbare skoôl in Hoorn gezeten. Herkenbaar dit. 😊 #westfries ;1
@liekelamb makkie :-);1
Tijdens nieuwjaarsbijeenkomst weer eens gesproken met Marsha Pinedo en buddy Arne Vermeer van @villapinedo die goed werk doen. ;1
Zo dus. Samenwerkend midden- en kleinbedrijf ondersteund door overheden. #roos #gerbera ;1
Tot zo! #digitalisering #internet #veiligheid ;1
Inspirerende sessie deze week over #donuteconomie door @KateRaworth Overheid, bedrijven, familie en gemeenschappen samen voor eerlijke economie. ;1
De hang naar diversiteit herbergt de hypocrisie van wie het om de schijn te doen is | TROUW ;0
Interview met Paul Scheffer. Altijd lezenswaardig. 'De populistische revolte gestuit? Hoezo?' | Het Financieele Dagblad ;1
👍🏻 Prins Constantijn: Start-ups maken het verschil | Economie | AD.nl ;1
“Doe ons danken. Doe ons delen.” Zalig Kerstfeest! ;1
"Maandag jl. was ik bij @kennispoortrz waar ze oa Tom Koenderman geholpen hebben met zijn innovatieve, nieuwe product -&gt; ";1
Dank, @ilsematser voor het interessante gesprek over de ongeveer 280.000 familiebedrijven waar we trots op mogen zijn. #familiebedrijf #MKB ;1
Het laatste werkbezoek van 2017 was @bijHanz met Topcentrum e-commerce, Kennispoort regio #Zwolle en @ymschoen en nieuwe online televisiekanalen. ;1
In Utrecht! Voor bezoek aan Kamer van Koophandel. Steeds meer mensen starten als ZZP’er. KVK heeft de Connect App zodat ze elkaar beter kunnen vinden en samenwerken. ;1
@NickRenooij 👍🏼;1
"Helemaal mooie foto’s nu ik The Crown via #Netflix kijk. Eigenlijk zou er nog eentje bij moeten met Claire Foy and Matt Smith. ;) ";1
Zeer verdiend. 👌🏼 ;1
Prachtig! #Friesland ;1
@achterhoek2020 @TomvanderLee 👍🏼;1
@krid99 @webgirlM @jndkgrf Nee. Gelukkig niet. Stel je voor. Maar bij vervolgopleidingen is er nog wel eens een maximum. En dat is eigenlijk jammer.;1
Tv-item opgenomen met @jairferwerda in #Abcoude voor @JinekLive. Bij een van de bijna 280.000 familiebedrijven zijnde de vishandel van mijn neef Cas. ;1
@baspaternotte 😊 Dank u.;1
@Dirrux Zeker niet! ❤️Koemarkt #Purmerend;1
On 10 uur debat met de Kamer over de #post. Kijken: ;1
"“We kunnen het echt nog wel, aardig zijn voor elkaar.” @OzcanAkyol 
";1
Wat een triestigheid #sinterklaas #boek ;0
Wettelijke basis voor soepele overstap van consumenten naar andere telecomaanbieder ;1
@YVWFotografie @Octatube Mooie foto 👌🏼;1
@mrJip_drJanneke @wimdaniels Bliksemschicht :-);1
“Postbezorgers werken aan onderkant arbeidsmarkt. Prioriteit kabinet is voldoende bescherming bieden aan deze groepen. Postbedrijven moeten al enkele jaren toegroeien naar deze norm.” @ADnl ;0
Vandaag debat met de Kamer gehad over Telecom. Nu in Brussel voor de vergadering over Concurrentievermogen morgenochtend. Bv #geoblocking ;1
Goeiemorgen! 😊 ;1
Dat was bezoek aan #Sandd (incl nieuwe kerstzegel) en nu naar #PostNL ;1
Goede indruk gekregen van werk en ambities van #Sandd. Vanavond krijg ik een rondleiding op groot sorteercentrum #PostNL. ;1
Op werkbezoek! Vandaag #PostNL en #Sandd. Digitalisering heeft groot effect op postbedrijven en postbezorgers. Dus ter plaatse kijken en praten. ;1
Maandag op werkbezoek dus. Bij Sandd en bij PostNL. Zie er naar uit! ;1
Akkoord EU over #geoblocking! @fd_nieuws Voortgang in voorstel NL zodat consumenten overal in Europa kunnen internetwinkelen ;1
Dat is goed! Digitalisering is een van de opgaven voor het midden- en kleinbedrijf. ;1
Graag gedaan! ;1
En goed economisch nieuws voor #Amsterdam met de komst van #EMA #werkgelegenheid 👍🏼 ;1
Met oud-collega @vanHijum op werkbezoek bij @REMOWestTwente waar werknemers worden opgeleid in Elektro en Metaal. Indrukwekkende samenwerking. ;1
Het vinden van goed opgeleid personeel is groot vraagstuk voor ondernemers. @REMOWestTwente laat zien hoe je dat doet. ;1
En zo sloot ik mijn werkbezoeken tijdens #dagvdondernemer af. Bij een topslager. #amstelveen ;1
"Vader en zoon Eekhout van het prachtige bedrijf @Octatube in afwachting van Hare Majesteit Koningin Máxima. 
#dagvdondernemer ";1
En nu op weg naar @octatube #dagvandeondernemer #werkbezoek ;1
"Morgenochtend ben ik te gast bij Goedemorgen Nederland op NPO1 -&gt; ";1
Eerste debat gehad over wet bovengrondse en ondergrondse netwerken (WIBON). Van belang omdat bereikbaar, betaalbaar en snel internet voor alle Nederlanders belangrijk is. ;1
"EU-structuurfondsen hebben belangrijke rol rond innovatie/verduurzaming. Bv geïnvesteerde geld in Fieldlab Campione -&gt; ";1
Vandaag voor het eerst in Brussel om te praten over belangrijk onderwerp: de economische kracht van onze regio’s en de structuurfondsen die dat mede ondersteunen. ;1
Gelukkig geen slachtoffers. Maar helaas wel grote schade voor snackbar Het Edammertje en boekhandel Markee. #Edam ;0
"Naast krantenwijk of vakkenvullen beginnen steeds meer jongeren een eigen bedrijf. Ondernemersgeest in @eenvandaag
";1
Een tweet aan Frank: Laat maar horen! #startups #ookMKB @VanRijnsoeverF ;1
"Ook ondernemers in midden- en kleinbedrijf kunnen veel voordeel hebben van digitalisering. Mooi voorbeeld in @telegraaf -&gt; ";1
@janwillemwits Zeer gewaardeerd.;1
Na een hele bijzondere dag bij thuiskomst een bloemstuk met een persoonlijke kaart van het college #Edam #Volendam #trots #dankbaar ;1
Onderweg nu naar Den Haag voor de beëdiging door Zijne Majesteit de Koning. ;1
En met een appeltje voor de dorst van @CDAsliedrecht weer naar huis. ;1
Mooie zaterdagochtend achter de rug. Mijn adoptiestatus van ;1
In de meeste situaties: onzin. ;0
🙃 ;1
@ANanninga😄😄😄 Hou op, schei uit. In mijn tijd kreeg je gewoon een kindje. Vroegah!;1
@ANanninga @sylviawitteman 😄 Stad, mevrouw Nanninga. Stad.;1
@ThomasKlinkk @sybrandbuma Dank je, Thomas!;1
"@sylviawitteman @ANanninga Dat dacht ik in eerste instantie ook. Viel mij dus ook mee. Wel het schone #Purmerend weer even in de picture ;-)";1
@AvanKemenade Dank! En zeker!;1
"@JerryWeijers @JanSmit Bijna. ;-) Of temet zoals wij zeggen.";1
Dit was goed gisteravond. @sybrandbuma werd hartelijk welkom geheten door CDA-leden. Applaus voor regeerakkoord. ;1
Ik weet het al: ik stem op @jansmit met #debestezangers voor de #televizierring  ;1
Brief aan farmaceut die #medicijn Orkambi tegen taaislijmziekte heeft. Farmaceut moet zich schamen. Patiënt de dupe. ;0
Hier de hele tekst van het regeerakkoord “Vertrouwen in de toekomst”: ;0
"Over enkele momenten @sybrandbuma over het #regeerakkoord “Vertrouwen in de toekomst” -&gt; ";1
@andreavreede maar ben blij dat het in mijn tijd anders was;1
@andreavreede ‘s lands wijs, ‘s lands eer....;1
Om 13 uur biedt Zalm zijn eindverslag en regeerakkoord aan de voorzitter Tweede Kameraan. Hier meekijken: ;1
@andreavreede Vaak zie je dan doorgeschoten, algemene reactie. Lijkt mij trouwens niet te doen. Mijn jongens wilden dat al snel niet meer.;0
@outao Wanneer @PrinsesChrissie contact met mij opneemt, kan ik met haar kijken hoe we dit aanpakken. Dit zou anders moeten.;0
@andreavreede Maar wat is de aanleiding? 😳;0
@andreavreede wat is de aanleiding?;0
@andreavreede Serieus?;1
@TheVapeStore_ Uw berichten doen mij denken aan: ;1
@outao Dit is vreselijk en onnodig. Valt volgens mij in meeste gevallen gewoon onder persoonlijke verzorging/wijkverpleging.;0
Dit was indrukwekkend. “Afscheid van de generaal” ;1
"Palingsound. :-)
 ";1
@EllaWeggen @Wemos Houd mij aanbevolen.;1
Dwingen van onwillige farmaceuten door #dwanglicentie afkondigen? Eerder schreef @FD_Nieuws daar dit over: ;0
De heer Korte van @janssen_Ned sprak deze bereidheid uit in relatie tot het onderzoek op Europees niveau dat nu loopt. 👍🏼 #medicijnen ;1
@tijs71 @RenePetersOss is mijn opvolger als CDA-woordvoerder jeugd;1
"Vanmorgen/vanmiddag hoorzitting over en met farmaceutische industrie met als hoofdvraag: hoge kosten. Meekijken? -&gt; ";0
"Zo mooi! -&gt; BBC Earth Just Dropped A ""Blue Planet II"" Trailer – And It's Breathtaking ";1
Boeiende gesprekken bij @CDADenHaag over hoe je samen #dementievriendelijk kunt zijn. Kijk ook hier ;1
Dat kan ik mij goed voorstellen! Ben benieuwd. #steunvoormantelzorgers ;1
@juliemeerveld Uiteraard. Dementiezorg is een loot aan dezelfde boom van de wijkverpleging.;0
Nu het debat over de palliatieve, terminale thuiszorg. Live meekijken hier: ;1
Aanpakken farmaceutische industrie die te hoge prijzen vraagt voor #medicijnen. 2 okt. hoorzitting in Kamer! ;0
Goed gedaan! 👍🏼 ;1
"Om 17 uur de behandeling van de spoedwet die gaat over het in 2018 niet verhogen van het eigen risico. Meekijken -&gt;  ";1
Gister werkbezoek aan ;1
Vanavond is afscheid genomen van Danita de Baat in de gemeenteraad van #Waterland. Dank je wel, Danita. ;1
Kappers en schoonheidsspecialisten lieten hun talenten weer zien. Vakvrouwen! #MBO ;1
@jaheb13 @HennieMaartens @brinkster20 Nee. Het gaat om 10€ premie per jaar. Niet per maand.;0
Vanavond deze motie ingediend zodat nog voor 1 oktober de wet door de Kamer kan ga.... ;1
@GeorgopoulouP @Ilse2906 ;1
Met dank aan Ayca en Shana. #vakvrouwen  👌🏻 ;1
"Och heden....😔  ""Zorg goed voor onze stad en voor elkaar. Vaarwel."" ";1
"Mooi interview met een sterke vrouw. ""De levenslessen van activiste Darya Safai: Mijn haren waren 23 jaar gegijzeld"" ";1
😊 ;1
Succes! ;1
@LavieJanRoos Je kan niet altijd 6 gooien.;1
Dank voor de gastvrijheid! Boeiende organisatie en belangrijk werk. #ambulance ;1
Optreden voor eigen publiek @driejs op kermis #Volendam 👍🏼 ;1
In @telegraaf foto die duidelijk de ravage op Sint Maarten laat zien. Sint Maarten heeft onze steun nodig #giro5125 ;1
@fijnd Dank voor je toelichting.;1
@Korneel_Evers @rjmponsen Ook fout.;0
@fijnd Pardon? Dit is toch niet je mening verkondigen. Dit is spullen van een ander slopen.;0
Wat is het toch dat dit soort types menen dat het veroorloofd is om met je tengels aan andermans spullen te zitten! 👎🏻 #handenthuis ;0
Man man man.... 😞 ;0
"@Templonconsult Verwarde tijden. -&gt; ";0
"In de Rode Hoed begint @sybrandbuma aan de #schoolezing met als titel ""Verwarde tijden!"" Die om richting vragen. ";1
"@RooieSpieker @CDAAmsterdam @sybrandbuma Schijnbeweging. ;-)";1
Lieve Gilly, je bent niet alleen|Opinie| Telegraaf.nl ;1
@Peter_Hoogakker Dat waren nog eens tijden. Vroegah....;1
@w_vdb 😄😇;1
Het maakt een ongelofelijke herrie maar wat is het toch eigenlijk lekker zo'n windje uit een open treinraampje. ;1
Er is maar een kant wanneer het over Nazi's gaat: tégen. En er zijn meerdere kanten die politiek geweld gebruiken. ;0
De jihadziekte zal zich blijven verspreiden | TROUW ;0
@jjvpeperstraten @HenkRoosmalen Vind het ook hier bij passen: ;1
@HenkRoosmalen O wat erg. Ik lees het net. :-(;0
Aan tafel met Hanne Tersmette, Yara Allassade olv Maureen du Toit. Onder de Blauwe Hemel: afl. 16 vanuit Volendam ;1
Indrukwekkende #Indieherdenking bij het Indisch monument in Den Haag. #ikherdenk ;1
Jaaa!! #GOUD ;1
"😊 ""Niet lullen maar pellen met Mona Keijzer van het CDA"" | Eva Jinek ";1
@Carla63365130 Het ís je kind. Wat in de hoogoplopende genderneutrale discussie vergeten wordt, is dat het moet gaan om begrip en zorg;1
En na deze 3 RT's naar huis. Naar mijn witte cisgender heteromannen. ❤️;1
@RickDanielsNL :-) 👍🏼;1
@robertt500 Dat kan ik beter niet doen. :);1
Jeugdsentiment. Mijn pa draaide dit ook altijd. Ken de tekst nog steeds. 😊 ;1
Aan @puur heb ik beloofd deze video nog een keer te tweeten. RT @MonaKeijzer: De politiek in? Ik...? Ja, jij!!  ;1
Nu mag ik meepraten op de radio bij Radio Aalsmeer op 105.9 FM en op RADIOAALSMEER.nl 👍🏼 bij @Puur ;1
"Met in laatste alinea fundamentele vraag van   @diederikboomsma ""Spoeddebat Amsterdams anti-radicaliseringsbeleid"": ";1
👍🏼👍🏼👍🏼👍🏼 RT @oranjevrouwen: EUROPEES KAMPIOEN! ;1
Moest denken aan de campagne van #Sire toen ik 2 #jongens met auto en #Spiderman zag spelenstrijden bij een schattig strandhuisje. ;1
🙃 RT @BartMos: LOL! ;1
En welke letter bent u? | Politiek | AD.nl ;1
@annette1174 👍🏼;1
De politiek in? Ik...? Ja, jij!!  ;0
@LautKok Wilt u mij e-mailen?;0
In Memoriam: Gerrit Braks ;1
Ik zou ook zeggen dat het dragen van een boerka in strijd is met het recht van een vrouw om er te mogen zijn. ;0
"@Evert_Tellingen ""Je zal toch schooldirecteur zijn""..... eens.";1
Scholen kunnen geen rekening houden met tere zieltjes van ouders | Binnenland | AD.nl ;0
Kijk, Eva. Weer een aantal deskundige vrouwen voor @JinekLive #meervrouwenaantafel ;1
"Gezellig! ;-) RT @govertschilling: wel weer grappig dan om naast @MonaKeijzer te staan in de kaagbrug-horrorfile op de A44";1
De kus van Beckham ;1
Goed nieuws! Ruim 400 miljoen euro extra in 2018 voor verpleeghuizen. #zorg ;1
Oproep van Eva Jink aan alle vrouwen met een gefundeerde mening: ;1
Dat was leuk, @RTLnieuws Dank je wel, @helgavanleur en succes in de toekomst! ;1
😄 RT @michelrog: Maagdenhuis Engels op de universiteit. Niks mis met dat. Periode! ;1
Blog: Waarom steun je de motie niet? ;0
@Kevin71Twiter ;1
@RietjeMeijer @pnhaacontact @MinVWS @2eKamertweets En dat gebeurt ook.;1
Tijdens debat gesproken tégen winstcowboys onder farmaceuten die veel te hoge prijzen eisen. ;0
@materilun Kijk aub even in mijn tijdlijn.;1
@edumensen Ja.;1
"@knipknips -&gt; #pt dat gaat niet samen met vandaag even voor afzonderlijke, ingrijpende moties te stemmen. #biggerpicture #tochnogevengeduld";0
@knipknips CDA probeert aan formatietafel samen met VVD/D66/CU belangrijke vraagstukken (oa eigen betalingen zorg) van antwoord te voorzien.;1
"Mijn column over vrouwen in de media onder het motto ""you can't be what you can't see"" in @ndnl ";1
"Diepe buiging voor onze veteranen. ""Den Haag verwelkomt veteranen | Telegraaf.nl ";1
Einde van een tijdperk. Dank voor al het lekkers, @EchteBakkersHDG RT @_waterland: Nooit meer vroeg op om te bakken ;1
Warm? 😄 ;1
Familieman, leerkracht, wethouder, vrijwilliger en nu Kamerlid @RenePetersOss houdt een mooie, inspirerende maidenspeech. #jeugdzorg ;1
Sandaaltjes. Van mijn zus gekregen. Culturele appropriatie? Dat het door je hoofd gaat! #houeensop ;1
Valt yoga onder culturele appropriatie? ;0
Culturele appropriatie. Weet u wat het is? De bedoeling is dat het niet meer mag. ;0
"Interessant! ""Wijkverpleegkundige legt fundament voor nieuwe bekostiging"" - Actueel - Skipr ";1
Geslaagd? Gefeliciteerd! @cdavandaag ;1
"Wanhoopskreet van ouders. ""Juiste hulp niet beschikbaar"" ";0
Gefeliciteerd! RT @nweltevrede: De officiële uitslag @CDAZH @RelusBreeuwsma 🎉🎉 ;1
@XandervdWulp :-) Nou, vooruit dan maar.;1
Voor alle House of cards-fans: vanaf 25 sec even kijken. 👌🏻 Formatievlog ;1
"@JMCoumans Ik zou het bijna doen ;-)";1
Vanmorgen was het thuis noodweer. Kom je in het zuiden van #Limburg aan heb je gelijk dit: ;0
"Onderweg om te spreken over 'Vrouwen en media"". Dit dus: ";0
@AbelsJan Geen zorgen. Ik meen dat ik het snap. Pieter Derks spreekt hier over nadruk op studeren terwijl er meer behoefte is aan opleiden.;1
@A_Huisman :);1
@MoedersOmaDee @ZusterG Ik las eens: theoretisch versus praktisch opgeleid.;0
Naast herdenken ook praten over maatregelen tegen terrorisme en verband tussen islam en terroristisch geweld. ;0
@HPhilippens Er is nog wel meer misbin ons onderwijs. @michelrog weet daar alles van.;0
"We komen vakmensen te kort. ""Twee miljoen communicatiemedewerkers en niemand die een kraan kan repareren."" ";0
Mooi: Kindertelefoon is gered. Mede dankzij @RenePetersOss en vele #CDA afdelingen die zich hiervoor sterk maakten. ;1
@ANanninga @gRaymondje @TPOnl Beiden. Gemeenten en justitie moeten en kunnen ingrijpen. Maar ouders en grootouders ook.;1
Onderweg! RT @RoosMoggre: Te gast morgen zijn Marco Borsato en @MonaKeijzer #wnl ;1
@ZusterG @dnelissen @tom_dumoulin Je kan toch ook trots op beiden zijn?;1
@knipknips Jammer. Heel leuk tijdschrift met allerlei verhalen over de zorg die #ASVZ geeft. Je kan ze een PB'tje sturen.;0
@sypwynia Het dedain van zo'n man tegen alles wat de Nieuwe Leeuwarderweg afrijdt...;1
Mooi verhaal over Glenn en zijn werk bij FC Dordrecht in uitgave van #ASVZ ;1
@robertt500 Daar kan hij ook niks aan doen 😉;0
👍🏼👍🏼👍🏼👍🏼👍🏼👍🏼 RT @NUnl: Dumoulin wint als eerste Nederlander ooit Giro d'Italia: ;1
Stop die weke praatjes na aanslag|Opinie| Telegraaf.nl - ;0
@Silenwim 👍🏼;1
@ememorie1 Zeker!;1
Het #CDA zoekt raadsleden! Vraag jij je af of dit iets voor jou is? Doe de Ben-ik-geschikt-als-raadslid-test! Klik: ;1
Bloemen en felicitaties voor @sybrandbuma ter ere van 15 jaar lidmaatschap van de Tweede Kamer. ;1
Dank voor je inzet voor onze gemeente! @ginakroon Wethouder Sombroek kondigt vertrek aan ;1
Wat was dit goed: @driejs zingen #U2 ;1
👍🏼 RT @ginakroon: Kick-Off van De Visafslag door team van Odion ;1
"""Buma heeft in mijn ogen het best in de gaten hoe fragiel Nederland is."" -&gt; ";1
@hermendegraaf 🤓;1
Goed gedaan! Dus bloemen voor @mvonmartels #maidenspeech #CDA ;1
De eerste keer dat @mvonmartels in de Tweede Kamer spreekt. #maidenspeech Over omwonenden van een chemiebedrijf in Dordrecht. ;0
Top gedaan, @OG3NE De beste! 👍🏼 #eurovision #esf17;1
@RobertTingelaar Had ze dan niet gewoon de korting moeten accepteren?;0
Terecht. Zo vind je geen werk. RT @Elsevier: Moslima in niqab terecht gekort op uitkering  ;0
@egerrit @y_lammertink @shakingtree @MarijnissenL En wel doen, Yvonne. Dit kan zo niet.;1
@trouw;1
Deze muziek dus. Nieuw leven ingeblazen door Noam Silberberg. ;1
"Mooi artikel in NRC over de muziek die voor WOII in getto van Warschau gespeeld werd en door Holocaust verdween. -&gt; ";1
Een volle Nieuwe Kerk in Amsterdam voor de herdenkingsbijeenkomst. Indrukwekkend.  #4mei #dodenherdenking. ;1
Indrukwekkende foto's en verhalen. Leven na de bermbom. ;1
Lezenswaardige Martin Sommer. Over de somewheres en de anywheres. ;1
@MonicaKeyzer @TurboZwerver @keesvdstaaij 😊;1
En ook CDA-collega Maurits bij @pauwnl. Leuk! RT @mvonmartels: Avondje Amsterdam! ;1
Brons voor @royboymeyer en vanavond aan tafel bij @pauwnl Mooi mens! Kijken dus. ;1
In voorbereiding op #Koningsdag in #Tilburg met @erikderidder in het reuzenrad. Het heeft alles in zich om een groot feest te worden! ;1
@MonicaKeyzer @TurboZwerver @keesvdstaaij Gebeurt wel vaker. 😎;0
@NicosOnline  @Ushersyndroom Je bedoelt @Anne Kuik en ik een keer als #buddy bij @RunningBlind1? Lijkt mij interessant en leuk.;1
@MarijeTweetjes @AmberBindels @NicosOnline @AnneKuik Die ontmoeting is er ook geweest en krijgt uiteraard een vervolg.;1
@DucoDouwstra Kijk aub op mijn site op de site van de Tweede Kamer voor alle voorstellen ter vereenvoudiging. Want het moet anders. Het kan!;1
Welkom Collin Eisema aka @nicosOnline het #patientcadeau aan @AnneKuik en mij. ;1
Maidenspeech van CDA-collega @annekuik over inentingen en invasieve exotische vectoren. Jawel. Invasieve exotische vectoren. 👍🏼 ;0
Gefeliciteerd! RT @tbwberendsen: Wat leuk, die regionale @nunl. Veel zin in deze eervolle klus! ;1
We lijken het lijden verleerd | TROUW - ;0
@MarionAltena Ik houd natuurlijk van het verhaal maar de muziek en hoe er gezongen werd: echte klasse!;1
"Over 2 minuten op Amsterdam Centraal. Ook dank van mij aan EO-KRO-NCRV en de livestream ;-) #thepassion ";1
Prachtig. Dat ik je zo mis. #thepassion;1
De Kamerleden SZW hebben net besloten de minister te vragen of het meerlingenverlof apart geregeld kan worden. ;1
Daarom ook deze motie ;1
@Kunstbus Serieus? 😳;1
@Hobbyverslaafde Ja. Helaas heb ik daar ook fraaie staaltjes van gehoord. :(;1
"Niet alleen in de zorg. Ook in het onderwijs. Dit moet anders!  ""Werkdruk vooral door administratieve rompslomp."" ";0
Mooi hoor. Sail Den Helder. ;1
Maidenspeech @chrisvandamCDA die benadrukt dat onze gezamenlijke geschiedenis en bijbehorende waarden van belang zijn. Ook bij integratie. ;1
Volendamse vrouwen zijn hartelijk en onverwoestbaar. In de Volkskrant. Dank, @Oostveenm 😊 ;1
@Johanderooie @CHvdMost @groot_waterland Het ligt op de formatietafel. Even geduld nog dus.;1
Maidenspeech van CDA-collega @harryvdmolen over initiatiefwetsvoorstel CDA-collega @michelrog ;0
Column in ND over tentoonstelling in het Stedelijk en Kruiswegwandeling in Volendam. ;1
"Naar aanleiding van dit bericht: ""Zorgeloos in Eritrea""  ";0
Integreren doe je altijd in een geheel dat al bestaat | TROUW ;1
Naar aanleiding van dit bericht ;1
@knipknips mail je mij?;0
"""Prima dat ze in de Randstad een vloer vol pindakaas smeren. Maar dít is hier de cultuur."" Collega @Martijncda ";1
@Nortstream Bizar dat deze organisaties daarmee de mensensmokkel mede in stand lijken te houden.;0
@hd_duiveman We hebben het over mensen.;1
@Sywert Dat zouden dan @harryvdmolen en @michelrog zijn. 😇;1
@WdeGelder Ik heb zin om er eentje op te eten. Dat is toch wat je het best met taart kan doen?;1
Bizar. RT @Elsevier: Rechters, straf actiegroepen die mensensmokkelaars helpen: ;0
@CCees @Sywert @marcelcanoy Ik hecht aan bronvermelding. Zeker wanneer je daarna schriftelijke vragen aan regering wil stellen.;1
@Sywert Wat is bron van deze quote?;0
@yvonjansma Ik.;1
"@koemanpeter oui ;-)";1
@A_Stekelenburg En kom maar op met je ideeën!;1
@A_Stekelenburg @annekuik gaat care doen.;1
@stijnverbruggen dank u!;1
@A_Stekelenburg De curatieve zorg. Zorgverzekeringswet en zo.;1
En in de CDA-fractie blijf ik woordvoerder Asiel en migratie en ga daar Integratie bij doen. #portefeuille #CDA  #TweedeKamer;1
Goede bezetting! @RenePetersOss de jeugdzorg. @annekuik langdurige zorg (WMO/WLZ) et moi de cure (ZVW). ;1
@Johanderooie @hindrikgerrit @RenskeLeijten ;1
@twithouder @HiskeAndriessen Ik kom zeker kijken!;1
@Gert_van_Dijk @DokterBertho It's true. It's great.;1
@twithouder Heb je ook plaatje hoe het gaat worden. Ben benieuwd!;1
Ido Weijers over screening kindermishandeling. ;1
"Ontroerend. ""Waanzin"" geschreven door longarts @shossontwits ";1
@bvandenhazel Dat is @RaymondKnops;1
"@FesBreda Welkom! ;-)";1
Geïnstalleerd! #CDA #19 ;1
Het heeft Zijne Majesteit de Koning behaagd... Dank, collega's! #afscheid ;1
@NatashaV Interessant. Laat maar horen of ik je kan helpen.;1
@NatashaV Zeg dat: wauw. Wat is #kamerwatch eigenlijk?;1
Dat is niet niks: ruim 165.000 voorkeursstemmen. Heel veel dank! ;1
"Over 365 dagen gemeenteraadsverkiezingen. Deel uitmaken van een gezellig, doelgericht en succesvol team? -&gt; ";1
@plaheij 👍🏼;1
Werkelijk top deze #zml Turkey-Netherlands 3-0 - Dutch commentator goes crazy (Original) HD ;1
@obk Welkom!;1
"""Mona-effect in Volendam: CDA verslaat PVV"" ";1
Heel veel dank aan alle mensen die ons gesteund hebben! #ikstemCDA ;1
Heel blij! RT @weewim: He @MonaKeijzer. Ik heb op je gestemd. Word je daar ook niet blij van? #ikstem ;1
"@CarelDahmen Dank! Ook @jjvr61 @korrykoster @wendysolar1971 @GerritJan_S Voor de anderen die nog gaan stemmen; het kan nog een ruim uur #CDA";1
Al gestemd? Ter inspiratie: RT  @sybrandbuma: Mag ik vandaag jouw stem? Voor een land dat we door willen geven! #CDA ;1
@MBrr93 Dank! Ook @jacintagelissen @thomasgelissen @avanKemenade2 @timbesters @gcmleermakers @leonschaaf @ronaldvks @SchraaR @knipknips 👍🏻;1
@RudyvL Dank! Ook @Bnoordergraaf @jolandabomert @salamstevens @yvonne1709 @murielhansen75 @paulwalgering @boeijendhuys @wippien @michajans;1
Dank! RT @robertdousi: Done! Jammer dat ik vandaag maar 1 keer op @MonaKeijzer van het #CDA mag stemmen! #TK2017 ;1
CDA: voor onze veiligheid zijn harde maatregelen nodig. D66 stemde tegen deze twee wetten ;0
"@jeezedgmailcom1 Ik ben een vrouw hè. Ik kan twee dingen tegelijk. Jij ook? ;-)";1
Met @VillaPinedo wil het #CDA een minister voor Familie en Gezin. ;1
"Vandaag wederom goede peilingen voor #CDA. Dat wordt Netflix aanleggen in het Torentje voor #Buma. ;-) ";1
Zo slotdebat. Benieuwd met welke halve waarheden #Rutte vanavond komt. Gisteren deze over de zorg:  ;0
"""Geen winstuitkering in de zorg."" Mooi! Mijn motie daarover is aangenomen ";1
@AdelheidRoosen @khadijaArib @kathalijne @JeanineHennis @RenskeLeijten @SvVeldhoven 👍🏼;1
Meneer Baas (100 jaar) stemt woensdag #CDA ;1
@22venice Dank je, Angélique en @Rob_hero ook.;1
De winnaar: #CDA ;1
Zorg begint met aandacht. ;1
"@iljaedwards Had ook gekund. ;-)";1
En als u na #penj nog twijfelt tussen Pechtold of Buma dan heeft deze mevrouw de oplossing: ;1
Loze beloften. Halve en hele onwaarheden. #Rutte RT @judithpennarts: Pardon..... Er is WEL bezuinigd op de wijkverpleging. #debat;0
Na dit debat bij #EenVandaag lijkt mij de keuze eenvoudig. #Bumaforpresident #ikstemCDA ;0
Welkom bij Gezinshuis Dromelijn  #Assen ;1
Zaterdag in Zaandam. Vandaag naar Assen. 😊 RT @cdaznstd: Mona Keijzer op campagne in Zaandam! ;1
@YolandedeBest Dank!;1
"NRC: ""Buma is held in campagne aan het worden."" ";1
@robertt500 Ach, dan doe je deze. 😇 ;1
"Op #Urk een soort ""Wees wijzer, kies Keijzer"" maar dan anders. 😉 ";1
@ansleest Dank!;1
CDA achterhaalt PVV in peiling van De Hond. VVD 24 (-1) PVV 22 (-1) CDA 22 (+1) #Bumaeffect ;1
En weer stijgt het #CDA in de peiling. +2 ;1
Zo de wind waait, waait zijn jasje. #Rutte ;1
Op weg naar debat in Fontys Hogeschool Tilburg. Voor starters heeft #CDA het Starterspakket. ;1
Tussen folderen door even koffie met @KarinZwinkels in Wateringen, Westland. #ikstemcda ;1
Hoe leuk is dat! 😊 Dank! ;1
@denk_blog Omdat ik uitga van haar kracht en talent. Met oog voor wel zeker aanwezige discriminatie maar zonder de zure boosheid van @DenkNL;1
En nu we het toch over mooie dingen hebben. Dit schilderij van Els Baetsen stond ik 17/2 voor bij @EenVandaag ;1
En met weer een prachtige foto gemaakt door @RobinDePuy ;1
"Met het #CDA heeft NL de financien op orde. 
@PieterOmtzigt wint het @RTLZ debat. 
#ikstemCDA ";1
Terechte waardering van @RHoogland voor de column van @MustafaAmhaouch in @telegraaf ;1
@DollyBellefleur :-);1
@Rutger_zelf Het zal toch niet?;0
@puur Maar natuurlijk! En dank.;1
@Rutger_zelf Kopje koffie?;1
Mooie @telegraaf vanmorgen 😊 ;1
De NL identiteit hangt samen met onze gezamenlijke waarden en normen en de geschiedenis daarvan. ;1
Om 17 uur kijken naar #RTLLive met @LMSchrijver en muziek van Volendamse bodem. ;1
Bij #Libelle Nieuwscafé nemen twee jonge boerinnen #melkveehouderij stelling tegen het Disneylandbouwbeleid van @mariannethieme. #hulde;1
@GreefToby Ja.;1
@M3lotte Jazeker. Mail mij maar.;1
@erikavandebilt 385 euro eigen risico per jaar. Eigen bijdragen kunnen oplopen tot vergelijkbare bedragen per 4 weken. Wordt vaak vergeten.;0
@EllenBijster En bedankt.... 😎;1
Kent Krol 50+ zijn eigen verkiezingsprogramma weer niet? In #Carredebat: eigen risico moet afgeschaft. In doorrekening: niet eens de helft.;0
😄 De 'welke CDA'er ben jij' quiz ;1
Morgenochtend debat in Dudok! ;1
Je zou het bijna weer vergeten zijn: ;1
Prachtig om te zien. Morgen en maandag nog te bezoeken. #lentetuin ;1
@MarcvdLinden Dank!;1
En nu de avond even evalueren met vriendinnen. #ikstemCDA ;1
Nog meer aanstormend talent uit #Volendam Lesley, Geranne, Lisa en Marco. 👍🏼 ;1
De kop is er af! #Volendam #deJozef #deZangertjes ;1
@umarebru @Libelle Nee joh! Wij hadden poffertjes bij de Hollandse markt van Hans Duin. ;0
"Om 16 uur ben ik te gast bij @wilfredgenee op #BNR The Friday Move @BNRfridaymove
Op hoog niveau in #Amsterdam #skylounge ";1
"Vanavond muziek, gezelligheid en politiek in De Jozef #Volendam oa hier over -&gt; ";1
Sybrand Buma: 'In ideologisch opzicht ben ik de échte uitdager van Mark Rutte' - Vrij Nederland ;1
@vuralcigdem Insgelijks!;1
CDA in de lift. +3 #betrouwbaarheid #degelijkheid #Bumaforpresident #ikstemCDA ;1
Hard tegen hard tussen CDA en VVD. ;0
@caseofdees Dank je! ☺️;1
"Das niet best. ""Krol heeft geen flauw idee waar hij zorgplannen 50Plus van gaat betalen"" | AD.nl ";0
@ShakuntelaOnly Ik beoog dat wel. Er zijn wel grote lijnen. En die probeer ik neer te zetten. Nuances zeker in beeld.;1
@ShakuntelaOnly Waar heeft u dat van mij gehoord of gelezen?;0
Op pad met @NickTol1 in Den Haag en #Volendam. Resultaat: ;1
"@Baldrick1972 @eddy_terstall Ook een excellente keuze ;-)";1
Met dit wetsvoorstel kunnen we personen die de gruwelijkheden van terroristisch geweld verheerlijken aan pakken. ;0
"Zaterdag 4 maart ben ik om 14.30 uur in de Lentetuin in Breezand, NH. Over de palingsound.... in Breezand ;-) ";1
Vrijdag 3 maart om 20 uur muziek, gezelligheid en een beetje politiek in de Jozef, #Volendam #weeswelkom ;1
"Woensdag 1 maart samen met @JanSmit een bijzonder Volendams project openen -&gt; ";1
Geluksmomenten. 😊 ;1
"@juf_met_H P. 10 ""Wij kiezen voor elke vorm van relatie, waarin mensen duurzaam samenleven en voor elkaar zorgen."" ";1
@PatrickBijvoet 👍🏼;1
@PatrickBijvoet 😊 Hou ons maar op de hoogte!;1
Terugkijken #vrouwendebat @WNLopZondag hier: ;1
Dank voor alle aardige woorden over mijn optreden bij #vrouwendebat @WNLopZondag Fijn en van belang om zo gedragen te worden. 👍🏼;1
De aanhouder wint! ;0
@KPiekla Even goed lezen, meneer Smit.;1
"Sybrand Buma (#CDA): ‘Het Europa dat we kenden, werkt niet meer. Die tijd is voorbij."" 
";0
Hoog bezoek! Trias Politica uit Leeuwarden. ;1
Om 14 uur stel ik in het vragenuurtje mondelinge vragen aan staatssecretaris Van Rijn over #PGB-chaos. Kijk mee via ;0
@CoraBoxma Los van de morele vraag: wat geef je je kinderen mee?;0
@CoraBoxma Het is een fictie te denken dat criminelen zich straks netjes aan de vergunning en de belastingplicht gaan houden.;0
Vereerd! #grotezorgdebat ;0
@CoraBoxma Veel wiet komt binnen via tabak.;1
Het #grotezorgdebat behandelt nu #preventie en ontmoedigen roken. Onbegrijpelijk dat meeste partijen dan vóór legaliseren wiet zijn. #20000;1
Mooi gesprek gehad met @royboymeyer over passie voor sport, gezin en inspiratie. Vanaf 6 mrt op tv. #dannyzoekt ;1
@GeltonAnnelies Nee. Van Rijn deed alsof alles onder controle was.;1
@YannickBults @realpaulsmit @kees_de_zeeuw Bijna goed :-) #bzv;1
14 voorstellen voor families en gezinnen ;1
Tot zo! RT @CDA_Dantumadiel Samen tegen eenzaamheid - doe jij ook mee? Vanmiddag vanaf 13 uur in @depleats in Burgum ;1
Gisteravond op NPO1 bij @eenvandaag zei ik het volgende over de #pgbchaos : ;0
Vandaag in NRC. De missers van Van Rijn in #PGBchaos. Juni '15 was voor ons de maat vol en heeft het CDA het vertrouwen opgezegd. ;0
"@basdemeijer @jonkrans Dank. En ja. Hectisch. Jonge kinderen. Herkenbaar. ;-)";1
@weakylegs Ik wel. Budgethouders ook. De stas deed of zaken door noodscenario's onder controle waren terwijl achter de schermen paniek was.;0
Aan einde van Kamerperiode van betekenis kunnen zijn voor jongeren die door LVB na hun 18e in grote problemen komen. ;1
Gearriveerd. #Limburg #vlaai ;0
@mstenmans Dat zou een eer zijn.;1
Dank! Dan ben je een van de eerste! 👍🏼 RT @Wijntje54: @MonaKeijzer @ vandaag in Brasil op je gestemd;1
@KnolR Beide zaken zijn nodig.;1
#CDA investeert in gezinnen, veiligheid, zorg en de basisbeurs: ;1
Reactie van @FPKM_forensics op artikel Volkskrant over stoppen werk van deze onvolprezen forensisch specialisten kindermishandeling. ;0
@DokterBertho En maar verbaasd zijn dat het zo zelden tot daadwerkelijke opsporing en vervolging komt in dit soort zaken :-(;0
@DokterBertho Financieringstekorten=financieringsstromen;1
"@DokterBertho Er loopt nu een schriftelijke vragenronde. Wat gaat V&amp;J/VWS doen om verlies expertise en wachtlijsten te voorkomen.";0
"@DokterBertho Meerdere keren voor gewaarschuwd. VWS en V&amp;J veranderden de financieringstekorten en schoven NFI naar voren. Eeuwig zonde dit.";0
Even op de foto met Maria, Anke, Rietje en Ineke. ;1
@FrancisBolle Eens. Combi. Met schrappen allerlei tijdverslindende en complicerende regels.;1
Eens. Los nog van feit dat ze er onvoldoende zijn. 'Nieuwe medewerkers verpleeghuis niet persé hoogopgeleid' ;0
"Gekmakende bureaucratie RT @Iederin: Stop bureaucratie bij hulpmiddelen en woningaanpassing #wmo #verspilling #zorg:
";0
@JosienBoomgaard @erikavandebilt @VillaVega5 Het kost alleen zo ongelofelijk veel onnodige energie die voor iets anders gebruikt kan worden.;0
RTL-debat gaat toch door! Maar hoeveel durfden er nou ook al weer niet mee te doen....?  ;0
@VeggenteRay De voorzitter na voorbereidend werk van griffiers. En dat is ingewikkeld. Altijd meer aanmeldingen dan tijd.;0
@cdamedemblik Dan bieden we Coen maar een veilige haven aan in deze woelige baren... tijden. :-);1
Mijn aanmelding voor mondelinge vragenuurtje over Welzorg niet gehonoreerd. Donderdagochtend dus aan orde stellen. ;0
Dit was lief. Meisje met ballon en rode bloemen. #treinleven ;1
Zou vanzelfsprekend moeten zijn. Maar 👍🏼 voor Ursula von der Leyen die kledingvoorschrift in Riyad negeert. ;1
Alles wat echt van waarde is, is niet meetbaar. #debatjeugdzorg  #CNV #FNV;0
Jeugdzorgdebat! ;1
Op weg naar Hilversum voor @NPOradio1 om met  @SpijkerMargre te praten over inkomenspositie ouderen en #zorg Om 16 uur de radio aan!  #WNL;1
@jan111143 Volgende keer! 👍🏼;1
Voorafgaand aan vanavond even de prachtige binnenstad #Zwolle in. Tompouce bij Van Orsouw. 👍🏼 ;1
Heb ik meerdere keren voor gewaarschuwd. Triest dit. RT @skipr: Forensische kliniek kindermishandeling stopt ;0
@cmtolkes Daling eigen betalingen in zorg gaat ook op voor die groep. Zie verder: ;0
Meer weten over CDA en #pensioen?  Vandaag is @PieterOmtzigt in Helmond. 15/2 in Rijnsburg, ZH. ;1
CDA: eigen risico omlaag, AOW omhoog ;1
Het gaat beter, maar ouderen profiteren daar niet van. Daarom 10 voorstellen: ;1
@hirders Meerdere keren hebben wij de afgelopen jaren voorstellen gedaan om de eigen betalingen te verlagen.;0
Buma wil hulp aan Marokko stopzetten zolang dat land weigert uitgeprocedeerde asielzoekers terug te nemen. ;0
"Schaamteloos en dubieus de ""reservering, niet zijnde een belofte"". ";0
"Stas @mjrijn over ""reservering van 2 mld, geen belofte"" van VVD: ""het gaat niet om het moment van bekering naar goede zorg...."" #4jaartelaat";0
"👍🏼 RT @ADnl: Video van hartverwarmende speech scheidsrechter gaat viraal
";1
@HutspotMetMayo @rtvlove @MikeVerweij En ik vond het zo'n kunstzinnige foto! 😎;1
@KlepDicht Geaccepteerd. En reken maar dat ze lekker zijn!;1
@GeorgopoulouP Heerlijk!;1
@KlepDicht Doe eens een beetje aardiger en zet dan ook gelijk een brilletje op.;1
Dank, @CDAValkenswaard voor de hartelijke ontvangst en de lekkere Valkbonbons. ;1
@nellydooper @sannekuijpers1 👍🏼;1
@MarietteSedee Ja. Alweer heel wat jaartjes geleden voor mij.;0
@CCees @MHilkens Als het echt stoort, ga ik muziek luisteren of in de stiltecoupé zitten. Dit was gewoon lief.;1
"Telefoongesprek in trein: ""Wat goed van je. Dan mag je straks zonder bandjes zwemmen."" ❤ #treinleven";1
@Japked Jaaaa!!!!;1
@KeesdeKok01 Intramuraal (WLZ) is al uitgesloten.;0
Mijn motie om winstuitkering in langdurige zorg aan banden te leggen is aangenomen! Zorggeld naar zorg. ;1
@JohnSteldt ja!;1
Vandaag stemmen over mijn motie om ook winstuitkering in de langdurige zorg aan banden te leggen: ;1
Dank voor de gastvrijheid en de mooie gesprekken. Woongroep Anand Joti en stichting Profor. #Amsterdam Zuidoost. ;1
@MarijeSusan Nee. Maar kijk, nog zo'n topper. Luc Kroon. ;1
Trots. #Volendam ;1
Hoe voorkom je dat #kindermishandeling en #verwaarlozing generatie op generatie doorgaan: ;0
"""Uiteindelijk blijft één waarheid altijd overeind. Hoogmoed komt voor de val."" @sybrandbuma tijdens #Steurdebat";0
@haye_theo Koud!;1
@JanAvdKolk Dank 😊;1
@laurentdevries Dat had veel eerder gekund en gemoeten. Meerdere keren voorstellen toe gedaan.  #alshetkalfverdronkenisdemptmendeput;0
Carla van Altenastaete klaagt terecht over bureaucratie bij de zorginkoop. Deze motie helaas weggestemd. ;0
@hhansie Eens. Maar wil hij het snappen...?;0
Vanaf 10 uur debat in de Kamer over nota vrijwilligerswerk van @HankeBruinsSlot ;0
Van harte gefeliciteerd, @CDAHoorn en onze trouwe leden. 40 jaar lid! ;1
In Koningslust, Limburg is @MustafaAmhaouch geboren en getogen dus gelijk even op de foto bij zijn ouderlijk huis. ;1
Dank @CDAPenM @vivianmoonen en @MustafaAmhaouch voor organisatie drukbezochte middag in Koningslust over zorg. Veel zorgen om de zorg.;1
Oud is goud. @RenePetersOss: Zonder oudere vrijwilligers, opa’s en oma’s, zou onze maatschappij niet functioneren. ;1
@creasuuz Naar mijn mening zeker voldoende redenen om vanavond te debatteren en kabinet op te dragen orde op zaken te stellen.;1
@creasuuz Er komt weer een onderzoek.;0
@creasuuz Op verzoek van PvdA van de agenda gehaald;0
Vragen over De Combi, @RoosMoggre? Altijd. ;1
@HelgaDulfer Nee. Nog niet.;0
Nu hoorzitting in de Tweede Kamer over doelgroepenvervoer voor gehandicapten en ouderen. Meeluisteren via: ;1
"Buma: ""Rutte ontkent de morele crisis van Nederland. Hij doet alsof er niets aan de hand is."" ";0
Dank Angelique en Jantine voor ontvangst ;1
Onderweg! RT @AmersfoortNieuw: CDA-Tweede Kamerlid Mona Keijzer te gast in Amersfoort:  ;1
Hulde voor jonge, ondernemende Ilpendammertjes. ;1
Vaderlandsliefde dus. ;1
@Japked Maar dan wel na noeste arbeid. In het zweet jouwer aanschijnsch. Het is hier tenslotte niet Rome. :-);1
":-) RT @nrc: Het nieuwe jaar is amper twee weken oud, maar wat @Japked nú al de neus uitkomt, is ‘laaghangend fruit’
";1
En nu bij @zppop1 Prem dus. Radio 1.;1
Vanavond om 20.00 live op Radio 1 over #mantelzorg ;1
@meij_wim Film gezien? Ik was onder de indruk.;1
@EdgeOfEurope En dank voor de inhoudelijke reactie. Brengt ons allemaal verder dan elkaar alleen namen te noemen.;1
"@EdgeOfEurope ""ze"".. ik probeer onderscheid te maken, te benoemen en aan te pakken. Negeren om niet te kwetsen lost volgens mij ook niks op.";0
@EdgeOfEurope Ik zie nuance namelijk dat er ook heel veel mensen van goede wil zijn. Samen met hen het probleem aanpakken? Mijn voorkeur.;1
@EdgeOfEurope Is hij echt gek? ;0
Diepe buiging voor Borst en Gaemers. 👍🏼 Machiavelliprijs voor manifest over ouderenzorg | NOS ;1
@gerg_murkey Zo bijvoorbeeld: ;1
'Het Westen moet zich veel weerbaarder opstellen' ;0
Als we het onze kinderen niet meer uit kunnen leggen, is het tijd voor verandering. CDA voor een #beterNederland ;1
@Rolien78 Nee. Europese grenzen. Wanneer je ze fysiek duidt.;0
@geertrui5 Paul Scheffer schrijft en zegt daar verstandige dingen over.;1
@marktwain2 Excuses aanvaard. Met een kusje.;0
@rjduin @sywert Veiligheid. Bescherming. Verweesdheid. Verbondenheid. Grenzen. Wat verbindt ons tot Nederlanders. Dat soort onderwerpen.;1
@hondZwervertje Zeker. Maar 1/1 in werking getreden.;1
Intrigerend hoe je de essentie kunt missen: Nieuwjaarsrede Van der Laan aanklacht tegen populisme - PAROOL ;0
En natuurlijk geldt ook sinds vandaag toegankelijkheid voor mensen met een handicap! #VNverdrag ;1
@knipknips Doe je beste best dan maar.;1
@hans_koevoet @MarietteSedee Ook waar :-);1
Moet opeens denken aan Nicole met haar mierzoete liedje. Ik wens ons dat allemaal. Een beetje vrede, een beetje liefde. #2017;1
Hier de essentie waarom @mjrijn een aanwijzingsprocedure start tegen de gemeente Katwijk. ;0
Staatssecretaris start aanwijzingsprocedure tegen Katwijk vanwege beleid huish.hulp dat in strijd met wet is. ;0
@leeuw1971 Stond foto van Dekker bij. Die gaat over passend onderwijs. Dacht ook dat je die bedoelde.;0
Wat een gave... Arm kind... #Amy;1
@BoeijendHuys Commissies. Regietafels. Taskforces. Aanjaagteams. Werkgroepen. Ambassadeurs. .....;1
In 2015 huisbezoeken afgelegd bij #PGB houders. Zorg sloot goed aan. In 1,4% VERMOEDEN van fraude. ;1
Hij durft! @NS_online: President-directeur NS stunt in videoboodschap met speciaal bericht voor treinreizigers #groenetrein #windenergie #NS;1
En een zalig kerstfeest! ;1
Gemiste kans? RT @ActiZbrancheorg: Verpleeghuizen: kwaliteitsplan betere #ouderenzorg teleurstellend: ;0
👍🏼😊 RT @lindavoortman: @MonaKeijzer leuk nog ff met je gedanst te hebben in Nieuwspoort. Fijne feestdagen!;1
@PieterdeGroo Niet natuurlijk.;1
@ZusterG Ik ben dan ook zeer trots op de @Kon_Luchtmacht;1
@arieboomsma Marken!;1
@EgdomWilly PvdA en VVD tegen. Vanmiddag een nieuwe poging. Opgeven is geen optie.;0
@Jeroen_Wester En dan krijg je straks dit: ;0
Nee. Het geheugen van Sjoerd is even weg. ;0
@Teunoever ;1
Diederik Boomsma: 'Onze cultuur heeft nog een geweldige kracht' - Elsevier.nl - ;1
"Mooi gedaan! RT @SeldersKroezen: Niet omdat het moet, maar omdat het kan!

@MonaKeijzer";1
Mooi gesprek met Bart, Tim en Eldert. Drie jonge mannen die toekomst willen in de veehouderij. #Zeevang #Edam #Warder #Marken ;1
Kijk, @chrisaalberts in mijn regionale krant @NHDWaterland @nhdagblad Jongen uit Den Helder. Dat wist ik niet. ;1
@jillesbaartwijk Nog 2. ;1
@jillesbaartwijk Hier vind je er al vast een: ;1
Geweldige werkbezoek over dagbesteding bij ;0
"NPO 2015: ""Kerst vieren we samen"" ";1
Goed zo. 👍🏼 Hou ik jullie aan! ;1
@Rob_hero Juist wel. Daarom ook niet afschaffen.;1
CDA-leider Buma wil straf voor haatzaaien verdubbelen ;0
Buma: Voorzitter moskeekoepel uitwijzen |Binnenland| Telegraaf.nl - ;0
Aangemeld voor vragenuurtje! 1 op de 3 mantelzorgers kan de zorg voor de naaste niet aan. ;0
"""De trailer was beter dan de uiteindelijke film."" @pieterheerma over vier jaar Asscher. ";0
Schat aan informatie over te schrappen regels in de verpleeghuiszorg gekregen van medewerksters van zorginstelling Florence . Dank, dames!;1
💪🏻 RT @AriejanKorteweg: Hoogste tijd voor een mevrouw de premier ;1
@030Caro @roosvonk Juist.;1
@DBouhuizen Precies. Het hoeven niet allemaal HBO-verpleegkundigen te zijn. Los van gegeven dat er daar voorlopig niet genoeg van zijn.;1
@EgdomWilly @BroederJos Wordt dinsdag over gestemd.;1
Zojuist in de Tweede Kamer de bijgaande motie ingediend. Wederom een poging om overbodige regels te schrappen. #zorg ;1
Wat zei u ook al weer, premier Rutte? ’Busbeveiligers met messen bedreigd’|Binnenland| Telegraaf.nl ;0
@guidedogsRus We vergeten deze zeker niet!;1
@HellavdWijst Prachtig!;1
Mijn column vandaag in het @ndnl over mijter en kruis. #ND ;1
@StgOrion 😇;1
Tijd geleden dat ik zo dicht bij Sinterklaas was. En nog wel tijdens een bezoek aan het Sint Nicolaashof. Het moest zo wezen. #Volendam ;1
@WeesperMopper Wat ik begrijp is dat @BartNijman en @jndkgrf het stokje overnemen van @D66;1
En hierover bij @wnlopzaterdag Criminele migranten. Onacceptabel dit: ;0
Criminele migranten zal je bedoelen. En onacceptabel dit. Binnenland :: 'Criminele asielzoekers blijvend probleem' ;0
@IngridBilardie Tel uw zegeningen. 😄;1
@Gert_van_Dijk Ik hoor het zo veel! 😄;1
Probeer je de taal van je kinderen te spreken. Weer niet goed. ;0
@doinhisdo Deze? ;0
@TonnVan Rustig, Tonny. Dit gaat over jongeren met licht-verstandelijke handicap en begeleiding en zorg die zij nodig hebben ook na hun 18e.;1
En ook verhoging leeftijdsgrens prostitutie zou gigantisch van betekenis kunnen zijn. #hetlevenbegintbij18  ;1
Dit kan leiden tot meer juridische mogelijkheden zodat ook voor jongeren met LVG #hetlevenbegintbij18 Met dank aan Kees Blankman. ;1
"Dit bijvoorbeeld -&gt; RT @Regilio18: #hetlevenbegintbij18 ";1
Bij conferentie #hetlevenbegintbij18 gepleit voor aanpassing wetten mede nav dit rapport ;1
En in diezelfde categorie (maar dan andersom) zou ik deze twee ook lezen: ;1
Goed gesprek op radio 1 met Paul Scheffer: wie zijn de elite? ;1
@EgdomWilly Aankomende week debat.;1
Doodse stilte in plenaire zaal bij woorden @jacogeurts en zijn overhandigen van sleutel van boerenbedrijf aan stas Van Dam. #fosfaatwet;0
@flipvandyke Gelukkig maar. Iom mijn woorden nl dat hekken in oa Macedonië wrschnk een groter effect had dan de deal met Turkije.;1
@MonicaKeyzer @flipvandyke @MalikAzmani @dijkhoff De rijke tak, zegt mijn vader altijd.;1
"""Laffe politiek. Groepen mensen tegen elkaar opzettend. Etnisch profileren."" #DENK Goed gesproken, @MustafaAmhaouch ";0
@Michel085 Nou ja, zeg. Toch een beetje jeugdtrauma dat giantsuzuki-gen van mij. Doe eens lief.;0
@jndkgrf Juist!;1
Met onze @AnneKuik uit Groningen 👍🏼 ;1
"Maar verheerlijken terroristisch geweld vinden VVD en D66 prima. ""Hé, pssst!"" Strafbaar maken straatintimidatie. ";0
Deze brief dus. Dank @AmberBindels: @starryfays Alsjeblieft! :) ;1
Herkenbaar :-) RT @HansNijenhuis: Ingezonden brief in @ADnl vandaag:;1
Ruth Peetoom bedankt de onvolprezen voorzitter van #CDA Noord-Holland @jbeemsterboer voor bewezen diensten. ;1
Nieuwe collega's! 👍🏼 RT @CDJA: Toppers @AnneKuik @JHTerpstra en @StSteenbakkers! #CDJAnjc ;1
@antoon_huigens Continu proces.;1
@WdeGelder Wie had dat gedacht in deze tijd.;1
@LauraBromet @nhd De brillenkoker van Basseleur Optiek zie ik. 👍🏼;1
@WdeGelder De Bende van de Zwarte Hand is geweest!;0
Speeches voorafgegaan door muziek die je maant tot stilte en luisteren gespeeld door @jleertouwer  ;1
Interessante avond bij de #CDA Dertigers met speech van @jensspahn en veel aanwezige kandidaatkamerleden. ;1
"Adelheid Roosen: ""Als je loslaat, kan opeens alles"" | Mantelzorgelijk ";1
Donderdag hard in botsing met Van Rijn over indicaties verpleeghuiszorg. ;0
"Huh? Er zou geld bij komen. Schriftelijke vragen dus. ""Woonzorg Flevoland slaat alarm over wachtlijsten"" ";0
Is naast ministerie van Veiligheid/Justitie nu ook Belastingdienst onderdeel VVD-campagne? Vragen van @PieterOmtzigt ;0
@RechtspraakNL 👍🏼;1
@tijs71 GroenLinks en D66.;1
Nu speech van min. Bussemaker waarin zij zich uit over haar zorgen dat jongeren met studieschuld van school gaan. Wie heeft dat ingevoerd?😳;0
Goed nieuws voor kinderen die slachtoffer zijn van een #vechtscheiding  ;1
@AndreRhebergen Ik hoor het graag.;1
"@AndreRhebergen Ik lees dit:""Het kan dus ook gaan om alleen een psychische stoornis die tot blijvende noodzaak van 24 uur zorg nabij leidt.""";0
@AndreRhebergen Over rapport Zorginstituut ;0
En lees deze brief ;1
Bijna 3 jr geleden werd deze motie ;0
CDA en Team Meierijstad grote winnaars | Telegraaf.nl ;1
Succes, @jangoijaarts en collega's @CDAmeierijstad Op naar een mooie uitslag! #ikstemcda #Meierijstad;1
"""Stuklopen oplossing bed, bad, brood vanwege campagne VVD"".... ";0
👍🏼 RT @ADnl: Een baby is als een vloedgolf, schrijft Nynke de Jong vandaag. En wat is de oplossing? Vriendschap. ;1
@VillaVega5 Graag. Vanuit systemen gedacht, is voor te stellen hoe het werkt. Maar het moet anders en het kan anders.;1
@VillaVega5 Ben blij voor jou en Bram. Maar lees dat tientallen keren per jaar mis gaat. Dat is zonde van geld en overlast. Onnodig ook.;0
"@Welzorg Das mooi. Maar tegelijkertijd zeg ik: ""Regel het!"". Achter de schermen, tussen instanties zonder belasting voor client.";0
Ook de zorg snapte alleen Rutte. ;0
Niemand deugt. Aldus Rutte. In 2012 was Samsom het rode gevaar. We weten allemaal wat hij daarna deed. #sorry ;0
"De VVD is om: ""slim reguleren drugshandel"" klinkt net zo onnozel als veilig schaatsen op één nacht ijs. #neederwiet ";0
@FerencKoolen Uiteraard niet.;0
Op pad naar 40-jarig jubileum. ;1
@pietheinpeeters Ik eigenlijk ook niet ware het niet dat er plaatsen zijn waar dit gewoon gebeurt. En nu in Turkije blijkbaar in een wet.;0
"Ziek. RT @Elsevier: Erdogans AK-partij wil verkrachter met slachtoffer laten trouwen
";0
Kijk nou! @RenePetersOss op weg naar #Family7 en ik naar #Twello voor #CDA Senioren. #viaApeldoorn ;1
"@EgdomWilly En nu hopen op steun van de @VVD die tijdens het debat heel graag regels wilde schrappen ;-)";1
"Voorkom dat migranten en vluchtelingen op gammele bootjes stappen met groot risico op verdrinken. -&gt; ";0
Reactie @welzorg? RT @VillaVega5: Kennen jullie dat verhaal van die man die zijn rolstoel moest inleveren? Niets ... ;0
En nou ook doen! RT @TPOnl: Dijkhoff: kansloze asielzoekers voortaan sneller uitzetten, soberder opvangen ;1
"Aanrader. #boekvanBuma Met: grote vragen van nu; Doorgeschoten individualisering; Liberalisme heeft geen antwoord. ";0
Ik roep niet alleen op. Ik dien motie in om hier een einde aan te maken. ;0
Als klopt dat 8600 ouderen uit Eerstelijns Verblijf naar verpleeghuis zouden moeten, is de wachtlijst veel groter. ;0
Hoe verlaag je overhead in #verpleeghuiszorg? Bv door schrappen regels. Deze motie is aangenomen: ;1
In debat #verpleeghuiszorg regering gevraagd eindelijk puntsgewijs in te gaan op manifest ;1
@AagtjeS @Passagevrouwen Nee en dat spijt mij zeer. In @AnneKuik een waardige vervanging gevonden. Hopelijk wel tot een volgende keer.;1
Nu debat over verpleeghuizen. Meekijken via: ;1
@chrisinactie Dit: ;1
Het meest imposante woord: verantwoordingsterreur. Dus verzoek aan wethouders systemen af te stemmen. ;0
@carladikfaber @Vera_Bergkamp @marithvolp @Pauline_Poet @keesvdstaaij @wijstaanop Carla en ik dus ook. Alstublieft. @amberbindels;1
@Vera_Bergkamp @marithvolp @Pauline_Poet @keesvdstaaij @wijstaanop En ik ook.;1
"Je verwacht een artikel op De Speld: ""Chaos in Stockholm door seksegelijk sneeuwruimen"" - &amp;nbsp; - TROUW ";0
@PaulaZweekhorst Dat is er.;1
Dit mag vast niet en ik roep niemand op maar o, wat vind ik dit een leuke actie: ;1
@Jacqnoordhoek @zorgenzo @Teletekst Dan heb ik de eerste 8 jaar gelukkig gemist.;0
@Jacqnoordhoek @zorgenzo @Teletekst Precies. Verplichte #opvoedcursus voor iedereen slaat nergens op.;0
Is dit serieus? In de meeste gezinnen voeden ouders prima op. #maakbaarheid #betutteling RT @Teletekst: Opvoedcursus alle ouders bepleit;0
"@tijs71 @mjrijn Begin volgend jaar komt hij met voorstellen. Dan kijken. ;-)";1
Motie ingediend om positie pleegzorg te verbeteren. ;0
Aan @mjrijn gevraagd waar stijgende hoeveelheid jeugdhulptrajecten vandaan komt terwijl aantal kinderen niet stijgt. ;0
@Ilse2906 Veel frustraties over herplaatsingen/terugplaatsingen, voogden, vergoedingen (bijzondere kosten), verzekeringen, 18-/18+, deeltijd;0
Tijdje terug een flink aantal #pleegouders gesproken die het end zo langzamerhand in de bek hebben. Onderwerpen zojuist aan @mjrijn gemeld.;1
Tijdens begrotingsdebat #WGO #jeugdzorg gesproken over jeugdGGZ, 18-/18+, pleegouders, doorzettingsmacht, wachtlijsten, Veilig Thuis.;1
@SonjaPlomp @Tim0781 Graag gedaan! :-);1
CDA Amstelveen. #mantelzorg #dagvandemantelzorg ;1
CDA Werkendam RT @jennyassink: -#mantelzorg dag! Een bloemetje naar een mantelzorger gebracht. Het CDA is trots op de mantelzorger.;1
CDA Tilburg RT @CDATilburg: #CDA #Tilburg viert dag van de #Mantelzorg met mantelzorgkrant in de @TKoerier.  ;1
CDA #Gouda RT @eppyboschma: CDA Mantelzorgcomplimenten uitgereikt tijdens de dag vd mantelzorg. Respect! ;1
CDA Zoetermeer. RT @zoetermeersdb: Schriftelijke vragen CDA na zorgwekkende cijfers in mantelzorg ;0
Dag van de #mantelzorg. Overal doen CDA'ers voorstellen om mantelzorgers te ontlasten of te bedanken. ;1
"""Ik ben gelukkig."" Mooi. 👍🏼 RT @basdemeijer: staat vandaag mn vriendin bij Telegraaf vanwege #dagvandemantelzorg ";1
Toegankelijkheid VN-verdrag gaat hier over: ;1
Zo stas @mjrijn over langdurige #zorg en VN-verdrag toegankelijkheid. Ben benieuwd! Meekijken: ;1
"Zorg wordt voor mantelzorgers steeds zwaarder. Lees: ""Mantelzorgers: wees er zuinig op!"" ";1
@vanHijum @svanweyenberg Gelukt :-);1
@BiancaPrins @cdavandaag Ik ben info aan het verzamelen. Toegankelijkheid is net zo divers als de mens. Wat moet er dus anders in wetgeving?;0
@faatje030 @marloesmetaal @Utrecht_gezond Uitzoeken wat er aan de hand is dus. Zo als in artikel staat, kan niet.;0
@EppieFokkema Privacy, kwetsbaarheid en medisch beroepsgeheim;1
@tijs71 Dank. Zal @mjrijn ondervragen en onder aandacht gebracht van @marloesmetaal @cdautrecht;1
Mooi interview met een voorgangster van mij. Ans Willemse-Van der Ploeg ;1
Plascontract.....Bestuur van een verpleeghuis die dit soort afspraken bedenkt is ▪️ongeschikt.;0
@oosterhoff2 Welk artikel bedoel je?;0
Mijn column in @ndnl over bezoek aan Ethiopië. Met dank aan @femmydejong ;1
Nou, gemeenten, maak je borst maar nat. Geld is volgens @mjrijn niet langer een probleem in uitvoering van Wmo en Jeugdwet. #vragenuurtje;0
@HKeers Wil jij mij hierover mailen?;0
Ongelofelijk: 1,2 miljard over voor zorgtaken. Aangemeld voor vragenuurtje morgen. ;0
Zorg voor je ouders baart zorgen ;1
Wat we doen, doen we goed. Volendams Operakoor in onze prachtige Vincentiuskerk. #groosk ;1
Wat is dit mooi. @alzheimernl: Deze delen we voor iedereen die mens wil blijven, die er niet alleen voor wil staan💜 ;1
Dank @DiandaVeldman (Patiëntenfederatie Nederland). Goed initiatief die 3 goede vragen te stellen aan je arts: ;1
Schandalig dat dit zo lang moet duren. Ik ga schriftelijke vragen stellen. ;0
@caseofdees @CDAAlmelo Als @Silverpacer mij zou willen mailen dan graag. @Gemeente_Almelo;1
@HelgaDulfer @cdavandaag De Amvb ligt inmiddels voor consultatie in veld. Mede op ons verzoek ook naar de Kamer. Samen met jou doornemen?;1
Leuk nieuws! @HankeBruinsSlot is genomineerd voor VIVA 400-vrouw 2016. Stemmen kan via: ;1
Terug uit Ethiopië. Een mooi maar zeer complex land. Migratie en vluchtelingen een van de vele problemen. ;1
Hoe NL's onderwijs jonge mensen stuk maakt. Winnaar van Wiskunde-Olympiade, toch 7 fouten voor de rekentoets NRC ;0
👍🏻 RT @3zusters: ;1
Dit moet anders. Dit kan anders. Zorgkantoren: doe hier iets aan! ;0
Na 4 jaar komt @mjrijn nog steeds niet verder dan aankondigen schrappen regels. Vanaf 2:13 u ;0
@RBreedveld Dank je, Robert!;1
@MartinvdPlas1 @markvlieland Als het gaat zoals het dan moet gaan: ;1
Dank voor de vragen over een #BeterNederland Wat mij betreft voor herhaling vatbaar. Tot een volgende keer. ;1
.@markvlieland #BeterNederland ;1
.@wekrnl #BeterNederland ;1
.@maxmonkau #BeterNederland ;1
.@EllenBijster #BeterNederland ;1
.@Jaap_Scheele #BeterNederland ;1
Ik zit klaar voor jouw vragen over het verkiezingsprogramma van het CDA voor een #BeterNederland ;1
"Reactie van De Zonnebloem op de nota ""Mantelzorgers: wees er zuinig op!"" ";1
@surdiefinnis Kijk nou eens! Word je toch stil van? Janneke Kodde. ;0
En in Bergen altijd even binnenkijken bij the Obsession of Art ;1
Echt een dag voor kunstkijken. ;1
@1stcobra Net als bij @overtyper is mij de roze verf bijgebleven. :-);1
Ach, kijk nou. Marnix Kappers is niet meer onder ons. Deel van mijn jeugd als neef Herbert in De familie Knots. @nrc ;1
@cmtolkes @NOS Zo kan je het ook zeggen :-);1
@OdetSt @EnsvdrMeer @VillaVega5 @erikavandebilt Kijk hier: ;1
@elsjonker Uiteraard.;1
CDA wil een 'beter Nederland', gebouwd op waarden en tradities ;1
"Keuzes voor een #BeterNederland over Familie&amp;gezin, Zorg voor elkaar, Sterke samenleving, Waarden en traditie, Eerlijke economie. #CDA ";1
In afwachting van verkiezingsprogramma #CDA ;1
@JanJacobvDijk Mooi!;1
@ejvandermeulen Gemeenten hebben ruimte om zelf inhoud te geven aan de ondersteuning. Dat dit beter kan, staat hier: ;1
@ElisedelaSerre_ Mantelzorg is zorg die je geeft omdat iemand waar je van houdt ziek wordt. Betaalde zorg kan nodig zijn ter ondersteuning.;1
@astesselaar Dank je!;1
@AstridvdKooij Als experiment een gesproken antwoord :-) ;1
@MarionAltena Mantelzorger die in een andere gemeente woont? Maakt op zichzelf geen verschil. Draagkracht stopt niet bij gemeentegrens.;0
"Afgelopen vrijdag presenteerde ik de nota over #mantelzorg Nu zit ik klaar voor vragen. Oftewel Q&amp;A ";1
"Ik hoor graag jullie mening over mantelzorg. Om 17 uur zit ik klaar voor een Q&amp;A via #mantelzorg. Hier ";1
@Rob_hero Door verwijzing naar het rapport Kinderombudsman over waarheidsvinding bij OTS/UHP duidelijk link gelegd met onterechte meldingen.;0
Met @vera_bergkamp gevraagd om opheldering over ;1
Zuinig zijn op mantelzorgers. Vandaag in @telegraaf ;1
@TheoKrebber Precies. Daarom dus.;1
Gefeliciteerd! RT @EvelineTijmstra: Ik wil iedereen bedanken voor het vertrouwen en kijk terug op een bijzondere installatie als #wethouder;1
Wie ontzorgt jou? Mantelzorgers delen prijzen uit. Kijk op: Mantelzorg Awards – 2016 ;1
Interessant artikel. @machteldz over parallelle wereld via shariarechtbanken.  AD.nl ;1
@FerryVeerman @JeanDohmen En Johan zag de bal :-);1
Herstel. Sinaasappels voor Paul Jansen want in de lappenmand. In plaats daarvan @jeandohmen vanavond bij #WNL ;0
Vanavond om 21.25 uur praat ik bij @WNLOpiniemakers op #NPO2 met opiniemaker Paul Jansen van @telegraaf en @MartinSitalsing over opvoeden.;1
@mariushonig3 Dank je, Marius.;1
"@A_Stekelenburg Nu wel ;-)";1
Bij aankomst gemeentehuis #Hoogeveen val ik met mijn neus in de boter. ;0
Dank @MarijkeShahsava voor je onvolprezen inzet voor #CDA en #Amsterdam Succes @DiederikBoomsma!  ;1
Aap komt uit de mouw: op voorstel van de VVD hebben we een #PGB-debat zonder dat VVD enig idee heeft wat er moet gebeuren.... #voordebuhne;0
"VWS lijkt vreemd genoeg gebakken te zijn aan de #SVB -&gt; ";0
@MartinevBemmel Graag gedaan. Als het even kan altijd bereid.;1
Vrijdag in Hoogeveen! ;1
@CarelDahmen Donderdag tijdens PGB-debat aan staatssecretaris @mjrijn om aanpassingen vragen. Dit is te gek.;0
Met twee bussen vol familie en overige Volendammers op weg naar concert 20 jaar @JanSmit in #DenBosch ;1
Samen met 7 bewoners Reginahof in Steenbergen geopend. Zelfstandig wonen met zorg indien nodig. Mooi! @TWB_Thuiszorg ;1
Geloofwaardigheid blijkt achilleshiel van debatkoning Rutte ;0
"""Stoere uitspraken en dan sorry zeggen. En vervolgens niets doen."" @sybrandbuma over #Rutte tijdens #APB ";0
@alexandervherp @bartroovers81 Titel XVI wetboek van strafrecht. Artikel 261 ev.;1
Zijlstra is voor absolute vrijheid van meningsuiting. Dan mag hij wetboek van strafrecht wel eens gaan aanpassen. #belediging #smaad #APB;0
Dit dus. ;0
Jammerlijke naïviteit van Zijlstra: tussen 'denken' en 'doen' zit 'zeggen' 'oproepen' 'verheerlijken'. Eerder optreden is noodzaak! #APB;0
"@lwmkok @gerardbeverdam @michelrog Alles wat meneer Kok hier zegt ;-)";1
"""Hoezo pleurt op? Treedt op!"" @sybrandbuma in AD. ";0
@Gert_van_Dijk Opvolgmelk. Dus.;1
"@Gert_van_Dijk Al jong op stukje sinaasappel laten zuigen, ontwikkelt de smaakpapillen. Die opmelk was in ""mijn"" tijd al mierzoet.";1
Dit jaar ook een vakman: Arnaud Schoenmaker. De kampioen van dit jaar @worldskillsNL ;1
Leuk! Lauren en Job van @omroepwest zijn ook bij @aveda en @worldskillsNL Vakvrouwen haar en make-up aanwezig hier! ;1
Pleidooi voor verstandige ongehoorzaamheid in de zorg. Column @NDnl #ndnl ;1
@maxmonkau Gelukkig niet.;1
@maxmonkau Nee, via gemeenten.;0
Wie draagt morgen welke? @AgnesMulderCDA @HankeBruinsSlot @MvanToorenburg #Prinsjesdag2016. Preview #hoedje ;1
"Morgen in @NDnl ;-) RT @WendelineRoest: @MonaKeijzer @ndnl verstandige ongehoorzaamheid... Amen!";1
"Zoals @liekelamb ooit schreef: ""Eens in de vier jaar bewijzen dat er weer geen wonder gebeurd is."" @Leerdenken #wlz  ";0
Kijk, @mjrijn Schrap hier nou eens daadwerkelijk regels ipv weer te onderzoeken! Respect voor @Leerdenken #wlz  ;0
@willemwansink Ik zeg hetzelfde ook wel eens tegen zorgbestuurders. Ik voel een column opkomen voor morgen in @NDnl;1
@willemwansink Mooie quote. Waar ben je?;1
Moralicide: om zeep helpen van morele beraadslagen. Pleidooi voor verstandige ongehoorzaamheid in de #ouderenzorg ;0
@AStremmelaar ;1
@AStremmelaar Wij niet. Tegen afschaffen wtcg-korting gestemd en in elke tegenbegroting geld voor chronisch zieken/ouderen/gehandicapten.;0
Dit jaar kom ik graag weer! #vakvrouwen RT @Willem_Kruithof: @WorldSkillsNL @aveda vorig jaar kwam @MonaKeijzer ;1
Dit mag niet gebeuren! #afvinklijstjes #ouderenzorg ;0
Wauw! Wat een eer. En zo verdiend. Van harte, @PieterOmtzigt #prinsjesprijs ;1
"Vandaag wezen kijken bij ""Wedde dat 't lukt"" in  -jawel- Wedde. Kijk: ";1
:-) RT @TekstPast: Kijk even mee: @MonaKeijzer is een van de weinige #Kamerleden die #haring kan schoonmaken. 12.20 ;1
Dank voor de warme ontvangst! RT @groningerdorpen: Werkbezoek Mona Keijzer @MonaKeijzer  aan Wedde dat t lukt! ;1
@MoedersOmaDee Nee. Dat is zo. Maar wel gelijk ouders betrekken. Ook als ze dat niet gewoon zijn.;1
Ik zei het al: aanpakken. Ook zo als bij RTL. RT @TPOnl: Terugkijken: Rapper Boef bij RTL Late Night ;0
@dicovanvliet @Metro Deze? :-) ;1
In de @metro 5 redenen waarom thuis wonen in #hotelmama helemaal niet erg i.... ;1
Morgen op werkbezoek naar Bellingwedde. ;1
Dit was leuk! Samen met @pieterheerma praten met CDA'ers en PCOB'ers uit Purmerend eo. Hier een deel van de groep. ;1
@erikavandebilt Graag gedaan. En wordt vervolgd wat mij betreft. Verplicht bij iedereen  2x pj zorgcoordinator à 350€ per bezoek is onnodig.;1
@martinegoeman Hebben we al afgesproken toch?;0
"@jndkgrf -&gt; obv ministeriële regeling. Nu in wet geregeld met mededelingsplicht aan patiënt.";1
"@jndkgrf Dat mogen ze niet. Alleen arts mag conclusie aan verzekeraar vertellen om te zien of het bij declaratie past. Was al toegestaan -&gt;";0
@marjobrouns Zeker. Als je het nut ergens van in zit, is tijdsbesteding vanzelfsprekender.;1
@politiq Kan niet helemaal zonder. Is alleen doorgeschoten. Bijhouden protocol is gelijk komen te staan aan kwaliteit. Moet terug naar mens.;0
@marjobrouns Waarom niet beide punten?;0
@politiq Zou een gesprek niet geholpen kunnen hebben?;0
@politiq Alsof er nu geen fouten gemaakt worden. Hedendaagse controlefictie.;0
Naast te weinig professionele zorg hoor ik regeldruk ook als grootste klacht van mantelzorgers.  ;0
@LindiWieb69 Gezin is plek waar kind in liefde opgroeit en de familie er om heen. Alleenstaand is daar meestal onderdeel van.;1
Afgelopen zaterdag dachten 1000 #CDA´ers na over de toekomst van ons land. De uitkomsten voor een #beterNederland: ;1
@MarkTeurlings @JensOldeKalter @WNLVandaag @vivienne Dank u, heren!;1
Buma veegt op hardhandige wijze de vloer aan met Rutte ;0
CDA-leden beslissen mee over partijprogramma | Binnenland | de Volkskrant - ;1
En gaat #Rutte er nog wat aan doen ook? Of blijft het bij harde taal? #Zaanstad ;0
Dank, @connexxion voor het uitgebreide en interessante werkbezoek over aanvullend openbaar en doelgroepenvervoer. ;1
@akruidhof1 Klopt.;1
@JanJansen1967 Klopt. Maar man, wat hoort dat in zo'n café!;1
Tussen twee werkbezoeken in een cappuccinootje. Bij binnenkomst van het café stuit ik op gezelligheid. ;1
"""73 en de Kamer in, kan dat?"" Natuurlijk kan dat! ";1
Verontrustend bericht FNV over huishoudelijke hulp en uitspraak Centrale Raad van Beroep. Ik vraag straks debat aan. ;1
Dank voor alle felicitaties. Ben verguld met en dankbaar voor mijn plaats binnen #teamCDA voor een #beterNederland ;1
@theoreijn @hermendegraaf @ginakroon @JaapBond 😎 ;1
@MarcvdLinden Hoe laat, Marc?;0
Met de CDA-collega's op de fiets naar #CScongres #CSC16 Weertje is er naar :-) ;1
@nietsvanzelf Eens. Sinds begin 2015 al duidelijk dat het systeem te ingewikkeld is. Blijkt ook uit krantenartikel.;0
@kwast66 @WordtNuLaat @WNLVandaag @eveliendebruijn @NPORadio2 Heel laat :-);0
@MariusWanders Dank!;1
@batavus93 Ja. Dat ging niet helemaal goed... :-(;0
Wat was dit mooi: ;1
Naar Utrecht voor festival Oude Muziek. ;1
Zouden ze dan ook niet meer juichen voor la squadra azzura, die Mannschaft of les blues? Of mag dat nog wel? ;1
Trots op topvrouw @DafneSchippers  #teamNL ;1
Toerist op eigen #Markermeer in de Markenexpress. ;1
Dank, @trouw voor dit mooie verhaal: Sensationele zege voor Sanne Wevers op 'haar balkje' ;1
@KarenWalthuis @sypwynia En dat gebeurt niet op bijzonder onderwijs?;0
En dat is 1.... :-) Van der Breggen bezorgt Nederland gouden medaille in Rio ;1
Hier ;1
Nu bij #NPO Radio 1 Sportzomer. Met Suzanne Bosman. Over eigen bijdragen zorg en inburgering nieuwkomers. ;1
@Djaanan @Ibrahimwijbenga @jndkgrf @YelleTieleman @Hefbundy :-)) De mannelijke variant op de Uggs. Zeg maar.;1
@Ibrahimwijbenga Dit kan echt niet: witte sportsokken in badslipper.... #modemoord;0
@thisisanoukk Lief hè. Hij en zijn vriendjes boden aan het eind ook nog patatjes aan.;1
En hier het resultaat. Gezond en lekker. Dank @hugokennis Soort van #24kitchen bij #TourdHollande #WNL ;1
Bij #WNL vielen @florisprenger en ik met onze neus in de boter. @HugoKennis maakte live een heerlijke salade. ;1
CDA: In memoriam: Piet de Jong ;1
@pvermeu2 👍🏼;1
@basdemeijer @tijs71 @carlijnlensink @flowermum_ @KristaOkma @pvermeu2 @corapostema Dank!;1
Dat iets wat nu zo normaal is zoveel discussie heeft gegeven. Hulde,  @jantroost1972: ;1
@mariannezw Zeker wel. Mijn uitzicht gisteravond: ;1
@RiaDickmann U bedoelt dit: ;0
"Reden voor intrekken verblijfsvergunning. En terecht. ""Justitie houdt vakantievierende Eritreeërs in de gaten."" ";0
"Dit was leuk. En dat terwijl ik helemaal niet kan zingen ;-) #muziekmiddag #Amsterdam ";1
"Nav dit bericht ""Terroristen Europa binnen via vluchtelingenstroom"" ";0
Terroristen zijn via vluchtelingenstroom Europa binnengekomen. ;0
Aah, wat lief: ;1
Onbegrijpelijk en onacceptabel dat jaar op jaar dezelfde gebreken geconstateerd worden. Over verpleeghuizen: ;0
@mbbcareconsult @reinier63 Heel knap. Maar wordt de zorg beter van vijf kwartier in een uur #mooipraat;0
In de randen van de nacht was debat over verpleeghuiszorg weer weggemoffeld. Gelukkig lees ik nu: ;0
Om 21.15 begint het debat over de kwaliteit van zorg in verpleeghuizen. Meekijken via ;1
Maandag was de situatie in bepaalde verpleeghuizen nog onacceptabel. Vandaag valt het allemaal mee. Aldus @mjrijn ;1
@kaasjan2 @EvelineTijmstra en ik ook.;1
"Symptoombestrijding helpt niet om verpleeghuiszorg goed te maken. ""Coalitie heeft boter op hoofd"" ";0
@basdemeijer @RomyAikema Vorige week ook zo verwoord tijdens debat Jeugdhulp. Er komt nog een brief van stas hierover.;0
Morgen worden de namen van de verpleeghuizen waar zorg onder de maat is geopenbaard. En terecht. ;0
Nog steeds verpleeghuiszorg onder de maat. Basiszorg niet op orde. Dit moet veranderen! ;0
"Juist! RT @Jeugdzorgned: Brief over #regeldruk in de #zorg
";0
"""De verbinding in de samenleving moet terug."" @sybrandbuma in @ADnl #dienstplicht Lezen: ";1
Twee opinie-artikelen uit mijn hart gegrepen: ;1
"Uit onverwachte hoek verstandige kanttekeningen bij de ""vrijheid, blijheid""-drugscultuur in het uitgaansleven. ";1
@Phaedrajanine Meen je dat? Die potjes stonden tussen mij en ruzie met de schijf van vijf.;0
Maandag a.s. overlegt stas @mjrijn met gemeenten over deze aangenomen motie over wachtlijsten in de jeugdzorg: ;1
Nu #AOJeugd over voortgang decentralisatie van #jeugdzorg Meekijken via ;1
Dank #ASVZ voor de ontvangst van @sybrandbuma en mijzelf. Was weer mooi om zorgzame zorg van dichtbij te mogen zien. ;1
@ceesweij Goede, vriendelijke buschauffeurs helpen zeker mee. Dank!;1
@aafkevultink Geen zorgen. Ik hoor het veel. :);1
:-) RT @SchoppertRTL: In IJsland houden ze het voetbalcommentaar neutraal, bijna zakelijk. 😂 ;1
Wat mij betreft in #Purmerend de leukste week van het jaar: #Reuring ;1
Nu tweede ronde van hoorzitting in de Kamer over toekomst geboortezorg en kraamzorg. Meekijken en positiebrieven via ;0
Als je haring schoon kan maken, moet je ook weten hoe haring te eten. ;1
@MonicaKeyzer Ik word ook vaak Monica genoemd. Weet nu dat ze jou dan bedoelen. :-);1
Voortreffelijk verhaal van @sybrinne over de (stapeling) van eigen bijdragen zorg en wat je als raadslid kunt doen. ;1
De #haring werd voortreffelijk schoongemaakt door Pronk's haringkaken uit Voorschoten. En lekker! ;1
Geachte @NS_online Jullie vervoeren mensen. Geen diepvriesproducten. Tandje minder met de #airco is fijn.;1
"Kamermeerderheid pleit voor invoeren van Treeknormen voor de Jeugdwet. Steun in de rug voor ouders en kinderen. -&gt; ";1
Nu algemeen overleg over (financiele) toekomst van de wijkverpleging. Kijken via: ;1
@zorgenzo Ja. Dank voor de tweet. Inmiddels aangemeld voor mondelinge en/of schriftelijke vragen.;1
@lindaheemskerk @zorgenzo @ab_tje Zolang er nog geen Wlz-indicatie ligt, is de gemeente verantwoordelijk.;0
@PeterPleijsant Zeker. Maar de Italianen zingen het met overtuiging. Voorlopig levert dat in ieder geval een voorsprong op...;1
"""Ging het om het volkslied dan zou Italië elk toernooi winnen."" Zeker. Maar toch voor België. #belita";1
"@nellydooper @Zorgvisie Ja, dat zei  @mjrijn vorige week nog; hoe tevreden hij is met het systeem. Nou de ouders die vastlopen nog.";1
Ouders van ernstig gehandicapte kinderen van kastje naar de muur en betutteld door dure zorgcoördinator. #IKZ #zorg ;0
@belg322 @elbertdijkgraaf @gertjansegers @BartJanSpruyt :-) #lmd16;1
Nu bij @Roelof_hemmen #BNR met @RutgerGW @Jan_Anthonie  ;1
@Moniekvdmeij Was leuk!;1
@cmsNetherlands @Xin7777 @AndreRhebergen ;1
@VillaVega5 Dat is precies wat er aan dat criteria mij tegen de borst stuit. Alsof je opgeeft in de Wlz...;0
Ondertussen in de plenaire zaal van de Tweede Kamer het debat #oosting #bonnetje ;0
@mbbcareconsult @JaapJansen Onbeperkt :-);1
Mijn klomp brak. Alsof VVD ooit oog heeft gehad voor positie van middeninkomens die zorg nodig hebben. #wmo #wtcg ;0
Volgens @mjrijn moet voldaan zijn aan deze 3 criteria voor een goede #zorg thuis. Alle drie niet ingevuld. ;0
Nu debat over de decentralisaties en de Wmo #zorg ;1
Wat bindt ons? Belangrijke vraag voor de noodzakelijke solidariteit in samenleving. #cdacongres ;1
Politiek is bouwen aan een #BeterNederland @sybrandbuma #cdacongres over #arbeidsmarkt #onderwijs #vakmanschap #zorg #geenwinstuitkering;1
Topspeech van @sybrandbuma over de zorgen van mensen en het samen bouwen aan een #BeterNederland #cdacongres ;1
Mooi verhaal van @MustafaAmhaouch over zijn vader en hoe juffrouw Doortje hem en zijn gezin begeleidde. #cdacongres ;1
Zorgbloggers. Lezen. ;1
@LammersJeroen @caseofdees Eens!;1
@jndkgrf @PieterHeerma Uiteraard.;1
@jndkgrf Jan toch!;1
Alle schoolkinderen moeten Rembrandt kunnen zien. @MvanToorenburg ;1
Dementiezorg aan huis in de verdrukking. Vanavond bij #nieuwsuur ;0
"@judithpennarts Tijdens laatste debat hier over erkende hij het nog niet. We maken vooruitgang. Ik gok op een ""aanjaagteam"" als uitkomst.";1
Een farmaceut die zich kapot zou moeten schamen #Eurocept Column van @oosterhoff2 ;0
Me, myself and I? Mijn column in @ndnl ;1
