Posts;Labels;date_created
Markuszower neemt geen woord terug, op rechts blijft het oorverdovend stil. De premier reageert laat en slap. Dit is geen willekeurige uitspraak van een politicus, maar een oproep tot geweld. Daar mag geen enkele ruimte voor zijn. Wij willen volgende week een debat.;0;2026-05-15T14:06:45.000Z
Gidi Markuszower doet een oproep tot “maximaal geweld” tegen Palestijnse vluchtelingen. Diep weerzinwekkende taal, een absoluut dieptepunt. Dit vraagt om een collectieve veroordeling, van rechts tot links, van Kamer tot kabinet.;0;2026-05-14T14:16:30.000Z
"Dit is het gevolg van onafgebroken ophitsen door extreemrechtse groeperingen. Crimineel gedrag dat je niet af kan doen met zogenaamd ‘legitieme zorgen’. Het is een directe ondermijning van onze democratie. En bovendien levensgevaarlijk.

";0;2026-05-12T21:21:08.000Z
"PRO zegt al vanaf dag één tegen dit minderheidskabinet Jetten: de verhoging van de AOW, en de bezuinigingen op de arbeidsongeschiktheidsverzekering en de werkloosheidsuitkering moeten van tafel.

Mensen die keihard werken verdienen het om gezond hun pensioen te halen. ";0;2026-05-12T10:10:47.000Z
En politici die naar dit soort demonstraties komen om de boel op te stoken zijn onderdeel van het probleem. Neem onze democratie serieus. Ga ervoor staan, in plaats van haar te ondermijnen.;0;2026-05-11T13:07:34.000Z
"Vuurwerk gooien, mishandeling van een boa, extreemrechtse relschoppers. En nu deze explosie. Dit is niet normaal. De politiek moet zich hiertegen uitspreken. Dit is niet het Nederland dat we willen zijn. 

";0;2026-05-11T11:38:12.000Z
"Deze bezuinigingen gaan we niet laten gebeuren. Het is oneerlijk dat gewone mensen langer door moeten werken en fors gekort worden als ze werkloos raken of arbeidsongeschikt.

Wij trekken samen op met de vakbonden om deze plannen van tafel te krijgen! ✊

";0;2026-05-11T09:26:44.000Z
Onacceptabel wat er vanavond is gebeurd bij het partijkantoor van D66. En al de tweede keer. Dit soort geweld en intimidatie zijn een regelrechte aanval op onze democratie en rechtsstaat. Dat mogen we geen moment tolereren. Sterkte aan alle betrokkenen. ;0;2026-05-07T21:18:53.000Z
"Megawinsten voor oliebedrijven terwijl we steeds meer betalen voor onze energie. 

Het kan ook eerlijk. Door de overwinsten te belasten en met de opbrengsten het leven van gewone mensen weer betaalbaar te maken. ";0;2026-05-07T09:14:32.000Z
"Respectloos en onacceptabel. Vandaag staat in het teken van herdenken en stilstaan bij ons gedeelde verleden. Dat doen we met elkaar op een waardige manier. Dit soort vernielingen horen daar absoluut niet bij.

";0;2026-05-04T09:51:08.000Z
"Niemand zou geld moeten toeleggen om naar werk te reizen. Toch is dat de realiteit in o.a. de kraamzorg en thuiszorg.   

Daarom komt PRO op de Dag van de Arbeid met een plan, zodat iedereen voortaan hun reiskosten vergoed krijgt.

";1;2026-05-01T09:08:11.000Z
"Voor 49 euro onbeperkt reizen in de daluren met trein. Dat is wat PRO wil regelen voor jou. 

Het leven is al duur genoeg en de energiecrisis maakt vervoer nog duurder. Tijd voor plannen die gewone mensen echt helpen. Dat is onze inzet in het debat.

";1;2026-04-22T09:31:05.000Z
"Dit pakket is onvoldoende, zo help je gewone mensen de crisis niet door.

Belast de dikke winsten van oliebedrijven. Gebruik dat geld om gewone mensen wél echt te helpen.

PRO komt in de Tweede Kamer daarom met voorstellen om reizen met trein, bus en auto betaalbaarder te maken. ";0;2026-04-20T11:29:47.000Z
"Precies nu het leven voor gewone mensen steeds duurder wordt, krijgt dit minderheidskabinet het voor elkaar om twee plannen te presenteren die de huren hoger maken en de zorg duurder. 

Logisch toch? 😅

";0;2026-04-18T10:11:38.000Z
"De zorg moet niet asocialer, maar juist socialer. 

Heel slecht idee om het eigen risico te verhogen. Dit maakt zorg voor gewone mensen duurder en oneerlijker. 

Dit kan echt anders. Het kabinet rijdt op een muur af.

";0;2026-04-17T14:17:23.000Z
"Wat een hoopvol nieuws! Het einde van het tijdperk Orbán. De Hongaren hebben duidelijk gekozen vóór vrijheid, vóór democratie en vóór Europa. 

";1;2026-04-12T20:04:51.000Z
"Door de rekening bij gewone mensen te leggen terwijl de allerrijksten worden ontzien, rijdt Jetten af op een muur.  

Vandaag debatteert het minderheidskabinet met de Eerste Kamer over het regeerakkoord. Ook daar zal blijken: een fundamentele koerswijziging is nodig.";0;2026-04-07T08:00:56.000Z
"De olieprijzen stijgen. Laten we zorgen dat het OV betaalbaarder wordt.

";1;2026-04-01T11:09:39.000Z
"Dit land verdient een nieuwe politiek die vooruitgang vooropstelt voor ons allemaal. Die staat voor eerlijk delen. Voor standvastig zijn en trouw blijven aan wie je bent.

Dat is waar wij voor zijn opgericht. 

Welkom thuis bij Progressief Nederland. ";1;2026-03-27T08:16:49.000Z
"Progressief Nederland, roepnaam: PRO. 

Dat is de nieuwe naam van GroenLinks-PvdA. PRO staat voor een eerlijke en rechtvaardige samenleving. 

Ik ben Pro. Jij ook? ";1;2026-03-26T17:01:22.000Z
"Dit is echt onverantwoord, een houding die doet denken aan de coronacrisis. We moeten ons voorbereiden op een grote disruptie van de wereldeconomie.
";0;2026-03-20T12:52:43.000Z
"Afgelopen najaar waren we in 8 plaatsen de grootste, en nu in 42! Ontzettend goede prestatie, wat niet was gelukt zonder onze geweldige campaigners en jullie stem en vertrouwen. Dank jullie wel!

Wij gaan keihard aan de slag voor een Nederland waar iedereen vooruitkomt! ";1;2026-03-19T11:06:18.000Z
"Ik heb gestemd voor een groene, sociale en progressieve gemeente! Jij ook? 

Als je nog niet hebt gestemd, zoek je stempas en identiteitsbewijs erbij en loop nog even naar het stembureau. Gebruik je stemrecht, de keuze ligt in jouw handen. Kies GroenLinks-PvdA. 💚❤️ ";1;2026-03-18T09:45:32.000Z
Een woontoren met appartementen van 2000 euro per maand? Dat is voor gewone mensen onbetaalbaar. Daarom moeten we de woningbouw niet aan de markt overlaten, maar moet de overheid een grotere rol gaan spelen in het bouwen van betaalbare woningen. #GR26 #NederlandKiest ;0;2026-03-17T21:53:18.000Z
"Het kabinet wil tot augustus wachten om maatregelen te nemen tegen de stijgende energieprijzen. Terwijl de betaalbaarheid van het leven al onder druk staat. 

Die afwachtende houding is onverstandig. We moeten ieder moment kunnen ingrijpen. We willen hierover zsm in debat. ";0;2026-03-16T13:46:59.000Z
"Ga stemmen woensdag. Kies voor groen en sociaal. Voor betaalbare huizen en leefbare buurten. Samen geven wij een progressief antwoord op de rechtse agenda vanuit Den Haag.

Wij zetten de laatste dagen nog alles op alles. De eindsprint is ingezet! 🏁 2/2 ";1;2026-03-15T17:22:17.000Z
"In Arnhem voor de laatste get-together voordat we woensdag gaan stemmen bij de gemeenteraadsverkiezingen! 🗳️

Op heel veel plekken is het ontzettend spannend. We kunnen de grootste worden! 1/2 ";1;2026-03-15T17:22:15.000Z
Dit kabinet legt de rekening bij gewone mensen. Wij laten grote vermogens en bedrijven eerlijk bijdragen. Stem 18 maart GroenLinks-PvdA. ;1;2026-03-15T13:18:26.000Z
Mensen wilden progressieve verandering, maar kregen een VVD-coalitieakkoord met bezuinigingen in plaats van oplossingen voor de betaalbaarheid van het leven, zoals de energieprijzen.;0;2026-03-15T13:18:07.000Z
Vannacht weer een aardbeving. De gevolgen van de gaswinning zorgen ook in Drenthe dat de aarde beeft en mensen ‘s nachts wakker schrikken. Onbegrijpelijk dat er partijen zijn die de veiligheid van het Noorden op het spel willen zetten door de gaswinning weer op te schroeven. ;0;2026-03-14T08:33:24.000Z
"Dit is niet een gerichte aanslag op een gebouw, maar op de veiligheid van de hele Joodse gemeenschap. 

Antisemitisme is onaceptabel! 

We stellen vragen aan de minister van Justitie om ervoor te zorgen dat de beveiliging van Joodse instellingen en personen op orde is. ";0;2026-03-14T07:36:01.000Z
"Vandaag werd ik flink ondervraagd op mijn oude middelbare school in Breda. 

Een kleine school, waar iedereen elkaar kent. En zo voelt het eigenlijk nog steeds! Fantastisch om hier weer even te zijn en met de leerlingen te spreken.
";1;2026-03-13T18:25:28.000Z
"Wat bezielt je als je midden in de nacht van Tilburg naar Rotterdam rijdt om brand te stichten bij een synagoge.

Opstaan tegen antisemitisme is nog iedere dag hard nodig. Goed dat de vermoedelijke daders snel opgepakt zijn.
";0;2026-03-13T12:55:14.000Z
"Terwijl de prijzen aan de pomp enorm stijgen voor gewone mensen, zijn de allerrijksten druk bezig met de winsten in eigen zak te steken. Totaal het verkeerde signaal. Een verantwoordelijk bedrijft trekt dit voorstel in.
";0;2026-03-13T12:09:28.000Z
P.s. wat écht werkt op lange termijn? Onze afhankelijkheid van olie en gas afbouwen en sneller verduurzamen!;1;2026-03-10T12:07:15.000Z
"De energieprijzen stijgen hard, terwijl het leven al duur is. Bedrijven als Shell verdienen er grof geld aan. Gewone mensen betalen.

De afwachtende houding van het kabinet is niet uit te leggen. Kom in actie, bereid maatregelen voor om mensen te beschermen tegen absurde prijzen.";0;2026-03-10T12:07:14.000Z
"Geef bij de gemeenteraadsverkiezingen een duidelijk progressief antwoord op de ruk naar rechts vanuit Den Haag.

Ga de straat op. Ga in gesprek. Overtuig mensen van onze plannen om Nederland vooruit te helpen. Dan kiezen onze steden en dorpen op 18 maart progressief. ";1;2026-03-09T15:58:54.000Z
"De man met het grootste sociale hart van Nederland wordt voorzitter van de grootste vakbond. Dat is uitstekend nieuws! Van harte Hans. Ik kijk uit naar de samenwerking. Er is veel werk te doen.

";1;2026-03-09T09:56:35.000Z
"Sterk interview met @LodewijkA. Samen onderhandelden wij in 2019 over het pensioenakkoord.

Ook hij zegt kraakhelder: het kabinet heeft een fout gemaakt. De geplande verhoging van de AOW-leeftijd moet naar de prullenbak.

";1;2026-03-08T11:14:14.000Z
Yes! Ons voorstel om in 2026 weer €7 miljoen vrij te maken voor wijkgerichte vaccinatieaanpak krijgt steun. In grote steden is de vaccinatiegraad al jaren heel laag, maar de wijkgerichte aanpak maakt écht verschil. Gelukkig kan dit nu worden doorgezet! 🙏 ;1;2026-03-05T17:10:56.000Z
"Dit plan is maandag al door de vakbonden afgewezen. Het kabinet maakt weer een inschattingsfout door gewoon vast te houden aan miljardenbezuinigingen op de AOW. 

Er is maar één juiste route: het plan moet van tafel.

";0;2026-03-05T15:53:05.000Z
"Het kabinet zet haar plannen om de AOW-leeftijd te verhogen stug door. Daarmee blijft het toondoof voor de zorgen van gewone mensen. Groot gelijk dat de vakbonden weer een duidelijk signaal geven. Het kabinet is aan zet. Dit plan moet van tafel.

";0;2026-03-02T16:30:20.000Z
De aanval van de VS en Israël druist in tegen het internationaal recht en riskeert een oorlog in de regio. Onze inzet moet gericht zijn op diplomatie, de-escalatie en de bescherming van onschuldige burgers. 2/2;0;2026-02-28T14:20:52.000Z
De escalatie in het Midden-Oosten is zeer zorgwekkend. Het Iraanse regime is moorddadig en verwerpelijk. 1/2;0;2026-02-28T14:20:51.000Z
"Voor ons is de belangrijkste vraag: is dit eerlijk?

Dit is het verhaal van Auke en wat de miljardenbezuinigingen van het kabinet voor hem betekenen. Leg mij maar uit: is dit eerlijk?

#regeringsverklaring ";0;2026-02-26T15:11:53.000Z
"Dit plan moet van tafel.

";0;2026-02-26T09:15:54.000Z
"Dit minderheidskabinet is van plan de belastingen te verhogen voor gewone mensen, terwijl van de rijkste mensen en grote bedrijven niks wordt gevraagd. Dat is oneerlijk. Het schaadt het vertrouwen van al die mensen die ons land draaiende houden.

#regeringsverklaring ";0;2026-02-25T15:16:18.000Z
Vandaag herdenken we de Februaristaking van 1941. Er was veel moed nodig om tijdens de bezetting zo tegen de Jodenvervolging te protesteren. Laat het je inspireren om ook nu op te blijven staan tegen onrecht en te strijden tegen antisemitisme, racisme en vreemdelingenhaat. ;1;2026-02-25T14:13:19.000Z
"Met de verhoging van de AOW-leeftijd, moeten mensen tot na hun 70e werken.

Wat is daar eerlijk aan, als je jong bent begonnen, een loodzwaar beroep hebt en moet werken tot je letterlijk niet meer kunt?

Tijdens het debat over de #regeringsverklaring. ";0;2026-02-25T12:19:26.000Z
"De vakbonden hebben groot gelijk: de verhoging van de AOW-leeftijd moet van tafel. Er is geen enkele steun voor. Niet in het parlement. En niet in de samenleving.

";0;2026-02-24T19:23:42.000Z
"Vier jaar geleden begon Rusland zijn grootschalige agressieoorlog tegen Oekraïne.

Nog elke dag vechten Oekraïeners voor hun vrijheid en daarmee ook voor onze vrijheid. Hun strijd vraagt om onze niet-aflatende steun. Want wie vecht voor vrijheid, mag nooit alleen staan. ";1;2026-02-24T09:54:35.000Z
"De financiële plannen van het kabinet: gewone mensen gaan honderden euro’s meer betalen, terwijl de allerrijksten niets extra’s gevraagd wordt. 

Dat is niet eerlijk en brengt NL niet vooruit. 

Wij nemen de verantwoordelijkheid om deze plannen aan te passen. Dit moet anders.";0;2026-02-20T10:30:13.000Z
"👇

";1;2026-02-09T10:02:48.000Z
"Vandaag is de Partij van de Arbeid 80 jaar geworden!

Ik ben trots op waar we vandaan komen, en vol vertrouwen in wat we samen gaan bouwen. 💚❤️

Lees mijn volledige speech hier terug: ";1;2026-02-08T14:58:03.000Z
"Gewone mensen betalen de rekening van dit regeerakkoord en er vallen harde klappen in de zorg en sociale zekerheid.

Een meerderheid van de Kamer steunde vanavond deze motie: er is geen steun voor het financiële beleid van het toekomstige kabinet. ";0;2026-02-03T22:55:17.000Z
"Wat Nederland nodig heeft is dat de politiek weer gaat werken. Dat vraagt om een fundamentele koerswijziging van het regeerakkoord, want in de plannen die er nu liggen betalen gewone mensen de rekening terwijl de allerrijksten worden ontzien.

In het debat over het regeerakkoord. ";0;2026-02-03T18:18:03.000Z
"Iedereen moet kunnen meedoen in onze samenleving. Als je een beperking hebt, dan wil dat niet zeggen dat je beperkt bent.

Dit akkoord legt de rekening neer bij gewone mensen terwijl superrijken worden ontzien. Dat laten we niet gebeuren. Een fundamentele koerswijziging is nodig. ";0;2026-02-02T07:29:59.000Z
"De plannen die er nu liggen zijn onverantwoorde bezuinigingen die gewone mensen keihard raken.

Wij willen dit land verder vooruit helpen en zullen daarom keihard knokken om te zorgen dat dit akkoord groener en socialer wordt. ";0;2026-02-01T16:42:00.000Z
Onze eerste reactie. ;1;2026-01-30T12:48:30.000Z
"Historische uitspraak!

En een enorme opdracht voor de nieuwe coalitie om samen met de Kamer de klimaataanpak te versnellen.

";1;2026-01-28T14:47:42.000Z
"Heel goed nieuws! We hebben jarenlang gestreden om dit prachtige stukje natuur te behouden. Mooi dat er nu naar een goedkoper en beter alternatief wordt gekeken.

";1;2026-01-27T15:07:19.000Z
"Vandaag worden wereldwijd slachtoffers van de Holocaust herdacht. Opdat wij nooit vergeten. 

Herdenken is voor mij meer dan terugkijken. Het is een opdracht om niet te zwijgen als we onrecht zien, om op te staan en ons uit te spreken.  

Niet alleen vandaag, maar iedere dag.";1;2026-01-25T15:04:27.000Z
"Wij zijn de stem van progressief Nederland. Wij strijden voor groene en sociale vooruitgang. Daarom zetten we vandaag een stap vooruit. Wij gaan de verantwoordelijke oppositie vormen.

Lees hier mijn speech: ";1;2026-01-23T20:31:04.000Z
"Wat gebeurt daar allemaal aan die formatietafel? Waar komt dit opeens vandaan? Wie heeft ervoor gelobbyd dat het allereerste voorstel van de coalitie gaat over bonussen voor banken?

Wij vragen vandaag informateur Lettschert om opheldering over de totstandkoming van dit voorstel.";0;2026-01-20T11:56:35.000Z
"Banken mogen straks hogere bonussen uitdelen. Dat is het allereerste dat de nieuwe coalitie van D66, CDA en VVD regelt. 

Niet meer woningen, geen stikstofwet, geen plan om t leven betaalbaar maken. Nee, ze komen met een wetswijziging die in geen enkel verkiezingsprogramma stond.";0;2026-01-20T11:56:35.000Z
"Dat Trump kiest voor provoceren en chanteren bewijst opnieuw: Europa moet grenzen stellen. Meebewegen en vleierij werken niet. Dit vraagt om een snelle, eensgezinde en krachtige reactie.

";0;2026-01-17T17:58:36.000Z
Wat een aangrijpende beelden van de explosie in Utrecht. Goed dat hulpdiensten en ook vrijwilligers snel ter plekke zijn en het calamiteitenhospitaal klaarstaat om gewonden te helpen. Heel veel sterkte aan hen en iedereen die betrokken is.;1;2026-01-15T17:33:11.000Z
"De illegale aanval van de regering Trump op Venezuela kan grote gevolgen hebben voor de regio, óók voor Aruba, Bonaire en Curaçao. 

Ongeacht Maduro’s beleid schept dit een gevaarlijk precedent. Wij willen vandaag van de regering duidelijkheid over de veiligheid van de eilanden.";0;2026-01-03T12:03:23.000Z
"Heel veel dank aan alle hulpverleners die keihard hebben gewerkt zodat wij veilig 2026 konden inluiden. 

Dat juist zij te maken krijgen met ongekend geweld, is pijnlijk en onacceptabel.

Het is nu tijd voor een nieuwe vuurwerktraditie, die leuk en veilig is voor iédereen. ";1;2026-01-01T10:09:32.000Z
"Verschrikkelijk wat er in Nunspeet is gebeurd. 

Mijn gedachten zijn bij de slachtoffers, hun naasten en de hulpdiensten. ";1;2025-12-22T19:30:31.000Z
"Verschrikkelijke aanslag op een Joods festival in Sydney. 

Bestrijding van antisemitisme, haat en geweld is een wereldwijde opdracht.

Mijn gedachten gaan uit naar de slachtoffers en hun naasten. ";0;2025-12-14T11:25:47.000Z
"Grote keuzes zijn nodig zodat gewone mensen weer vooruit komen. Daarvoor moeten we fors investeren, maar dat mag niet ten koste gaan van werknemers. 

Daarom heeft Nederland snel een kabinet nodig dat zekerheid biedt, niet een permanente formatie en permanente onzekerheid. ";1;2025-12-12T10:18:02.000Z
"Kiezen voor een minderheidskabinet betekent ook heel duidelijk kiezen voor onzekerheid. Een heel slecht idee.

Mensen hebben behoefte aan duidelijkheid, stabiliteit en keuzes, niet permanente politieke twijfel. Vanuit de Kamer zullen wij ons voor die mensen keihard inzetten. ";0;2025-12-10T15:00:15.000Z
De blokkadepolitiek van de VVD wordt beloond. Mensen die voor verandering hebben gestemd worden belazerd met wéér een riskant experiment. Wij blijven knokken voor iedereen die een groener, socialer en progressiever Nederland wil.;0;2025-12-08T11:33:03.000Z
"Goed dat D66 en CDA inhoudelijk bruggen proberen te slaan tussen partijen. Het is nog niet sociaal en groen genoeg, maar we zien voldoende aanknopingspunten voor inhoudelijke onderhandelingen over een meerderheidskabinet. 

Zodat er echt iets gaat veranderen voor gewone mensen.";1;2025-12-02T16:42:47.000Z
"Juist nu de Oekraïners opnieuw zware tijden doormaken moeten we ze blijven steunen.

Goed dat ons voorstel is aangenomen om 2 miljard extra uit te trekken voor de Oekraïense defensie.";1;2025-12-02T15:48:15.000Z
"Klimaatrechtvaardigheid betekent: ervoor zorgen dat de superrijken die vliegen in privéjets betalen voor hun vervuiling.

Dat gaan we nu fixen. Het voorstel van collega @LucStultiens om privévluchten eerlijker te belasten is aangenomen!

";1;2025-11-27T13:28:54.000Z
"In een tijd dat historische bondgenoten zoals de VS hun steun in twijfel trekken, is het essentieel dat Nederland een stap vooruit zet en laat zien dat wij pal voor de vrijheid en onafhankelijkheid van Oekraïne staan.
Wij laten Oekraïne niet vallen.";1;2025-11-26T14:48:49.000Z
"Oekraïne vecht niet alleen voor haar eigen vrijheid, maar voor de vrijheid van ons allemaal. En Oekraïne heeft daarom onze steun nodig. Nu, maar ook volgend jaar.
Daarom dienen wij een motie in om ervoor te zorgen dat Oekraïne zich kan blijven verdedigen tegen Russische agressie. ";1;2025-11-26T14:48:48.000Z
Van harte gefeliciteerd @ThomvCampen! De Tweede Kamer krijgt met jou een uitstekende nieuwe voorzitter. Heel veel succes, alle vertrouwen!;1;2025-11-18T19:03:49.000Z
"Groningen voelde vannacht opnieuw de gevolgen van de gaswinning. Van de problemen die ontstaan als fossiele winsten boven bewoners gaan. De gaswinning is gestopt maar de ellende, de schade, onveiligheid en onzekerheid, zijn helaas nog lang niet over.

";0;2025-11-14T09:51:41.000Z
"Vandaag is de nieuwe fractie geïnstalleerd.

Met deze 20 personen gaan we aan de slag om Nederland vooruit te brengen. Wij blijven strijden voor solidariteit, medemenselijkheid en oplossingen die écht werken.

Dit is een nieuw begin. Vol energie en ambitie. Ik heb er zin in! ";1;2025-11-12T16:12:39.000Z
Verstandig advies van de verkenner om D66 en CDA nu het voortouw te laten nemen in de formatie. Ons land verdient snel een daadkrachtig bestuur. Ik vertrouw erop dat het Jetten en Bontenbal lukt inhoudelijk een goede stap vooruit te zetten.;1;2025-11-11T18:42:33.000Z
"Soms betekent leiderschap een stap opzij doen en soms is leiderschap juist een stap naar voren zetten.

Vandaag zet ik die stap naar voren.

Dat doe ik met volle overtuiging, want we staan voor een grote opdracht. 

En wij zijn klaar om die met beide handen aan te pakken. ";1;2025-11-03T11:17:57.000Z
"Frans, het was een voorrecht om met je te mogen samenwerken. 

Hoe jij van onze twee partijen één beweging hebt gemaakt, is van onschatbare waarde geweest. 

Daarvoor zijn we je intens dankbaar. 

We gaan je missen.";1;2025-10-29T21:45:08.000Z
"Ik heb gestemd! Jij ook? 🗳️ 

Je stemrecht is een groot goed, maak er gebruik van vandaag. Stem met je hart, op een partij die past bij je idealen. 

En gratis stemadvies: wil jij een links en progressief kabinet? Stem GroenLinks-PvdA! Samen worden we de grootste. Samen vooruit! ";1;2025-10-29T09:37:44.000Z
We gaan nek-aan-nek, maar hebben de PVV bijna ingehaald. Het is mogelijk: voor het eerst in 25 jaar een linkse premier en een progressief kabinet. Maak GroenLinks-PvdA morgen de grootste! ;1;2025-10-28T15:24:00.000Z
"We staan op het punt om de PVV te verslaan. Winst is binnen handbereik. Het is ontzettend spannend. 

En één ding is zeker: een stem op GroenLinks-PvdA is de enige garantie op een links en progressief kabinet. ";1;2025-10-28T15:07:25.000Z
"De man die zijn partij met ijzeren hand regeert was hier niet van op de hoogte?

Kom op, als je voor de democratie staat, treed je op tegen deze twee Kamerleden en volgen er sancties. 

Trek een grens. ";0;2025-10-27T09:32:42.000Z
"Het debat van vanavond maakt opnieuw duidelijk: rechts is het snel eens over hogere huren, bezuinigen op de zorg en de rijken ontzien.

De keuze is helder: rechts kluitjesvoetbal of de enige garantie op een écht links, progressief kabinet: GroenLinks-PvdA.";1;2025-10-26T21:55:53.000Z
"Het verschil met de PVV wordt steeds kleiner.

GroenLinks-PvdA heeft de beste uitgangspositie om Wilders te verslaan en de grootste partij van Nederland te worden. ";1;2025-10-25T15:43:02.000Z
"Verkiezingsthema of niet, klimaatverandering trekt zich daar helemaal niks van aan. We moeten ons blijven uitspreken voor een groene toekomst.

Zondag is de klimaatmars. Doe mee en laat je horen: ";1;2025-10-23T11:39:30.000Z
"Stevig clashen hoort erbij.

Maar laten we het wel bij de waarheid houden. Jetten en Yesilgöz zijn in dit debat niet eerlijk over hun bezuinigingen op de zorg. 

Dat is kwalijk. Juist nu het vertrouwen in de politiek lager is dan ooit mag je van politici beter verwachten.";0;2025-10-19T20:26:23.000Z
"“Dit is geen moment voor verdeeldheid.

Dit is het moment om alle progressieve en linkse krachten te verenigen.”

Lees hier mijn Thijs Wöltgens lezing terug: 

";1;2025-10-19T17:40:29.000Z
"Dat is dan duidelijk: het CDA gaat over rechts als het de kans krijgt.

Een stem op GroenLinks-PvdA is de enige garantie op een zo links en progressief mogelijk kabinet.

";1;2025-10-14T16:35:54.000Z
"Gescheld. Gedreig. Antisemitische leuzen. Intimidatie. 

Walgelijk en totaal onacceptabel gedrag dat geen enkele plek heeft in onze democratie.

";0;2025-10-12T17:51:31.000Z
"Deze walgelijke extreemrechtse spreekkoren zijn niet alleen een directe bedreiging voor de veiligheid van onze politiek leider, maar ook een poging om de sociale meerderheid in ons land het zwijgen op te leggen. 

Dat laten we nooit gebeuren. Wij staan op tegen haat. ";0;2025-10-12T16:11:21.000Z
"Hier schrik ik van: rechtse partijen willen akelig hard bezuinigen op de zorg. 

De kosten zijn voor mensen al hoog genoeg. Met dit soort plannen wordt het alleen nog maar erger. Enorm onverstandig.

";0;2025-10-10T11:14:50.000Z
"En waarom zijn al die producten zo duur? Mede omdat supermarkten in Nederland geen producten mogen verkopen met een buitenlands etiket.

Bizar. Daarom komen we met een nieuwe Boodschappenwet voor eerlijke prijzen en betaalbare boodschappen.

";0;2025-10-08T09:33:26.000Z
"Boodschappen zijn hartstikke duur geworden.

Dat komt o.a. omdat producenten in Nederland hogere prijzen vragen dan in landen om ons heen. 

Hoog tijd dat de politiek ingrijpt. Daarom komen we met een nieuwe wet om boodschappen weer betaalbaar te maken.

";0;2025-10-07T16:59:10.000Z
Dit zijn geen onschuldige opmerkingen. Dit is een doelbewust poging van partijen als BBB en PVV om sluipenderwijs de democratische spelregels en grondrechten te ondermijnen. Sta je op en laat je je horen? Of kijk je weg als het mis gaat? Dát is waar deze verkiezingen over gaan. ;0;2025-10-05T12:58:07.000Z
"Vandaag heeft de politiek écht een verschil gemaakt. 

Na stevige strijd is het ons gelukt om de buffelboete van tafel te krijgen. 

We voorkomen dat winkelmedewerkers, schoonmakers, zorgmedewerkers en anderen met een laag inkomen er honderden euro’s op achteruit gaan. ";1;2025-10-02T21:11:29.000Z
"En wéér is het leven duurder geworden. Steeds meer mensen hebben moeite om rond te komen. De politiek kan dit niet op z’n beloop laten.

";0;2025-10-02T09:05:24.000Z
"Minister Keijzer neemt stilletjes  maatregelen voor hogere huren. Gesteund door VVD en CDA.

Asociaal en onverantwoord. Morgen ga ik namens GroenLinks-PvdA een voorstel indienen om dit tegen te houden.

";0;2025-10-01T15:19:49.000Z
"Heel veel mensen met een baan werken hard, maar komen toch niet rond. Nu willen VVD en BBB dat zij nog meer belasting gaan betalen. Asociaal en onrechtvaardig. Daarom stellen we met NSC voor om dit direct terug te draaien.

";0;2025-10-01T07:38:41.000Z
"Afgescheurde posters. Hakenkruizen. “PVV” er in dikke verfletters bij.

Anti-democratisch vandalisme dat we in dit klimaat van ophitsing niet mogen wegwuiven als incident. Dit is totaal onacceptabel.

";0;2025-09-30T14:10:35.000Z
"Terwijl rechts zich afvraagt of we extreemrechts geweld wel ‘politiek moeten maken’, blijven de prijzen van de boodschappen keihard stijgen. Dit kabinet deed niets. Het leven moet betaalbaarder worden. Prioriteit voor een volgende regering.

";0;2025-09-26T09:08:06.000Z
"Terwijl rechts de samenleving ophitst werken wij aan oplossingen. 

Gebouwen moeten niet leegstaan: daar moeten mensen in wonen. 

Dankzij @LucStultiens komt er een eind aan dit perverse verdienmodel van speculanten.

";1;2025-09-23T14:35:33.000Z
"Belangrijk stembusakkoord: 5 centrum-linkse partijen committeren zich aan daadkrachtig klimaatbeleid. CDA schittert door afwezigheid. 

Onthou op 29 oktober welke partijen de kant van vervuilende bedrijven kiezen en welke partijen gaan voor groen. ";1;2025-09-23T14:00:46.000Z
"Dit is geen tijd om te blijven hangen in verbijstering. We moeten pal staan voor onze democratie.

Lees hier mijn gedachten over het politieke geweld van gisteren:

";0;2025-09-21T13:57:40.000Z
"De prijzen in de supermarkt zijn hard gestegen en de verschillen met het buitenland soms niet uit te leggen. Heel goed dat er grondig onderzoek komt.
Terwijl CDA boodschappen duurder wil maken met een btw-verhoging gaan wij door met initiatieven om het leven betaalbaar te houden. ";1;2025-09-18T16:59:39.000Z
"Met deze begroting kunnen de klimaatdoelen bij het oud vuil en leveren mensen met kleine inkomens honderden euro’s in.

De begroting dan niet willen aanpassen, is doelbewust kiezen voor stilstand en achteruitgang.

Dáár gaan deze verkiezingen over.

";0;2025-09-16T18:37:12.000Z
"Terwijl politiek Den Haag vandaag in de schouwburg naar de troonrede gaat luisteren, intensiveert Israël een paar duizend kilometer verder haar genocide met de volle steun van de grootste partij van ons land.

";0;2025-09-16T06:51:04.000Z
"Deze stilstand is het logische gevolg van het experiment met de PVV, mogelijk gemaakt door de VVD. Er moet heel snel verandering komen. Als we niet oppassen wordt ook 2026 een verloren jaar. Dus werk aan de winkel.

";0;2025-09-13T07:54:44.000Z
Onze militairen riskeren hun leven in Polen om ons te beschermen.En wat doet Geert Wilders? Hij zwijgt. Geen steun voor onze bondgenoten of onze mensen daar. Dat is niet alleen laf, dat is gevaarlijk. Nationale veiligheid moet altijd vóór partijpolitiek gaan. ;0;2025-09-11T06:09:00.000Z
"Twee op de drie Nederlanders wil dat we zo snel mogelijk van koers wijzigen. Een overgrote meerderheid wil dat we veel meer doen om de genocide in Gaza te stoppen.

Duidelijker wordt het niet. Het kabinetsbeleid is totaal onhoudbaar en moet veranderen.

";0;2025-09-09T08:18:24.000Z
Opnieuw een massale aanval op woonwijken in Oekraïne. Poetin wil geen vrede, hij wil het land op de knieën dwingen. We moeten het blijven herhalen: de strijd voor vrijheid van Oekraïne is ook onze strijd. We blijven Oekraïne steunen! ;0;2025-08-30T08:59:48.000Z
"Vergis je niet: dit zijn de puinhopen van rechts. Laat je niets anders wijsmaken, hoe vaak ze straks ook zullen wijzen naar anderen.

Dit mag ons land nooit meer overkomen.

Maar dan moet het roer wel om. Dan moeten we 29 oktober kiezen voor een nieuwe start voor Nederland.
(3/3)";0;2025-08-25T09:15:43.000Z
"Vanaf het begin zijn we getuige geweest van politieke stilstand. Geen probleem is opgelost. En ondertussen werd er gezaagd aan de stoelpoten van de rechtstaat.

Zelfs demissionair krijgt dit kabinet het nog voor elkaar ons de zoveelste Haagse crisis in te sleuren.
(2/3)";0;2025-08-25T09:15:43.000Z
"Wat een puinhoop hebben ze ervan gemaakt.

Zelfs over minimale maatregelen tegen de Israëlische regering om de genocide in Gaza te stoppen kon dit demissionaire kabinet geen overeenstemming bereiken. Terwijl dat allang had moeten gebeuren.
(1/3) ";0;2025-08-25T09:15:42.000Z
Met dit programma gaat de VVD met de sloopkogel door onze verzorgingsstaat. Dat wat we moeten beschermen, wordt wegbezuinigd, weggesnoeid of beboet. Gewone mensen betalen de prijs voor de plannen van de VVD. Treurig, maar waar. ;0;2025-07-26T09:13:46.000Z
"Ongelooflijk dat er geen meerderheid is voor een debat over Gaza, terwijl er mensen met opzet worden verhongerd. 

Van de VVD niet eens een reactie op ons verzoek. 

Mensen in Gaza hebben nu hulp nodig. Deze genocide moet stoppen. 

Dus wij geven niet op.

";0;2025-07-24T10:05:03.000Z
"Dit is een baanbrekende uitspraak.

Toch is het bizar dat zo’n uitspraak nodig is. We weten allang wat ons te doen staat. Laat dit een wake-up call zijn voor al die politici die jarenlang hun kop in het zand staken. 

Het is nu tijd voor actie! ";1;2025-07-23T16:19:33.000Z
"De genocide in gaza is live te volgen en de internationale gemeenschap kijkt weg. Het leed in Gaza is ondraaglijk. 

Mijn collega @KatiPiri heeft daarom een spoeddebat aangevraagd. Nederland moet het voortouw nemen en de Europese Raad bij elkaar roepen. Tijd voor sancties. Nu.";0;2025-07-23T10:24:38.000Z
"Hoe kan Europa het nog met droge ogen hebben over het beschermen van de mensenrechten? Wat betekent dat nog? Ik moet eerlijk zeggen dat ik het niet meer kan bevatten.

Nu Europa niks wil doen moet Nederland snel nationale sancties inzetten tegen de Israëlische regering. ";0;2025-07-15T18:38:23.000Z
"Surprise, surprise…

";1;2025-07-08T19:19:09.000Z
"Op de puinhopen van Rafah mensen gevangen zetten. Het is niet te bevatten. 

Dit plan is een nieuw dieptepunt in de etnische zuivering van Gaza door Israël. Internationale organisaties moeten zich hier niet voor laten gebruiken. 

Dit mag niet gebeuren.

";0;2025-07-08T16:41:02.000Z
"Hoe zit het met de medemenselijkheid in Nederland?

Lees hier mijn reflectie op vorige week, toen een meerderheid van de Kamer instemde met een wetswijziging die regelt dat mensen zonder verblijfsvergunning strafbaar zijn. En de mensen die hen helpen ook: ";0;2025-07-08T12:14:46.000Z
En dit moet me ook van het hart: deze wetten zijn er gekomen door mensen die allerlei excuses hebben gezocht om het voor zichzelf recht te kunnen praten. Maar als je dit echt vindt, ga er dan in hemelsnaam ook gewoon voor staan, in plaats van je in allerlei bochten te wringen.;1;2025-07-04T11:24:29.000Z
"Gisteravond koos een meerderheid in de Kamer voor haat boven hoop, voor lelijke politiek boven beschaving en medemenselijkheid. Een beschamend dieptepunt.

Dit mogen we nooit normaal gaan vinden. Dus blijf je uitspreken. Blijf je hiertegen verzetten. Wij zijn met meer.";0;2025-07-04T11:21:53.000Z
"Totaal onacceptabel. Dit raakt aan de kern van onze democratie: of we op een normale manier van mening kunnen verschillen. Hier gebeurt door toedoen van een volksvertegenwoordiger het tegendeel. 

@DilanYesilgoz, neem je verantwoordelijkheid, de-escaleer en bied je excuses aan. ";0;2025-07-01T20:51:02.000Z
"Vijf jaar geleden begonnen @estherouwehand en ik aan de Wet Veilige Jaarwisseling. Vandaag stemt de Eerste Kamer in met het vuurwerkverbod. Een belangrijke stap om van oud en nieuw weer een feest voor iedereen te maken.

Dank voor de mooie samenwerking, Esther!";1;2025-07-01T12:24:37.000Z
"Vandaag, Keti Koti, vieren we én herdenken we.

We vieren de afschaffing van de slavernij.

En we herdenken het slavernijverleden en de doorwerking ervan, tot op de dag van vandaag.

Wan switi manspasi dey! Fijne emancipatiedag!";1;2025-07-01T08:34:48.000Z
"Zo gretig een vuurtje opstoken. Keiharde persoonlijke verwijten maken en de verdeeldheid vergroten. Dit kennen we. Dit is de methode Wilders.

Onverantwoordelijk. ";0;2025-06-30T13:32:04.000Z
"Maar de politiek moet meer doen. 

Vanavond komen wij samen met andere oppositiepartijen met nieuwe voorstellen om de koers van de regering te wijzigen en eindelijk een rode lijn te trekken voor Gaza.";0;2025-06-18T14:09:34.000Z
"En nu, anderhalf jaar later, is de regering eindelijk bereid die stap te overwegen. Het gaat tergend langzaam, maar dit is een klein stapje in de goede richting. 

En die is te danken is aan de 150.000 Nederlanders die zich afgelopen zondag uitspraken voor rechtvaardigheid.";1;2025-06-18T14:09:34.000Z
Maak kennis met de extremistische Israëlische ministers Smotrich en Ben-Gvir, pleitbezorgers van etnische zuivering. Mede-verantwoordelijk voor de oorlogsmisdaden in Gaza. Al sinds december 2023 roepen wij de Nederlandse regering op om deze ministers op de sanctielijst te zetten. ;0;2025-06-18T14:09:33.000Z
Frans Timmermans lijsttrekker! Heel goed. Deze verkiezingen staat veel op het spel. Het is onze opdracht om de sociale meerderheid te verenigen en Nederland weer vooruit te helpen. Let’s go! ;1;2025-06-17T14:04:44.000Z
"Historisch! Ik ben ongelooflijk trots op al die mensen die zich onvermoeibaar hebben ingezet om dit mogelijk te maken.

Maar nu begint het pas. De komende maanden moeten we de belofte van onze beweging inlossen: de sociale meerderheid verenigen en Nederland weer vooruit helpen. ";1;2025-06-12T15:32:58.000Z
"Van ‘geen enkele spijt’ van regeren met Wilders, naar het uitsluiten van de PVV. En dat binnen in een week.

Wat een opportunisme. Het is precies dit type politiek waar we deze verkiezingen een einde aan moeten maken. ";0;2025-06-09T19:03:02.000Z
Dit is toch niet te geloven? Een jaar lang geruzie. Een jaar lang stilstand. Een jaar lang eigen belang boven algemeen belang. En dan na de val vrolijk door met ruziën, dit keer over ministersposten. Met deze politiek moeten we de aankomende verkiezingen afrekenen. ;0;2025-06-06T09:49:48.000Z
"Kinderopvang is voor veel mensen al onwijs duur en door de plannen van het kabinet dreigt het nóg duurder te worden. Het gaat al snel om honderden euro's per gezin. Het leven is al duur genoeg! 

Help ons deze bizarre bezuiniging tegenhouden: ";0;2025-04-16T07:45:46.000Z
"De politiek mag dit belangrijke signaal niet negeren.

Het werk dat moet gebeuren voordat het verbod in kan gaan is niet makkelijk, maar dat is het werk van hulpverleners ook niet.

We zijn het verplicht alles op alles te zetten om het verbod dit jaar nog in te laten gaan. ";1;2025-04-09T13:11:09.000Z
"Dit laat zien wat mogelijk is als inhoudelijke argumenten tellen en politici bereid zijn zich te laten overtuigen. Ook in tijden van polarisatie. De Kamer op zijn best.

Veel dank aan iedereen in de samenleving die zich hier al jaren voor inzet. 

Dit is jullie overwinning. ";1;2025-04-08T14:10:34.000Z
"Helemaal mee eens. Dus kabinet: maak haast! Zorg dat dit snel geregeld is.

";1;2025-04-07T09:53:33.000Z
"Een nieuwe vuurwerktraditie kan op steun rekenen van een stevige Kamermeerderheid. 

Wauw, wat een fantastisch nieuws! 

Dit is een overwinning voor ons allemaal. Voor onze veiligheid, gezondheid, onze dieren en bovenal voor onze hulpverleners. ";1;2025-04-01T11:56:14.000Z
Dit is onnavolgbare chaos. Óf zij steunt het besluit van Schoof en ze biedt excuses aan óf we hebben een minister die volkomen solistisch opereert en niet namens het kabinet spreekt. En dat laatste kan niet.;0;2025-03-31T15:57:25.000Z
Dat Faber nu ook haar rancunebeleid uitstort over goedwillende vrijwilligers past helaas in een patroon. Dat de minister-president nu een totaal tegentrijdig besluit neemt is het failliet van de eenheid van kabinetsbeleid. Onacceptabel. Morgen willen wij hierover een debat.;0;2025-03-31T15:57:24.000Z
"Het begon met oogartsen, hulpverleners, dierenbeschermers, raadsleden en vele anderen die zich uitspraken. 

De chaos met oud en nieuw kan zo niet langer. Nu lijkt de politiek ze eindelijk te horen. 

Een Kamermeerderheid voor een nieuwe vuurwerktraditie is binnen handbereik! ";1;2025-03-27T13:08:32.000Z
"Supergoed nieuws, het is de hoogste tijd voor een nieuwe stap vooruit! 

Ik ben 100% voor het oprichten van een nieuwe brede linkse volkspartij. Nederland heeft die nu keihard nodig. Doe je mee? ";1;2025-03-13T14:05:46.000Z
"De VVD zegt er voor de middenklasse te zijn en tóch stemmen ze tegen ons voorstel dat de middenklasse er altijd meer op vooruit moet gaan dan de allerrijksten. 

Ze kiezen voor het doorvoeren van de bezuinigingen op de kinderopvang. 

Het bedrog van de middenklasse gaat door. ";0;2025-03-12T07:20:12.000Z
"Nog geen jaar geleden stemde de VVD in met bezuinigingen op de kinderopvang. De huren gaan door het dak. De zorgpremie stijgt. De verhoging van het minimumloon wordt teruggedraaid.

En nu wil de VVD zich inzetten voor de middenklasse? Het is links lullen, rechts vullen. ";0;2025-03-06T15:52:36.000Z
@VVD Ik zal er vandaag voor pleiten dat het roer om moet. Het leven moet goedkoper. De belasting op werk omlaag, op vermogen omhoog. En de overheid moet weer zorgen voor toegankelijke publieke voorzieningen. Zo herstellen we de belofte van vooruitgang voor de middenklasse.;1;2025-03-06T13:19:54.000Z
@VVD Ondertussen kan ik je op een briefje geven dat de @VVD het vandaag met geen woord zal hebben over de allerrijksten. Want dat zijn hun sponsoren. De winsten klotsen tegen de plinten. Maar wie een baan heeft, betaalt meer belasting dan mensen met veel geld. Onrechtvaardig.;0;2025-03-06T13:18:29.000Z
@VVD Rechts bedriegt de middenklasse. Achter een sluier van mooie woorden wordt de middenklasse keer op keer gebruikt als pinautomaat. Minder loon naar werken, minder overheidsbescherming, hogere huren, duurdere boodschappen, wegbezuinigde publieke voorzieningen.;0;2025-03-06T13:17:21.000Z
@VVD Want wat is werkelijk het probleem? De enorm gestegen kosten van het leven, de achtergebleven lonen en de te hoge belastingen op werk. Het gevolg van politieke keuzes, gemaakt door de @VVD. Al zal die partij daar ook vandaag wéér geen verantwoordelijkheid voor nemen.;0;2025-03-06T13:16:01.000Z
We gaan straks zien dat de @VVD zal proberen werkende mensen tegenover mensen met een uitkering uit te spelen: de bijstandsmoeder krijgt teveel, de verpleegkundige te weinig. Klassiek omlaag trappen, en een afleiding van het feit dat de VVD-plannen niets doen voor werkenden.;0;2025-03-06T13:14:41.000Z
Straks debatteren we in de Tweede Kamer over de middenklasse. Lees hier alvast welke voorstellen wij hebben om het leven betaalbaarder te maken: ;1;2025-03-06T13:12:57.000Z
"Ook in Nederland geldt: terwijl kapitaal zichzelf vette winsten uitkeert, kan de werkende middenklasse de kosten van het leven steeds moeilijker opbrengen. 

Die fundamentele scheefgroei moet gecorrigeerd worden.

";0;2025-03-05T14:17:21.000Z
"Boodschappenprijzen in NL rijzen de plan uit. 

En tóch weigeren supermarkten en producenten om in de Kamer uit te leggen hoe het komt dat de prijzen in Duitsland en België voor dezelfde producten zo veel lager zijn. 

Wat een stuitende arrogantie. ";0;2025-03-03T16:29:31.000Z
"Let u even op? @MinPres 

Dit is hoe een bewindspersoon met een ruggengraat eruitziet. Dit verdient alle steun van het kabinet.

";1;2025-02-12T10:52:18.000Z
"De VVD trapt weer ouderwets naar beneden, het is pijnlijk om zoveel minachting te zien.

Het is overduidelijk: als je in loondienst bent, heb je niks bij de VVD te zoeken.";0;2025-01-29T13:07:04.000Z
"Dit plan is het zoveelste bedrog van de middenklasse. Keer op keer het één beloven en het ander doen. 

Vandaag weer: zalvende taal voor werkende mensen en tegelijkertijd de BTW verhogen. ";0;2025-01-29T11:05:25.000Z
"Geen oliebollen en top 2000, maar een ‘levensgevaarlijke missie in een oorlogsgebied’. 

Zo omschrijven agenten hun jaarwisseling. De politiek kan hier wat aan doen. We moeten luisteren naar agenten en hulpverleners. Het is tijd voor een nieuwe vuurwerktraditie. ";0;2025-01-27T10:45:05.000Z
"Een onverstandige bezuiniging op de opleiding voor zorgpersoneel. Het is onbegrijpelijk wat Wilders &amp; Co dit land aandoen. 

Roekeloos miljoenen bezuinigen, zonder enig idee te hebben wat voor impact het heeft op de zorg. 

Het kan ze geen klap schelen. 

";0;2024-12-18T16:00:05.000Z
"Niet naar opa en oma kunnen omdat de trein te duur is…

Het zoveelste voorbeeld van hoe het leven de middenklasse onmogelijk wordt gemaakt. En dit kabinet verhoogt doodleuk de belastingen voor mensen die werken. Onnavolgbaar. ";0;2024-12-17T13:26:38.000Z
"Dit kabinet kijkt weg van de gruwelijkheden in Gaza en weigert om de Israëlische regering onder druk te zetten. Wanneer is het genoeg? 

Het handelen van de Nederlandse regering is niet in mijn naam. @MinPres kom in actie! 

#nietinmijnnaam ";0;2024-12-12T12:51:58.000Z
"Onze fantastische Senna Maatoug gaat de fractie verlaten, ze wordt wethouder voor mobiliteit, klimaat en energie in Utrecht. 

Geweldig nieuws voor Utrecht, een aderlating voor Den Haag. We gaan haar missen. 

Zet 'm op daar Senna! 

";1;2024-12-04T09:40:52.000Z
"Het is natuurlijk zoveel makkelijker om naar asielzoekers en mensen in de bijstand te wijzen, zoals dit kabinet doet. 

De allerrijksten liggen ondertussen in een deuk, terwijl de middenklasse worstelt.

";0;2024-11-29T10:13:29.000Z
"We laten mensen niet tegenover elkaar uitspelen.

Wij verenigen mensen in een sociale missie.

Voor sociale zekerheid voor iedereen. Voor een overheid die het stuurwiel weer terugpakt van de markt. Voor eerlijk delen. 5/5";1;2024-11-27T07:02:04.000Z
De PVV stelt zich ondertussen op als knecht van de VVD. Een serieuze sociale agenda? Die is er niet. Waarom zou je immers als je onze samenleving ook een cultuuroorlog in kan sleuren? Als je gewoon ‘minder moslims’ kan roepen? Zo werkt het populistisch theater. 4/5;0;2024-11-27T07:02:04.000Z
Het leven voor de middenklasse is te oneerlijk, te duur en te onzeker gemaakt. Het huidige kabinet gaat daar mee door. Onder aanvoering van de VVD voert het beleid waarbij de thuiszorgmedewerker het nauwelijks belaste rendement van de directeur-bestuurder betaalt. 3/5;0;2024-11-27T07:02:03.000Z
Tien jaar geleden waarschuwde de Franse econoom @PikettyWIL voor de kloof tussen mensen die geld verdienen met geld, en mensen die moeten werken voor hun loon. Tien jaar verder kiest de politiek nog steeds voor de allerrijksten, terwijl de middenklasse worstelt. 2/5;0;2024-11-27T07:02:02.000Z
"Rijk wordt steeds rijker, terwijl de middenklasse wordt bedrogen.
 
Het is de opdracht van een groene sociaal-democratische beweging om het tij te keren.

Lees mijn essay in @vrij_nederland hier: ";1;2024-11-27T07:02:02.000Z
"Laat Nederland als gastland van het ICC alles op alles zetten om te zorgen dat het recht eindelijk zijn loop krijgt. 

Niemand mag wegkomen met oorlogsmisdaden en misdaden tegen de menselijkheid. ";1;2024-11-21T12:27:19.000Z
"Als een staatssecretaris opstapt vanwege racisme, dan zeg je niet: ‘Oh we gaan haar missen en kunnen jullie de rechtsstaatverklaring nog een keer ondertekenen?’

Dan eis je dat degenen die zich racistisch hebben geuit uit het kabinet worden gezet.

Volstrekt de weg kwijt. ";0;2024-11-15T19:22:11.000Z
"Dus kom in actie. Sluit je aan. Voor medemenselijkheid. Voor solidariteit. Voor een toekomst voor ons allemaal. 

Want je ziet: het is kei en keihard nodig. 

";1;2024-11-06T10:35:14.000Z
Trump's overwinning staat niet op zichzelf. Op veel plekken zien we radicaal-rechts verkiezingen winnen. Precies daarom zijn we begonnen met de linkse samenwerking. Samen kunnen we een hoopvol en krachtig tegengeluid bieden tegen de haat en verdeeldheid van radicaal-rechts. (2/2);1;2024-11-06T10:35:13.000Z
Miljoenen mensen kijken vandaag vol ongeloof naar de herverkiezing van een veroordeeld crimineel. Als je je afvraagt waar het heengaat met de wereld, geloof me, je bent niet de enige. Maar dit is niet het moment om op te geven, dit is het moment om ons te verenigen. (1/2);0;2024-11-06T10:35:12.000Z
"In grote steden holt de vaccinatiegraad fors achteruit. Als vader van jonge kids maak ik me ernstige zorgen. 

Ouders met twijfels moeten extra, persoonsgerichte informatie krijgen. Alleen zo krijgen we de vaccinatiegraad weer omhoog. 

@SlagtElke en ik deden daarom dit voorstel: ";0;2024-10-23T13:00:18.000Z
"Armoede los je niet op door met definities te schuiven. Zorg dat werken loont. Verhoog het minimumloon. Maak kinderopvang gratis.

1,2 miljoen Nederlanders zijn één tegenslag verwijderd van financiële malaise. Dát is een crisis, dan ga je niet de doelpalen verzetten. ";0;2024-10-17T12:08:19.000Z
"PVV ministers maken geen beleid, maar ophef. 

Dit plan is de zoveelste afleidingsmanoeuvre van dit kabinet om te verhullen dat ze helemaal niks voor elkaar krijgen. 

Van een noodwet die maar niet komt tot een onrealistisch uitzetplan. Wat wordt het volgende proefballonnetje? ";0;2024-10-16T16:32:28.000Z
"Stoer was geweest om het ziekenhuis in Heerlen open te houden, want dat was de belofte. Maar Agema kiest voor ruziemaken met de Eerste Kamer.

Is dit dreigement namens het hele kabinet? En laat premier Schoof zich nu eens niet koeioneren door de PVV en trekt hij een grens? ";0;2024-10-11T10:31:18.000Z
"100 dagen ruzie, onvermogen en complete chaos.

Dit kabinet zet de geloofwaardigheid van ons landsbestuur op het spel. ";0;2024-10-10T14:07:56.000Z
"Bestaanszekerheid, wisten jullie nog?

Goed bestuur, wisten jullie nog?

Extraparlementair, wisten jullie nog?

Een rechtstaatverklaring, wisten jullie nog?

Wat een farce.";0;2024-10-08T09:23:11.000Z
De partij die van Wilders felicitaties krijgt voor haar verkiezingswinst: ;1;2024-10-01T09:34:20.000Z
Laat dat beetje maar weg. Ze dachten echt met rechtstatelijk vandalisme weg te komen. Dat laten we niet gebeuren. Al duurt het tot morgenvroeg. ;0;2024-09-19T15:46:08.000Z
“Ik zit een beetje in een klem” vat het leiderschap van premier Schoof wel goed samen. #apb2024;0;2024-09-19T09:59:09.000Z
Als minister een brief sturen over iets waar ze het antwoord al op weet, naar een commissie die er niet over gaat. Puur voor de bühne. En best historisch ja 😂 ;1;2024-09-18T12:40:51.000Z
"Hier trouwens het fragment met het antwoord van @F__Timmermans 

";1;2024-09-18T12:02:06.000Z
Echt, hou op. Zoveel werkende armen die niet rond kunnen komen maar waar de VVD helemaal niets om geeft. Blijf dan zitten, in plaats van anderen de les te lezen. ;0;2024-09-18T12:00:47.000Z
De harde taal over een onmenselijk asielbeleid is een groot rookgordijn om dit te verhullen: met dit kabinet gaat iemand die een ton verdient er 38 keer meer op vooruit dan iemand met het minimumloon. Verdeel en heers, zo rolt deze coalitie. ;0;2024-09-17T15:35:45.000Z
14 jaar als grootste partij voorop gegaan in de afbraak van de publieke sector. Van zorg tot woningbouw. En nu gaan jullie vrolijk verder samen met de PVV. En maar klagen dat het de schuld van links is. Doei. ;0;2024-09-15T10:18:54.000Z
Tot slot: in de 140 pagina's aan gebakken lucht is er één pagina gereserveerd voor de visie van dit kabinet op Europese samenwerking. Één. Terwijl er oorlog is aan de Oostflank en andere grootmachten de economische race aan het winnen zijn. Het is te gênant voor woorden. 5/5;0;2024-09-13T15:20:12.000Z
Dit zielloze programma is een in elkaar geknutselde collage van losse plannen van iedere partij, die samen zijn gevoegd zonder enige gedeelde visie. Geen hoopvol beeld waar dit kabinet het land naartoe wil leiden. De oplossingen waar zoveel kiezers naar snakken blijven uit. /4;0;2024-09-13T15:20:12.000Z
Armoede blijft onverminderd groot, huren blijven stijgen en grote bedrijven krijgen weer forse belastingkorting. En al het gepraat over asiel is niets meer dan een afleiding van de eindeloze gebroken beloften die de pagina's van dit programma vullen. /3;0;2024-09-13T15:20:11.000Z
Intussen bezuinigen ze vrolijk op onderwijs, cultuur, kinderopvang, lokale voorziening en de sportclub. Dit verhaal kennen we intussen wel. Iedereen die hoopte op verandering door dit kabinet komt bedrogen uit. /2;0;2024-09-13T15:20:10.000Z
Bestaanszekerheid: hét buzzwoord van de verkiezingscampagne, nu alweer vergeten door dit kabinet. In plaats daarvan leveren ze een regeerprogramma met hele grote woorden over asiel, waarmee ze hun kiezers hopen af te leiden van een cadeau van 2 miljard aan het bedrijfsleven. /1;0;2024-09-13T15:20:10.000Z
"We zijn de grootste partij van Nederland geworden in de definitieve exitpoll, fantastisch! 💚❤️

Dit is waarom we de linkse samenwerking zijn gestart. Om duidelijk te maken: er is een alternatief. 

Als we de krachten bundelen maken we Nederland én Europa sterker en groener.";1;2024-06-06T21:14:45.000Z
"Kamerleden verbieden het woord ‘extreemrechts’ in de mond te nemen. Voorzitter Bosma ging hier echt flink over de schreef. We moeten het beestje bij de naam blijven noemen, zeker in het parlement. 

Dit is niet normaal. Dit extreemrechtse kabinet is een historische vergissing. ";0;2024-05-16T11:47:19.000Z
"Centrumrechste partijen die met een extreemrechste partij gaan regeren en vervolgens niets anders doen dan hun radicale ideeën legitimeren. Door heel Europa zien we het gebeuren. 

En dankzij NSC, BBB, en VVD gebeurt het nu ook in Nederland. 

Dit is een historische vergissing. ";0;2024-05-16T10:42:40.000Z
"In Nederland nul resultaten leveren voor je kiezers, maar wel meelopen in deze optocht van Putinvrienden en complotdenkers. 

Dat Wilders hieraan meedoet is compleet ongepast voor een regeringspartij en beschamend voor de internationale positie van Nederland. ";0;2024-04-26T14:02:29.000Z
"De kern van democratie is dat we, juíst bij een wet als de Transgenderwet die wordt geteisterd door nepnieuws en waar morele dilemma’s onder liggen, standpunten afwegen voordat we een oordeel vellen. 

Dankzij NSC kan dat bij deze wet niet meer. 

Dit is democratische uitholling. ";0;2024-04-23T16:46:16.000Z
"Zo kennen we Wilders weer.

Deze valse beschuldiging aan het adres van een politieke opponent is pure afleiding van de regeerangst van Wilders.

Ga serieuze politiek bedrijven en stop met dit Twittertheater. Je kiezers verdienen beter.";0;2024-04-21T09:44:27.000Z
"Dit is heel hard nodig. Een belangrijke stap en heel goed nieuws voor Oekraïne. En daarmee voor Europa. 

";1;2024-04-20T18:23:19.000Z
"We kijken terug op een mooi congres, wat fijn om weer met iedereen samen te zijn. 

Wij zijn klaar voor de campagne. Voor een groen, sterk en veilig Europa. Om een alternatief te bieden aan radicaal-rechts. In Nederland en daarbuiten.

Aan de slag.";1;2024-04-20T16:54:08.000Z
"Een nieuw kabinet moet Oekraïne onvoorwaardelijk steunen. De grootste partij van Nederland doet dit structureel niet. 

Dit is niet alleen zorgelijk voor Oekraïne, maar ook voor de positie van Nederland in de wereld. ";0;2024-04-17T16:22:42.000Z
"Het kabinet zet de juiste stappen om Oekraïne te steunen. Na 2026 valt hier weer een gat, financiële steun op de lange termijn is noodzakelijk. 

Het is van levensbelang dat ook het volgende kabinet haar verantwoordelijkheid neemt voor blijvende steun aan Oekraïne. ";1;2024-04-15T16:47:52.000Z
"Hoezo een seintje vooraf? Hoezo een ingewikkeldere puzzel? 

Wie er ook in een kabinet zou zitten, deze extra uitgaven om Oekraïne te steunen moeten worden gedaan. Het is geen optie om het niet te doen. 

Steun aan Oekraïne is niet onderhandelbaar. ";0;2024-04-12T17:02:24.000Z
@lientje1967 Uiteraard, ik citeer jullie verkiezingsprogramma. ;1;2024-04-12T16:14:00.000Z
"Belangrijke oproep van @kimvsparrentak en @paultang.

Signalen van buitenlandse inmenging bij onze verkiezingen zijn wijdverspreid. Het is cruciaal voor de Europese democratie dat we stappen zetten om desinformatie bij de komende verkiezingen tegen te gaan ";1;2024-04-12T14:26:02.000Z
"Heel goed dat de regering, als het over Oekraïne gaat, doet wat nodig is en opereert alsof ze nog missionair zijn.

Extra geld en steun is hard nodig in de strijd tegen de Russische bezetter. ";1;2024-04-11T17:18:59.000Z
"Dit gaat niet alleen over onze Hab, maar over alle jongeren die te horen krijgen: wat je ook doet, je hoort er toch niet bij.

Dit soort racisme is vergif voor onze samenleving. En Hab, de manier waarop jij hiermee omgaat is groots. ";0;2024-04-10T08:37:33.000Z
"Kiezersbedrog. In de campagne burgers gouden bergen beloven en na de verkiezingen schaamteloos tegen een hoger minimumloon stemmen. 

Dit is waarom mensen hun vertrouwen in de politiek verliezen. ";0;2024-04-09T17:34:00.000Z
"Mensen in Oekraïne vechten niet alleen voor hun eigen land, maar voor de veiligheid van heel Europa. Laat Nederland koploper blijven in de internationale steun aan Oekraïne. En 0,25% van het BBP vastleggen voor militaire steun.

";1;2024-04-07T08:44:27.000Z
"Dit zijn hele zorgelijke berichten. Zeker aangezien het ook Nederlandse politici lijkt te betreffen.   

GroenLinks-PvdA wil hier vandaag nog opheldering over ontvangen van het kabinet.   

Dit is een directe bedreiging voor onze nationale veiligheid. ";0;2024-03-28T07:32:14.000Z
"In Gaza zijn 30.000+ mensen gedood. 

De VN slaat alarm over hongersnood. Israël blokkeert humanitaire hulp en zet honger in als wapen. 

Wanneer is het genoeg? Het diplomatieke pad leverde niks op. Als de humanitaire situatie niet snel verandert, is het tijd voor sancties. ";0;2024-03-20T17:42:56.000Z
"Ontzettend goed nieuws voor iedereen die al jaren strijd voor behoud van dit stukje werelderfgoed. 

Het resultaat van jarenlange inzet van onder andere onze partij en talloze belangenorganisaties: gasboringen onder de Waddenzee voorlopig van de baan. 🔥 ";1;2024-03-05T19:17:14.000Z
"Ontzettend trots op Femke Halsema en haar herbenoeming als burgemeester van Amsterdam.

Ze heeft het afgelopen periode uitstekend gedaan. 

Ik ben ben blij dat ze dit goede werk de komende jaren kan voortzetten. Van harte gefeliciteerd!";1;2024-02-28T17:17:44.000Z
"Wilders spreekt zalvende woorden over steun aan Oekraïne, maar als puntje bij paaltje komt stemt hij keihard tegen.

De PVV laat zo niet alleen Oekraïners in de steek, maar hun opstelling is ook een regelrechte bedreiging voor onze nationale veiligheid. ";0;2024-02-27T14:58:27.000Z
Twee jaar na de Russische invasie in Oekraïne blijft de situatie kritiek. Europa moet ongekende financiële en militaire steun bieden aan de Oekraïners die vechten voor hun en onze vrijheid. 2024 wordt cruciaal in de strijd. Onze steun is belangrijker dan ooit. #SlavaUkraini;1;2024-02-24T12:12:30.000Z
"Een buitengewoon verwerpelijke en bovenal gevaarlijke uitspraak van de PVV. 

Oekraïne vecht niet alleen voor haar eigen vrijheid, maar ook voor die van ons. 

De Nederlandse regering moet altijd bondgenoot zijn van Oekraïne. ";0;2024-02-13T18:07:55.000Z
"De grootste partij van Nederland bedient zich van Kremlin retoriek in het parlement. 

Dit is niets meer en niets minder dan een bedreiging voor onze nationale veiligheid. ";0;2024-02-07T10:11:25.000Z
Ongelofelijk trots op @BasEickhout die deze week is verkozen als gezamenlijke lijsttrekker van GroenLinks en de PvdA in Europa en vandaag ook als Spitzenkandidat van de Europese Groenen. Alle vertrouwen dat hij een geweldige campagne gaat neerzetten. Zet ‘m op! 💪 ;1;2024-02-03T12:47:12.000Z
"Intimidatie en bedreiging veroordeel je altijd. 

Altijd. 

Dat is een basislijn. ";0;2024-02-03T10:11:56.000Z
Heel goed nieuws! Ook omdat er geen extra veto-moment is voor Orbán om weer dwars te liggen. Het is essentieel dat de Raad de druk blijft opvoeren om Hongaarse sabotage tegen te gaan. Er mogen geen EU-fondsen naar Orbán zolang de Hongaarse rechtsstaat niet gerepareerd wordt. ;1;2024-02-01T13:38:00.000Z
"Beschamend dat Nederland humanitaire hulp in gevaar brengt voor 2 miljoen mensen in Gaza. En dat op de dag na uitspraak van het VN-Gerechtshof om acuut hulp te bieden. 

Goed dat UNRWA meteen heeft gehandeld en verdachten zijn ontslagen. 

";0;2024-01-29T19:11:33.000Z
Alles wijst op schendingen van oorlogsrecht door Israël in Gaza. Toch steunt NL in de VN geen staakt-het-vuren. De rol van Rutte hierin is dubieus. Wij vragen nu om een onafhankelijk volkenrechtelijk spoedadvies over de situatie in Gaza. Het is tijd dat Nederland zich uitspreekt. ;0;2024-01-25T17:13:33.000Z
Een moedig besluit. Bedankt voor je niet aflatende inzet voor de publieke zaak en de samenwerking de afgelopen jaren. We gaan je missen. ;1;2023-12-09T12:48:05.000Z
"Vandaag voor de vijfde keer geïnstalleerd als Kamerlid, maar voor het eerst als lid van GroenLinks-PvdA. Het is een grote eer om onderdeel te zijn van verenigd links. 

Ik heb 149.397 voorkeursstemmen ontvangen, heel bijzonder. Veel dank aan iedereen die op ons heeft gestemd. ";1;2023-12-06T16:28:57.000Z
"Deze uitslag is bitter. Maar het laat ook zien dat de samenwerking van onze partijen werkt. We hebben van één en één, drie gemaakt. 

En samen zeggen wij tegen elke Nederlander: jij hoort erbij, jij bent hier thuis. 

Of zoals Frans Timmermans gister zei: ""we've got your back"".";1;2023-11-23T14:47:07.000Z
"Ik heb gestemd! Ik hoop jij ook. Er staat vandaag enorm veel op het spel. We gaan aan kop met de PVV en de VVD.

We kunnen gewoon de grootste worden, als progressieve kiezers zich vandaag verenigen.

Samen kan het. Stem GroenLinks-PvdA. ";1;2023-11-22T09:58:25.000Z
"Dit is de partij van Wilders. Dit kan morgen de grootste partij worden. 

Wij zullen alles op alles zetten om dit te voorkomen. 

Stop rechts, stem verenigd links. ";0;2023-11-21T16:45:51.000Z
"Morgen zijn de verkiezingen. Ga stemmen, want er staat iets heel belangrijks op het spel. Extreemrechts dreigt de grootste te worden. Dat laten we niet gebeuren. 

Dus moeten we ons verenigen. Stem voor het klimaat. Voor een waardig bestaan voor iedereen. 

Stem GroenLinks-PvdA! ";1;2023-11-21T16:20:21.000Z
"Een stem op GroenLinks-PvdA is een stem op verenigd links.

We moeten juist nu samen sterk staan. Voor onze idealen, tegen een rechts-conservatief kabinet. Om te voorkomen dat Wilders de grootste wordt.

Wij hebben laten zien dat linkse samenwerking voorbij partijgrenzen gaat. ";1;2023-11-21T10:27:28.000Z
"Tata moet vergroenen. Hoe sneller hoe beter. 

Veel medewerkers zijn trots op hun bedrijf, maar erkennen ook de gevaren voor klimaat en gezondheid. 

Daarom willen we dat het meest vervuilende onderdeel van Tata, de kooksfabriek, direct sluit.

Gister in gesprek bij Op1 👇 ";1;2023-11-21T08:11:53.000Z
"De eindsprint is ingezet. We kunnen de PVV en de VVD verslaan. 

Het is ongelooflijk spannend, want we kunnen de grootste worden. 

Eindelijk een progressieve premier in het torentje. Het kan en het is de hoogste tijd! 

Stem woensdag GroenLinks-PvdA.";1;2023-11-20T20:43:42.000Z
"Onacceptabel dat een politicus op deze manier wordt aangevallen. 

Er gaat iets goed mis in onze democratie als we zo met elkaar omgaan. 

Je mag het oneens zijn, maar gebruik daarvoor woorden en argumenten. Nooit geweld. ";0;2023-11-20T17:39:35.000Z
"Premier Wilders. Ik moet er niet aan denken.

Maar als we nu niet samenkomen zou dat zo maar eens onze werkelijkheid kunnen worden.

Progressieve kiezers: verenig je! Maak GroenLinks-PvdA de grootste. Alleen zo is er nog een kans op een progressief kabinet. ";0;2023-11-18T18:04:17.000Z
"Met VVD-beleid stijgt het aantal mensen in armoede. 
Of je dat accepteert, is een politieke keuze. 

GroenLinks-PvdA zorgt voor minder mensen en kinderen in armoede. ⬇️

";0;2023-11-17T14:50:05.000Z
"Omzigt zoekt toenadering tot de PVV. Zo blijft de kans op een ultrarechtse kabinet groot.

Dat mag niet gebeuren. Daarom moeten we ons verenigen.

Maak GroenLinks-PvdA de grootste op 22 november. ";0;2023-11-17T14:25:12.000Z
"De uitdaging is groot, maar GroenLinks-PvdA heeft de kennis én de plannen om de klimaatcrisis aan te pakken.

- we schaffen fossiele subsidies af
- we doen een groot isolatieoffensief voor huizen
- 65% CO2-reductie in 2030

Klimaatdoelen halen: samen kan het! ";1;2023-11-17T13:23:06.000Z
"Armoede is een groot probleem, zelfs mensen mét werk komen niet meer rond.

Met de plannen van de VVD stijgt het aantal mensen in armoede door richting 1 miljoen.

Dat vindt GroenLinks-PvdA onaanvaardbaar. Met onze plannen verlagen wij armoede fors en gaat werken weer lonen! ";0;2023-11-17T10:07:06.000Z
Omtzigt: GL-PvdA heel moeilijke partner ;0;2023-11-16T11:19:03.000Z
Je wilt het over inhoud hebben maar dit is echt een lege aanval. Kom uit je oppositiemodus tegen onze plannen en maak duidelijk wat je zelf wilt. Wij halveren armoede, zorgen dat werken weer loont én verlagen werkloosheid het meest van alle partijen. Wat doe jij @PieterOmtzigt? ;0;2023-11-16T11:19:02.000Z
"Als het aan Omzigt ligt krijgt Nederland een rechtsconservatief kabinet. Progressief Nederland: wees verenigd. Laat je niet uit elkaar spelen. Stem GroenLinks-PvdA. #verenigdlinks

'Omtzigt: GL-PvdA heel moeilijke partner' ";0;2023-11-16T10:30:05.000Z
"Dit is waarom we verenigd links zijn begonnen. Kijk wat er in Italië en Zweden is gebeurd.

Een verdeeld links leidt tot extreemrechtse kabinetten, met desastreuze gevolgen voor onze progressieve waarden en de aanpak van de klimaatcrisis.

Dit laten we in Nederland niet gebeuren. ";0;2023-11-15T17:24:17.000Z
"Wilders vindt nog steeds dat een gekozen volksvertegenwoordiger met hoofddoek geen plek heeft in de Kamer. 

Wilders is niet 'milder' geworden. Partijen die met hem samen willen werken in een kabinet zijn extremer geworden. Dat is wat op het spel staat 22 november. ";0;2023-11-15T12:13:52.000Z
"Abortus is zorg. Doordat het in het Strafrecht staat versterk je het taboe rondom abortus. Tijd om dat te doorbreken. Trots op @CorinneEllemeet die in haar laatste weken in de Kamer nog deze mooie wet indient. 

Stem voor een progressief kabinet dat deze wet werkelijkheid maakt! ";1;2023-11-15T08:14:14.000Z
"De wooncrisis is niet aan komen waaien. Het is het gevolg van politieke keuzes.

Wij kiezen anders: een maximale huurprijs, meer sociale huur met een hogere inkomensgrens en een woningbouwfonds.

Wonen weer betaalbaar: samen kan het.

Stem 22 november GroenLinks-PvdA! ";1;2023-11-14T17:00:59.000Z
Dan heb je een partij mét een doorrekening om aan te vallen, en dan lees je ‘m niet goed door 😉 @DilanYesilgoz ;1;2023-11-14T09:56:28.000Z
"We moeten vervuilende bedrijven aanpakken om de klimaatdoelen te halen. Onze plannen:

👉we stoppen fossiele subsidies
👉we heffen CO2-belasting voor de grote industrie
👉Meer vliegbelasting voor veelvliegers en minder betalen voor reizen met de trein

Samen kan het! ";1;2023-11-13T16:24:06.000Z
"Met 85.000 mensen liepen we vandaag de grootste klimaatmars ooit! Fantastisch. Laten we de energie van vandaag omzetten in actie. GroenLinks-PvdA heeft ambitieuze klimaatplannen en we zijn klaar om aan de slag te gaan. 

Stem 22 november voor het klimaat, Stem GroenLinks-PvdA! ";1;2023-11-12T19:19:28.000Z
Een duidelijke oproep van Timmermans vandaag: de klimaatcrisis is nu en het is de hoogste tijd voor actie. Daarom moeten we nú kiezen voor solidariteit. Tussen jong en oud, rijk en arm. Als de breedste schouders de zwaarte lasten dragen, dan halen we klimaatdoelen. Samen kan het. ;1;2023-11-11T12:07:40.000Z
"Diep triest en verontrustend dat een volksvertegenwoordiger zich aansluit bij een intimiderende anti-abortusdemonstratie vlakbij een abortuskliniek.

Laat deze vrouwen met rust. Als u iets te zeggen heeft kan dit in een debat in het parlement. Niet door vrouwen lastig te vallen.";0;2023-11-09T13:12:45.000Z
"Over bezuinigingen, over lastenverhogingen, over de koers van het land. Zonder eerlijk delen, is er geen geld voor bestaanszekerheid. 

Pieter, durf je eerlijk te worden voor 22 november, of krijgen mensen pas na de verkiezingen de rekening? 2/2";0;2023-11-08T19:09:13.000Z
Omtzigt uit harde kritiek op anderen, maar levert zelf geen plannen. Dat past bij de oppositie, niet bij iemand die twijfelt over het premierschap. NSC onthoudt kiezers cruciale informatie. 1/2;0;2023-11-08T19:09:13.000Z
"We strijden voor een Nederland waar iedereen meetelt. Ons programma creëert perspectief, vermindert ongelijkheid en bouwt aan een duurzame toekomst. We herstellen vertrouwen, halen klimaatdoelen en verbeteren bestaanszekerheid. 

Samen kan het. Stem 22 november GroenLinks-PvdA./6";1;2023-11-08T17:19:25.000Z
We betalen dit door en eerlijke miljonairsbelasting te heffen en een bijdrage te vragen van de meest winstgevende bedrijven. Zo herstellen we de balans tussen arbeid en dividend. /5;1;2023-11-08T17:19:25.000Z
"We een verlagen de belasting op inkomen uit werk. Werkloosheid neemt in geen een doorgerekend programma zoveel af als bij ons. Ook groeit de koopkracht met 3,3%. 
We investeren fors in de publieke sector: €19,7 miljard extra voor zorg, onderwijs, wonen en OV. /4";1;2023-11-08T17:19:24.000Z
Wij maken écht werk van meer bestaanszekerheid. In de komende vier jaar zorgen onze plannen voor meer dan een halvering van het aantal mensen in armoede. We verhogen het minimumloon naar €16, en werken toe naar een minimumloon van €18 aan het einde van de kabinetsperiode. /3;1;2023-11-08T17:19:24.000Z
Klimaatdoelen halen: samen kan het. GroenLinks-PvdA voert de meest ambitieuze klimaatpolitiek van alle partijen. Het klimaatdoel van 65% CO2-reductie in 2030 is binnen bereik door fossiele subsidies af te bouwen en vervuilende bedrijven zwaarder te belasten. /2;1;2023-11-08T17:19:23.000Z
Een andere koers voor Nederland is mogelijk. De doorrekening van ons programma bewijst dat armoede terugdringen én klimaatdoelen halen samen kunnen gaan. Een draadje met onze plannen.🧵 /1;1;2023-11-08T17:19:23.000Z
"Uit de doorrekening van de VVD blijkt dat de belastingen voor huishoudens, inkomen én arbeid stijgen. Er komen zelfs meer mensen in armoede dan er nu al zijn. 

De VVD is er niet voor de lage- en middeninkomens maar voor de grootste vermogens. 

De VVD staat niet aan jouw kant.";0;2023-11-08T14:01:16.000Z
"Groen en sociaal beleid gaan hand in hand. Dat bewijst de doorrekening van GroenLinks-PvdA. Meer weten over onze plannen? ⬇️

";1;2023-11-08T12:22:54.000Z
Iedere vorm van antisemitisme is volstrekt onaanvaardbaar. We dragen allemaal de verantwoordelijkheid om dit te allen tijde tegen te gaan. Spreek je uit. ;0;2023-11-07T13:41:02.000Z
"Gister in het premiersdebat nog onduidelijk, vandaag helder:

het liefst gaat Omtzigt over rechts. Opnieuw een kabinet met de VVD. 

Tot zover de nieuwe bestuurscultuur. Dan komen we nergens op het terrein van bestaanszekerheid en klimaat.";0;2023-11-06T16:18:16.000Z
Als je, zoals de meeste Nederlanders, geen miljoenen op de bank hebt, ziet de VVD je niet staan. Politieke inspraak hoort niet te koop te zijn. Wij komen op voor de middenklasse en vinden dat miljonairs eerlijke belasting moeten betalen. (2/2);0;2023-11-02T15:28:57.000Z
De VVD is een partij voor miljonairs en niet voor de middenklasse. Tijdens luxe dinertjes doneren deze miljonairs flinke bedragen om zo invloed te kopen. Daarmee houden ze de VVD aan de macht en beschermen ze hun megawinsten. (1/2) ;0;2023-11-02T15:28:56.000Z
"En dat terwijl zij het minst in staat zijn zichzelf ertegen te beschermen. Wat GroenLinks-PvdA betreft gaat Nederland meer geld vrijmaken voor het klimaatschadefonds om deze landen te helpen.

Samen kan het! (2/2)";1;2023-11-02T11:15:37.000Z
Rijke landen moeten tien tot achttien keer meer geld gaan vrijmaken om de klimaatcrisis in kwetsbare landen aan te pakken. Want de landen die het hardst getroffen worden door de gevolgen van klimaatverandering, hebben zelf vaak het minst aan het probleem bijgedragen. (1/2) ;0;2023-11-02T11:15:37.000Z
"Thuiszorgmedewerkers hebben het zwaar, steeds vaker behoren ze tot een groep van 200.000 werkende armen. Terwijl het aantal miljardairs stijgt.
 
Dat kan niet. Het roer moet nú om, het minimumloon moet omhoog en miljonairs moeten eerlijk worden belast.

";0;2023-10-31T18:12:28.000Z
"Terwijl ruim 800.000 Nederlanders volgend jaar in armoede leven zijn er meer miljardairs dan ooit in Nederland. We zijn een belastingparadijs voor de allerrijksten.  

Ons plan: een miljonairsbelasting en minimumloon naar €16. Stem 22 november @GroenLinks-@PvdA! ❤️💚 ";1;2023-10-31T08:16:21.000Z
"De klimaatcrisis en ongelijkheid aanpakken kan alleen door te kiezen voor rechtvaardig klimaatbeleid.

Daarom presenteerde @GroenLinks-@PvdA deze week een initiatiefwet om te stoppen met fossiele subsidies. #StopFossieleSubsidies #SamenKanHet #WNL ";1;2023-10-29T12:36:10.000Z
"De regering ziet de beelden vd humanitaire catastrofe in Gaza. Weet dat er duizenden onschuldige slachtoffers zijn gevallen. Dat hulp Gaza niet bereikt. 

En onthoudt zich toch bij de VN-stemming over een staakt-het-vuren. 

Hier zal de regering zich over moeten verantwoorden. ";0;2023-10-28T11:04:12.000Z
Ons plan met de @christenunie om het minimumloon te verhogen is aangenomen. We verschuiven 1,35 miljard euro van banken, aandeelhouders en vermogende mensen naar waar het écht nodig is. Bij mensen die leven van een minimumloon, een AOW of uitkering. Samen kan het! ;1;2023-10-27T10:00:08.000Z
GroenLinks-PvdA komt met een plan om het afbouwen van fossiele subsidies in de wet vast te leggen. Met dit voorstel wordt de Klimaatwet aangepast en zijn toekomstige kabinetten verplicht om vóór 2030 fossiele subsidies volledig afgebouwd te hebben. #samenkanhet ;1;2023-10-27T06:33:16.000Z
"In een volwassen democratie bestrijd je elkaar met woorden en argumenten. Nooit met geweld. Dit is onacceptabel. 

";0;2023-10-26T19:56:19.000Z
"Nederland nog steeds niet op koers voor het behalen van de energiedoelen.

Wij willen meer wind op zee, zon op dak en fossiele subsidies afschaffen.

De klimaatcrisis écht aanpakken? Stem dan op 22 november GroenLinks-PvdA. ❤️💚 ";1;2023-10-26T10:14:58.000Z
"Twijfel je nog over wat je gaat stemmen? De @StemWijzer is een geweldig hulpmiddel en staat nu online! Zojuist zelf ingevuld en surprise: GroenLinks-PvdA staat bij mij bovenaan. ❤️💚

Ook invullen? Check ";1;2023-10-25T10:17:54.000Z
"De superrijken betalen nauwelijks belasting in Nederland. We wisten het al en vandaag wordt het door het zoveelste rapport bevestigd.

Het is tijd voor een eerlijk belastingsysteem: Belast inkomen uit vermogen net zo zwaar als inkomen uit werk en voer een miljonairsbelasting in! ";0;2023-10-23T10:11:39.000Z
De beelden uit Gaza krijg ik maar niet van mijn netvlies. Onschuldige burgers zijn opnieuw het slachtoffer van een spiraal van geweld. De internationale gemeenschap moet alles op alles zetten voor een staakt-het-vuren. ;0;2023-10-18T18:45:25.000Z
"We horen jullie. De natuur kan niet langer wachten, het is tijd voor actie! Daarom wil @GroenLinks-@PvdA een natuurherstelwet en een natuurherstelakkoord, mét een reddingsplan voor natuurgebieden als de Veluwe, de Oostvaarderswold en de Peel. ❤️💚

#beterschapnatuur ";1;2023-10-17T08:21:53.000Z
"Lieve Kauthar,

Je bericht verrast me en stemt me verdrietig. Ik heb het een voorrecht gevonden om met je samen te werken de afgelopen jaren. Dit is jouw besluit en dat respecteer ik. Je bent een voorbeeld voor velen en dat blijf je. Ik wens je het allerbeste.

Jesse";1;2023-10-14T21:58:16.000Z
Nederland moet aansluiten bij oproepen vanuit de VN hiertoe en aandringen bij de EU op spoedoverleg, om verdere escalatie te voorkomen. 2/2;0;2023-10-13T14:32:51.000Z
Goed dat Nederland aandringt op een humanitaire corridor, maar er moet meer gebeuren om een catastrofale situatie in Gaza te voorkomen. Collectief straffen van de inwoners van Gaza druist in tegen humanitair oorlogsrecht, Israël moet daarmee stoppen. 1/2;0;2023-10-13T14:32:50.000Z
"Mensen worden letterlijk ziek door vervuilende bedrijven als Chemours. Niet gek dat ze het vertrouwen verliezen in de overheid die meer geïnteresseerd lijkt in de mogelijke consequenties voor bedrijven.

Daarom zeggen wij: leg Chemours uit voorzorg zo snel mogelijk stil. ";0;2023-10-12T17:30:06.000Z
"Er moeten natuurlijk ook veel meer woningen komen. Daarom willen we een Woningbouwfonds, een bouwplicht voor lege bouwgrond, een nationale grondbank en meer.

Lees er alles over in ons verkiezingsprogramma: ";1;2023-10-12T11:26:40.000Z
"Huren moet je niet aan de vrije markt overlaten, deel 35.

Voor veel mensen is peperduur huren in de vrije sector geen keus maar bittere noodzaak. Hoogste tijd om ons plan voor een maximumhuurprijs voor alle huurwoningen door te voeren. ";0;2023-10-12T11:26:39.000Z
@CorinneEllemeet ❤️🙏 Dank voor alles @CorinneEllemeet!;1;2023-10-11T14:45:49.000Z
"Al 11 jaar roepen Kamerleden van @GroenLinks op om te stoppen met fossiele subsidies. Vandaag stemt een Kamermeerderheid in met de oproep van collega @suzanne_GL om deze af te bouwen.

Klimaatactie laat al veel te lang op zich wachten, dus dit is een fantastische stap. ❤️💚 ";1;2023-10-10T13:19:48.000Z
"Hittegolven, stijgende zeespiegel, droogte &amp; zware orkanen in het Caribisch deel van het Koninkrijk: klimaatverandering raakt Nederland.

We moeten snel en effectief klimaatbeleid maken om de ergste scenario’s af te wenden en Nederland bewoonbaar te houden. #StopFossieleSubsidies ";1;2023-10-09T14:03:25.000Z
Het internationaal recht is glashelder: iedere bewuste aanval op burgerdoelen is een oorlogsmisdaad. Een land dat wordt aangevallen heeft alle recht zichzelf en haar burgers tegen deze terreur te verdedigen. 2/2;0;2023-10-07T12:01:43.000Z
De escalatie van geweld door Hamas met deze laffe terroristische aanvallen is onacceptabel en verdient de krachtigste veroordeling. 1/2 #Israel;0;2023-10-07T12:01:42.000Z
Verschrikkelijk. Mijn gedachten zijn bij Rotterdam, veel sterkte aan de slachtoffers. ;1;2023-09-28T16:06:26.000Z
"Het lijkt wel alsof de VVD steeds minder van de economie begrijpt. Een wettelijk afbouwpad is niet alleen slim voor het klimaat, maar creëert ook duidelijkheid voor bedrijven. Dit getuigt van een gebrek aan visie van de minister. #StopFossieleSubsidies 

";0;2023-09-28T09:39:02.000Z
"Deze uitspraak onderstreept dat Chemours alles aan zijn laars heeft gelapt en dat het nu onvermijdelijk is om de fabriek uit voorzorg te sluiten. 

De staatssecretaris moet zo snel mogelijk onze aangenomen motie uitvoeren om omwonenden te beschermen.

";0;2023-09-27T09:14:51.000Z
"Het kon niet tot we het deden. Vandaag laten we zien dat we ondanks alle verschillen iets voor elkaar kunnen krijgen voor iedereen die moeilijk rondkomt. Zodat de boodschappen en de huur betalen wat makkelijker wordt.

Onze motie kan op steun rekenen!

";1;2023-09-21T14:22:36.000Z
"Ook als een bus niet vol zit is het waardevol dat die blijft rijden. Meer geld voor het OV is daarom hard nodig, zodat heel NL bereikbaar en een kaartje betaalbaar is.

Blij dat onze motie met CU voor €420 miljoen extra voor het OV op steun kan rekenen.

";1;2023-09-21T12:53:34.000Z
#StopFossieleSubsidies ;0;2023-09-20T15:21:20.000Z
De mooie woorden van de VVD zijn niet genoeg, de Tweede Kamer heeft een grote verantwoordelijkheid om iets sociaals te doen voor mensen in Nederland. We moeten aan de bak. ;1;2023-09-20T12:18:35.000Z
Ik hoop dat we in de Tweede Kamer een begrotingsakkoord kunnen bereiken. Als politici durven samenwerken, kunnen we vooruitgang mogelijk maken. Alleen dan kan de politiek het vertrouwen van mensen terugwinnen. 3/3;1;2023-09-19T12:31:21.000Z
Met daarin een loon waarvan je kunt rondkomen, met betaalbaar openbaar vervoer en een sociaal vangnet dat uitgaat van vertrouwen. Dat bereiken we niet in één keer, maar deze week kunnen we al een belangrijke stap zetten. 2/;1;2023-09-19T12:31:21.000Z
Ondanks alle beloftes van het kabinet leven volgend jaar niet minder, maar meer mensen in armoede. Gelukkig gloort er een sociale meerderheid in het parlement. We kunnen een nieuwe weg inslaan. Samen met ChristenUnie hebben wij daarom een Pakket Bestaanszekerheid gemaakt. 1/;0;2023-09-19T12:31:20.000Z
"Wij willen het minimumloon volgend jaar al verhogen naar €14, een overheid die haar burgers weer vertrouwt door de verstikkende regels uit de sociale zekerheid te halen, en meer geld investeren in het OV &amp; duurdere kaartjes voorkomen. Zodat de armoede niet toe maar afneemt. 2/2";1;2023-09-19T07:02:23.000Z
"Armoede moet je niet accepteren maar aanpakken. Keer op keer blijkt dat een grote groep Nederlanders niet of nauwelijks rondkomt. Groenlinks-PvdA en CU leggen daarom deze week een Pakket Bestaanszekerheid op tafel. 1/2

";0;2023-09-19T07:02:22.000Z
Nederland veranderen. Samen kan het. ❤️💚 Stem 22 november GroenLinks-PvdA! ;1;2023-09-18T14:21:07.000Z
"Dit kabinet beloofde veel, maar maakte nooit de keuzes die nodig zijn om Nederland echt eerlijker en duurzamer te maken. Verloren tijd, terwijl al deze uitdagingen juist niet kunnen wachten.

Tijd voor verandering. Stem 22 november GroenLinks-PvdA. ";0;2023-09-16T09:12:00.000Z
"Te veel Nederlanders hebben moeite om de rekeningen te betalen. Zij kunnen niet wachten op een nieuw kabinet. De Tweede Kamer moet nu daadkracht tonen en niet alleen praten over bestaanszekerheid, maar concreet iets regelen. 3/3

";0;2023-09-15T17:04:31.000Z
"1. Minimumloon volgend jaar naar €14.

2. Meer geld voor OV, geen duurdere kaartjes.

3. Overheid die haar burgers weer vertrouwt: Verstikkende strenge regels uit de sociale zekerheid. 2/";1;2023-09-15T17:04:31.000Z
Er gloort een nieuwe sociale meerderheid in de Kamer, die niet te vangen is in de scheidslijn tussen links en rechts. Een meerderheid die de bestaanszekerheid echt wil aanpakken. @GroenLinks-@PvdA en @ChristenUnie leggen dit pakket volgende week samen voor aan de Kamer. 👉 1/;1;2023-09-15T17:04:31.000Z
"Schrijnende armoede in een rijk land als Nederland. Dit is het zoveelste teken dat de bodem omhoog moet en de armoede omlaag. GroenLinks-PvdA wil het minimumloon naar €16. En volgende week kunnen we in de Tweede Kamer alvast de eerste stap zetten.

";1;2023-09-14T10:04:25.000Z
"Al zes jaar een fantastische burgemeester voor onze hoofdstad. Blij dat Femke Amsterdam nog een periode wil dienen. 🙏

";1;2023-09-13T20:40:03.000Z
"Ruim 10.000 mensen vermist en mogelijk duizenden doden... Wat een verschrikkelijke ramp. Ik wens iedereen in het gebied veel sterkte. Mijn gedachten zijn bij jullie, bij de slachtoffers en bij iedereen die nog in grote spanning verkeert.

";0;2023-09-12T11:50:06.000Z
"Wie een volksvertegenwoordiger bedreigt, bedreigt niet alleen die persoon maar bedreigt de gehele democratie. Dit een heel belangrijke uitspraak om te laten zien dat we dit niet accepteren.

";0;2023-09-11T10:06:36.000Z
"Verschrikkelijk nieuws uit Marokko. Veel sterkte voor iedereen die in angst zit over familie en vrienden en iedereen die geliefden heeft verloren. Mijn gedachten zijn bij jullie.

";1;2023-09-09T06:51:22.000Z
"Een fantastische lijst met kandidaten waar ik heel trots op ben, met een mooie mix van parlementaire en bestuurlijke ervaring en nieuw talent uit het hele land.

We gaan hiermee een heel stevig links blok in de Tweede Kamer vormen! ❤️💚 ";1;2023-09-08T12:09:43.000Z
"De klimaatcrisis is hier en nu. En terwijl onze overheid ons aanmoedigt om minder fossiel te gebruiken, geeft ze tegelijk jaarlijks €37,5 miljard fossiele subsidies aan grote bedrijven. Oliedom. #StopFossieleSubsidies

";0;2023-09-06T15:26:41.000Z
"Hier ligt een programma waarmee we alle progressieve linkse krachten willen verenigen. We verbinden de strijd tegen de klimaatcrisis met die voor een rechtvaardige samenleving, voor een hoopvolle toekomst.

Deze groene sociaaldemocraat is trots! ❤️💚

";1;2023-09-05T13:33:14.000Z
"Eigenlijk is het niet zo ingewikkeld. Wat je wil bevorderen subsidieer je, wat je af wil remmen maak je duurder. 

En toch subsidiëren we de fossiele industrie, tijdens de klimaatcrisis, met €37,5 miljard per jaar. #StopFossieleSubsidies

";0;2023-09-04T07:14:13.000Z
Verandering is dichterbij dan ooit. ❤️💚🌹 #Timmermans ;1;2023-08-22T17:26:46.000Z
"Nederland is bij Timmermans in goede handen. Iemand die niet alleen de juiste plannen heeft om de klimaatcrisis aan te pakken, maar deze ook omzet in resultaten. Met veel nationale en internationale ervaring, die het vertrouwen kan herstellen.

Gefeliciteerd @TimmermansEU! ";1;2023-08-22T12:44:15.000Z
;1;
"Lieve @AttjeKuiken, bedankt voor de fijne samenwerking, voor het lef dat je hebt gehad om onze partijen samen verder te brengen!

De spannendste verkiezingen liggen nog voor ons. Gelukkig mogen we daar de komende 3 maanden nog heel hard samen aan werken. ❤️💚 ";1;2023-08-18T10:28:09.000Z
"In één van de rijkste landen ter wereld komen er volgend jaar 1 miljoen Nederlanders en 230 duizend kinderen in de armoede. Ongelooflijk. #CPB

De komende verkiezingen gáán ergens over. Het is tijd voor een linkse koers. Zodat we armoede aanpakken in plaats van accepteren. ";0;2023-08-17T07:28:01.000Z
Nationale Herdenking 15 augustus: vandaag staan we stil bij het einde van de Tweede Wereldoorlog in het Koninkrijk der Nederlanden. En herdenken we alle slachtoffers van de oorlog tegen Japan en de Japanse bezetting van Nederlands-Indië. Opdat we nooit mogen vergeten. ❤️ ;1;2023-08-15T17:13:18.000Z
"Timmermans is de best denkbare lijsttrekker voor onze bijzondere samenwerking en de best denkbare premier voor Nederland. Gefeliciteerd @TimmermansEU!

Het is tijd om de koers van Nederland te verleggen: 2023 wordt een keerpunt! ❤️💚

";1;2023-08-11T09:46:58.000Z
"De afgelopen elf jaar hebben we veel samengewerkt op financiën en wonen. Ik ben altijd onder de indruk geweest van je grote dossierkennis en feilloos politiek gevoel. 

@henknijboer bedankt voor alles wat je hebt betekend voor Nederland. ";1;2023-08-01T10:24:43.000Z
"Met @SylvanaBIJ1  en @F_azarkan verliest de Tweede Kamer twee van haar beste parlementariërs en progressief Nederland twee boegbeelden.  

Het is een opdracht voor ons allemaal om hun strijd voor rechtvaardigheid en gelijkwaardigheid door te zetten, binnen en buiten de politiek.";1;2023-07-24T21:58:43.000Z
"We hebben deze verkiezingen de unieke kans om de koers van Nederland te veranderen en een nieuw tijdperk in te luiden.

Frans Timmermans is daar absoluut de perfecte premier voor. 

";1;2023-07-20T11:05:40.000Z
"Ik word niet de lijsttrekker van de gezamenlijke lijst van GroenLinks en PvdA. Voor een verenigd links is een nieuwe leider nodig. Die krijgt mijn volle steun. 

Ik ga de politiek zeker niet verlaten, maar vanaf een mooie plek op de lijst knokken voor de linkse samenwerking! ";1;2023-07-19T05:26:00.000Z
@corinneellemeet wat ga ik jouw toewijding en professionaliteit missen. Je vertrek is een gemis voor de Kamer, maar je laat een prachtige legacy achter. Met name op gebied van vrouwenrechten en abortuswetgeving, zullen we je niet snel vergeten. Bedankt voor alles. ❤️;1;2023-07-18T08:29:46.000Z
"Een historische dag. De leden van GL en PvdA hebben VOOR een gezamenlijke lijst gestemd. Op 22 november gaan we dus samen de verkiezingen in.

Het is tijd voor een nieuwe koers voor Nederland. Sociaal &amp; groen. 

Tijd voor een verenigd links. Doe mee! 

";1;2023-07-17T15:03:49.000Z
"Om mijn geloof in de linkse samenwerking en het overstijgen van partijgrenzen nog meer kracht bij te zetten, ben ik lid geworden van de PvdA.

Op naar een verenigd links, voor mens én natuur. ";1;2023-07-14T06:09:34.000Z
"Nu is de tijd voor een verenigd links. Voor een nieuw Nederland waarin we niet 'ieder voor zich' leven, maar waar we er zijn voor elkaar. 2023 is een keerpunt. 

Het begin van een nieuwe beweging over partijgrenzen heen. Lees mijn stuk hierover in de Volkskrant vandaag: ";1;2023-07-14T06:09:33.000Z
@Kauthar_ #hoopbovenhaat 💚;1;2023-07-13T18:02:51.000Z
Bas is een van de beste MEP's van Europa. Dat hij opnieuw bereid is om de GroenLinkskar in Brussel te trekken als lijsttrekker, is fantastisch nieuws. Ik ben ontzettend blij dat ik met hem mag samenwerken. Want als ik echt even iets moet weten over Europa en klimaat, bel ik Bas. ;1;2023-07-13T15:22:06.000Z
"Soms is het vertrek van een collega zwaarder dan anders, zeker als de keuze niet los te zien is van het huidige politieke klimaat. Dit is er zo één. 

Bedankt dat jij jouw talenten, kennis en ervaring voor Nederland hebt willen inzetten @SigridKaag. Het ga je goed.";1;2023-07-13T07:26:40.000Z
Belangrijke stap voor het beschermen van de Europese natuur. Met deze wet kunnen we de natuur gaan versterken. En dat is harder nodig dan ooit. ;1;2023-07-12T10:58:57.000Z
"Als ik al niet gemotiveerd was om met de PvdA en GL de VVD te verslaan bij de volgende verkiezingen, ben ik dat nu wel. 

Dit is het einde van tijdperk Rutte. Tijd voor verandering. ";1;2023-07-10T11:36:39.000Z
Het tijdperk Rutte is nu echt voorbij. Het enige juist besluit. Daar heb ik respect voor.;1;2023-07-10T09:02:36.000Z
"Vrijdag heeft Rutte het kabinet bewust laten klappen. Hij handelde hierin niet uit langsbelang, maar uit eigen politiek belang.

Daarom dienen GL en PvdA morgen een motie van wantrouwen in tegen Rutte. Ons voorstel is: stel een zakenpremier aan tot de verkiezingen.";0;2023-07-09T19:54:13.000Z
"Linkse samenwerking is meer dan samenwerking tussen twee partijen of het samenbrengen van geschiedenissen. Het is het maken van een nieuwe toekomst. 

Wij willen een kabinet dat de grote uitdagingen van deze tijd aanpakt. 

En dat is precies wat we met elkaar gaan doen.";1;2023-07-09T12:16:28.000Z
"Geen versplintering meer, maar een verenigd links. Maak 2023 een keerpunt voor Nederland.

Vanaf morgen kunnen de leden van GroenLinks en PvdA stemmen in een ledenreferendum over de verkiezingen in gaan met één lijst.";1;2023-07-09T12:15:31.000Z
"Vanavond denk ik aan de toeslagenouders. De Groningers. De boeren. De klimaatactivisten. Aan iedereen die te maken heeft met de besluiteloosheid van dit kabinet. 

Er komen nieuwe verkiezingen. Laat dit een nieuw begin zijn voor Nederland.";0;2023-07-07T19:21:39.000Z
"De val van dit kabinet was onvermijdelijk, ze zijn al twee jaar niet in staat om over hun politieke eigenbelang heen te stappen. 

Het is tijd voor verandering in Nederland en daar is een verenigd links voor nodig. Wat mij betreft gaan GL en PvdA de verkiezingen in met één lijst.";0;2023-07-07T19:15:17.000Z
"Klimaatcrisis.

Wooncrisis.

Stikstofcrisis.

Maar het enige waar het kabinet zich mee bezig houdt is hun eigen crisis. Regeer of stap op.";0;2023-07-07T00:14:13.000Z
"""De gezamenlijke winsten waren 89% hoger dan het vorige vierjarige gemiddelde tussen 2017-2020.""

Maar laten we vooral weg blijven kijken en bediscussiëren of graaiflatie nou echt bestaat, terwijl armoede blijft groeien.

Ongelooflijk hoe dit kabinet zich van de domme houdt. ";0;2023-07-06T10:10:38.000Z
"De VVD vergeet voor het gemak de werkende armen die óók onder het sociaal minimum zitten. Of als je even pech hebt in het leven en een uitkering hebt.

Na 12 jaar Rutte moet het klaar zijn met het pesten van arme mensen. We moeten nu het minimumloon en de uitkeringen verhogen. ";0;2023-07-05T15:04:30.000Z
Wat @RenskeLeijten heeft betekend voor zo veel mensen in Nederland en in het bijzonder mensen die zijn getroffen in het toeslagenschandaal, is ongekend.  Je gaat gemist worden.;1;2023-07-01T15:19:46.000Z
"Keti Koti. Vandaag vieren we 150 jaar sinds de ketenen voorgoed werden gebroken.

Een dag om stil te staan bij ons slavernijverleden en het effect dat het nu nog steeds heeft. 

Maak 1 juli daarom een erkende vrije dag. Om samen te herdenken en om de vrijheid elk jaar te vieren.";1;2023-07-01T11:27:34.000Z
"Dit rapport is echt baanbrekend. Ik verwacht van het kabinet dat ze de bevindingen en adviezen snel ter harte nemen. 

Wat GL/PvdA betreft komt er een fors pakket voor armoedebestrijding en gaat het kabinetsplan om geld weg te halen bij de begroting van sociale zaken van tafel.";1;2023-06-30T15:05:41.000Z
"In een rijk land als Nederland zou iedereen fatsoenlijk rond moeten komen. Maar helaas is dat niet de realiteit. 

Vandaag wordt bevestigd wat we al weten: het sociaal minimum is veel te laag.

Het kabinet moet nu stappen nemen om armoede te bestrijden.

";0;2023-06-30T14:27:52.000Z
"Dit kabinet belast het gebruik van fossiele brandstoffen niet. Integendeel. Het subsidieert fossiele bedrijven met miljarden. Ik ben het volledig eens met deze oproep van @prins_hannah &amp; @LWinnips : #StopFossieleSubsidies ";0;2023-06-29T13:48:51.000Z
"Farmers Defence Force voorman Mark den Oever roept op om CDA’ers te bellen en online gaan telefoonnummers rond van Kamerleden van het CDA. 

Dit is pure intimidatie door een groep die allang niet meer de boeren vertegenwoordigt. Blijf van onze collega’s af! ";0;2023-06-28T21:19:04.000Z
"Er leven dit jaar 800 duizend, en volgend jaar maar liefst 1 miljoen, Nederlanders in armoede.

Maar het kabinet haalt 3,4 miljard weg bij Sociale Zaken.

GroenLinks, PvdA en BBB gaan daar niet mee akkoord. Gebruik dat geld voor armoedebestrijding.

";0;2023-06-28T14:16:22.000Z
"Het CDA gijzelt dit land, Rutte staat het toe. 

Intussen staat Nederland stil. ";0;2023-06-28T12:54:06.000Z
De laatste twee jaar zijn de winsten van bedrijven goed geweest voor bijna de helft van de inflatie. Ook het IMF laat zien: #graaiflatie bestaat. Intussen bleven de lonen achter en rijst de armoede de pan uit. De overheid moet ingrijpen. Kabinet: kies voor mensen, niet winsten ;0;2023-06-27T09:36:09.000Z
"Deze week het klappen van het Landbouwakkoord en - wederom - het CDA dat geen duidelijkheid wil geven over hun positie.

Intussen verslechtert de natuur, kunnen we op allerlei plekken geen woningen bouwen en is er geen duidelijkheid voor boeren.

Onverantwoord.";0;2023-06-23T12:45:33.000Z
"Al in 2019 oordeelde de Raad van State dat het stikstofbeleid niet deugde. Sindsdien volgt blunder na blunder. 

Het kaartje van Van der Wal, het aftreden van Staghouwer, CDA dat met een interview het coalitieakkoord op scherp zet…";0;2023-06-23T12:45:07.000Z
"Onverantwoord dat het CDA al sinds de formatie dit land gijzelt. Dat kan ik de partij in doodsnood niet kwalijk nemen, maar dat andere coalitiepartijen inclusief D66 dit blijven accepteren is onbegrijpelijk. 

Alle vooruitgang wordt tegengehouden.";0;2023-06-23T12:44:14.000Z
Een belangrijke voorwaarde voor Hoekstra was een afgerond landbouwakkoord, maar dat komt er niet. Ik ga er vanuit dat gesprekken over het aanpassen van het coalitie-akkoord nog deze week beginnen zodat we nog voor de zomer helderheid hebben.;1;2023-06-21T12:50:28.000Z
"Wie er echt hom of kuit moet geven? Het CDA.

306 dagen na het AD-interview waarin Hoekstra het coalitieakkoord op het spel zette, hebben we een nieuwe minister, een nieuw advies van Remkes en een geklapt landbouwakkoord. En we zijn nog geen steek verder.";0;2023-06-21T12:50:27.000Z
Ik heb Adema laten weten dat ik het zeer ongepast vind dat hij, na maanden van stilte rondom het landbouwakkoord en na vele vragen van de oppositie om meer informatie voor het hele parlement, vandaag alleen de coalitie heeft geïnformeerd. Ook hier geen nieuwe #bestuurscultuur.;0;2023-06-20T15:19:15.000Z
"Bijna 80 jaar na zijn dood wordt Anton de Kom vandaag eindelijk in ere hersteld. Een belangrijk en terecht moment van erkenning en rehabilitatie.

Laat dit een stap zijn voor Nederland om ons koloniale verleden in zijn geheel te erkennen.
";1;2023-06-19T14:05:21.000Z
"Er worden historisch hoge winsten gemaakt, maar de honger van aandeelhouders is onstilbaar, zij willen nóg meer geld. Intussen groeit het aantal mensen in armoede naar 1 miljoen.

Het kabinet zou deze hebzucht moeten belasten en de armoede moeten stoppen.

";0;2023-06-14T15:17:29.000Z
En ook aangenomen is het plan van GroenLinks en PvdA om de winst van grote energieprojecten in Groningen niet alleen privaat maar ook bij de regio terecht te laten komen. Zodat Groningers in de toekomst meeprofiteren van bijvoorbeeld groene waterstof. ;1;2023-06-13T14:22:58.000Z
Belangrijke stap voor Groningers. Vandaag is ons voorstel om de ereschuld in de wet vast te leggen aangenomen. Dat betekent onder meer dat koste wat kost, zolang nodig is en zonder financiële limiet, schade nu en in de toekomst betaald zal worden. ;1;2023-06-13T14:22:57.000Z
"We moeten niet bezuinigen, maar juist iets doen aan de ongelijkheid. Het is niet te verteren dat grote bedrijven en multimiljonairs nu minder belasting betalen dan werkende mensen.

";0;2023-06-08T15:07:08.000Z
"200.000 kinderen leven in armoede in Nederland en dat aantal groeit nog steeds. Tegelijkertijd zijn de winsten groter dan ooit.

Daarom eisen wij een sociaal pakket van het kabinet, betaald door het grote bedrijfsleven en multimiljonairs. #voorjaarsnota ";0;2023-06-08T12:39:07.000Z
"Het kabinet moet aan de bak. Verhoog het minimumloon, bestrijd de armoede, schrap de gezinsboete: kom in actie!

Wij willen voor de zomer een plan om Nederlanders die het moeilijk hebben te helpen. #voorjaarsnota

";1;2023-06-08T07:10:22.000Z
"3 op de 10 Nederlanders zijn bezorgd over de financiën: dit is precies waarom @GroenLinks en @PvdA een aanvullend sociaal pakket eisen.

Het kabinet mag niet verder bezuinigen op bestaanszekerheid. Wij trekken een grens. #voorjaarsnota

";0;2023-06-08T07:07:25.000Z
"Steeds meer mensen kunnen niet meer rondkomen, terwijl bedrijven recordwinsten boeken. @GroenLinks en @PvdA gaan vandaag niet instemmen met een voorjaarsnota waardoor de bestaanszekerheid van nog meer Nederlanders in gevaar komt. Genoeg is genoeg.

";0;2023-06-08T05:47:48.000Z
"Wat al gevreesd werd is gebeurd: de stuwdam bij #Kherson is opgeblazen. Een nieuw dieptriest hoofdstuk in deze verschrikkelijke oorlog. Mijn gedachten zijn bij alle Oekraïners die huis en haard moeten verlaten en geliefden dreigen te verliezen door deze ramp.

#SlavaUkraini";0;2023-06-06T06:56:15.000Z
"Het gaat te vaak over mooie plannen, te weinig over resultaten. Wat dat betreft scoort Rutte IV een onvoldoende. Het voert geen beleid uit om de eigen doelen te halen. Maakt geen keuzes.

Kabinet: grijp in! Kom met een visie en zet een koers uit voor NL. Dat is keihard nodig. ";0;2023-05-31T06:04:39.000Z
Historisch: de eerste gezamenlijke fractie van @GroenLinks en @PvdA in de eerste Kamer is zojuist verkozen. Helaas met 1 zetel minder dan we hadden gehoopt. Mijn felicitaties aan al onze 14 Eerste Kamerleden.;1;2023-05-30T15:47:34.000Z
"Als vader breekt mijn hart, als democraat ben ik woedend. 

";0;2023-05-25T17:01:26.000Z
"Nog steeds geen spreidingswet of landbouwakkoord, geen oplossing voor de toeslagenaffaire. Intussen groeit het aantal mensen in armoede naar 1 miljoen.

Het kabinet maakt ruzie met elkaar. Regeert niet. Woensdag moet Rutte uitleggen waarom NL stuurloos is. #Verantwoordingsdebat";0;2023-05-25T16:50:59.000Z
Hoor je het ook eens van een ander. 👇 Het is tijd voor actie, de klimaatcrisis is hier en nu! #StopFossieleSubsidies ;1;2023-05-25T09:24:35.000Z
"Beloning topman Ahold +99%
Beloning medewerkers Etos (dochter Ahold) -11%

En volgens @AholdDelhaize is dit PRIMA in verhouding, zo zeiden ze vanochtend in de Tweede Kamer.

Deze multinationals beseffen niet wat prijsstijgingen in het leven van mensen betekent. Stop #graaiflatie! ";0;2023-05-24T11:03:31.000Z
"‘Het kan, dat Nederland een linkse premier krijgt.’

Mooi gezegd @prosenmoller, en veel succes met het fractievoorzitterschap. 👏

";1;2023-05-24T07:15:40.000Z
"Honderdduizenden mensen extra in de armoede, terwijl multinationals recordwinst na recordwinst boeken. Het kabinet staat erbij en kijkt ernaar. @GroenLinks en @PvdA accepteren dat niet: room woekerwinsten af om minimumloon te verhogen! #graaiflatie

";0;2023-05-24T05:39:52.000Z
"Uitstekend pleidooi van @FNV voorzitter @TuurElzinga. De samenleving en de politiek laten zich gijzelen door multinationals die zich niets van regels aantrekken. Tijd om de economische macht van deze bedrijven te breken.

";1;2023-05-23T07:08:33.000Z
"De ergste droogte in 40 jaar, 43.000 hongerdoden, en de helft van de Somaliërs heeft op dit moment voedselhulp nodig. De klimaatcrisis is hier en nu, en dit zijn de gevolgen. #StopFossieleSubsidies

";0;2023-05-23T07:06:19.000Z
"Het kabinet geeft dit jaar meer huurtoeslag, maar stopt daar over 2 jaar weer mee om zo de Wet Betaalbare Huur te financieren.

Stop dit wispelturige beleid. Geef mensen duidelijkheid en een betaalbare huur. #wooncrisis

";0;2023-05-22T09:45:38.000Z
Stop fossiele subsidies! 👏  #Stopfossielesubsidies ;1;2023-05-22T06:33:43.000Z
"Pandjesbazen zijn bang dat ze hun woningen moeten verkopen als het vaste huurcontract weer de norm wordt. Mooi! Dan komen die woningen tenminste op de markt voor starters die er graag zelf willen wonen, in plaats van er winst mee willen maken. #wooncrisis

";0;2023-05-17T13:34:20.000Z
"Te hoge huur, gebrekkige huizen, te veel servicekosten: particuliere huisbazen overtreden massaal de regels. Keer op keer wordt duidelijk dat de woonsector veel beter gereguleerd moet worden. Wonen is een recht, geen verdienmodel! #wooncrisis

";0;2023-05-17T07:54:09.000Z
"Eerst zou er perspectief komen, toen een akkoord. De eerste kwam nooit, de tweede daar moeten we maar op hopen. Wanneer is het kabinet klaar met praten en ligt er een plan over hoe de toekomst van de boer eruit ziet? #Stikstof

";0;2023-05-16T12:53:22.000Z
"Geen gratis kinderopvang, maar wel alvast een belastingvoordeel afschaffen: door de plannen van dit kabinet gaan werkende ouders er in 2025 €225 per maand op achteruit. En dat in een tijd waarin veel gezinnen het al moeilijk hebben.

Deze gezinsboete moet van tafel. #iack ";0;2023-05-15T17:48:37.000Z
"Het is niet aan Shell om een gerechtelijke uitspraak naast zich neer te leggen. Al sinds de jaren ’70 weten oliemaatschappijen dat ze het klimaat vernietigen, tijd genoeg gehad dus. Het roer moet om: tijd voor actie @Shell! #StopFossieleSubsidies

";0;2023-05-15T11:07:15.000Z
"""Eind deze eeuw zou 20% van Bonaire kunnen overstromen."" De tijd van wachten is voorbij: het kabinet moet met plannen komen om de eilanden tegen de gevolgen van de klimaatcrisis te beschermen.

Heel goed deze actie van Greenpeace en de Bonairianen.

";1;2023-05-11T15:24:55.000Z
"Juist in deze tijd, waarin gezinnen hele hoge kosten hebben, kiest dit kabinet voor uitstel van gratis kinderopvang én afschaffen van het belastingvoordeel vanaf 2025.

Dit is een ordinaire bezuinigingsmaatregel die jonge ouders hard raakt. Onacceptabel.

";0;2023-05-10T18:56:45.000Z
"Vroeger nam mijn opa mij op 4 mei mee naar de #Dodenherdenking op de Parklaan in Roosendaal. Zoals hij toen aan mij doorgaf dat we nooit mogen vergeten, doe ik dat nu bij mijn kinderen. 

Het is zo belangrijk om dit door te geven aan de volgende generatie. ❤️🤍💙 ";1;2023-05-04T18:19:54.000Z
Tijd dat dat het parlement een grens trekt en de regering terug fluit: geen verdere verschraling van onze voorzieningen, maar eerlijk belasten van winst, vermogen en vervuiling. 2/2;0;2023-04-28T14:18:57.000Z
"De regering stuurde vanmiddag de voorjaarsnota naar de Tweede Kamer met onbezonnen bezuinigingen.

In deze tijd van toenemende ongelijkheid komt het kabinet met nieuwe kortingen op sociale voorzieningen. 1/2";0;2023-04-28T14:18:57.000Z
Is het dan alleen maar slecht? Nee. Dat alle elektriciteitsproductie vanaf 2035 duurzaam moet zijn is heel goed. En dat er verplicht meer gerecycled plastic moet komen ook. Maar het totale klimaatpakket moet echt steviger. 2/2;0;2023-04-26T19:18:02.000Z
"De zoveelste aankondiging van een nieuw #klimaatpakket - en weer worden goede voornemens verward met groen leiderschap. Bij de industrie en de landbouw wordt klimaatwinst ingeboekt met vage en boterzachte plannen.

Teleurstellend, NL verdient helder en concreet klimaatbeleid. 1/2";0;2023-04-26T19:18:02.000Z
"Ik vind het onjuist dat het kabinet een bedrag noemt voor schadeherstel. Daar hebben de Groningers gewoon recht op. Het kabinet moet doen wat nodig is, ook als het in de toekomst duurder blijkt te zijn.

En los daarvan is een bedrag nodig voor de toekomst van Groningen. 2/2";0;2023-04-25T14:04:19.000Z
"Vijlbrief heeft de juiste toon, en is oprecht en zichtbaar geëmotioneerd wanneer hij het over Groningen heeft. Maar alleen de Groningers kunnen oordelen of het kabinet genoeg doet om de ereschuld in te lossen.

Ik heb wel nog veel vragen over het voorstel van het kabinet. 1/2";1;2023-04-25T14:04:18.000Z
Fijn ramadanfeest voor iedereen die het viert! ;1;2023-04-21T07:21:45.000Z
"“Tijdelijke huurcontracten zijn vooral goed voor de portemonnee van de verhuurder en helpen niet tegen leegstand.”

Oftewel: het voorstel van CDA en VVD is er niet voor Nederlanders, maar voor de markt en voor beleggers.

";0;2023-04-19T15:58:24.000Z
"Als je miljarden aan publiek geld uitgeeft met het stikstoffonds, dan moet je zorgen dat je aan het eind van de rit je doelen haalt: de natuur herstellen en de landbouw toekomstbestendig maken.

Het kabinet krijgt van ons niet zomaar een blanco cheque. ";1;2023-04-19T05:55:50.000Z
"Middenin de wooncrisis vinden CDA en VVD het een goed idee om de huurbescherming nog verder uit te hollen. CDA en VVD zijn er niet voor Nederlanders, maar voor de markt en voor beleggers. Beschamend!

";0;2023-04-17T11:38:44.000Z
"Zo kennen we de VVD weer: snoeihard voor mensen die het moeilijk hebben.

Trots op onze wethouder @LindaVoortman die doet wat nodig is om te voorkomen dat jongeren zich in de schulden steken en het vertrouwen in de overheid verliezen.

";1;2023-04-13T12:34:58.000Z
"Onbegrijpelijk. Terwijl er volgens het CBS bijna 180.000 woningen leegstaan, blijven de huurprijzen stijgen door ‘te weinig aanbod’. Er moet zo snel mogelijk een leegstandsheffing komen! #wooncrisis 

";0;2023-04-12T12:00:05.000Z
Fijn Pasen allemaal! ☀️;1;2023-04-10T08:56:06.000Z
"Vertragen én versnellen. Opnieuw onderhandelen, maar niet nu. 

Het kabinet moet regeren, geen twijfel zaaien. Ik wil vandaag tijdens het debat antwoorden van het kabinet. Wij werken mee aan oplossingen voor NL maar niet aan een uitgestelde crisis.

";1;2023-04-04T09:28:56.000Z
"Wat een verschrikkelijk bericht! Heel veel sterkte aan de slachtoffers en de nabestaanden, en dank aan alle hulpverleners. #Voorschoten

";1;2023-04-04T06:35:41.000Z
"Een hallucinante persconferentie waarin de onmacht van het kabinet zichtbaar wordt.

Een kabinet moet regeren en helderheid geven. Dit kabinet is alleen met zichzelf bezig en niet in staat oplossingen te bieden voor de grote problemen van deze tijd. Dinsdag wacht een zwaar debat.";0;2023-03-31T19:40:56.000Z
"Mogelijk zelfs €30 miljard per jaar: de belastingvoordelen voor fossiele brandstoffen lijken nóg groter dan gedacht. Waanzin! Dit is onrechtvaardig en verschrikkelijk voor het klimaat.

Stop fossiele subsidies.

";0;2023-03-23T13:43:28.000Z
"Het zoveelste rapport over de klimaatcrisis..

Terwijl we allang weten wat nodig: moedige politici die radicale keuzes durven maken voor een groene toekomst. Kabinet: heb lef, en stop vandaag nog met fossiele subsidies die onze aarde vernietigen.

";0;2023-03-20T15:09:18.000Z
"Een icoon voor de sociaaldemocratie en de volkshuisvesting is niet meer. Adri Duivesteijn was een scherp redenaar met een onfeilbaar politiek en moreel kompas.

Ik wens zijn familie en vrienden veel sterkte toe. ❤️ ";1;2023-03-17T15:40:32.000Z
"We lijken onze beste uitslag in de Provinciale Staten ooit te evenaren, @PvdA lijkt er een zetel bij te krijgen.

Voor het eerst in 20 jaar kan links weer de grootste fractie leveren.

Het kabinet kan kiezen: linksom, of rechtsom?

Dank aan iedereen die op ons gestemd heeft! ❤️💚 ";1;2023-03-15T22:26:25.000Z
Gestemd! Maak van links de grootste: stem ook GroenLinks! ❤️💚 ;1;2023-03-15T10:37:21.000Z
"Dit is het ware gezicht van de VVD: weten wat er aan de hand is, maar niets doen om de klimaatcrisis te stoppen.

Dit staat er morgen op het spel. Stem voor het klimaat. Maak links de grootste.

Stem GroenLinks. ❤️💚

";0;2023-03-14T15:15:43.000Z
"In de peilingen zijn @GroenLinks en @PvdA al de grootste. Morgen maken we het werkelijkheid: Maak links de grootste!

Stem GroenLinks! 💚 ";1;2023-03-14T15:11:45.000Z
Stem morgen op dé klimaatpartij. Stem GroenLinks. ❤️💚 ;1;2023-03-14T14:02:55.000Z
"Ja. Terwijl een miljoen Nederlanders volgend jaar in armoede leeft, heeft de allerrijkste 1% er de afgelopen jaren gemiddeld €2 miljoen bij gekregen.

De allerrijksten eerlijk belasten kan gewoon. Stem GroenLinks. ❤️💚

";0;2023-03-14T13:56:34.000Z
"De sterkste schouders moeten de zwaarste lasten dragen. Daarom begint effectief klimaatbeleid met fossiele subsidies voor de vervuilende industrie afschaffen. Wij willen een Green Deal voor een ambitieus en eerlijk klimaatbeleid.

Dat is voor ons de inzet van de verkiezingen. 2/2";1;2023-03-13T17:13:06.000Z
Al jaren faalt de regering in de aanpak van de klimaatcrisis. Advies na advies wordt niet uitgevoerd, terwijl we weten wat nodig is. Het is aan politici om leiderschap te tonen om onze planeet leefbaar te houden voor de nieuwe generatie. #IBOrapport 1/2;0;2023-03-13T17:13:06.000Z
.@GroenLinks en @PvdA kunnen samen de grootste worden. Aanstaande woensdag kan het verschil maken, voor een groene en sociale toekomst. Stem 15 maart GroenLinks. ❤️💚 ;1;2023-03-10T11:27:10.000Z
"Het probleem zit niet in de mooie woorden die de VVD spreekt @hermans_sophie, maar in het gebrek aan daden.

Zolang de VVD miljarden aan fossiele subsidies blijft uitgeven, is iedere claim die je doet om de klimaatcrisis aan te pakken volstrekt ongeloofwaardig. ";0;2023-03-09T11:45:29.000Z
"Op dezelfde dag dat bekend wordt dat volgend jaar een miljoen Nederlanders in armoede leven, blijkt de topman van Shell 50% meer loon te hebben gekregen.

Dit laat precies zien hoe scheef ons economisch systeem is. Waarom het tijd is voor verandering.

Stem 15 maart @GroenLinks. ";0;2023-03-09T11:03:10.000Z
"Niet iedereen heeft last van hoge prijzen. Rijke aandeelhouders kregen maar liefst 18% erbij, terwijl de lonen achterblijven.

Tijd voor een flinke loongolf en eerlijk delen: voor elke euro naar aandeelhouders moet er wat ons betreft een naar werknemers.

";0;2023-03-08T13:59:41.000Z
"Toen Jolein beviel van ons eerste kind werd er niet aan haar gevraagd óf ze met verlof ging, maar wanneer. Maar voor partners is geboorteverlof nog steeds niet vanzelfsprekend. Daarom wil @GroenLinks een uitbreiding van het geboorteverlof voor partners.

";1;2023-03-08T12:05:03.000Z
"Wij zeggen NEE tegen de VVD, wen er maar aan @hermans_sophie. En we hopen dat op 15 maart veel meer mensen dat doen.

En volmondig JA zeggen we tegen:

- Oplossen van de stikstofcrisis.
- Eerlijk delen.
- Klimaatbeleid dat werkt. ";1;2023-03-07T08:49:48.000Z
"Als we niet alles op alles zetten, verandert de aarde in een onbewoonbare planeet. De komende 5 jaar zijn cruciaal. Voor ons is de maat vol. Wij kunnen niet instemmen met klimaatbeleid van het kabinet, waarvan we weten dat het niet de klimaatdoelen haalt.

";0;2023-03-07T07:11:14.000Z
Ja, de veestapel moet kleiner. Maar het is niet alleen aan de boeren om de stikstofcrisis op te lossen, dat is simpelweg oneerlijk. Daarom moet ook de industrie, de luchtvaart en het wegverkeer een eerlijke bijdrage leveren. ;0;2023-03-06T15:00:17.000Z
De werknemers. Daarom wil @GroenLinks dat er voor elke euro naar aandeelhouders er ook 1 naar werknemers gaat. En dat CEO’s verantwoording komen afleggen in de Tweede Kamer. Benieuwd wat Ahold, KPN en Heineken verklaren. 2/2;0;2023-03-06T13:50:18.000Z
"Keer op keer zeggen grote beursgenoteerde bedrijven dat zij het zwaar hebben en dat de lonen niet kunnen stijgen. Maar ondertussen gaan de winsten door het dak en gaan er miljoenen naar aandeelhouders. Maar wie verdienen het geld voor het bedrijf? 1/2

";0;2023-03-06T13:50:18.000Z
"En dat bovendien in een week dat er een vernietigend OVV-rapport is uitgekomen over de beveiliging van de omgeving van de kroongetuigen.

De komende 10 dagen doen @GroenLinks en @PvdA er alles aan om met ons sterke linkse blok de VVD te verslaan. 2/2

";1;2023-03-05T17:22:14.000Z
"De VVD voert campagne met bitterballen en schaamteloze borrelpraat. Ons aanvallen op veiligheid, terwijl het de VVD is die niets gaf om de veiligheid van de Groningers. 1/2

";0;2023-03-05T17:22:13.000Z
"Jarenlang rechts beleid heeft gezorgd dat de natuur in vreselijke toestand verkeert. We hebben meer natuur nodig, sterke natuur. Daarom moeten we groots denken. Lees meer over onze plannen voor het grootste natuurgebied van Nederland: 

";1;2023-03-04T14:43:55.000Z
"PostNL keert €76,5 miljoen dividend uit aan aandeelhouders. Tegelijk schrapt het honderden banen. Als het echt zo slecht gaat, houd dat geld dan in het bedrijf voor je werknemers.

@GroenLinks wil dat voor elke euro dividend aan aandeelhouders, er ook één naar werknemers gaat. ";0;2023-03-03T14:36:44.000Z
"Jarenlang heeft het kabinet niet gekozen voor de veiligheid van Nederlanders, maar voor de belangen van vervuilende bedrijven. Deze keuzes passen een politiek leider van de VVD misschien, maar een premier van alle Nederlanders past het niet.

";0;2023-03-03T09:29:17.000Z
"Het is onzin dat bedrijfswinsten vanzelf doorstromen naar de samenleving. De mythe van de trickle down economy die de VVD graag gebruikt, is allang ontkracht.

We kunnen gewoon wettelijk regelen dat winsten echt terechtkomen bij werknemers. 👇

";0;2023-03-03T06:57:08.000Z
"Stop woekerhuren! Een huurprijs van €2500 is voor vrijwel niemand te betalen. Daarom komen wij met een wetswijziging, waardoor de huurprijs voor vrijwel alle woningen gereguleerd wordt.

Huurprijzen verlagen? Kan gewoon. ❤️💚

";1;2023-03-02T14:58:59.000Z
"Zelfs als je fulltime werkt, kan je in Nederland soms niet rondkomen. Onvoorstelbaar. Werk beter belonen kan gewoon.

Wij hebben de plannen klaarliggen. Lees ze op ";0;2023-03-01T13:49:54.000Z
"De natuur gaat kapot en boeren zitten in onzekerheid. Ondertussen koopt Schiphol schaarse stikstofruimte op en lijkt het stikstofdoel voor 2030 verder weg dan ooit.

Het kabinet moet eens doen wat nodig is: de stikstofcrisis oplossen en de natuur redden.

";0;2023-02-28T08:04:23.000Z
"Bescherm het eeuwenoude bos: geen verdere verbreding van de snelweg A27! Meer asfalt trekt alleen maar meer auto’s en dus meer files aan.

@GroenLinks strijdt voor behoud van de natuur in Amelisweerd. ❤️💚

";1;2023-02-27T08:24:33.000Z
"‘Grote winsten sijpelen vanzelf door naar de samenleving.’ Het is de hardnekkige mythe van trickle down economics van de VVD.

De werkelijkheid: winsten gaan naar een klein groepje CEO's en aandeelhouders.

Belast winsten extra, zodat iedereen profiteert.
";0;2023-02-26T10:47:57.000Z
"Het is tijd voor een progressief antwoord op de afbraakagenda van de VVD. Wij gaan niet akkoord met bezuinigingen, dit land moet juist worden opgebouwd.

@GroenLinks en @PvdA bieden hoop aan alle Nederlanders die snakken naar verandering. ❤️💚

";1;2023-02-25T11:27:50.000Z
"Het kabinet wil al bezuinigen op de jeugdzorg, verpleeghuiszorg en de bijstand. En er wordt nu gedreigd met extra bezuinigingen. Onacceptabel.

Wij hebben alternatieven voor het kabinet, maar desnoods stemmen we hun plannen in de Eerste Kamer weg.

";0;2023-02-25T08:21:36.000Z
"Elke parlementaire enquêtecommissie doet belangrijk en zwaar werk. Veel waardering voor alle Kamerleden die aan #pegas hebben meegewerkt, maar in het bijzonder aan mij directe collega @TomvanderLee die als voorzitter een heel stevig rapport heeft afgeleverd. 

Complimenten.";1;2023-02-24T14:48:17.000Z
"Dat is een grove schending van de grondwettelijke taak van de overheid: haar inwoners beschermen. 

Wat decennialang niet is gebeurd, moet nu de grootste prioriteit zijn: de ereschuld aan Groningen inlossen.

#enquetecommissie #groningen";0;2023-02-24T11:44:46.000Z
Het is onmenselijk dat de regering consequent het financiële belang van de staat, Shell en Exxon boven de veiligheid van de inwoners van Groningers gesteld heeft.;0;2023-02-24T11:41:42.000Z
"Een jaar oorlog, een jaar aan vreselijk lijden. Een jaar met verschrikkelijke beelden uit Oekraïne die op mijn netvlies zijn gebrand.

We mogen Oekraïne niet in de steek laten. We moeten Oekraïne blijven steunen. Zodat de vrede zo snel mogelijk terug kan keren. 💛💙 #SlavaUkraini ";1;2023-02-24T07:16:12.000Z
"Duidelijk: wil je de natuur redden? Dan moet je niet bij VVD of CDA zijn. Die houden liever na jaren stikstofcrisis vast aan wat niet werkt.

Daarom doet jouw stem ertoe op 15 maart. De natuur redden: kan gewoon. ❤️💚

";1;2023-02-23T10:58:18.000Z
"Terwijl huurprijzen door het dak gaan, wonen veel Nederlanders in slecht geïsoleerde woningen met torenhoge energierekeningen.

Absurd. Daarom willen wij een verplichte tochtkorting: huurverlaging voor slecht geïsoleerde huizen. 
Kan gewoon.
";0;2023-02-22T08:37:33.000Z
"Dit is wat een rechtse meerderheid doet: liever rechten inperken dan kiezen voor het oplossen van de klimaat- en stikstofcrisis.

Daarom is linkse samenwerking zo belangrijk. Het is tijd voor een groot links blok in de Eerste Kamer. Kan gewoon. ";0;2023-02-21T15:49:30.000Z
"Weer een aardbeving in Turkije. Weer mensen die in paniek naar buiten rennen. Weer stress, weer onzekerheid bij iedereen met familie en vrienden in het rampgebied in Turkije en Syrië: zijn ze veilig?

Veel sterkte. We denken aan jullie. #deprem";1;2023-02-20T17:49:13.000Z
Ik ben er. ;1;2023-02-20T15:38:25.000Z
De zogenaamde 'demonstranten' waren gisteravond niet uit op een gesprek, maar op regelrechte intimidatie van Kaag. Onacceptabel. Debat voer je op basis van argumenten, niet met fakkels, gescheld en intimidatie.;0;2023-02-20T07:18:59.000Z
"Als je denkt dat het niet gekker kan:
Bedrijven makend recordwinsten en er gaan miljarden naar aandeelhouders. 
Toch wil de VVD de belasting voor hen verlagen en bezuinigen op sociale zekerheid en zorg.
Het is duidelijk voor wie de VVD opkomt: niet voor u.
";0;2023-02-19T10:59:19.000Z
"Dit zegt zoveel over het wereldbeeld van de VVD: betaalbaar wonen is voor hen geen recht, maar het doembeeld van een achterstandswijk.

Dit is precies waarom politiek niet een strijd tussen partijen, maar een fundamentele ideeënstrijd is.

";0;2023-02-17T11:49:05.000Z
"“We gaan de crisis allemaal voelen in onze portemonnee.” Behalve aandeelhouders.

Zij kregen van Ahold, Heineken en Unilever in 2022 miljarden uitgekeerd. ";0;2023-02-16T11:02:52.000Z
"Zodra het electoraal uitkomt is de VVD bereid om te besturen met extreemrechtse partijen.

We moeten af van die misplaatste Nederlandse nuchterheid die extreemrechts onderschat. Het is er. Het heeft een agenda. En het moet bestreden worden.

";0;2023-02-16T08:22:53.000Z
"Correctie: de winst van Ahold is inderdaad 2,5 miljard. Een recordwinst. Het punt blijft staan; met zulke miljardenwinsten betalen we niet voor inflatie, maar voor de winst van CEO’s en aandeelhouders.";0;2023-02-15T13:47:15.000Z
"Torenhoge prijzen in de supermarkt en onbetaalbare energierekeningen.

Ondertussen maken multinationals monsterwinsten: Shell €39, Unilever €8,3 en Ahold €23 miljard.

We betalen niet voor de inflatie, maar voor de winst van CEO’s en aandeelhouders.";0;2023-02-15T10:44:16.000Z
"Van de een op de andere dag zijn de levens van miljoenen mensen door de aardbeving totaal veranderd. Verwoest. Ik zag op de beelden uit Turkije en Syrië geen instortende gebouwen, ik zag instortende levens. 💔

Laten we allemaal helpen. Geef ook via ";1;2023-02-15T06:12:13.000Z
"Klimaatbeleid van de VVD: zolang mogelijk de fossiele industrie in stand houden. Zojuist stemde de VVD onze wetswijziging om te stoppen met fossiele subsidies weg.

#Klimaatvandalisme #StopFossieleSubsidies";0;2023-02-14T14:25:21.000Z
"Middenin de klimaatcrisis de kolencentrales openhouden? Klimaatvandalisme. Anders kan je het niet noemen. Het klimaat kan niet wachten tot 2030. Stop het #klimaatvandalisme van de VVD.

In 2025 al de kolencentrales sluiten? Kan gewoon.

";0;2023-02-14T07:23:03.000Z
"Enorm verontrustend dat extreem-rechts zich vrij voelt dit soort verwerpelijke antisemitische complottheorieën te projecteren. Dit is niet normaal en mag nooit normaal zijn. Spreek je uit tegen haat.

Nooit meer fascisme!

";0;2023-02-10T09:09:37.000Z
"Het kabinet komt met een ‘verbeterde’ hervorming huurtoeslag, waardoor 1,5 miljoen mensen niet minder maar méér huur gaan betalen.

Belachelijk. Dit plan moet van tafel.

";0;2023-02-10T08:01:54.000Z
"Unilever maakt 25% meer winst en waarschuwt meteen voor meer prijsstijgingen. Wanneer is het genoeg?

Dit is de tweedeling van de VVD: het bedrijfsleven boekt recordwinsten, terwijl steeds meer mensen door de inflatie niet meer rondkomen.

";0;2023-02-09T15:15:53.000Z
"Samen met @PvdA heeft @GroenLinks al een plan klaar staan met 28 voorstellen om een eind te maken aan belastingparadijs Nederland. Deze kunnen gewoon door het kabinet ingevoerd worden. Leestip voor de staatssecretaris! 2/2

";1;2023-02-09T09:57:06.000Z
"Omdat multinationals massaal belasting ontwijken, betaalt de bakker nog steeds meer belasting over winst dan Shell.

Nederland is een belastingparadijs. Dat moet het kabinet aanpakken en niet afwachten tot Europa iets doet. 1/2

";0;2023-02-09T09:57:06.000Z
Van harte gefeliciteerd met de 77ste verjaardag van de @PvdA! 🥳 ;1;2023-02-09T09:27:51.000Z
"Terwijl heel veel Nederlanders zich blauw betalen aan boodschappen, maakt Unilever €8,3 miljard winst door hogere prijzen.

Belast dit soort woekerwinsten, zodat het geld terug kan naar mensen die niet meer rondkomen! Aandeelhouders verdienen al genoeg.

";0;2023-02-09T09:04:36.000Z
"Als de premier weigert onze vragen over de voortgang van de kabinetsdoelstellingen te beantwoorden, dienen we de vragen opnieuw in. Nu ook namens de rest van de linkse oppositie.

Ook @VoltNederland, @DenkNL, @PolitiekBIJ1 en @PartijvdDieren eisen nu antwoord van het kabinet. ";0;2023-02-09T08:44:29.000Z
"Er is een enorme behoefte aan noodhulp in Turkije en Syrië. Duizenden die de aardbeving hebben overleefd slapen in de ijskoude open lucht, duizenden anderen liggen nog onder het puin.

Geef hulp via de samenwerkende hulporganisaties, doneer via Giro 555
";1;2023-02-07T16:37:00.000Z
Samen met de PvdA de grootste worden in de Eerste Kamer: kan gewoon. Alle peilingen wijzen erop. Stem 15 maart GroenLinks, maak ons de grootste en wij maken Nederland groener en socialer. ❤️💚 ;1;2023-02-07T15:20:29.000Z
"Steeds meer verschrikkelijke beelden uit Gaziantep, Aleppo, Malatya, Antakya, Kahramanmaraş, Latakia, Diyarbakır, Idlib en al die andere plaatsen die getroffen zijn door deze rampzalige aardbeving.

Ik hoop dat al jullie vrienden en familie in het rampgebied veilig zijn. #Deprem";0;2023-02-07T12:53:56.000Z
"Een hele goede stap van de @ErasmusUni. Stop greenwashing. Stop fossiele subsidies. ❤️💚

";1;2023-02-06T20:19:23.000Z
"Het gaat te vaak over mooie plannen, te weinig over resultaten. Daarom vroegen we Rutte welke kabinetsdoelen gehaald gaan worden.

We krijgen geen antwoord. Het is zorgelijk dat Rutte het niet zijn verantwoordelijkheid vindt om de voortgang van zijn kabinet in de gaten te houden. ";0;2023-02-06T11:01:26.000Z
"We weten allang dat het anders moet. En ook dat het anders kan: groener en socialer. ❤️💚 Zorgen dat werken weer loont. Woningen weer betaalbaar maken. Investeren in schone energie.

Links is er klaar voor. Wij hebben de plannen om Nederland te veranderen. Kan gewoon. ";1;2023-02-06T10:49:22.000Z
"Vreselijke beelden uit Turkije. Mijn gedachten gaan uit naar iedereen in het rampgebied. Ik hoop dat ieders familie en vrienden veilig zijn. 🙏

Nederland moet alle hulp aanbieden om zoveel mogelijk levens te redden. #Deprem #Gaziantep #Türkiye #aardbeving";1;2023-02-06T08:31:02.000Z
"Vandaag was het een fantastische dag, 
met duizenden leden van @PvdA en @GroenLinks bij elkaar. De volgende stap in de samenwerking is gezet. Op naar 15 maart!

Samen de grootste: kan gewoon! ❤️💚 ";1;2023-02-04T18:35:20.000Z
"Het worden spannende verkiezingen. Voor het eerst in 20 jaar kan links weer de grootste fractie in één van de Kamers leveren. Zo kunnen @GroenLinks en @PvdA een fundamenteel andere koers voor NL afdwingen.
Een socialer en groener Nederland: kan gewoon.

";1;2023-02-03T19:04:07.000Z
"Over de ruggen van mensen die lijden onder inflatie en van de aarde €38 miljard winst maken: Shell doet het. Dit is een woekerwinst.

Daarom dienen wij vandaag weer een wetswijziging in om deze woekerwinsten te belasten met 49,5%. Benieuwd of de coalitie deze keer wel voor stemt ";1;2023-02-02T12:43:11.000Z
@estherouwehand Welkom terug @estherouwehand! 👏;1;2023-02-02T08:32:04.000Z
"38 miljard winst voor Shell: wie durft nog te beweren dat fossiele subsidies nodig zijn? Hou toch op! Slecht voor het klimaat en slecht voor werkenden. Alleen goed voor aandeelhouders.

Dit is niet uit te leggen. Stop fossiele subsidies!

";0;2023-02-02T08:01:19.000Z
@Miguel_Ririhena @Tynaarlo Gefeliciteerd @Miguel_Ririhena! Enorm trots op jou en @UfukKahya, jullie hebben het verdiend! 👏;1;2023-02-02T07:35:42.000Z
@NeckervanNaem @UfukKahya Gefeliciteerd @UfukKahya!;1;2023-02-02T06:51:24.000Z
Stop fossiele subsidies! ;0;2023-02-02T06:44:28.000Z
"Mooie gezamenlijke actie van @FNV en @MilieuDefensie. De kracht van samenwerking tussen rood en groen! 💪

";1;2023-02-01T14:59:34.000Z
"Terwijl fossiele concerns als ExxonMobil ten koste van de aarde bizarre winsten maken, blijft Nederland fossiele bedrijven subsidiëren. Waarom? Stop met fossiele subsidies!

";0;2023-02-01T08:04:34.000Z
"Geweldig nieuws! Onze motie Slavernijverleden is net aangenomen.

Deze geschiedenis verdient het om ook zichtbaar te zijn daar waar het zich grotendeels heeft afgespeeld: in Suriname en het Caribisch gebied. Het is onze gedeelde verantwoordelijkheid om dit voor elkaar te krijgen. ";1;2023-01-31T15:47:42.000Z
"Prachtig hoe de samenwerking tussen @PvdA en @GroenLinks leidt tot inhoudelijke discussies over de toekomst. Noortje Thijssen en @TimSJongers hebben een mooie aanzet geschreven, ik kijk uit naar verdere gesprekken met onze leden.
";1;2023-01-30T09:10:28.000Z
De demonstranten hebben groot gelijk met hun eis. Het is absurd dat we miljarden aan subsidies in de fossiele industrie pompen. De politiek moet in actie komen. Daarom komen wij met een wetswijziging die fossiele subsidies afbouwt. Tijd om te investeren in een groene toekomst. ;1;2023-01-28T15:45:17.000Z
"De paniek van de premier is terecht. Hij voelt zijn machtsbasis verdwijnen. Een politieke aardverschuiving is mogelijk: na 15 maart kan groene &amp; sociale politiek de grootste worden, en is het uit met de VVD-agenda voor de allerrijksten.
Doe mee: ";0;2023-01-28T09:15:08.000Z
"Extra reden om fossiele subsidies af te schaffen. Met dat geld kunnen we de huizen van lage inkomens het snelste isoleren en verduurzamen.

De aanpak van energie-armoede moet topprioriteit zijn. Ik wil dat Rutte daar dinsdag vragen over beantwoordt.

";1;2023-01-27T17:09:59.000Z
"Terwijl de aarde in de fik staat, betalen fossiele bedrijven als Tata Steel weinig tot geen energiebelasting. Zo geeft het kabinet nog steeds miljarden subsidie aan fossiele bedrijven die de aarde vervuilen. Onbegrijpelijk.

Stop met fossiele subsidies!

";0;2023-01-27T08:22:34.000Z
Iran heeft de Nederlandse Europarlementariërs @thijsreuten en @bgroothuis op de sanctielijst geplaatst. Onacceptabel. Het betreft hier democratisch gekozen politici die terecht kritiek uiten op de misdaden van het Iraanse regime.;0;2023-01-25T17:43:38.000Z
"Wow! Ten tijde van de stikstofcrisis en klimaatcrisis een groot vliegveld erbij willen. Koekoek. 🤦‍♂️

";0;2023-01-25T11:46:12.000Z
"Tijdens WOII zijn 6 miljoen Joden vermoord. Dat zoveel jongeren daaraan twijfelen is verschrikkelijk en enorm zorgelijk.

Er ligt een belangrijke taak voor ons allemaal om de gedachte aan de slachtoffers in leven te houden. Nooit meer fascisme!

#holocaust
";0;2023-01-25T09:56:04.000Z
"Dit is niet alleen gevaarlijk voor het milieu, maar ook voor de gezondheid van mensen. In België is het al verboden. In Duitsland is het al verboden. En ons kabinet beweert weer dat een verbod in Nederland onmogelijk is. 🤷‍♂️

";0;2023-01-23T13:23:45.000Z
"De waarschuwingen van experts stapelen zich op: we bevinden ons in een klimaatcrisis. Langer wachten is onverantwoord, duur en gevaarlijk.

Het kabinet haalt jaar na jaar de eigen klimaatdoelen niet eens. Het is de hoogste tijd voor echt groen beleid.

";0;2023-01-23T12:11:10.000Z
Dit is geen inschattingsfout: het kabinet Rutte IV vertraagt en traineert altijd. Twee cruciale fouten deze week: Schiphol koopt boeren uit en @ministerlnv Adema is niet eerlijk over #derogatie. Een perspectief voor boeren en een plan voor de natuur blijft ondertussen uit. ;0;2023-01-20T15:59:39.000Z
"Één blok één doel: Nederland moet groener en socialer. 
 
Daarvoor moeten we samenwerken. Voor het eerst in lange tijd kan een linkse fractie de grootste worden. Krachtige woorden @attjekuiken!
";1;2023-01-19T21:39:22.000Z
"Wij roepen het kabinet op om dit, als grootaandeelhouder van Schiphol, te blokkeren. De schaarse stikstofruimte die we hebben moeten we gebruiken voor de natuur, woningen en PAS-melders en niet laten wegkopen door de rijkste bedrijven van Nederland. 2/2

";0;2023-01-19T16:01:57.000Z
De wereld op z’n kop: terwijl er te weinig stikstofruimte is voor de natuur, voor extra woningen en boeren, heeft Schiphol alvast op eigen houtje boeren uitgekocht. Ondanks een aangenomen motie van de Kamer om dit te voorkomen. #Schiphol #Stikstof 1/2;0;2023-01-19T16:01:57.000Z
"Leestip! Alles wat je altijd had willen weten over Nederland belastingparadijs. 👇

";1;2023-01-19T09:02:33.000Z
"Winstverwachting Ahold €2,3 miljard, Unilever €8,9 miljard. Recordomzet voor Jumbo. En miljoenen Nederlanders maken zich zorgen of ze genoeg geld hebben voor eten. Laat dat even op je inwerken.

Vestigingsbeleid? Zorg eerst voor een betaalbare maaltijd.

";1;2023-01-18T10:12:50.000Z
Fossiele bedrijven zoals Shell doen alles voor een groen imago. Studenten accepteren terecht niet meer dat hun toekomst wordt geruïneerd. @GroenLinks stelt daarom Kamervragen over de invloed van de fossiele industrie op onze universiteiten. 👇 ;0;2023-01-18T08:43:52.000Z
Gefeliciteerd @LauraBromet, @HabtamudeHoop en @Ahammelburg 👏 ;1;2023-01-17T15:47:38.000Z
"Het is officieel: Artikel 1 van de Grondwet wordt aangepast! Het is voortaan ook expliciet verboden om te discrimineren op grond van het hebben van een handicap of op seksuele gerichtheid. 🏳️‍🌈♿️

Een historische stap! 💪

";1;2023-01-17T15:38:58.000Z
"Sommige multinationals en hun lobby VNO-NCW zijn in alle staten. Door de initiatiefwet verantwoord ondernemen moeten namelijk álle bedrijven zich aan mensenrechten en duurzaamheidsafspraken houden. Zeer belangrijk dat deze wet er komt. 👇

";1;2023-01-17T12:30:21.000Z
"De wereld staat in brand: 2022 was het 5e warmste jaar ooit gemeten, na 2016, 2020, 2019 en 2017. En volgens wetenschappers kunnen we 1,5e graad opwarming ook vergeten. We moeten alles op alles zetten om te voorkomen dat de aarde nog verder opwarmt.

";0;2023-01-16T15:39:25.000Z
"De rijkste 1% wordt steeds rijker en de ongelijkheid steeds groter: we weten het al 10 jaar. Belast inkomen uit vermogen net zo zwaar als inkomen uit werk en voer een miljonairsbelasting in! Het is tijd voor een eerlijk belastingsysteem, ook in Nederland.

";0;2023-01-16T14:20:43.000Z
"Den Haag gaat een gedreven politicus missen. Bedankt voor je jarenlange inzet voor de publieke zaak, @gertjansegers!
";1;2023-01-13T07:57:42.000Z
"Gewonden, doodsbange huisdieren, milieuschade en gedesoriënteerde vogels. Lokale maatregelen helpen niet. Wat @GroenLinks en @PartijvdDieren betreft hebben we een fijn en veilig oud en nieuw voor iedereen: tijd voor een totaalverbod op vuurwerk.

";0;2023-01-06T09:03:09.000Z
Daarom gaan @Ct_teunissen en ik deze maand nog de behandeling van ons wetsvoorstel voor een landelijk vuurwerkverbod in de Kamer doorzetten. Zodat we 2024 op een veilige manier kunnen inluiden, mét oliebollen en een vuurwerkshow, maar zonder geweld en gewonde hulpverleners. /2;1;2023-01-02T15:29:00.000Z
Nieuw jaar, dezelfde problemen: geweld tegen hulpverleners, kapotte ogen en handen, luchtvervuiling en doodsbange dieren. Hoe lang blijven we dit nog accepteren? De politiek moet nu verantwoordelijkheid nemen. Het is de hoogste tijd voor een landelijk vuurwerkverbod. /1 ;0;2023-01-02T15:28:59.000Z
"Prachtig interview met ons @GroenLinks Kamerlid @Kauthar_ ❤️💚 Over gelijkwaardigheid, klimaatrechtvaardigheid, politiek, big organizing, en veel meer. Lees dat stuk! #HoopBovenHaat

";1;2022-12-23T13:40:56.000Z
"Al jaren is discussie over de omvang van fossiele subsidies in Nederland. De schattingen lopen uiteen van 4 - 17,5 miljard.

Eindelijk wordt nu eens uitgezocht om hoeveel het precies gaat. Als we slim zijn geven we dat geld daarna uit aan verduurzaming in plaats van vervuiling. ";1;2022-12-21T11:00:25.000Z
Vandaag zijn met de excuses een belangrijke stap gezet. Er is te veel leed en verdriet uit het verleden. De toekomst verdient vele malen beter. En dus zijn deze excuses wat mij betreft het begin van herstellen, helen en toenadering.;1;2022-12-19T16:53:57.000Z
"Veel ouders maken zich zorgen over de enorm hoge kosten van de kinderopvang. Dankzij de inzet van @GroenLinks en @PvdA krijgen ouders volgend jaar meer compensatie dan het kabinet eerder nodig vond. Belangrijk om 2023 voor gezinnen betaalbaar te houden!

";1;2022-12-15T12:30:07.000Z
"Miljoenen Nederlanders kunnen de boodschappen al niet meer betalen. Bezuinigen is dan ondenkbaar. Het kabinet moet juist investeren om te voorkomen dat mensen door het ijs zakken. Leg de rekening neer bij de sterkste schouders: vermogenden en bedrijven.

";0;2022-12-14T06:34:26.000Z
"Goed nieuws: ouders krijgen toch compensatie voor de enorm stijgende prijzen van kinderopvang. 👏 Hartstikke goed dat het kabinet gehoor geeft aan het voorstel van @SennaMaatoug en @BarbaraKathmann.

";1;2022-12-13T10:03:26.000Z
"Nederland is een belastingparadijs voor de ultrarijken.

Als docent of verpleger betaal je relatief meer belasting dan een multimiljonair.

Daarom presenteren @groenlinks en @pvda vandaag een plan met 28 maatregelen om dit eindelijk te stoppen.
";1;2022-12-13T08:24:48.000Z
"Keer op keer blijkt: we zijn een land dat de rijken faciliteert. Terwijl werkenden steeds moeilijker rondkomen, worden aandeelhouders steeds rijker. Het is de hoogste tijd voor een eerlijk belastingsysteem, waardoor werken weer loont.

";0;2022-12-08T08:00:47.000Z
"Dit is waarom woorden er toe doen. Oproepen om ‘bij wijze van spreken’ het parlement te bezetten - zoals sommige Nederlandse politici doen - zijn niet onschuldig, maar kwalijk en ondermijnend.

";0;2022-12-07T12:00:07.000Z
Het gaat niet alleen om de natuur of de biodiversiteit, maar ook om onze toekomst. We hebben de natuur keihard nodig. We moeten zorgen voor schoon water, een schone lucht, schone grond. Voor grote verbonden natuurgebieden. Daar moet het kabinet veel harder aan werken. 5/5;1;2022-12-07T10:16:31.000Z
Al deze problemen moeten aangepakt worden. Er is niet één knopje waar we aan kunnen draaien om de biodiversiteit te verbeteren. Er is geen makkelijke oplossing, maar er gebeurt ook veel te weinig. 4/;0;2022-12-07T10:16:31.000Z
Al ons water is vies. Er zit te veel stikstof in de grond en te veel fijnstof in de lucht. We stoten veel te veel CO2 uit, de aarde warmt op, de plastic soep is gigantisch. De Nederlandse natuur verkeert in slechte staat en versnipperd in kleine gebieden. 3/;0;2022-12-07T10:16:30.000Z
100 jaar geleden zag je in je tuin, in je straat en in het bos 5x zoveel verschillende planten en dieren om je heen. De natuur is een systeem: het gaat er niet alleen om hoeveel natuur er is, maar ook hoeveel verscheidenheid er is. 2/;1;2022-12-07T10:16:30.000Z
We staan voor een ongekende natuurramp: meer dan 1 miljoen dieren en planten dreigen uit te sterven. Alle alarmbellen gaan af, maar die ramp is allang gaande. De afgelopen 100 jaar is 80% van de biodiversiteit in NL verdwenen. De oplossing is niet makkelijk, maar is er wel. 1/ ;0;2022-12-07T10:16:29.000Z
Het is officieel: voortaan mag de huisarts een abortuspil voorschrijven. De initiatiefwet van @PvdA, @GroenLinks, @VVD en @D66 is net aangenomen door de Eerste Kamer. Een enorme mijlpaal! Gefeliciteerd @CorinneEllemeet en iedereen die zich hiervoor heeft ingezet! ❤️💚 ;1;2022-12-06T13:18:57.000Z
"Energie, kinderopvang, boodschappen: alles wordt duurder, terwijl grote groepen nu al de rekeningen niet kunnen betalen. We moeten de grote ongelijkheid in dit land structureel aanpakken, zodat mensen niet bij elke klap omvallen. #koopkracht 

";0;2022-12-06T09:46:44.000Z
"Weer fluit de rechter het kabinet terug: ‘geen basis voor beperking gezinshereniging.’ Niet verrassend: een motie van @GroenLinks en @PvdA vroeg om een juridische toets voor het onzalige plan. De @StasJenV vond het niet nodig, ten koste van onnodig leed.

";0;2022-12-05T17:10:18.000Z
In dezelfde week dat de veiligheidsdiensten wéér waarschuwen voor de dreiging van China, zet de minister van Economische Zaken de deur wagenwijd open. Dit kabinet is veel te naïef over China: economische belangen gaan altijd boven onze veiligheid. Dit moet veranderen, en snel. ;0;2022-12-02T10:14:25.000Z
Wat @PvdA en @GroenLinks doen is historisch: we stappen over onze verschillen heen om samen links bij de Provinciale Statenverkiezingen in maart de grootste te maken. Gefeliciteerd en succes met jullie lijsttrekkerschap @PRosenmoller en @MeiLiVos. ❤️💚 ;1;2022-12-01T17:17:29.000Z
"Leve de democratie! Dankzij een initiatiefwet van @GroenLinks en @D66 krijgt de kiezer méér invloed in de waterschappen. Geweldig gedaan en gefeliciteerd @LauraBromet! ❤️💚

";1;2022-11-29T14:53:27.000Z
Het is een politieke keuze om deze problemen op te lossen. Stijgende armoede, honger, dakloosheid: het is het gevolg van bewust beleid. Het fijne is dat we dat ook kunnen oplossen mét beleid. 4/4;1;2022-11-28T12:46:35.000Z
Housing first werkt: eerst dak- en thuislozen een dak boven het hoofd bieden door flexibele huisvesting en dáárna hulp. En het levert nog geld op ook, blijkt uit berekeningen van het ministerie van VWS 3/ ;1;2022-11-28T12:46:34.000Z
Het geld voor de maatschappelijke opvang is sinds 2010 nauwelijks toegenomen, terwijl het aantal dak- en thuislozen enorm stijgt. Het werkelijke aantal daklozen ligt vermoedelijk nog veel hoger. 2/ ;0;2022-11-28T12:46:33.000Z
Steeds meer mensen gaan naar de voedselbank of zijn dakloos. Terwijl we voor het eerst een minister voor Armoedebeleid hebben. Kom op kabinet: laat niemand vallen! Er is zoveel mogelijk: verbeter de maatschappelijke opvang en de jeugdzorg. 1/;0;2022-11-28T12:46:31.000Z
"150 jaar na de afschaffing van de slavernij volgen binnenkort eindelijk excuses van de Nederlandse staat. Hier is door heel veel mensen al heel lang voor gestreden.

Excuses zijn ongelooflijk belangrijk, want de gevolgen van het verleden werken nog steeds door in het heden.";1;2022-11-25T13:48:50.000Z
Ik zei het eerder en zal het herhalen: wat in #Staphorst gebeurde is buitensporig en racistisch. Vreedzame demonstranten is door relschoppers een grondrecht ontnomen. @SylvanaBIJ1 en ik hebben vandaag Kamervragen gesteld en vragen samen een debat aan. ;0;2022-11-22T15:14:06.000Z
“VVD en CDA zijn bang dat beleid mogelijk klimaatverandering helpt tegengaan.” ;0;2022-11-21T11:54:43.000Z
Wat in #Staphorst gebeurde is buitensporig en racistisch. De politie had niet KOZP moeten tegenhouden, maar degenen die met agressie, intimidatie en geweld het recht op vreedzaam protest verhinderden en zorgden voor gevaarlijke situaties voor demonstranten en mede-weggebruikers.;0;2022-11-20T14:40:48.000Z
Een doorbraak in de zoektocht naar waarheid en een dag van gerechtigheid: drie verdachten van de MH17-ramp zijn tot levenslang veroordeeld. Zij horen achter de tralies. Veel sterkte aan de nabestaanden. #MH17;1;2022-11-17T15:35:32.000Z
"Voor iedereen die straks in m’n timeline verschijnt over de kosten van klimaatverandering: niets doen, dat is pas duur - om nog maar te zwijgen over hoe funest het is voor het voortbestaan van de beschaving.

";1;2022-11-10T16:42:58.000Z
De overstromingen op Bonaire zijn verschrikkelijk. De Nederlandse regering moet alles doen wat zij kan om onze landgenoten te helpen. @Kauthar_ en ik hebben daar Kamervragen over gesteld. Veel sterkte aan iedereen op Bonaire. ;1;2022-11-09T16:29:03.000Z
"Dit is smakeloos, lager dan laag en ontzettend laf. Laat de familie van politici er buiten. Dit is geen demonstratie, dit is dieptrieste intimidatie.

";0;2022-11-05T14:14:00.000Z
"Een #prijsplafond is ongelooflijk belangrijk om Nederlanders te helpen hun energierekening te kunnen betalen. Uit- of afstel is geen optie. Als het niet in goed overleg met energiemaatschappijen kan, dan moet het kabinet het desnoods dwingend opleggen.

";1;2022-11-03T20:40:47.000Z
Geen keuze maken over stikstof is ook een keuze: tegen de woningbouw, tegen natuurherstel, tegen het klimaat en tegen waterkwaliteit. Er zijn geen makkelijke opties meer - en dat zeg ik niet omdat ik dat zo leuk vind om te vertellen, maar omdat het eerlijk is. #Stikstofdebat ;1;2022-11-03T19:16:16.000Z
"Excuses voor het slavernijverleden is een ongelooflijk belangrijke stap. Hier wordt door heel veel mensen al heel lang voor gestreden.

";1;2022-11-03T18:38:40.000Z
Raad van State beslist in het voordeel van de natuur: de bouwvrijstelling mag niet. Tegelijk wil minister van Landbouw nog wat extra jaren de tijd nemen voor stikstofvermindering. Exemplarisch voor het beleid van de laatste jaren. Het kabinet MOET gaan regeren. #stikstof ;1;2022-11-02T09:36:58.000Z
"""Grote vervuiler laat milieu vallen."" ""Adema zet stikstofdossier weer op scherp."" ""Planbureau voor de Leefomgeving velt hard oordeel over klimaatdoelen van kabinet.""

De klimaatcrisis is NU. Dank aan al onze donateurs om dit op de voorpagina’s duidelijk te maken. ❤️💚 ";1;2022-11-02T09:05:00.000Z
"Het kabinet negeert wéér een aangenomen Kamermotie. Afvaardiging Qatar, spreidingswet asiel, perspectiefbrief voor de boeren: allemaal terzijde geschoven.

Democratisch echt onacceptabel. De Tweede Kamer is geen vrijblijvende denktank, maar de gekozen volksvertegenwoordiging.";0;2022-11-02T08:32:45.000Z
"Een perspectiefbrief maken lukt niet, maar váls perspectief schetsen is blijkbaar geen enkel probleem. Hou de boeren niet voor dat natuurdoelen ook wel wat later kunnen.

Stop met loze beloften en doe wat nodig is.

";0;2022-11-02T08:23:46.000Z
"Geen verrassing: het kabinet gaat de #klimaatdoelen wéér niet halen. Net als vorig jaar. En het jaar daarvoor en daarvoor. De wereld staat in brand en het kabinet ligt niet eens op koers om de eigen ambities waar te maken. Wat zijn beloftes dan nog waard?

";0;2022-11-01T15:58:58.000Z
"Prijsplafond afschaffen? Dan eerst plannen maken voor maatwerk, adequate uitkeringen en energieonafhankelijkheid. Niet meer steeds problemen ontkennen en pas op het allerlaatste moment inzien dat miljoenen mensen niet meer rondkomen. #energiearmoede

";0;2022-11-01T12:47:58.000Z
"Geen zorgen over gestegen kosten: de Quote 500-leden zijn wéér rijker geworden. Dit is wat je krijgt door ontketend kapitalisme. Het is de hoogste tijd om de rijkste 1% van Nederland eerlijk te belasten.

";0;2022-11-01T07:59:59.000Z
"Vanaf nu ook te vinden op Mastodon; verreweg het beste alternatief voor Twitter. #Mastodon

";1;2022-10-31T17:18:24.000Z
"Huur je een slecht geïsoleerd huis? Pech: niet de eigenaar, maar jij betaalt de torenhoge energierekening. Een verplichte huurverlaging voor dit huurgebrek zet huisbazen aan om te verduurzamen. Een @PvdA en @GroenLinks motie daarover is al aangenomen.

";1;2022-10-31T13:32:11.000Z
Het is een trieste week met dieptepunt na dieptepunt. Nu moet de journalistiek het ontgelden. De aanvallen op @Merelek en daarmee de journalistiek gaan alle perken te buiten. Stop. Het is genoeg geweest.;0;2022-10-23T18:45:24.000Z
Racistische, islamofobe, xenofobe, misogyne drek. Dit gedrag gaat alle perken te buiten. Deze haat en ontmenselijking is niet alleen een bedreiging richting mijn fantastische collega en volksvertegenwoordiger @Kauthar_, maar voor onze samenleving als geheel. Stop hiermee.;0;2022-10-21T18:20:02.000Z
"Innovatiesubsidies werken misschien, strenge normen werken zeker. En nog een voordeel: strenge normen zijn gratis. Nu nog de bestaande milieuregels fatsoenlijk toepassen en handhaven om bedrijven te dwingen om de schoonste technieken te gebruiken.

";1;2022-10-20T12:07:55.000Z
"Geen woonbeleid maar wanbeleid: de afgelopen 10 jaar kwamen er geen sociale huurwoningen bij. #wooncrisis

";0;2022-10-20T08:48:33.000Z
Prachtige woorden van @Kauthar_, roerend mee eens. Helaas levert uitspreken over datgene wat juist is zeer veel vervelende reacties en persoonlijke aanvallen op. Dat maakt wat Kauthar zegt niet minder waar. #Hoopbovenhaat ;1;2022-10-20T07:56:03.000Z
"Met heel mijn hart ondersteun ik het advies van mijn delegatiegenoten: excuses voor het slavernijverleden, als essentieel begin van erkenning en herstel.❤️ Dit gaat om gelijkwaardigheid en rechtvaardigheid.

";1;2022-10-18T19:34:30.000Z
"Als je niet je huur, je zorg of boterhammen kan betalen, wat is het bestaansminimum dan nog waard? Juist nu we keuzes maken voor de begroting van 2023 kan het kabinet ervoor zorgen dat mensen niet door het ijs zakken. Armoede is het gevolg van beleid.

";0;2022-10-17T10:22:25.000Z
Slappe hap: het kabinet regeert niet. Het neemt het advies van #Remkes maar half over en schuift weer een dossier voor zich uit. Resultaat: vertraging en onzekerheid voor iedereen, behalve voor woningzoekenden en de natuur. Die weten nu zeker dat ze nog jaren de klos zijn.;0;2022-10-14T14:59:34.000Z
@estherouwehand @PartijvdDieren Veel sterkte Esther! Hoop je snel weer terug te zien, maar neem vooral alle tijd die je nodig hebt! 💚;1;2022-10-11T10:45:57.000Z
@JeltjevanN Welkom Jeltje! ❤️💚;1;2022-10-09T18:34:02.000Z
Er gaat filmpje van mij rond, waarin ik na een interview nog even doorpraat met een journalist. Daarin zeg ik hetzelfde als dat ik eerder op camera ook heb gezegd: dat ik blij ben met het rapport van Remkes.👇 ;1;2022-10-05T17:17:51.000Z
Verstandig advies van Remkes. Hij houdt de stikstofdoelen overeind en doet zelfs een schepje bovenop het regeerakkoord: binnen een jaar moeten 500 tot 600 piekbelasters stoppen. Neemt het kabinet de aanbevelingen over? #Remkes;1;2022-10-05T11:16:49.000Z
"Mooi. Nu doorpakken!

#Remkes #stikstof #stikstofcrisis

";1;2022-10-05T10:02:04.000Z
"18:36. Het is precies 30 jaar geleden dat de Bijlmerramp plaatsvond. 43 mensen verloren het leven, zoals de toen pas 17-jarige Cörson. Vandaag herdenken we ze allemaal. ❤️

";1;2022-10-04T16:36:15.000Z
"Niet alle problemen zullen met dit plan verholpen zijn, maar dit geeft de rust om heel gericht en structureel te werken aan armoedebestrijding en bestaanszekerheid van Nederlanders. Ook daar hebben we plannen voor, lees die hier👇 2/2

";1;2022-10-04T12:54:54.000Z
"De aanhouder wint: het plan van @PvdA en @Groenlinks voor een #prijsplafond wordt werkelijkheid! Problemen zijn er om opgelost te worden. Dit geeft heel veel mensen zekerheid over hun energierekening. Zo helpen we Nederlanders de winter door. 1/

";1;2022-10-04T12:54:53.000Z
"“Er gaat een treintje naar Dromenland.” Léonie Sazias is veel te vroeg overleden. Veel sterkte aan haar vrienden en nabestaanden.

";1;2022-10-04T10:14:51.000Z
"Onder de indruk van de ongekende moed van deze vrouwen in hun strijd voor vrijheid. Alle steun aan de demonstranten. #MahsaAmini #IranProtests2022

";1;2022-10-04T07:10:59.000Z
"Goed dat er met @Pietadema eindelijk een nieuwe minister van Landbouw is! De problemen zijn groot, de oplossingen helder: geen bio-industrie, wel natuur-inclusieve landbouw. De perspectiefbrief moet zo snel mogelijk komen. Veel succes gewenst @minlnv!

#Stikstofcrisis";1;2022-10-03T10:17:31.000Z
Een instituut verlaat de Tweede Kamer @khadijaArib. Je was een inspiratie voor velen, jouw bijdrage aan de democratie is moeilijk te onderschatten. Veel dank voor alles wat je voor ons hebt betekend.;1;2022-10-01T20:45:34.000Z
"Woekerhuren stoppen niet bij €1000. Helaas geeft het kabinet liever zekerheid aan investeerders dan aan huurders. Wonen is een recht, daarom heeft @GroenLinks een voorstel om alle woekerhuren te verbieden. #wooncrisis

";0;2022-09-29T17:26:10.000Z
"Dag 23 zonder nieuwe minister van Landbouw. Al 23 dagen ook dat boeren onnodig in onzekerheid blijven doordat perspectiefbrief ontbreekt. Kabinet blijft maar vertragen.
#Stikstofcrisis #boerenperspectief";0;2022-09-29T13:57:42.000Z
"De natuur verslechtert met de dag. Boeren weten al 3,5 jaar niet waar ze aan toe zijn. Maar met spoed een nieuwe minister van Landbouw aanstellen? Ho maar..
#stikstofcrisis ";0;2022-09-28T12:45:25.000Z
"Schertsvertoningen, anders zijn deze referenda niet te omschrijven. Cherson, Zaporizja, Donetsk en Loehansk horen - net als de Krim - bij Oekraïne. Wij blijven het Oekraïense volk steunen tegen de agressie van Poetin. #SlavaUkraini 💙💛

";1;2022-09-27T15:12:23.000Z
Het optreden van de Iraanse regering is verschrikkelijk. Dit is een strijd voor de vrijheid om je eigen keuzes te maken. Alle steun voor de dappere demonstranten in Iran. #IranProtests2022 #Iran #MahsaAmini ;1;2022-09-26T16:18:12.000Z
"De @PvdA en @GroenLinks vechten al een half jaar voor een #prijsplafond. Het kabinet voert het in, maar het moet beter. Gelukkig steunt de Kamer ons voorstel om het plafond te verruimen, zodat veel meer Nederlanders de #energierekening kunnen betalen.

";1;2022-09-22T19:16:02.000Z
Een betaalbare rekening, dat is waar @PvdA en @GroenLinks voor hebben gestreden. Dankzij ons #prijsplafond gaat de rekening voor miljoenen Nederlanders fors omlaag. We gaan de uitwerking door het kabinet kritisch volgen. #energiearmoede #energierekening #prinsjesdag;1;2022-09-20T13:41:07.000Z
Het is goed nieuws dat het #prijsplafond er na lang strijden komt. Veel is nog onduidelijk. Hoe hoog wordt het plafond? Op welk prijspeil? Wij blijven strijden tot er een plan ligt dat Nederlanders de winter door helpt. 2/2 #energiearmoede #energierekening;0;2022-09-20T12:10:24.000Z
Dit is een kabinet dat met zichzelf in de knoop ligt. Of het nou gaat om bestaanszekerheid, de klimaat- of stikstofcrisis: Rutte IV schuift alle grote problemen voor zich uit. Terwijl Nederland behoefte aan daadkracht en leiderschap heeft. 1/2 #troonrede #prinsjesdag;0;2022-09-20T12:10:24.000Z
"Ongelooflijk. De Russische agressie kent geen grenzen en geen geweten. Een kernramp dreigt. We moeten blijven volharden en blijven inzetten op sancties tegen Rusland en hulp aan Oekraïne om Poetins oorlog te stoppen.

";0;2022-09-19T12:45:32.000Z
"Van de 7 miljard aan noodsteun is 70% bij de rijkste helft van Nederland terecht gekomen. Lagere inkomens en de brede middenklasse blijven in de kou. Ons #prijsplafond voor de energierekening helpt vooral die groepen. Kabinet: kom met dat prijsplafond!

";0;2022-09-19T08:37:59.000Z
Ongekend racistische drek op de #npo. Goed dat de NPO ingrijpt, nu is het de beurt aan het Commissariaat voor de Media. We moeten een keiharde grens trekken, dit heeft niet meer met redactionele vrijheid en alles met racisme te maken. ;0;2022-09-16T14:49:49.000Z
"Heel goed, het kabinet is om. Na maandenlang tegenstribbelen komt er steun voor het voorstel van @PvdA en @groenlinks voor een prijsplafond.

Belangrijk dat dit nog dit jaar wordt ingevoerd. Mensen kunnen niet langer wachten.
";1;2022-09-16T12:37:39.000Z
Meld je aan voor de Townhall in Tilburg aanstaande zondag als je hier verder over wilt praten 👉 ;1;2022-09-16T06:28:22.000Z
"Het kabinet rent van crisis naar crisis en doet te weinig voor de problemen van miljoenen Nederlanders door torenhoge energieprijzen. @AttjeKuiken en ik willen zsm een #prijsplafond voor de energierekening, zodat mensen weer kunnen ademen. #Energiearmoede

";0;2022-09-16T06:18:53.000Z
"Energieprijzen rijzen de pan uit, rekeningen zijn onbetaalbaar en fossiele bedrijven maken megawinsten. @PvdA en @GroenLinks hebben een plan voor een energieplafond.

Benieuwd hoeveel jij bespaart met ons plan? Doe de check:

";1;2022-09-15T09:23:51.000Z
"“Het kan en het kan dit jaar!” zeggen de energiebedrijven over het plan van @GroenLinks en @PvdA voor een #prijsplafond voor energie. Het kabinet heeft geen excuus meer om niet in te grijpen.

Teken onze petitie om de druk op het kabinet op te voeren: ";1;2022-09-14T15:57:35.000Z
"Niet iedereen wordt armer: in 
2021 gingen de 30% laagste inkomens er dan wel op achteruit, de 40% hoogste inkomens kregen er juist het meeste geld bij. Dit kabinet doet consequent te weinig voor iedereen die moeilijk rondkomt. ";0;2022-09-13T17:38:18.000Z
"Hittegolven, watertekort, voedselcrises: de wereld staat in brand. 2030 komt snel dichterbij maar het is nog niet te laat: kom in actie! Door niet te handelen brengt het kabinet onze levens en de toekomst van ons land in gevaar.

";0;2022-09-13T17:10:51.000Z
Terwijl hongerige kinderen flauwvallen, wacht minister Schouten met maatregelen tot Prinsjesdag. Echt beschamend. Mensen zakken door hun hoeven heen en kúnnen niet wachten. De energierekening moet omlaag: voer een prijsplafond in voor energie! #energiearmoede #vragenuurtje ;0;2022-09-13T14:40:24.000Z
Feiten. 1: Het vluchtelingendrama in Ter Apel is een door het kabinet gecreëerd probleem. 2: Grote azc’s veroorzaken niet of nauwelijks overlast. 3: Migranten belasten de sociale zekerheid minder dan Nederlanders zonder migratieachtergrond. ;0;2022-09-12T09:47:48.000Z
Vijlbrief maakt zich meer zorgen over het verstoren van de markt dan over de verstoring van levens van miljoenen Nederlanders door torenhoge energieprijzen. Mensen zitten in de kou, terwijl energiebedrijven megawinsten maken. We moeten juist wel ingrijpen, juist nu! ;0;2022-09-09T12:27:54.000Z
Wat @suzanne_GL zegt. In actie komen als mensen dreigen afgesloten te worden is te laat. Teken onze petitie voor een prijsplafond voor energie 👉 ;0;2022-09-09T11:12:15.000Z
Teken ook onze petitie voor een prijsplafond op energie 👉 ;1;2022-09-08T07:29:30.000Z
"Heel veel Nederlanders komen nu al in de schulden. Ze kunnen niet wachten tot 2023 voor hulp. Voer zo snel mogelijk een prijsplafond in voor energie, zodat huishoudens weer kunnen ademen. Het plan van @GroenLinks en @PvdA ligt klaar! #energierekening

";1;2022-09-08T07:29:28.000Z
Heel goed dat de Europese Commissie in de energiemarkt wil ingrijpen. Laat het Nederlandse kabinet hun voorbeeld volgen en ook voor Nederlandse burgers een prijsplafond voor energie instellen. Ons voorstel ligt klaar: ;1;2022-09-07T14:22:14.000Z
"Hele normale gezinnen gaan kopje onder door de torenhoge energierekening. @GroenLinks en @PvdA willen daarom een prijsplafond voor energie. Zodat je energierekening betaalbaar en stabiel blijft.

Onze plannen: ";1;2022-09-07T08:20:39.000Z
"Tijdens de coronacrisis hebben we alles op alles gezet om bedrijven te redden. Nu moeten we alles op alles zetten om gezinnen te redden.

Daarom doen @attjekuiken en ik een voorstel voor een prijsplafond voor energie.

";1;2022-09-06T22:05:25.000Z
"Dit moet geen makkelijke keuze zijn geweest. Ik wens je alle goeds!

Het maakt de chaos op het stikstofdossier wel compleet. @AttjeKuiken en ik willen morgen uitleg van premier Rutte over wat dit betekent voor de landbouwtransitie en het perspectief voor boeren. #Staghouwer ";0;2022-09-05T18:46:44.000Z
"Steeds meer ouders ervaren financiële stress: de voetbalclub of muziekles voor de kinderen betalen lukt al niet meer. En het kabinet blijft maar zeggen dat er niets kan in 2022. Als je dat maar lang genoeg herhaalt wordt het vanzelf waar. Onbegrijpelijk.

";0;2022-09-05T09:14:26.000Z
"Om het jaar moeten verhuizen, zodat pandjesbazen de huur vrij kunnen blijven verhogen. Dat moet stoppen: wonen is een recht, geen verdienmodel. Geweldig goed initiatief van collega’s @henknijboer en @Pieter_Grinwis!

";1;2022-09-05T08:29:47.000Z
"In Nederland: 1 op de 20 kinderen heeft geen eigen bed, 1 op de 5 geen eigen fiets en 1 op de 4 kinderen in groep 5 ontbijt niet genoeg.

";0;2022-09-02T07:39:33.000Z
"Goed nieuws voor de natuur: de stikstofdoelen staan overeind! Wij willen volgende week een debat waarin minister Hoekstra helder maakt of hij achter het kabinetsbeleid staat. Een grote crisis aanpakken lukt niet met een ruziënd kabinet.

";1;2022-08-31T14:10:13.000Z
"Op dezelfde dag dat er een inflatierecord wordt gemeld, zegt het kabinet “dit jaar heeft u pech, uw bestaanszekerheid verbeteren we pas in 2023.” Volkomen losgezongen van de werkelijkheid, elke dag komen er meer en meer mensen in de schulden.

";0;2022-08-31T09:48:33.000Z
"Werkelijk beschamend. Het probleem is niet de instroom of de veilige landers, maar 12 jaar bewust afbraakbeleid op de asielopvang van de kabinetten Rutte. Iedere vluchteling verdient waardige opvang, en daar zullen wij bij het kabinet op blijven pushen.

";0;2022-08-26T12:10:16.000Z
Verschrikkelijk, ik ben diep geschokt. Mijn gedachten gaan uit naar de familie en alle betrokken medewerkers. ;0;2022-08-24T16:14:11.000Z
Precies 6 maanden geleden begon de nachtmerrie van de oorlog in Oekraïne. Vergeet het niet: dit is Poetins oorlog. Wij moeten solidair blijven, met elkaar en de Oekraïners. Slava Ukraini. 💙💛 #StopTheWar ;1;2022-08-24T09:48:09.000Z
"Tegelijk voor én tegen iets zijn. Wonderlijk. En onbegrijpelijk.

";1;2022-08-23T18:56:49.000Z
Steunen VVD, D66, CDA en CU nu wel of niet het stikstofdoel voor 2030? Vandaag dienen @AttjeKuiken en ik een motie in om ze kleur te laten bekennen. #debat ;1;2022-08-23T09:25:58.000Z
De oplossing? Kies voor herverdeling van welvaart: belast geld dat nu bij de rijkste 1% zit en enorme bedrijfswinsten zwaarder. Zodat de sterkste schouders echt de zwaarste lasten dragen en gewone huishoudens ruimte krijgen om de klappen van de markt zelf op te vangen. ❤️💚 10/10;1;2022-08-19T13:56:54.000Z
En nu wordt zichtbaar wat het met een land doet als geld boven mensen gaat: mensen gaan ten onder. De solidariteit van dit kabinet met grote bedrijven is groter dan met gewone mensen. Deze crisis is alleen te bestrijden door andere prioriteiten te kiezen. 9/;0;2022-08-19T13:56:53.000Z
"En terwijl honderdduizenden huishoudens kopje onder dreigen te gaan, zijn er ook bedrijven zoals Shell die megawinsten boeken. Engeland voerde hiervoor een extra solidariteitsheffing in, Nederland doet niets. 8/
";0;2022-08-19T13:56:53.000Z
Bovendien is het niet genoeg. Het armoedecijfer stijgt en 1 op de 10 kinderen dreigt op de groeien in armoede. En terwijl @GroenLinks al maandenlang voorstellen indient om dit tegen te gaan, steggelt het kabinet alleen maar met de oppositie. 7/ ;0;2022-08-19T13:56:52.000Z
De pijn heeft het kabinet geprobeerd te verzachten met een verlaging van btw op energie en accijns op brandstoffen. Dat lijkt misschien fijn, maar juist de hogere inkomens profiteren hiervan het meest: zij verbruiken het meest. 6/;0;2022-08-19T13:56:50.000Z
"De kosten voor vaste lasten als wonen en energie stijgen volgens @Nibud al jaren. Zo blijft er voor veel huishoudens minder over om te sparen. Nu ook boodschappen veel duurder worden, komen veel mensen in de problemen: alle rek was er al uit. 5/
";0;2022-08-19T13:56:49.000Z
"Maar ook de vermogensongelijkheid blijkt veel groter dan gedacht. De rijkste 1% van de Nederlanders bezit 25% van het vermogen, en betaalt bovendien relatief veel minder belasting dan de rest. De sterkste schouders dragen dus NIET de zwaarste lasten. 4/
";0;2022-08-19T13:56:49.000Z
"Voor bedrijven en de rijkste 1% is Nederland juist een financieel walhalla geworden. Grote bedrijven bijvoorbeeld betalen door allerlei trucs nog maar 17% belasting over hun winst, ruim tien jaar geleden was dat nog 23%. Waarom? Door bewust beleid. 3/
";1;2022-08-19T13:56:48.000Z
Vandaag komen de rekenmeesters van @CPBnl met de nieuwste financiële cijfers over huishoudens. Bitter maar niet verbazingwekkend: veel mensen zakken door het ijs. Door beleid van de kabinetten van Rutte kunnen zij geen financiële klappen meer opvangen. 2/;0;2022-08-19T13:56:48.000Z
Gewone mensen controleren, de rijken faciliteren. Dat is al jarenlang het beleid van Rutte. Maar door de torenhoge inflatie en energieprijzen is de ongelijkheid en armoede zichtbaarder dan ooit. Dat komt niet uit de lucht vallen. Een draad. 🧵 ;0;2022-08-19T13:56:47.000Z
"CDA doet wat het al jaren doet: valse verwachtingen wekken. We weten allemaal wat er moet gebeuren om de stikstofcrisis op te lossen: minder vee. Niet leuk, maar het moet wel gebeuren.

Dit is geen partij van aanpakken maar een partij in paniek.

";0;2022-08-19T13:47:47.000Z
"Afschuwelijk nieuws. Wat een laffe daad.

";0;2022-08-12T19:35:31.000Z
"Een volksvertegenwoordiger die haar werk niet kan doen vanwege bedreigingen: schandelijk en onacceptabel.
Dit is niet de eerste keer dit jaar dat onze democratie onder druk wordt gezet. Dat moet stoppen. ";0;2022-07-28T12:12:57.000Z
"Weer een goed rapport van ambtenaren. De vraag is: gaat Rutte er deze keer wel iets aan doen?
";1;2022-07-08T15:03:11.000Z
"Verschrikkelijk, wat een laffe aanslag. Dit is een schok voor de Japanse samenleving. Veel sterkte aan de nabestaanden.

";0;2022-07-08T11:39:54.000Z
"Er is wél perspectief voor boeren. 💚❤️

Niet rellen, maar aan de slag! Ook het kabinet, supermarkten en de banken moeten de handen uit de mouwen steken. Samen kunnen we dit. #Stikstofcrisis

";1;2022-07-06T07:23:40.000Z
Kabinet: open je ogen! Mensen zitten in grote financiële problemen, dit is geen extraatje maar bittere noodzaak.;0;2022-07-05T07:44:38.000Z
"Zit je in financiële nood? Dan heb je pech: dit jaar krijg je niets extra. Het kabinet weigert onze plannen om nog dit jaar de huren te bevriezen en een extra energietoeslag van €500 voor iedereen die zorgtoeslag ontvangt uit te voeren.

";0;2022-07-05T07:44:37.000Z
Kortom: de huidige problemen hangen allemaal met elkaar samen. Door onze belastingen aan te pakken kunnen we toe naar een eerlijke prijs voor de boer, wat weer leidt tot een eerlijke prijs om natuurschade aan te pakken. Simpele oplossingen bestaan niet, maar dit kunnen we! 13/13;1;2022-07-04T15:08:57.000Z
Iedereen zou biologisch en natuurinclusief geproduceerd eten moeten kunnen betalen. Daarom moeten de belastingen op arbeid omlaag, en die op kapitaal omhoog. Dat zorgt voor échte inkomensverdeling. 12/;1;2022-07-04T15:08:57.000Z
Tegelijk hebben huishoudens het nu al moeilijk met stijgende prijzen. Hoe moeten zij dan straks een nóg duurder product betalen? Goed punt! Maar inkomensverdeling regel je niet in een pak melk. 11/;0;2022-07-04T15:08:57.000Z
Schade aan de natuur en aan het klimaat moet doorberekend worden in de prijs van ons voedsel. Producten met een grote impact worden duurder, en producten met een kleine impact juist goedkoper. Door een eerlijke prijs voor ons voedsel kan de boer kan rondkomen met minder vee. 10/;1;2022-07-04T15:08:56.000Z
Landbouw moet de natuur geen schade toebrengen, maar juist hand in hand samen gaan. Boeren moeten niet alleen verdienen aan hun vee, maar ook aan landschapsbeheer. Want zij zijn veel meer dan alleen een voedselfabriek. 9/;1;2022-07-04T15:08:56.000Z
Het systeem is niet eerlijk. Er worden geen grenzen gesteld aan de uitbuiting van boeren en de natuur. @GroenLinks biedt boeren die klem zitten een aantrekkelijk alternatief en perspectief: een overstap naar natuurinclusieve landbouw. 8/;1;2022-07-04T15:08:55.000Z
In 1990 had de gemiddelde melkveehouder 40 koeien. In 2016 al bijna 100. Onder druk van supermarkten en voedselverwerkers ging de boer steeds minder verdienen. Soms moeten boeren hun producten zelfs onder hun eigen kostprijs verkopen. 7/;0;2022-07-04T15:08:55.000Z
Maar óók onze boeren worden uitgebuit: door schaalvergroting en technologische innovatie moeten zij steeds meer dieren houden voor eenzelfde inkomen. De winst gaat intussen naar anderen: de supermarkten, banken (hallo @Rabobank!) en veevoerbedrijven. 6/;0;2022-07-04T15:08:55.000Z
De oorzaak ligt in ons kapitalistische systeem. We hebben de natuur uitgebuit, zonder voor de kosten op te draaien. Er hangt immers geen prijskaartje aan het klimaat en aan biodiversiteit. 5/;0;2022-07-04T15:08:54.000Z
Onze natuur kan zulke grote hoeveelheden vee gewoon niet aan. Het aantal soorten dieren en planten is in de afgelopen 100 jaar met 80% afgenomen. Waarom? Door monocultuur, schaalvergroting, landbouwgif en stikstof. Planten die gedijen op stikstofarme grond sterven uit. 4/;0;2022-07-04T15:08:54.000Z
"Nederland is de slager van Europa: elke dag worden er 1,75 miljoen dieren geslacht. Dat is veel en veel meer dan we in ons eigen land eten. Voorbeeld: 95% van het Nederlandse kalfsvlees wordt geëxporteerd! 3/

";1;2022-07-04T15:08:54.000Z
Jarenlang is Nederland uitgezonderd van de mestregels van de EU, om met enige uitstel toch aan de regels te voldoen. Die extra tijd is niet gebruikt om voor minder mest te zorgen, maar om al die tijd evenveel vee te kunnen houden. Kop in het zand als politiek beleid. 2/;0;2022-07-04T15:08:53.000Z
"De intensieve landbouw heeft niet alleen stikstof en broeikascrises, maar ook een mestcrisis. Om de natuur te beschermen moeten we dus aan de slag. Gelukkig is de oplossing steeds hetzelfde: minder intensieve landbouw en minder dieren. Een draad. 1/

";0;2022-07-04T15:08:53.000Z
"Ik vind de nonchalance waarmee dit gezegd wordt ontzettend pijnlijk.

We vragen al maanden om extra maatregelen om armoede en schulden te voorkomen. En iedere keer gebeurt er niets.

Dit is geen kwestie van uitvoering. Dit is politieke onwil.

";0;2022-07-01T16:57:07.000Z
"Antikoloniale schrijver en denker, verzetsheld. Anton de Kom stond op tegen onrecht, tegen wie het onrecht zich ook richtte. Als eerbetoon willen we een zaal in de Tweede Kamer naar hem vernoemen: hij verdient een plek in het hart van onze democratie.

";1;2022-07-01T09:48:16.000Z
"Wat een klap in het gezicht van honderdduizenden Nederlanders. Zij zitten al in de problemen door de inflatie en torenhoge energieprijzen. Het kabinet moet voorkomen dat mensen in de schulden belanden: nog dit jaar moet er iets extra's worden gedaan.

";0;2022-06-29T16:01:39.000Z
"We moeten een grens trekken. Dat @DerkBoswijk door intimidatie zijn werk niet kan doen is een regelrechte bedreiging voor het parlementaire proces, en voor onze democratie als geheel. En daarom wil ik hierover in debat met de Tweede Kamer.

Sterkte Derk. ";0;2022-06-29T09:43:04.000Z
"Stop deze waanzin. Stop met het bedreigen van deze minister en haar gezin. Dit heeft allang niets meer met je recht op demonstratie te maken.

";0;2022-06-28T21:32:18.000Z
De minister laten kiezen tussen Klaartje of Betsie, terwijl in Nederland elke dag 1,75 MILJOEN naamloze dieren worden geslacht. 🤷‍♂️ #bioindustrie ;0;2022-06-28T11:31:26.000Z
"Stuk voor stuk rake observaties van @LodewijkA. We moeten ""ongelijk investeren om de ongelijkheid te bestrijden."" Leestip 👇 ";1;2022-06-28T09:29:24.000Z
Het stikstofbesluit is pijnlijk, maar ook onvermijdelijk. De bio-industrie moet verdwijnen en de veestapel moet kleiner worden. Maar boeren moeten ook weten waar ze aan toe zijn. Daarom blijven wij ons de komende tijd inzetten: voor de natuur en voor perspectief voor boeren. ;1;2022-06-27T11:15:08.000Z
Abortusrecht is een fundamenteel recht van vrouwen voor zelfbeschikking. Ook in Europa zijn er stromingen die ons het liefst terugbrengen naar de Middeleeuwen. Dit is onacceptabel en vraagt om ons te blijven uitspreken en met nieuwe initiatieven te komen. ;1;2022-06-25T06:50:28.000Z
"Terwijl gezinnen niet rondkomen, boeken bedrijven recordwinsten. Het kabinet twijfelt ondertussen over een extra uitkering aan mensen, die we kunnen betalen door een solidariteitsheffing voor bedrijven.

Kiest het kabinet voor aandeelhouders of gezinnen?

";0;2022-06-24T11:50:31.000Z
Boeren verdienen perspectief, de minister van Landbouw een gele kaart. Boeren moeten weten waar ze aan toe zijn en plannen kunnen maken voor de toekomst. Dat die plannen er nog niet zijn is zwaar teleurstellend. Een Kamermeerderheid geeft hem een waarschuwing met deze motie. ;0;2022-06-23T21:37:35.000Z
"Dit is een bijzonder en belangrijk moment, en een krachtig Europees signaal. Poetins oorlogsmachine zorgt niet voor verdeeldheid, maar voor juist een verenigd Europa.

";1;2022-06-23T19:19:54.000Z
"Deze stikstofcrsis vraagt moed. Moed om tegen boeren te zeggen dat het zo niet verder kan. En moed om vandaag nog te besluiten dat #LelystadAirport niet open kan. Geen uitstel maar afstel! #stikstofdebat

";1;2022-06-23T15:07:57.000Z
Kortom: BBB en JA21 scoren goedkoop met onrealistische plannen. Dit is geen leiderschap of realistische oppositie, maar voedt enkel de onderbuik. Plat opportunisme. #boerenprotest 12/12;0;2022-06-22T11:43:06.000Z
"Dit kan NIET binnen de NL'se of Europese wetgeving. Je kan per bouwproject uitzonderingen maken, maar je moet wél voldoen aan ADC:
- Er is geen Alternatief
- Er is een Dwingende reden
- Je moet de stikstofschade Compenseren.

Daarmee red je de natuur alleen nog niet. 11/12 ";0;2022-06-22T11:43:06.000Z
Klopt, er is meer dan stikstof: ruimte en de samenhang met andere gebieden en alle voor dat ecosysteem relevante soorten, droogte, klimaatverandering. Voor al deze punten is verkleining van de veestapel essentieel. Daarom zijn deze punten ook onderdeel van het NPLG. 10/12 ;1;2022-06-22T11:43:05.000Z
Er zijn al continue metingen. Permanente metingen per bedrijf zijn onzinnig, omdat het probleem niet de emissie per bedrijf is, maar de totale historische emissie, de concentratie in de bodem en de depositie in natuurgebieden. Een non-oplossing dus. 9/12 ;0;2022-06-22T11:43:04.000Z
Alles wat hier staat kan al - behalve leasen. Boeren en fabrieken hebben ooit gratis stikstofrechten gekregen. Maar het helpt niet. De ruimte komt niet terecht waar het maatschappelijk belang het grootste is: natuur en woningbouw. Het systeem moet juist strenger. 8/12 ;0;2022-06-22T11:43:03.000Z
Tafels genoeg, dat is juist het probleem. Het grote geld en de dominantie van landbouw- en industriesector in Den Haag en in de lobby houdt de transitie tegen. Het ministerie van LNV heeft alleen al op ‘innovatie’ 8 werkgroepen waar de landbouwsector aan tafel zit. 7/12 ;0;2022-06-22T11:43:02.000Z
Duitsland heeft hogere grenswaarden, omdat ze minder problemen hebben door minder dieren per km2. Als wij evenveel vee en evenveel verkeer zouden hebben, zouden we toe kunnen met dezelfde normen. Dat is precies waar wij voor pleiten. 6/12 ;1;2022-06-22T11:43:01.000Z
Dit kan alleen als we uit de EU stappen. Als we willen dat Griekenland zich aan de EMU-norm houdt en Polen de rechtstaat respecteert, dan kunnen andere landen ook wat van ons verwachten. Dat zijn afspraken die we hebben gemaakt. Bovendien wíllen we de natuur beschermen. 5/12 ;0;2022-06-22T11:43:00.000Z
De overheid had de vergunningen nooit moeten verlenen, dan hadden we nu niet hoeven onteigenen. Dat is nu eenmaal duur, maar niets doen is duurder. De maatschappelijke schade van stikstof uit de veehouderij is 5,5 miljard. Per jaar! 4/12 ;0;2022-06-22T11:42:59.000Z
"Dit gebeurt al. Het PBL, @raadrli &amp; @BIJ12nl publiceren veel rapporten over de staat van de natuur, gebaseerd op waarnemingen van soorten, lucht-, water- en bodemkwaliteit. Ook organisaties als Natuurmonumenten en Staatsbosbeheer rapporteren over de staat van hun gebieden. 3/12 ";1;2022-06-22T11:42:58.000Z
De wet is wél in lijn met EU-regels, maar onhaalbaar gebleken door PAS. De KDW's zijn geen doel op zich, maar een instrument, natuurbeleid is al gebaseerd op waarnemingen en juist de huidige enorme schaal van de veehouderij draagt niet bij aan de voedselzekerheid. 2/12 ;0;2022-06-22T11:42:57.000Z
JA21 en BBB introduceerden een 10-puntenplan stikstof. Daarmee zou Nederland van het slot gaan. Maar het plan is punt voor punt werkelijk onzin. Dit is oneerlijke politiek. Een draad. #boerenprotest 🧵 ;0;2022-06-22T11:42:56.000Z
Het #boerenprotest is langer geradicaliseerd. Hoe groot de intimidatie ook is: we gaan door met ons werk en blijven eerlijk zeggen wat nodig is: De veestapel moet kleiner. We moeten de bio-industrie afschaffen en perspectief bieden voor biologische boeren. #Stroe ;1;2022-06-22T11:16:52.000Z
Boeren zitten al jaren in onduidelijkheid. Verder traineren helpt hen niet, de provincies moeten aan de slag. Het zou VVD, CDA en CU sieren als ze opkomen voor hun stikstofminister in plaats van dit pijnlijke proces verder te vertragen. #boerenprotest 3/3;0;2022-06-22T07:18:50.000Z
Ammoniak slaat dichtbij de bron neer. Het is dus logisch dat in gebieden als De Peel en De Veluwe, waar heel veel bio-industrie is en de hoeveelheid stikstof soms wel 4x hoger is dan de natuur kan verdragen, fors ingegrepen moet worden. Dat is pijnlijk, maar wel eerlijk. 2/;0;2022-06-22T07:18:49.000Z
"Typische reactie van de coalitiepartijen om te vertragen in het stikstofdebat. Natuurlijk moeten natuurvriendelijke boeren kunnen doorgaan. Maar intussen is nú actie nodig om het stikstofprobleem op te lossen. 1/

";0;2022-06-22T07:18:49.000Z
"Bouwen in de polders is vaak geen goed idee. Het tast het open landschap nog meer aan, levert veel meer verkeer op, en laaggelegen poldergebieden zijn nodig voor de opvang van wateroverlast.

Buig niet voor het grote geld, bouw zoveel mogelijk binnenstedelijk!";0;2022-06-21T10:09:33.000Z
"Verrassend: VVD en CDA lobbyen voor het grote geld van projectontwikkelaars, die een half miljard kunnen verdienen als dit onzalige plan doorgaat. VVD en CDA die ons milieu te grabbel gooien voor winsten van commerciële bedrijven, deel 283 👇

";0;2022-06-21T10:09:33.000Z
"Wereldleiders doen te weinig om klimaatverandering aan te pakken. Ze zien helaas niet in dat zij het verschil kunnen maken. Er is geen tijd meer om te treuzelen, te draaien, te praten. Er is nu actie nodig voor ons klimaat.

";0;2022-06-17T12:40:16.000Z
"Het is onvermijdelijk dat we boeren uitkopen en dat de veestapel kleiner wordt. Ook de industrie en de luchtvaart moeten veranderen. Alleen zo kunnen we de stikstofcrisis aanpakken. Het is geen fijne boodschap, maar wel eerlijk.

";1;2022-06-16T14:44:26.000Z
"Dit is oneerlijke politiek. Er wordt al jaren ingezet op technische oplossingen, maar dat heeft de problemen alleen maar vergroot. Stop hiermee! Het stikstofbesluit is pijnlijk, maar we moeten nu doorpakken en stikstofcrisis oplossen! 2/2

";0;2022-06-14T13:59:52.000Z
"Het is een beproefd recept van CDA: vertragen en boeren in onzekerheid laten. Het is tijd voor duidelijke keuzes: perspectief voor boeren, het herstellen van de natuur en oplossen van de woningcrisis. Niet voor meer onduidelijkheid. #stikstofcrisis 1/2

";0;2022-06-14T13:59:51.000Z
"Er zijn te weinig woningen in NL, dus moeten we voorkomen dat bestaande sociale huurwoningen verdwijnen. Onze wet, die precies dat regelt, gaat voor de coalitie een brug te ver. Jammer: iedereen verdient een dak boven het hoofd en deze wet helpt daarbij.

";1;2022-06-14T11:56:06.000Z
"Goed openbaar vervoer is cruciaal: om de klimaatdoelen te halen, vervoersarmoede aan te pakken, om simpelweg naar je werk te kunnen. Nu dreigt een derde van de OV-lijnen te verdwijnen. Dat is onbestaanbaar. Kabinet: steun het OV!

";1;2022-06-14T09:52:55.000Z
"Een grote doorbraak voor linkse samenwerking in Nederland! Met een gezamenlijke Eerste Kamerfractie zetten @PvdA en @GroenLinks een belangrijke stap om de macht van rechtse politiek te breken en verandering mogelijk te maken.

Idealisme aan de macht. ❤️💚 ";1;2022-06-11T11:05:47.000Z
"Onacceptabel! Dit is intimidatie. Laat politici thuis met rust. Debat voer je op basis van argumenten, niet op deze manier. Ik snap dat het stikstofbesluit voor veel boeren enorme consequenties heeft, maar dit gaat veel te ver.

";0;2022-06-10T19:26:40.000Z
Het stikstofbesluit van het kabinet komt jaren te laat, en de consequenties voor boeren zijn enorm. Maar het moet gebeuren, de biodiversiteitscrisis is echt schadelijk en gevaarlijk. We kunnen dat alleen oplossen als we stoppen met intensieve veehouderij. ;0;2022-06-10T17:56:28.000Z
"Het kabinet heeft te lang gedraald. De waarheid is pijnlijk maar onoverkomelijk: we moeten drastisch onze stikstofuitstoot verminderen. We moeten de bio-industrie afschaffen en de natuur beschermen. Het is tijd voor actie.

";0;2022-06-10T14:06:27.000Z
De mens is de aarde aan het opgebruiken. We houden te veel dieren op een klein oppervlakte. Daarmee verstikken we onze natuur en brengen ons eigen bestaan in gevaar.;0;2022-06-10T14:06:26.000Z
"We moeten af van ongebreidelde groei, om zowel de mens van ongelijkheid als de aarde te redden. Daar is linkse samenwerking voor nodig. Samen maken we een vuist. Wij willen bij de verkiezingen zo groot worden dat de coalitie niet meer om ons heen kan.

";1;2022-06-09T15:54:25.000Z
"Het is niet verrassend dat mensen in de financiële problemen komen, maar schokkend dat het kabinet niet het juiste doet om hen te steunen. Nog dit jaar moet er extra steun komen, dat is ook onze inzet voor de voorjaarsnota.

";0;2022-06-09T10:39:32.000Z
"Bizar voor een rijk land als Nederland: steeds meer mensen dreigen in de financiële problemen te komen door stijgende kosten, ook mensen met een betaalde baan. Wij willen dat het kabinet gerichte steun biedt voor degenen die het nodig hebben!

";0;2022-06-09T10:39:31.000Z
"Bijvoorbeeld met professionele vuurwerkshows en georganiseerde aftelmomenten. Zodat het bijzondere van Oud &amp; Nieuw wordt behouden, en íedereen kan genieten. 🎆🎇 3/3";1;2022-06-08T08:59:47.000Z
"Vanavond behandelt de Tweede Kamer de initiatiefwet van @PartijvdDieren en @GroenLinks voor een verbod op consumentenvuurwerk. Om samen nieuwe tradities te starten met Oud &amp; Nieuw - gezellig en veilig voor mens, dier, klimaat en onze samenleving. 2/3";1;2022-06-08T08:59:46.000Z
"Hulpverleners en agenten die vuurwerk naar zich toegegooid krijgen. Artsen en verpleegkundigen die op overvolle spoedeisende hulp staan. Dieren doodsbang en de lucht vol giftige metalen.

Elk jaar richt vuurwerk een enorme ravage aan. 1/3

";0;2022-06-08T08:59:46.000Z
"👉 ""Je weet dat je aan dezelfde kant staat: van degenen die de aarde en de mens niet willen opofferen aan de macht van het geld.""

";1;2022-06-08T08:40:23.000Z
Minister Kaag en Rutte kwamen vorige maand bij ons langs voor steun, maar gingen niet in op concrete voorstellen. Voor heel veel NL'ers wordt de situatie steeds nijpender. Zonder aanpassingen van de plannen zijn wij daarom niet akkoord met de plannen die het kabinet voorlegt. 5/5;0;2022-06-07T16:35:19.000Z
"En voor wie zegt: hoe betaal je dat? Het kan. De sterkste schouders moeten de zwaarste lasten dragen: we vragen om een solidariteitsheffing voor bedrijven die door de energiecrisis juist extra veel winst maken. Zoals ze ook in Engeland doen. 4/

";1;2022-06-07T16:35:18.000Z
Extra steun voor lage- en middeninkomens: iedereen die zorgtoeslag krijgt, krijgt een eenmalige najaarstoeslag om het hoofd boven water te houden. Ook willen wij de huren van alle sociale huurwoningen bevriezen, en de huur van slecht geïsoleerde huizen verlagen. 3/;1;2022-06-07T16:35:18.000Z
De steun die het kabinet mensen biedt is onvoldoende en ongericht. We kunnen niet accepteren dat gezinnen in de schulden belanden door gebrek aan solidariteit. Wij willen het volgende om mensen in acute nood te helpen: 2/;0;2022-06-07T16:35:17.000Z
"Door stijgende inflatie en energieprijzen raken steeds meer mensen in de problemen. Dat moet aangepakt worden, maar dat laat dit kabinet na. Op deze manier kunnen @PvdA en @GroenLinks niet instemmen deze voorjaarsnota. 🧵 1/

";0;2022-06-07T16:35:17.000Z
"Over coronapolitiek kan je best van inzicht verschillen. Maar wat Forum doet is willens en wetens nepnieuws verspreiden. En daar komen ongefundeerde verdachtmakingen bovenop. Beschamend en schadelijk!

";0;2022-06-02T15:22:48.000Z
Een belangrijk moment voor de linkse samenwerking! De stembussen zijn geopend, spreek je uit! ❤️💚 #GroenLinksReferendum ;1;2022-06-02T11:30:15.000Z
"Duidelijke boodschap: ruim 70% van de stemmende DWARS-leden is voor een gezamenlijke fractie van @GroenLinks en @PvdA in de Eerste Kamer. ♥️💚
Vanaf morgen kunnen onze leden hun stem laten gelden in het #GroenLinksReferendum. Stemcode ontvang je in de mail! ";1;2022-06-01T16:39:09.000Z
@PaulSmeulders @GroenLinks026 Gefeliciteerd. Arnhem krijgt een fantastische wethouder. Heel veel succes!;1;2022-06-01T15:56:28.000Z
Dit is wat je krijgt wanneer @PvdA en @GroenLinks écht met elkaar samenwerken. Een ijzersterke klimaatvisie, met nog hogere sociale en klimaatambities. Gefeliciteerd met een prachtige visie @Suzanne_GL en @Joris_PvdA 👏 ;1;2022-05-31T10:07:57.000Z
"“Nederland kan zich niet nog meer jaren van rechtse macht en linkse verdeeldheid veroorloven.” Mooi en belangrijk betoog. Dit is nodig om verandering in Nederland mogelijk te maken.

";1;2022-05-27T08:13:05.000Z
"Erkenning is hopelijk weer een stap richting het aanpakken van institutioneel racisme in ons land. 

Het discrimineren van burgers door de eigen overheid mag nooit maar dan ook nooit meer gebeuren.

";1;2022-05-25T15:07:23.000Z
"Hier mag de wereld niet over zwijgen. Er moet zo spoedig mogelijk een onafhankelijk onderzoek komen en de daders moeten worden berecht.

";0;2022-05-25T14:49:48.000Z
Gefeliciteerd @GroenLinks020, @RutgerGW, @TouriaMeliani, @Zita_Pels en alle GroenLinksers in Amsterdam met het prachtige coalitieakkoord! En natuurlijk ook felicitaties aan @MarjoleinMoor.;1;2022-05-25T12:56:43.000Z
"Wij willen meer groen en meer sociaal. Bestaanszekerheid voor mensen die het moeilijk hebben. Steun voor huurders, een eerlijk belastingstelsel en dat vervuilers gaan betalen. 

Wil het kabinet linksom of rechtsom? 3/3";1;2022-05-20T16:28:39.000Z
Er mist een echt grondige aanpak van vermogensongelijkheid. Er komt minder geld beschikbaar voor het aanpakken van de klimaat- en natuurcrises. Er is geen concrete uitwerking van hoe we de klimaatdoelen gaan halen. Oplopende kosten van mensen worden niet genoeg gecompenseerd. 2/;0;2022-05-20T16:28:38.000Z
"De voorjaarsnota mist urgentie. Het kabinet maakt een simpele optelsom van politieke wensen, meer niet. Dat is niet genoeg, fundamentele keuzes zijn nodig om de problemen van deze tijd aan te pakken. Die ambitie zie je niet terug. 1/

";0;2022-05-20T16:28:38.000Z
"Het #smsdebat vandaag is voorbij, maar dit debacle nog niet. Er is toegezegd dat er volgende week meer informatie komt. De inspectie gaat er nog naar kijken.

We wachten dat af voordat we een eindoordeel vellen en hebben daarom tegen de #motievanwantrouwen gestemd.";0;2022-05-19T15:39:31.000Z
Premier Rutte heeft onzorgvuldig gehandeld, onterecht sms'jes verwijderd en niet gehandeld in de geest van de wet. Dit past in een patroon waarin informatie onder de pet wordt gehouden, en het ons als parlement onmogelijk maakt de overheid goed te controleren.;0;2022-05-19T15:39:30.000Z
De afgelopen 100 jaar is 85% van de plant- en diersoorten uit Nederland verdwenen. Als we zo doorgaan en het kabinet de stikstofcrisis niet aanpakt, dan wordt dat de komende jaren nog veel erger. We zijn gewaarschuwd, nu is het tijd voor actie.;0;2022-05-18T16:11:26.000Z
Vandaag is het Verantwoordingsdag, waarbij ministeries verantwoording afleggen over het afgelopen jaar. Daarin veel over de financiën van het kabinet. Maar de rapporten zeggen meer: de natuur sterft een stille dood. ;0;2022-05-18T16:11:25.000Z
"Sms’jes verwijderen, geen actieve herinneringen, ontbrekende vergadernotulen. Dit is gedrag van een premier die krampachtig alle openheid probeert te voorkomen. Mogelijk in strijd met de wet.

Wij willen een debat en dat de sms’jes terug worden gehaald bij de provider. ";0;2022-05-18T08:13:41.000Z
Met het overlijden van Mohamed Rabbae verliest NL een icoon, activist, politicus, leider. Een onvermoeibaar strijder tegen racisme en voor gelijkwaardigheid. Wij condoleren zijn naasten met dit verlies. Het is aan ons allemaal om zijn strijd voor rechtvaardigheid voort te zetten. ;1;2022-05-17T18:25:14.000Z
Het kan geen verrassing zijn dat ik voorstander van verdere linkse samenwerking ben. Dit is een belangrijke volgende stap om samen Nederland menselijker, eerlijker en duurzamer te maken. Daarom is het mooi dat het partijbestuur dit referendum nu voor onze leden uitschrijft. ;1;2022-05-17T12:48:46.000Z
"Dit is zo ontzettend wreed. Een begrafenis en rouw beantwoorden met provocatie en geweld.

Dit en het doodschieten van Al Jazeera-correspondent Shireen Abu Akleh moet ten strengste veroordeeld worden én onafhankelijk worden onderzocht.

";0;2022-05-13T12:43:38.000Z
"Het toeslagenschandaal blijkt elke keer nog groter, oneerlijker en verschrikkelijker. Dit moet opgelost worden en mag nooit meer gebeuren.

";0;2022-05-11T16:04:23.000Z
"Meer dan 1,5 graad opwarming is een ramp voor de planeet. Ondertussen is het niet zeker of kabinet Rutte 4 de komende drie jaar überhaupt aan het Urgenda-vonnis kan voldoen. Dat is onacceptabel: het kabinet moet meer doen en sneller in actie komen.

";0;2022-05-10T15:01:34.000Z
"Steeds meer Nederlanders kunnen hun rekeningen aan het einde van de maand niet meer betalen. Kabinet: kom in actie. Bevries de huren, bevries de energierekening. Naast de lage inkomens verdienen ook middeninkomens steun als ze kopje onder dreigen te gaan.

";0;2022-05-10T14:11:53.000Z
"Dit is waarom we een eerlijke vermogensbelasting nodig hebben: terwijl de meeste Nederlanders maar met moeite rondkomen, wordt de rijkste 1% steeds rijker.

";0;2022-05-10T10:25:07.000Z
"Steeds meer mensen komen moeilijk rond, terwijl de rijkste 1% steeds rijker wordt. Dit kan zo niet langer. PvdA en GroenLinks willen echte verandering. Zonder stevige linkse en groene agenda hoeft het kabinet niet naar ons te kijken voor steun.

";0;2022-05-10T06:08:28.000Z
"Samen herdenken in Den Haag. Het is zo belangrijk om dit door te geven aan de volgende generatie. Voor onze vrijheid zijn anderen gestorven. 

#dodenherdenking ";1;2022-05-04T18:42:59.000Z
Dat geld gebruiken we voor het aanpakken van de klimaatcrisis, eerlijk loon voor leraren of het opvangen van energiearmoede. Ik mocht bij de #Zelfspodcast aanschuiven om de diepte in te gaan over vermogensongelijkheid en een eerlijk belastingstelsel in Nederland. ;1;2022-04-28T07:16:59.000Z
Mag je als ondernemer niet meer zelf een pensioen opbouwen of geld opzij zetten? Tuurlijk wel! Maar als je bijvoorbeeld als pandjesbaas veel vermogen hebt en daar inkomen uit vergaart, dan wil @GroenLinks dat je daar eerlijk belasting over betaalt. Net als andere mensen.;1;2022-04-28T07:16:42.000Z
Geweldig nieuws voor iedereen die in de jeugdzorg zit! Dit komt door hard werken op het Malieveld en in de Tweede en Eerste Kamer. Goed dat deze bezuiniging van tafel is, de volgende stap moet een einde aan de marktwerking in de jeugdzorg zijn. ;1;2022-04-26T14:02:55.000Z
Helemaal mee eens. Ons ideaal is basiszekerheid voor iedereen en daar maken we ons hard voor. Ik heb niet bedoeld iets anders te suggereren. ;1;2022-04-24T17:16:54.000Z
"Het kabinet geeft gehoor aan ons voorstel maar overtuigt niet. Om te stoppen met de inkoop van Russisch fossiel en het spekken van Poetins oorlogskas is meer nodig. Zet in op een boycot en stevig energie besparen, en weer Gazprom uit onze energie-infra.

";0;2022-04-22T16:24:58.000Z
"Van harte gefeliciteerd @AttjeKuiken met je verkiezing! We werkten al fijn samen, ik kijk er naar uit om dat voort te zetten en samen verder vorm te geven aan de samenwerking tussen @GroenLinks en @PvdA!

";1;2022-04-22T08:34:51.000Z
"Huurprijzen gaan door het dak. De koopkracht neemt af en dit kabinet blijft stil. 

Terwijl de oplossingen helder zijn: bevries de huurprijzen en voer een puntenstelsel voor alle huurwoningen in. Wonen moet betaalbaar zijn voor iedereen. 

";0;2022-04-21T07:20:04.000Z
"Nog dit jaar stoppen met Russische olie: Duitsland laat zien dat het kan. Nu is het de beurt aan Nederland. Hoe eerder we stoppen met Russische fossiele brandstoffen, hoe beter.

";1;2022-04-20T19:42:05.000Z
"We komen hier alleen uit als we ons hele belastingstelsel herzien: inkomen uit vermogen net zo zwaar belasten als inkomen uit werk en een miljonairsbelasting invoeren voor mensen met heel veel geld.

Zodat ons belastingstelsel begrijpelijker, maar vooral eerlijker wordt. (4/4)";1;2022-04-15T13:53:07.000Z
"Ons belastingstelsel is zo ondoorgrondelijk dat gewone mensen erin vastlopen, terwijl mensen die al heel veel geld hebben er als beste uitkomen. (3/4)
";0;2022-04-15T13:53:07.000Z
"Echt onacceptabel. 

Iedere cent die nu naar vermogenden gaat vanwege rammelende belastingwetgeving in het verleden, moet de komende jaren worden opgebracht door mensen met veel vermogen. 

Dat is wat @groenlinks betreft een harde eis. (2/4)";0;2022-04-15T13:53:06.000Z
Het is onbestaanbaar dat staatssecretaris Van Rij overweegt mensen met een gewoon inkomen te laten opdraaien voor minstens 7 miljard euro (!!!) aan belastingteruggave voor mensen met vermogen. (1/4) ;0;2022-04-15T13:53:06.000Z
"Sterk betoog van @MarjoleinMoor en @TimmermansEU. Progressief Nederland staat samen sterker!

";1;2022-04-15T05:52:12.000Z
"De klimaatcrisis lost niet zichzelf op. We hebben meer nodig dan mooie woorden in een regeerakkoord, we kunnen de energietransitie niet overlaten aan de fossiele industrie. 
Kabinet: Pak de grote vervuilers zoals de laatste kolencentrales aan en investeer in groene alternatieven. ";1;2022-04-14T11:57:06.000Z
"Ontzettend veel respect voor de klimaatbeweging die zich blijft uitspreken voor het aanpakken de klimaatcrisis en voor onze toekomst.

Dit is een wereldwijde roep om leiderschap aan politici om keuzes te maken voor een klimaatneutrale wereld. We hebben geen tijd te verliezen. ";1;2022-04-13T10:32:24.000Z
Lilianne Ploumen heeft veel betekend voor NL. Ze is mijn politieke maatje en een drijvende kracht achter de samenwerking tussen onze partijen. Ik ben je enorm dankbaar voor je inzet, en ga ervan uit dat ik die met je opvolger ga doorzetten. Bedankt voor alles @PloumenLilianne. ;1;2022-04-12T09:11:57.000Z
"Institutioneel racisme was bij directie van Belastingdienst al 1,5 jaar bekend, maar ondanks herhaalde verzoeken van de Tweede Kamer en journalisten werd deze uiterst pijnlijke informatie door het kabinet stilgehouden en weggelakt. Nieuwe bestuurscultuur?

";0;2022-04-11T19:07:43.000Z
Het kabinet moet op zoek naar extra geld om tegenvallers op te vangen. Wild idee: laten we beginnen met iedereen eerlijk belasten. Geen financiële voordeeltjes meer voor miljonairs en pandjesbazen. Dat levert miljarden op. ;1;2022-04-11T10:47:52.000Z
"We gaan niks afpakken. We gaan eerlijk belasten.

(Multi)miljonairs betalen relatief veel minder belasting dan mensen in loondienst. Dat is een politieke keuze van dit kabinet. Wij willen een nieuw belastingstelsel waarin iedereen evenveel bijdraagt.

";1;2022-04-09T06:17:14.000Z
"Informatie achterhouden, woordspelletjes, beeldvorming boven inhoud.

Het is nu minister De Jonge die het doet, maar ministers komen hiermee weg omdat VVD, CDA, D66 en ChristenUnie elke keer met deze oude manier van politiek bedrijven blijven steunen. ";0;2022-04-08T14:30:44.000Z
"Fouten maken als minister kan en mag. Maar als je een fout maakt, geef het dan ruiterlijk toe. Wacht daarmee niet tot het laatste moment, tot het echt niet anders meer kan. Dát is de nieuwe bestuurscultuur.

De houding van minister De Jonge was dat niet.
#mondkapjesdeal";0;2022-04-07T19:38:11.000Z
"Informatie achterhouden tot het allerlaatste moment, tot het echt niet anders meer kan. En dan sorry zeggen. Is dit waar we staan met de nieuwe bestuurscultuur?

";0;2022-04-06T15:06:49.000Z
"Elke dag stroomt er geld van Europa naar Rusland voor olie, kolen en gas. Daarmee financieren we de oorlog van Poetin, dat is onverteerbaar. De motie van @GroenLinks &amp; @PvdA om te stoppen met Russische fossiele brandstoffen is zojuist aangenomen.

";1;2022-04-05T14:38:57.000Z
"Alweer het derde IPCC-rapport met een glasheldere boodschap: om een leefbare aarde te behouden moeten we onze CO2-uitstoot sneller terugdringen. 

De zoveelste wake-upcall voor het kabinet. 

We moeten nu inzetten op duurzame energie en besparing. ";1;2022-04-04T19:07:24.000Z
Stef Blok wordt de nationaal coördinator sanctienaleving en handhaving, en de taakgroep werkt in opdracht van de stuurgroep. Alles is opgelost… ;1;2022-04-04T14:07:36.000Z
"Het kabinet roept mensen op om energie te besparen. Bezuinigen is goed, maar niet genoeg. Als we het echt menen, dan moet NL stoppen met de import van fossiele brandstoffen uit Rusland. Anders blijven we de oorlogsmisdaden van Poetin meefinancieren.

";0;2022-04-04T09:29:10.000Z
"Honderden mensen liggen doodgeschoten op straat in Boetsja. Slachtoffers dragen geen uniform maar houden een boodschappentas vast, liggen wezenloos naast een fiets. Dit zijn gruwelijke oorlogsmisdaden van Poetins hand die niet onbestraft mogen blijven.

";0;2022-04-03T11:23:17.000Z
Aan iedereen die meedoet: een hele fijne en betekenisvolle Ramadan toegewenst. Ramadan mubarak!;1;2022-04-01T21:22:36.000Z
Het is vandaag precies een jaar na het debat over een nieuwe bestuurscultuur, maar het kabinet stelt nog steeds zoveel mogelijk besluiten uit. GroenLinks wil volgende week een debat over de uitvoering van de sancties.;0;2022-04-01T15:36:25.000Z
Zwaktebod en geveinsde daadkracht van minister Hoekstra. België bevriest 10 miljard Russische tegoeden, wij 400 miljoen. Frankrijk neemt 390 woningen in beslag, wij 0. We hebben geen sanctiecoördinator nodig, we moeten eindelijk eens doorpakken met de sancties. ;0;2022-04-01T15:36:25.000Z
Gênant. Minister Hoekstra geeft geen antwoord op vragen Tweede Kamer en verwijst continu naar andere (afwezige) ministers. Kabinet had alles moeten voorbereiden. De Oekraïners kunnen niet wachten, maar het debat over de oorlog is nu geschorst tot het kabinet wél antwoorden heeft.;0;2022-03-31T11:55:50.000Z
"Maatregelen van het kabinet zouden gefocust moeten zijn op de mensen die nu al flink in de problemen zitten! 

Solidair zijn betekent dat we elkaar helpen als dat nodig is. Maar blijkbaar kiest het kabinet daar niet voor. 9/9";0;2022-03-30T18:58:18.000Z
"Kortom: het kabinet doet maar wat, en dat pakt niet goed uit. Wij willen weten waarom deze maatregelen worden genomen.

Er moet echt snelle en gerichte hulp komen: extra verhoging van minimumloon per 1 juli en van de zorgtoeslag. In plaats van een accijns- en btw-verlaging. 8/9";0;2022-03-30T18:58:18.000Z
"Ook niet voor gekozen: verhoging van de zorgtoeslag. Waarom? Wegens 'uitvoeringsbezwaren.' Maar het is onduidelijk wat die bezwaren zijn.

Bovendien blijkt uit de memo’s dat accijnsverlaging ook allerlei bezwaren kent, maar kennelijk is dat geen probleem. 7/9";1;2022-03-30T18:58:18.000Z
Niet voor gekozen of zelfs maar overwogen: een indexatie van het minimumloon. Bij uitstek een maatregel die voldoet aan de eigen criteria van het kabinet: het is gericht, kan snel, en helpt vooral de mensen die het nodig hebben. Bovendien spaart deze maatregel het klimaat. 6/9;1;2022-03-30T18:58:17.000Z
De ambtenaren verwachten dat de komende vier tot vijf jaar de energieprijzen zeer hoog zullen zijn. Daar wordt door het kabinet verder niets over gezegd en er worden geen maatregelen voor genomen. Bizar! Waarom onderneemt het kabinet geen actie? Waar is de lange termijnvisie? 5/9;0;2022-03-30T18:58:17.000Z
De accijnsverlaging is niet gericht op de groepen die het het meest nodig hebben, maar helpt vooral bedrijven en mensen met grote auto’s. Het gaat bovendien regelrecht in tegen de klimaatdoelen. Toch kiest het kabinet voor deze maatregel en blijft volledig onduidelijk waarom. 4/9 ;0;2022-03-30T18:58:16.000Z
De btw-verlaging voor elektriciteit en gas is volgens de eigen ambtenaren een maatregel die niet voldoet aan de criteria die zijn opgesteld. Het is niet snel, niet gericht, en helpt vooral mensen met een groot huis. Zelfs energieleveranciers zijn negatief over dit idee. 3/9 ;0;2022-03-30T18:58:15.000Z
In plaats van mensen met lage – en midden inkomens te compenseren, kiest dit kabinet ervoor om iedereen met een hoge energierekening te compenseren, ook mensen die energieprijsstijging makkelijk kunnen betalen. 2/9;0;2022-03-30T18:58:14.000Z
Gisteren kregen we van de minister een boekwerk aan niet eerder openbare memo’s over koopkrachtcijfers en energiearmoede, met ontluisterende info. Het kabinet shopt selectief in argumenten, en kiest voor maatregelen obv onderbuikgevoel en om de eigen achterban te pleasen. 🧵 1/9;0;2022-03-30T18:58:14.000Z
"Gelukkig is Sigrid Kaag het met mij eens. Maar nu van verkiezingsonderwerp naar de dagelijkse realiteit. Waarom kiest dit kabinet met D66 voor het asfalteren van kostbare natuur? #AmelisweerdNietGeasfalteerd

";0;2022-03-30T16:03:37.000Z
"Meer asfalt leidt tot meer files. Maar vooral: dit gedrocht van een plan om de A27 te verbreden gaat ten koste van kostbare natuur en is al jaren achterhaald. Gewoon niet doen dus. #AmelisweerdNietGeasfalteerd

";0;2022-03-30T16:03:37.000Z
"Hoe concreter het nieuws over het institutionele racisme bij de belastingdienst wordt, hoe viezer de smaak in je mond.

Jong, laag inkomen en van buitenlandse afkomst? Dan bij voorbaat verdacht. Regelrecht in strijd met artikel 1 van onze grondwet.

";0;2022-03-29T17:34:39.000Z
"Het CPB liet vrijdag voor het eerst zien dat in NL de allerrijksten helemaal niet de zwaarste lasten dragen. De coalitie weigert net ons voorstel om hierover te debatteren.

NL is niet diep socialistisch, maar diep ongelijk. D66, VVD, CU en CDA kiezen ervoor om dit zo te houden.";0;2022-03-29T14:07:59.000Z
Dit pakket is onvoldoende om de problemen op te lossen. Deze pechgeneratie studenten heeft niet gekregen wat hen beloofd was. Zij verdienen een betere compensatie, geen stress en mentale problemen door hoge schulden. ;0;2022-03-25T14:57:23.000Z
"Dit is de waanzin van een economisch systeem dat failliet is. Wat een onrechtvaardigheid. We hebben écht systeemverandering nodig, niet rechtse politiek die niemand kan verdedigen.

GroenLinks heeft mondelinge vragen gesteld en een debat aangevraagd! 2/2";0;2022-03-25T07:54:21.000Z
"De meesten van ons betalen 40 tot 55% van hun inkomen aan belasting, de rijkste 1% betaalt 21%. Wie durft nu nog te beweren dat NL in de kern diep socialistisch is?

Ongelijkheid is geen natuurwet, maar een politieke keuze. Dit moet anders! 1/2

";0;2022-03-25T07:54:20.000Z
Vrij ontluisterend debat over de energierekening. Het lijkt er steeds meer op dat het kabinet bewust heeft gekozen om mensen met lage- en middeninkomens niet te helpen. In plaats daarvan gekozen voor ongerichte maatregelen die vooral hoge inkomens helpen. Debat gaat later verder.;0;2022-03-23T12:34:16.000Z
"Dit is explosieve berichtgeving: de minister moet hier verantwoording over afleggen. Fouten maken mag, maar wees er dan eerlijk over. Dit ondermijnt het vertrouwen in de politiek. Voor maandag 12.00 uur willen we een volledig feitenrelaas van ministerie. 

";0;2022-03-23T09:32:16.000Z
"Hier is niet tegenop te verdienen. Het kabinet moet nú aan de slag. Met een zelfbewoningsplicht, het reguleren van huurprijzen, meer sociale huur en harde afspraken voor het bouwen van betaalbare woningen. Maak wonen weer eerlijk en betaalbaar!

";1;2022-03-22T15:32:21.000Z
We hebben nog steeds geen antwoorden gekregen op onze vragen. Dit moet sneller en grotere prioriteit krijgen bij het kabinet. Stop met goede sier maken en kom in actie: bevries alle Russische tegoeden in Nederland! 2/2;0;2022-03-22T13:49:51.000Z
"België bevriest 10 miljard aan Russische tegoeden. Nederland bevriest krap 400 miljoen. Hoe kan dit? Wij hebben weken geleden al aan het ministerie van Financiën gevraagd hoeveel Russische tegoeden er in Nederland gestald zijn. 1/2

";0;2022-03-22T13:49:51.000Z
"Deze verkiezingen hebben duidelijk laten zien dat er behoefte is aan een progressief geluid. Aan partijen die rekening houden met mens, klimaat en rechtvaardigheid.

Samen maken we gemeentes groener en linkser. Dank jullie wel voor jullie stem!! ❤️💚 ";1;2022-03-17T16:53:50.000Z
Ondanks de lage opkomst - die mij overigens wel zorgen baart - hebben we in totaal meer stemmen behaald dan tijdens de Tweede Kamerverkiezingen van 2021. Dankzij alle vrijwilligers, raadsleden, wethouders en iedereen die zich heeft ingezet.;1;2022-03-17T16:53:48.000Z
Arnhem blijft felgroen en knetter links, opnieuw de grootste! We mogen er de komende 4 jaar met dezelfde energie verder. En ook in Nijmegen, Leiden, Groningen, Eindhoven en vele andere plaatsen kunnen we gaan bouwen aan linkse colleges! We hebben meer zetels dan ooit! ;1;2022-03-17T16:53:47.000Z
"In Zwolle houden we de winst vast van 7 zetels! ❤️💚

";1;2022-03-17T16:53:44.000Z
"In Tilburg zijn we bijna verdubbeld, van 6 naar 10 zetels! 😍 Met nog meer steun blijven we knokken om Tilburg nog menselijker, eerlijker en duurzamer te maken. 💪 @a_lahlah

";1;2022-03-17T16:53:44.000Z
Wát een uitslag! We hebben ons beste resultaat bij de gemeenteraadsverkiezingen ooit overtroffen. We zijn in meer gemeenten de grootste geworden en krijgen meer raadsleden dan ooit. Een draadje! 🧵 ;1;2022-03-17T16:53:43.000Z
Een groene en linkse golf door Nederland. Waar we besturen blijven we groot, in veel gemeenten zijn we de grootste. We hebben de verandering ingezet en gaan daarmee door. Samen maken we Nederland menselijk, eerlijk en duurzaam. Onze beweging bloeit! ❤️💚 ;1;2022-03-17T13:46:35.000Z
Koud weer is geen excuus waarom klimaatdoelen niet worden gehaald. Dat komt omdat het kabinet, waar ook D66 in zit, veel te weinig actie onderneemt en veel te laat in actie komt. Doordat het een uitspraak van de rechter uit 2015 (!) naast zich neerlegt. Wees daar eerlijk over. ;0;2022-03-16T11:01:07.000Z
"Ga stemmen vandaag! Neem je ID, je stempas en eventueel leuk gezelschap mee. Ik deed het ook. Voor een menselijk, eerlijk en duurzaam Nederland.

#StemGroenLinks ❤️💚 ";1;2022-03-16T09:59:09.000Z
"Morgen is de laatste dag om te stemmen voor de gemeenteraadsverkiezingen. En valt iets te kiezen. Het maakt uit wie er bestuurt in jouw gemeente. Het maakt uit of GroenLinks groot wordt.

Ga stemmen. Voor een menselijke, eerlijke en duurzame gemeente.
#StemGroenLinks ";1;2022-03-15T21:59:03.000Z
"Zojuist stemde de Tweede Kamer met een ruime meerderheid voor het beschikbaar stellen van de abortuspil bij de huisarts.

Wederom een enorme mijlpaal, gefeliciteerd @CorinneEllemeet en iedereen die zich hiervoor heeft ingezet. Ik ben super trots op jullie! ❤️💚 ";1;2022-03-15T15:38:52.000Z
"In Nijmegen en veel andere steden wordt het inderdaad heel spannend of @GroenLinks de grootste wordt. De keuze is simpel: wil je alleen heilige huisjes doorbreken, of wil je huizen voor betaalbare huur- en koopprijzen?

Wordt jouw gemeente rechts of links? Stem GroenLinks! ";1;2022-03-15T14:28:35.000Z
Straks stemt de Tweede Kamer over twee voorstellen van ons om de wooncrisis aan te pakken. De stemming wordt heel spannend. Ook lokaal kan GroenLinks het verschil maken. Dat doen we zo: ;1;2022-03-15T13:33:25.000Z
@evadebruijn @GroenLinksEhv @groenlinks Gefeliciteerd Eva!;1;2022-03-15T08:24:38.000Z
"Uitzonderlijke situaties vragen om uitzonderlijke maatregelen. Het kabinet pakt de gascrisis te vrijblijvend en niet concreet genoeg aan. Waar blijft het noodplan? Stop de import van olie, kolen en gas uit Rusland!

";0;2022-03-14T17:51:58.000Z
"Mensen kunnen nu al niet hun energierekening betalen, maar in plaats van Europees ingrijpen zegt onze @MinPres dat hij de markt niet wil verstoren. Rutte lijkt zich meer zorgen te maken over het functioneren van de markt dan over gewone mensen.

";0;2022-03-14T09:34:38.000Z
Vanaf vandaag zijn de stembussen open voor de gemeenteraadsverkiezingen. Op 14, 15 of 16 maart kun jij je stem laten horen. Meebeslissen over de toekomst van jouw buurt. Voor een menselijk, eerlijk en duurzaam Nederland. #StemGroenLinks ❤️💚 ;1;2022-03-14T09:25:34.000Z
"En kies er nu eens eindelijk voor om grote vermogens eerlijk te belasten. Wij hebben vast een wet klaarliggen die zo ingevoerd kan worden 👇 15/15

";1;2022-03-12T15:16:03.000Z
"Deel de rekening eerlijk. Olie- en gasbedrijven maken recordwinsten. Belast hun overwinsten. Weken geleden al vroegen wij om een ""windfalltax."" 14/

";1;2022-03-12T15:16:02.000Z
"Zet in op besparen en verduurzamen:

1. Start een nationale campagne energiebesparing. Schakel desnoods de meest energie-intensieve industrie tijdelijk af.
2. Investeer in isolatie: overal dubbel glas, geen tochtige huizen meer.
3. En zet in op warmtepompen en zonnepanelen. 13/";1;2022-03-12T15:16:02.000Z
"Het kabinet moet van een plan voor de bühne naar een plan dat echt werkt. Help gezinnen in armoede:

1. Bevries de energieprijzen.
2. Verhoog het minimumloon en de uitkeringen.
3. Verhoog de zorgtoeslag.
4. Geef meer bijzondere bijstand aan gezinnen die het moeilijk hebben. 12/";1;2022-03-12T15:16:01.000Z
"Het kabinet wil de accijnsverlaging op benzine doorvoeren zonder het aan de Tweede Kamer voor te leggen. Dat gaat zomaar niet: dinsdag willen wij een debat.

Er moet gericht ingegrepen worden om armoede te voorkomen en te stoppen met fossiele brandstoffen. Een plan dat werkt. 11/";0;2022-03-12T15:16:01.000Z
"Of zoals econoom Matthijs Bouman het formuleert: ""De regering kiest liever voor dom beleid dat populair is dan slim beleid dat niemand snapt."" 10/

";1;2022-03-12T15:16:00.000Z
"Sheila Sitalsing noemt het pakket in de Volkskrant subsidie voor Poetins oorlogsmachine: ""olie-import uit Rusland wordt gesubsidieerd met Nederlands belastinggeld."" Waarom het kabinet dit toch doet legt ze ook uit: lekkere publiciteit in de Telegraaf. 9/

";1;2022-03-12T15:16:00.000Z
"Ten derde: Het pakket bevat te weinig maatregelen voor verduurzaming.

De btw op energie gaat nu omlaag. De btw op isolatiemateriaal en warmtepompen niet. Waar blijft de campagne voor energiebesparing? 8/";0;2022-03-12T15:16:00.000Z
"Bovendien moet de rekening voor deze regeringsplannen worden betaald. Zolang je niet aan herverdeling doet is dit een duur cadeau aan ons allemaal, door ons allemaal betaald. 7/

";1;2022-03-12T15:15:59.000Z
"Waarom vooral rijken profiteren, legt ING-econoom Marieke Blom uit. Mensen met een laag inkomen hebben geen groot huis. Laat staan een SUV voor de deur en een verwarmd zwembad in de tuin. 6/

";0;2022-03-12T15:15:58.000Z
"Slechts 20% van het bedrag wordt door de regering uitgetrokken voor lage inkomens. De rest gaat naar lagere btw op energie en minder accijns op benzine. 
Economen zeggen: dat helpt vooral de rijken. 5/

";0;2022-03-12T15:15:58.000Z
De compensatie die Rutte IV mensen in energiearmoede biedt is hooguit de helft van de extra energiekosten die zij voor de kiezen krijgen. Terwijl ze al grote moeite hadden om de eindjes aan elkaar te knopen. 4/;0;2022-03-12T15:15:58.000Z
Ten tweede: Dit plan helpt mensen met financiële problemen niet genoeg. Het bestaansminimum in Nederland was altijd al te laag en daardoor is het nu code rood bij heel veel gezinnen. 3/;0;2022-03-12T15:15:57.000Z
"Ten eerste: Er wordt niks gedaan om de prijsstijgingen te stoppen. Gas is nu 12x duurder dan een jaar geleden. Als die prijsstijging doorzet zijn deze maatregelen over een paar weken alweer totaal achterhaald.

Stop de prijsstijging: bevries de energieprijs. 2/";0;2022-03-12T15:15:57.000Z
"Het kabinet kwam gisteren met een ""koopkrachtpakket"" om de gevolgen van de stijgende prijzen te ""dempen."" Sindsdien regent het kritiek van economen. Niet gek: het plan deugt niet.

Het lijkt meer gericht op het winnen van de verkiezingen dan het aanpakken van problemen. 🧵 1/";0;2022-03-12T15:15:57.000Z
"Ons wetenschappelijk bureau weerlegt 5 mythes over vermogensongelijkheid in NL.

";0;2022-03-12T10:46:32.000Z
"Rapport na rapport laat zien dat belasting op arbeid relatief hoog is en belasting op vermogen laag. Ons belastingstelsel is niet eerlijk, het zijn vooral de hardwerkende Nederlanders die wel een steentje bijdragen. 2/2

";0;2022-03-12T10:43:48.000Z
"Nederland is rijk genoeg om economische klappen op te vangen, als we de kosten naar draagkracht verdelen. Dat gebeurt nu niet: rijke mensen, vaak met eigen bedrijf, hebben allerlei manieren om belasting te ontwijken. Maak een eind aan pretconstructies. 1/

";0;2022-03-12T10:43:48.000Z
"De regering heeft de Kamer nog niet geïnformeerd, maar blijkbaar gaat dat nu per VVD-campagnefilmpje.

Tegelijk suggereert de minister van Financiën dat ze niet weet of het parlement betrokken wordt bij besluit over koopkrachtpakket.

Gaat lekker met de nieuwe bestuurscultuur. ";0;2022-03-11T14:22:05.000Z
"Dit is is niet sociaal genoeg. Steun voor de mensen die het niet per se nodig hebben, maar volstrekt onvoldoende voor de mensen die nu niet rond kunnen komen.

Dit plan moet terug naar de tekentafel. Dinsdag debat.

";0;2022-03-11T14:11:29.000Z
"Daarom zetten tientallen GroenLinks-wethouders zich in om mensen te helpen en zich te ontwikkelen. Als je pech hebt in het leven, dan is dat namelijk niet je eigen schuld.

Jouw stem maakt echt verschil. Stem daarom 14, 15 of 16 maart GroenLinks.

";1;2022-03-11T10:03:54.000Z
Als je een uitkering krijgt, wordt het aantal tandenborstels geteld om fraude te voorkomen. Tas vol boodschappen gekregen? Melden. De overheid behandelt mensen met wantrouwen. Wij weten dat het anders kan! ;0;2022-03-11T10:03:53.000Z
Trots op Corinne en alle anderen die zich inzetten voor nog betere abortuszorg in Nederland ❤️ ;1;2022-03-10T19:36:41.000Z
"We moeten zo snel mogelijk af van Russisch gas om niet Poetins oorlogskas nog verder te spekken.

Door écht werk te maken van het beter isoleren van huizen en inzetten op energiebesparing.

Stop met fossiele brandstoffen, en al helemaal met Russische.
";1;2022-03-10T18:23:40.000Z
"Als de energieprijzen niet worden bevroren is dit pakket over een paar weken alweer achterhaald.

Bovendien worden mensen met een laag inkomen, die in acute financiële nood zitten, hier onvoldoende mee geholpen.

Deze crisis vraagt om solidariteit. Dit moet en kan beter. ";0;2022-03-10T17:50:06.000Z
"Energieonafhankelijk worden? Onze lijsttrekkers hebben goede ideeën om dat te bereiken. Groen én links, zodat niemand achterblijft in energiearmoede.

Jouw stem deze gemeenteraadsverkiezingen maakt echt verschil, stem GroenLinks!

";1;2022-03-10T13:25:54.000Z
🔥🎯 Bijzonder rake woorden van @SheilaSitalsing. Leestip! ;1;2022-03-10T09:27:01.000Z
"We moeten solidair zijn met Oekraïne en nog strengere sancties instellen. Dat betekent: per direct een boycot op Russisch gas.

Met de huidige prijzen betaalt Nederland jaarlijks 13 miljard euro aan Poetin voor gas. We moeten onmiddellijk stoppen zijn oorlogskas te financieren. ";1;2022-03-10T09:15:20.000Z
"Ik roep het kabinet op: boycot Russisch gas per direct! We moeten alles doen om Poetin te stoppen. Het zal niet makkelijk zijn, het zal pijn doen. Maar iedere euro die niet naar de oorlogsmachine van Poetin gaat, is een euro gewonnen.

";1;2022-03-10T06:58:33.000Z
Sterk betoog van @CodyHochstenB. De wooncrisis is het het gevolg van 30 jaar doelbewuste politieke keuzes van rechtse partijen. Het is tijd voor andere keuzes, zodat wonen weer betaalbaar wordt voor iedereen. ;1;2022-03-09T21:09:29.000Z
"Dit is zeer zorgelijk. Er moet zo snel mogelijk een staakt het vuren komen, zodat inspecteurs naar het complex kunnen, er extra noodapparatuur geleverd kan worden, en reparatiewerkzaamheden aan de stroomvoorziening kunnen worden uitgevoerd.

";0;2022-03-09T17:06:56.000Z
"Verschrikkelijk, mijn vaderhart bloedt. Dit zijn geen militaire doelen, dit zijn burgers die aangevallen worden en dus oorlogsmisdaden. Er moet zo snel mogelijk een staakt het vuren komen.

";0;2022-03-09T16:43:10.000Z
"Door de torenhoge energieprijzen kunnen grote aantallen Nederlanders op korte termijn hun rekening niet meer betalen. Deze crisis vraagt om solidariteit. Daarom drie voorstellen van @GroenLinks om direct in te grijpen en dreigende armoede te bestrijden. 

";1;2022-03-09T15:31:14.000Z
"Steun van de hele oppositie voor een Kamerdebat vandaag over de energieprijzen en economische gevolgen. Om voorstellen te kunnen doen en mensen die niet kunnen rondkomen nu te helpen.

De coalitie blokkeert dat verzoek, want ze zijn er onderling niet uit. Onbegrijpelijk. ";0;2022-03-09T12:20:26.000Z
De wereld is onzeker, ook deze raming. We weten niet wat morgen brengt, maar kunnen wel voor solidariteit kiezen. Solidariteit met Oekraïners en met NL'ers die het moeilijk hebben. Dat vraagt gedurfde politiek, waarbij het kabinet moet stoppen met de allerrijksten te ontzien. 5/5;1;2022-03-09T11:43:56.000Z
"We roepen het kabinet op om nú in actie te komen, we kunnen niet wachten. Bevries de energieprijs en zorg ervoor dat de mensen die nu al niet rondkomen geld ontvangen om de energierekening te kunnen betalen. Daarvoor hebben we een plan klaarliggen 👇 4/

";1;2022-03-09T11:43:55.000Z
Slecht geïsoleerde woningen verbruiken veel energie. Dan heb je dus meer last van de hogere energieprijzen. Als je rond moet komen van €1200 per maand, dan is een verhoging van de energieprijs met €200 niet te dragen. Sommige gezinnen zitten letterlijk in de kou. 3/;0;2022-03-09T11:43:54.000Z
Achter de cijfers van het CPB zitten echte mensen, met verschillende situaties. De gevolgen van de hogere energieprijzen zijn erg ongelijk verdeeld: vooral mensen met lage inkomens worden heel hard geraakt. 2/;0;2022-03-09T11:43:54.000Z
"Dramatische cijfers van het CPB vandaag: de koopkracht van de meeste Nederlanders daalt met 2,7%. De grootste daling in bijna 40 jaar tijd, en de helft van de huishoudens krijgt zelfs te maken met een nog sterkere daling in koopkracht. Een draadje 🧵 1/

";0;2022-03-09T11:43:54.000Z
"Dit is een mokerslag voor gezinnen in Nederland. De problemen stapelen zich op: hoge huren, stijgende voedselprijzen, exploderende energiekosten.

Verder uitstel is niet acceptabel. Deze tijd vraagt om solidariteit. Stap 1: bevries de energieprijs!

";0;2022-03-09T07:13:39.000Z
"Doordat ingrijpen van dit kabinet uitblijft, dreigen Nederlanders die het minst hebben in diepe armoede te vallen. Als je je rekeningen al niet kan betalen, dan kun je niet langer wachten. Rutte moet nu in actie komen: bevries de energieprijzen!
";0;2022-03-08T18:59:08.000Z
"Als dit klopt is dit echt een mokerslag. Het kabinet moet in actie komen: bevries de energieprijzen nu. Het debat over de stijging van de energieprijzen moet zo snel mogelijk plaatsvinden!

";0;2022-03-08T15:09:50.000Z
We zijn verslaafd aan fossiele brandstoffen. We moeten zo snel mogelijk over naar duurzame energie. Daarom zijn de gemeenteraadsverkiezingen komende week zo belangrijk, het maakt echt een verschil of @GroenLinks in het gemeentebestuur zit. ;1;2022-03-08T13:11:12.000Z
Boycot Russisch gas: dat is goed voor het klimaat én vermindert onze afhankelijkheid van Poetin. Bevries ook de geëxplodeerde energieprijzen in Nederland zodat mensen niet nog verder in de problemen komen. 2/2;1;2022-03-08T11:07:58.000Z
"Het is goed dat de EU van Russisch gas af wil. Tegelijkertijd moet minister Jetten nu ook in actie komen. Investeer in energiebesparing, versnel alle plannen voor duurzame energie en sluit bij nood niet-essentiële fabrieken. 1/2

";0;2022-03-08T11:07:57.000Z
"Wat een onsmakelijk hondenfluitje.

Dit is het moment om te laten zien wat onze waarden zijn. En dat is dat we mensen die vluchten voor oorlog en geweld opvangen. Punt. ";1;2022-03-07T21:11:46.000Z
"'Als het maar geld oplevert'. Het buitenlandbeleid van kabinetten Rutte samengevat. Niet te veel zeggen over de genocide op Oeigoeren. Deals sluiten met Poetin over NordStream2. Op staatsbezoek in Saoedi-Arabië. En de gevolgen negeren.

We moeten onze idealen weer vooropzetten! ";0;2022-03-07T15:48:14.000Z
"Voor hetzelfde energieverbruik tot €250 per maand meer betalen dan een jaar geleden... Door de hoge gasprijzen is het voor veel mensen nóg moeilijker om rond te komen. De gevolgen zijn niet te overzien.

Rutte IV: dit is hét moment om de gasprijzen te bevriezen! ";0;2022-03-06T12:53:24.000Z
"De energierekening wordt hoger en hoger waardoor mensen in de problemen komen.

Dat kunnen we stoppen door met noodwetgeving de energieprijs te bevriezen. Ook de @VVD staat daar nu voor open. Mooi!

Wij willen aankomende week een debat om dit te regelen.
";1;2022-03-05T11:44:08.000Z
"Vrijheid is onbetaalbaar: we moeten alles doen om Poetin te stoppen, ook als dat onszelf economisch raakt. Maar de rekening mag niet bij mensen komen die het nu al zwaar hebben.

Daarom zeg ik: kabinet, zet noodwet in om de gasprijzen te bevriezen!👇

";0;2022-03-04T07:17:34.000Z
"Afgrijselijk dat Rusland een kerncentrale heeft beschoten. Elke ochtend worden we wakker met een nieuwe nachtmerrie.

";0;2022-03-04T06:21:10.000Z
"Ook de meeste Russen zijn slachtoffer van de oorlog die Poetin en zijn kliek aan de top van de Russische staat zijn gestart. Laten we helder zijn: de gemiddelde Russische Nederlander heeft hier niks mee van doen. Laat ze met rust.

";0;2022-03-03T15:39:27.000Z
"Als je moet kiezen tussen de verwarming uitzetten of in de schulden belanden, dan heb je niet zo veel geduld.

";0;2022-03-03T15:14:42.000Z
"De Zuidas bedient de Russische oligarchen en hun miljarden nog steeds. Daarom is het heel goed dat het ministerie van @Financien met de EU deze trustkantoren wil aanpakken.

Maar nu is het moment om écht door te pakken. Daarom stellen wij deze vragen aan de minister 👇 ";1;2022-03-02T16:36:56.000Z
"Wil je zelf iets doen om de Oekraïners te helpen en kun je iets missen? Doneer bijvoorbeeld aan Giro555 voor noodhulp aan Oekraïne. 💛💙

";1;2022-03-02T12:34:29.000Z
"Alle mensen op de vlucht voor oorlog en geweld hebben recht op veiligheid. Die veiligheid ontzeggen op basis van kleur of afkomst is een schending van mensenrechten. GroenLinks stelt hier vandaag Kamervragen over. #AfricansinUkraine

";0;2022-03-02T10:39:10.000Z
"Goed betoog van collega @suzanne_GL. Klimaatverandering en de Russische invasie in Oekraïne bewijzen dat we over moeten naar duurzame energie én heel veel energie moeten besparen. Gelukkig weten we hoe dat moet, het kabinet moet het alleen wel doen.

";1;2022-03-01T13:36:45.000Z
"Hierbij wat klimaatactie-inspiratie voor het kabinet:
";1;2022-03-01T10:16:27.000Z
"Klimaatverandering is levensbedreigend. Crisissituaties vragen om stevige actie. Dat kunnen we in NL, dat hebben we in korte tijd meer dan eens gezien.

De laatste zinnen van het IPCC-rapport zijn glashelder: het is nu of nooit. Kabinet: kom NU in actie voor een leefbare planeet! ";1;2022-03-01T10:16:26.000Z
"Mensen uit Oekraïne op de vlucht voor oorlog en geweld moeten ruimhartig door ons worden opgevangen. Samen met de @PvdA vroegen we het kabinet zich daarop voor te bereiden. En dat voorstel werd aangenomen.

We moeten alles doen voor de Oekraïners. Ook hier.";1;2022-02-28T18:20:35.000Z
"Walgelijk hoe onze kandidaat-raadsleden van kleur worden belaagd met intimidatie en racisme. De politiek is er voor en van iedereen. Alle steun voor iedereen die zich inzet voor een mooier Nederland. ❤️💚

";1;2022-02-28T16:24:48.000Z
"Een meerderheid in de Tweede Kamer is voor ons voorstel om mogelijke Russische financiering van partijen te onderzoeken.

Ontzettend belangrijk. Zo beschermen we onze democratie ook tegen aanvallen van binnenuit.";1;2022-02-28T15:55:12.000Z
Vertrouwelijke info die met de Kamer wordt gedeeld mag niet in Russische handen vallen. Daarom vragen wij de voorzitter van de Tweede Kamer om uit te zoeken of partijen die Poetins propaganda verspreiden, uitgesloten kunnen worden van toegang tot deze info. Ons volledige verzoek: ;0;2022-02-28T13:44:50.000Z
"Een onheilspellend rapport over de klimaatcrisis van het IPCC. De omslag naar duurzame energie is urgenter dan ooit, zowel voor het klimaat als voor de internationale rechtsorde. Dit kan niet langer wachten.

";0;2022-02-28T12:47:33.000Z
"Conclusie: de Europese sancties doen Rusland pijn, maar nu moeten we doorpakken:

1. Een grote schoonmaak van de Zuidas en een einde aan belastingparadijs NL.

2. Verduurzaming en energiebesparing, voor een strategisch onafhankelijk Europa. 8/8";1;2022-02-27T16:46:51.000Z
"Ook moeten we het verdienmodel van de Russen raken. Doordat wij Russische energie nodig hebben blijven deze bedrijven miljarden verdienen. We moeten afkicken van de Europese fossiele verslaving aan Russisch gas. Daar pleiten wij al jaren voor 👇 7/8

";1;2022-02-27T16:46:51.000Z
Vaak wordt door allerlei constructies versluierd van wie het geld is dat door anonieme brievenbusfirma's stroomt. Zolang de trustsector niet verboden is vraagt dat om maximale inzet van de FIOD om de Russische geldstromen via de Zuidas bloot te leggen. 6/8;0;2022-02-27T16:46:50.000Z
Nederland moet daarom alles op alles zetten om de tegoeden van Russische oligarchen op de Zuidas te bevriezen. En de trustsector -de brievenbusfirma's- wordt wat GroenLinks betreft gewoon verboden. 5/8;1;2022-02-27T16:46:50.000Z
"Dat is ook waarom grote Russische olie- en gasbedrijven als Gazprom, Lukoil en Rosneft hun internationale holding in NL gevestigd hebben. In het geval van Gazprom gaat het om een omzet van 5,2 miljard. 4/8

";1;2022-02-27T16:46:49.000Z
Al jaren stroomt er miljarden aan Russisch geld door Nederlandse brievenbusfirma's naar andere belastingparadijzen. Zo faciliteert Nederland Russische oligarchen. 3/8;0;2022-02-27T16:46:49.000Z
"Nederland is wereldwijd de 3e grootste investeerder in Rusland, na Cyprus en Bermuda. Dus niet de VS, Duitsland of China.

Vreemd? Nee, dit zijn nep-investeringen. Bijna 90% van de Nederlandse “investeringen” in Rusland komt van brievenbusfirma’s. 2/8";0;2022-02-27T16:46:49.000Z
15.000 Nederlanders stonden vandaag op de Dam. Voor vrede en tegen agressie. Gisteravond werd eindelijk besloten de Russische banken van SWIFT uit te sluiten. Maar het is niet het enige dat we kunnen doen. Een draadje 🧵 1/8 ;1;2022-02-27T16:46:48.000Z
"Wij voeren economische sancties in; Poetin dreigt met nucleaire oorlog. Een irrationele reactie van een dictator, die de toekomst van Oekraïne en van het hele continent in gevaar brengt. Wie zich tegen hem keert moet op Westerse steun kunnen rekenen.

";0;2022-02-27T16:14:45.000Z
"Premier Rutte hield meteen de boot af, bij de vraag of Nederland extra vluchtelingen uit Oekraïne zou opvangen.

Deze GroenLinks-leiders staan wél klaar om menselijk te handelen en roepen Rutte op verantwoordelijkheid te nemen. Solidariteit is nu nodig.
";0;2022-02-25T12:23:05.000Z
Wat collega Ploumen zegt ;0;2022-02-25T11:58:25.000Z
"Poetin kan nog steeds internationale betalingen doen. Ondertussen naderen zijn militairen de hoofdstad Kiev. We moeten alles doen om Poetin te stoppen ook als dat ons economisch raakt. Dat betekent: Rusland moet uit SWIFT.

";0;2022-02-25T09:58:13.000Z
Europa moet bereid zijn te doen wat nodig is. Ook als dat economische consequenties voor onszelf heeft. De internationale rechtsorde is van onschatbare waarde en onze vrijheid onbetaalbaar. ;1;2022-02-24T20:25:05.000Z
Baudet is niets meer dan een lakei van Poetin in Nederland. Verspreider van desinformatie, complottheorieën en waanideeën die ook Nederland in potentie kunnen destabiliseren. #Staatsgevaarlijk ;0;2022-02-24T13:55:08.000Z
"Eenheid in Europa gaat niet alleen over sancties, maar ook over de opvang van vluchtelingen. Dit vraagt leiderschap @MinPres, en niet ""we gaan het monitoren.""

";0;2022-02-24T13:19:03.000Z
Zo had je ook kunnen reageren @MinPres Rutte. ;1;2022-02-24T12:24:31.000Z
Helaas moeten we ons er op voorbereiden dat deze sancties ook in Nederland pijn gaan doen. Het kabinet moet ingrijpen: we moeten zorgen dat lage en midden inkomens niet de dupe worden van deze crisis. Dit is een tijd die vraagt om solidariteit en om stevige politieke actie. 8/8;1;2022-02-24T12:03:03.000Z
Schokkend hoe premier Rutte weigert te zeggen dat Nederland extra vluchtelingen uit Oekraïne zal opvangen. Het kabinet moet nu zorgen dat de opvangcapaciteit op orde is. We moeten er zijn voor mensen die hun land ontvluchten wegens oorlog en geweld. 7/8;1;2022-02-24T12:03:02.000Z
"Verder moeten we zorgen dat landen niet allerlei uitzonderingen voorstellen om hun eigen belangen te beschermen, zoals voor handel in diamanten en luxe goederen. We moeten ons niet uit elkaar laten spelen. Europa moet verenigd optreden. 6/8

";1;2022-02-24T12:03:02.000Z
We moeten ook kijken naar eventuele sancties op de invoer van gas. Alleen zo raken we Poetin. Let wel: 20% van het gas in Europa is afhankelijk van Rusland. Maar Rusland is ook afhankelijk van Europa: 75% van de gasexport gaat naar ons. Tijd voor duurzame energiebronnen. 5/8;1;2022-02-24T12:03:02.000Z
"Een grote schoonmaak van de Zuidas is ook nodig. Onder het mom van ""vestigingsklimaat"" heeft NL de deur jarenlang wagenwijd opengezet voor crimineel Russisch geld. De miljarden van de oligarchen weten de brievenbusfirma’s op de Zuidas precies te vinden. Dat moet stoppen. 4/8";0;2022-02-24T12:03:01.000Z
Maar er is meer nodig. Alleen de zwaarst mogelijke sancties kunnen Poetin een halt toeroepen. Onze oproep aan het kabinet: bevries per direct de tegoeden van de Kremlin oligarchen die in Nederland zakendoen en hun families. 3/8;0;2022-02-24T12:03:01.000Z
De EU bevriest alle tegoeden van Rusland in de Unie en stopt de toegang van Russische banken tot de Europese financiële markt. Dit raakt het Kremlin en maakt het Poetin moeilijk deze oorlog te financieren. Dit is een goede eerste stap. 2/8;0;2022-02-24T12:03:00.000Z
De schending van de soevereiniteit van Oekraïne door Rusland is onacceptabel. De militaire agressie van Poetin vraagt om de zwaarst mogelijke sancties door een verenigd Europa. 1/8;0;2022-02-24T12:03:00.000Z
"Onze GroenLinks-wethouders roepen het kabinet op: herzie de strenge participatiewet! Handel op basis van vertrouwen. Geef iedereen bestaanszekerheid. Want iedereen heeft het recht om mee te doen. 2/2

";1;2022-02-23T10:47:28.000Z
"Stel je voor: je maakt een klein foutje met je uitkering. Dan is het NIET normaal dat je in grote financiële problemen komt of tienduizenden euro's terug moet betalen. We hebben wetten en een overheid nodig die mensen beschermen. 1/2

";0;2022-02-23T10:47:27.000Z
Fantastisch nieuws! 👏 De Eerste Kamer heeft onder aanvoering van @prosenmoller tegen de geplande bezuinigingen op de jeugdzorg gestemd. We moeten niet bezuinigen, maar de crisis in de jeugdzorg juist aanpakken. Dit is een helder signaal aan het kabinet: schrap de bezuiniging!;1;2022-02-22T13:35:58.000Z
"Wetenschappers zijn positief, fiscaal adviseurs negatief over wetsvoorstel om belastingontwijking aan te pakken. Staatssecretaris Van Rij (ex-fiscaal adviseur) schuift het voorstel op de lange baan. Goh.. En zo blijft ons systeem werken voor het kapitaal.

";0;2022-02-22T10:41:49.000Z
Wij maken ons grote zorgen over de situatie in Oekraïne. Dit vraagt om een sterke en verenigde reactie van de EU. We moeten nu snel overgaan tot stevige EU-sancties tegen Poetin en zijn vrienden. Daar gaan wij bij het kabinet op aandringen.;1;2022-02-22T09:53:42.000Z
"Weten dat je aanpak voor de stikstofcrisis onvoldoende is, en toch niks doen. Het is exemplarisch voor Rutte 4. 

";0;2022-02-21T09:27:20.000Z
"Stel je voor dat alle woningen in Leeuwarden leegstaan: 63.000 onbewoonde huizen. Dat is de grootte van de leegstand in Nederland.

Daarom willen wij dat het kabinet een leegstandsbelasting invoert. Zodat deze woningen beschikbaar komen voor mensen die geen huis kunnen vinden. ";0;2022-02-20T17:38:17.000Z
"Terecht. Onze geschiedenis zit ook vol zwarte bladzijden. Een volwassen democratie durft die geschiedenis recht in de ogen te kijken, fouten toe te geven, daar lering uit te trekken en excuses aan te bieden.

";1;2022-02-17T14:49:40.000Z
"Fascisme heeft nergens pas, maar al helemaal niet in onze parlementen. Dit is een regelrechte aanval op onze democratische rechtsstaat en een klap in het gezicht van overlevenden van WOII. We moeten hier tegen blijven optreden en ons uitspreken!

";0;2022-02-17T11:25:31.000Z
"We mogen weer! Zondag organiseren we in Den Haag de eerste Meetup sinds corona. Over misschien wel het belangrijkste thema van de verkiezingen: de wooncrisis. Ik luister graag naar jouw verhaal en ga in gesprek over onze oplossingen! Meld je aan 👇

";1;2022-02-16T16:37:09.000Z
Veel beterschap @Vera_Bergkamp, hopelijk ben je snel beter! ;1;2022-02-16T12:08:04.000Z
En nu moet het kabinet de bezuiniging ook echt van tafel halen. Daar strijden we de komende weken samen voor: in de politiek en op straat. Sluit je aan! ;1;2022-02-16T08:05:41.000Z
"Dit kabinet wil 500 miljoen bezuinigen op de jeugdzorg. Op de meest kwetsbaren. Een meerderheid van de Eerste Kamer steunt nu het voorstel van GroenLinks-senator @prosenmoller om de bezuiniging van tafel te halen.

Geweldig nieuws!

";0;2022-02-16T06:43:10.000Z
"Je moet kiezen: stallen of huizen?

";0;2022-02-14T15:08:06.000Z
"Partijdonaties van €1 miljoen of anoniem via een bedrijf maken de politiek kwetsbaar voor beïnvloeding van buitenaf. Daarom willen wij partijdonaties maximeren op 25.000 en giften door rechtspersonen verbieden. Zo maken we een einde aan de schimmigheid.

";0;2022-02-14T08:22:15.000Z
Het is tijd dat we een harde grens trekken om onze democratie te beschermen. Samen kunnen wij een front vormen tegen extreemrechts. Laat je stem horen op 14, 15 en 16 maart. Stem @GroenLinks! ;1;2022-02-12T19:00:26.000Z
Woorden doen ertoe. Het verspreiden van complotten leidt tot geweld. Dat moet stoppen. Dit past niet binnen onze democratische rechtstaat. ;0;2022-02-10T16:16:08.000Z
"De belastingdienst zette mensen met een 'niet-westers voorkomen' op de fraudelijst, maar minister Van Rij kan niet zeggen of er sprake was van racisme. Ik wel: Er was sprake van racisme. Racisme aanpakken begint bij erkennen dat het bestaat.

";0;2022-02-10T15:18:55.000Z
Met recht een mijlpaal: de Tweede Kamer stemde zojuist in met het afschaffen van de bedenktermijn bij abortus. Gefeliciteerd @CorinneEllemeet, @jpaternotte, @ockjetellegen, @attjekuiken, en iedereen die zich de afgelopen jaren hiervoor heeft ingezet! 💚 ;1;2022-02-10T13:04:32.000Z
"Het is bizar dat veel woningen leegstaan, vooral nu er een groot tekort is aan betaalbare woningen. Huizen zijn bedoeld om in te wonen, niet om leeg te laten staan. Goed dat Amsterdam de leegstand gaat aanpakken, hopelijk volgen andere gemeenten ook!

";1;2022-02-10T10:39:09.000Z
"Alles wordt duurder: de energieprijzen, boodschappen en ook de huren stijgen. Daardoor hebben mensen steeds minder te besteden en komen ze in de problemen. We moeten in actie komen! Daarom roep ik het kabinet op: bevries de huren.

";0;2022-02-10T08:33:13.000Z
"Het regeerakkoord zit vol mooie ambities om meer woningen te bouwen. Maar zolang de stikstofcrisis niet wordt aangepakt, komt daar helemaal niets van terecht. In ambities zonder daadkracht kan je niet wonen. De keuze is simpel: koeien of huizen?

";0;2022-02-10T08:13:59.000Z
"Zo trots op @CorinneEllemeet 🔥

";1;2022-02-10T07:16:44.000Z
"Hoor van de expert zelf waarom we vermogens zwaarder moeten belasten, zodat de hardwerkende Nederlander er niet voor opdraait de rijken te subsidiëren.
Hear, hear @KlaasKnot - president van De Nederlandsche Bank. ";0;2022-02-09T13:51:16.000Z
Ik ben niet eens meer verrast. Keer op keer wordt de grens overschreden, de democratie wordt van binnenuit gesaboteerd. Bedreiging en intimidatie horen niet bij onze rechtsstaat. Forum moet hier optreden. ;0;2022-02-07T15:35:11.000Z
Wat een racistische drek. Ik heb nieuws voor je Geert: niemand gaat hier weg, dit is ons land. We knokken voor onze idealen, tegen jouw haat. Kauthar en al die jongeren die ondanks al het racisme hun dromen waarmaken zijn de toekomst van Nederland. Niet jij. ;0;2022-02-05T16:08:38.000Z
We maken van wonen weer een recht. Onze voorstellen zijn de eerste en belangrijke stappen in het fixen van de wooncrisis! 5/5;1;2022-02-05T07:18:14.000Z
Met de herstelwet middenhuur regelen we dat ook huizen in de vrije sector een maximum huurprijs krijgen. Hierdoor zullen de huren fors dalen. Zodat je - als je wilt huren - een normale prijs voor je huis betaalt. 4/5;1;2022-02-05T07:18:14.000Z
De wet nationale zelfbewoningsplicht zegt dat als je een huis koopt je er ook zelf in moet gaan wonen. Beleggers of pandjesbazen kunnen woningen dus niet langer opkopen. Zo stoppen we het opkopen van woningen als verdienmodel. 3/5;1;2022-02-05T07:18:13.000Z
Pandjesbazen en beleggers maken miljoenenwinsten. We zitten in een gigantische wooncrisis. Als we niets veranderen aan het systeem, dan worden nieuwe woningen gewoon opgekocht door investeerders. Onze initiatiefwetten pakken dit systeem aan! 2/5;0;2022-02-05T07:18:13.000Z
"De woningmarkt is failliet. Huur- en koopprijzen rijzen de pan uit. Met bouwen alleen redden we het niet, het systeem moet veranderen. Daarvoor doen we vandaag twee voorstellen. Een draadje 🧵

";0;2022-02-05T07:18:13.000Z
"Gefeliciteerd @a_lahlah! 👏

Op 16 maart kan je opnieuw op Esmah stemmen tijdens de gemeenteraadsverkiezingen. Als lijsttrekker van @GLTilburg ❤️💚 ";1;2022-02-03T16:08:12.000Z
"Of zoals mijn collega @BasEickhout zegt: ""De Europese Commissie slaat hiermee een diepe deuk in geloofwaardigheid van de EU als klimaatleider.""

";0;2022-02-02T13:50:10.000Z
"Het is heel simpel: gas- en kernenergie zijn niet groen en desastreus voor het klimaat en de toekomst. Stop met doen alsof dat anders is. Stop het greenwashen van gas en kernenergie!

";0;2022-02-02T13:50:10.000Z
"Bestond er maar een partij die een maximum huurprijs voor ieder huis wil... 🤔
";0;2022-02-02T10:02:35.000Z
Het kabinet wil dat er naar gas geboord kan worden onder de Wadden. Een ontzettend slecht idee met vergaande consequenties. We moeten de gaswinning juist stoppen en dit natuurgebied beschermen. ;0;2022-02-01T09:29:37.000Z
Een verplichte vaste beraadtermijn bij abortus is schadelijk en betuttelend. Supertrots op mijn collega @corinneellemeet die samen met @D66, @VVD en @PvdA een wet maakte om deze beraadtermijn af te schaffen. 🔥 ;1;2022-01-27T18:38:12.000Z
"Mensen kunnen geen huis vinden, terwijl Amerikaanse beleggers onze woningen opkopen en ze voor astronomische bedragen verhuren. Absurd.

We kunnen de wooncrisis alleen oplossen als we het systeem veranderen. Als we zorgen dat kapitaal niet altijd wint.
";0;2022-01-27T09:04:36.000Z
"Op basis van uiterlijke kenmerken zette de Belastingdienst mensen op een zwarte lijst en werden ze bestempeld als fraudeurs.

Woestmakend en oneerlijk.

Dit is wat institutioneel racisme is. Niks sociologisch jargon @MinPres, maar de werkelijkheid voor grote groepen Nederlanders. ";0;2022-01-25T16:49:12.000Z
Alles wat mijn collega @suzanne_GL hier zegt 👇 ;1;2022-01-21T09:16:30.000Z
"Voetballende filosoof én mijn geweldige collega @lisawesterveld in @volkskrant. 

Leestip! 🗞️
";1;2022-01-21T09:13:33.000Z
"Dit onderzoek (2014) van de WRR laat zien dat Rutte IV zich onterecht blindstaart op inkomensongelijkheid, omdat juist vermogens extreem scheef verdeeld zijn in Nederland.

";0;2022-01-19T15:03:11.000Z
"En ook van buiten ministeries liggen er allerlei aanbevelingen over hoe kapitaal en vervuiling zwaarder belast kunnen worden, zoals dit boek van Cnossen en Jacobs (2019).

";1;2022-01-19T15:03:11.000Z
"Dit rapport van twee maanden geleden doet aanbevelingen over hoe brievenbusfirma's strenger aangepakt kunnen worden.

";0;2022-01-19T15:03:10.000Z
"In dit rapport uit 2020 doen experts zeven aanbevelingen voor hoe grote multinationals een eerlijkere bijdrage kunnen leveren.

";1;2022-01-19T15:03:10.000Z
"Dit rapport uit 2020 zegt dat directeur-grootaandeelhouders zwaarder belast moeten worden dan kleine ondernemers, en dat bestaande gaten, onder andere in erf- en schenkbelasting, de vermogensongelijkheid vergroten.

";0;2022-01-19T15:03:09.000Z
"In dit rapport uit 2020 laten ambtenaren zien hoe de vermogensongelijkheid gegroeid is en hoe het aangepakt kan worden.

";1;2022-01-19T15:03:09.000Z
"Rutte wil wachten op advies om vermogensongelijkheid aan te pakken. Een politieke truc om niet in te grijpen en kapitaal zwaarder te belasten.

De informatie is er allang. Die onderzoeken zijn allang geschreven door zijn ambtenaren. Een draadje met leeswerk voor @MinPres 👇 1/8";0;2022-01-19T15:03:09.000Z
Dit kabinet kiest wederom voor het kapitaal, de pandjesbazen en de gevestigde belangen. Zie de feiten 👇 ;0;2022-01-19T08:17:54.000Z
We moeten harde grenzen trekken. Racisme is niet normaal, niet op straat en ook niet in de Tweede Kamer. Wat @geertwilderspvv vanochtend zei in het debat is onacceptabel. ;0;2022-01-18T13:17:14.000Z
"Nagenoeg alle huishoudens in Nederland gaan er op achteruit dit jaar. Daarom roep ik het kabinet op: bevries de alsmaar stijgende huurprijzen per direct zodat mensen niet nog verder in de problemen komen.

";0;2022-01-18T08:21:37.000Z
"Het is al jaren code zwart in de jeugdzorg: jongeren moeten soms jaren wachten op hulp. En toch wil dit kabinet €500 miljoen bezuinigen.

Daarom roepen @PloumenLilianne en ik het kabinet dringend op deze bezuiniging te schrappen 👉 ";0;2022-01-17T20:58:47.000Z
Ik vertelde bij @Sven_op_1 op @NPORadio1 wat ik denk over het regeerakkoord. De hele uitzending luister je hier terug 👉 ;1;2022-01-17T11:23:42.000Z
"Ook in NL is de ongelijkheid tussen arm en rijk verschrikkelijk groot. Dit kabinet doet niks om die ongelijkheid echt aan te pakken. Dat moet en kan anders: door de rekening neer te leggen bij de grote vermogens. #Miljonairsbelasting #TaxTheRich 2/2

";0;2022-01-17T09:31:38.000Z
"Dit is absurd. Ook tijdens corona worden de rijken alsmaar rijker en verdienden de tien rijkste mannen 15.000 dollar per seconde. Terwijl gewone mensen en ondernemers maar met moeite rondkomen. 1/2

";0;2022-01-17T09:31:38.000Z
@TijsvandenBrink Welkom bij de club @TijsvandenBrink! 💚 ;1;2022-01-14T16:22:59.000Z
"Het kabinet kiest ervoor om de lasten door te schuiven naar toekomstige generaties. GroenLinks kiest ervoor om de rekening neer te leggen bij wie die hoort: bij de grootste vermogens, die nu niet of nauwelijks belasting betalen.

Ik leg hier uit waarom:

";1;2022-01-13T16:52:06.000Z
"We weten al jaren dat de jeugdzorg niet op orde is.
En wat doet het nieuwe kabinet? Ze gaan opnieuw bezuinigen, en laten daarmee de meest kwetsbare kinderen in de steek.

Terecht komen gemeenten in opstand. Wij staan achter jullie!

";0;2022-01-13T15:28:50.000Z
"Terecht dat Twitter een grens trekt. Het verspreiden van leugens en haat, en personen willens en wetens in gevaar brengen door adresgegevens te delen is onacceptabel.

";0;2022-01-11T17:07:32.000Z
"Met dit regeerakkoord betalen de toekomstige generaties de rekening voor de plannen van dit kabinet.

Dat kan eerlijker. Zet tegenover de terechte extra uitgaven hogere belastingen op bijvoorbeeld pandjesbazen, miljonairs, grote bedrijven en expats. ";0;2022-01-11T16:30:20.000Z
"Mijn felicitaties aan alle nieuwe bewindslieden van #Rutte4. Veel succes de komende periode; er wacht jullie een belangrijke taak!

#Beediging #Bordesfoto";1;2022-01-10T11:03:53.000Z
"Hoe bescherm je de democratische rechtsstaat tegen hen die haar af willen schaffen? Door tegengeluid te geven. Door grenzen te trekken.

Een reflectie op de ontwikkelingen in Nederland, een jaar na de bestorming van het Capitool:
";1;2022-01-07T12:03:12.000Z
"Twee jaar geleden liep ik met oud en nieuw mee met de politie in Den Haag. Ik zag hoe delen van de stad haast in een oorlogsgebied veranderden.

Daarom schreven @estherouwehand en ik deze initiatiefwet. Zodat oud en nieuw een feest wordt voor iedereen.
";1;2022-01-04T09:01:37.000Z
Ethiopië is al decennia een bondgenoot van het Westen. NL heeft ook warme banden en economische relaties. Maar diplomatiek gebeurt er te weinig. We kunnen meer doen dan alleen erbij staan en zeggen hoe erg we het vinden. Dat begint met bewustwording: weet wat er speelt! 6/6;0;2021-12-20T16:05:27.000Z
Dat zien we nu. Een escalerende burgeroorlog, met de meest verschrikkelijke tactieken. Verkrachting, massamoord, er dreigt een genocide en het land dreigt uit elkaar te vallen. En veel, heel veel slachtoffers. 5/6;0;2021-12-20T16:05:27.000Z
Wat ik daar meemaakte staat model voor wat nu op nationale schaal gebeurt. Een ingewikkelde geschiedenis, etnische verschillen, een premier die beloften niet kan inlossen. Protesten die keihard worden neergeslagen. Er hoeft maar iets te gebeuren voor escalatie. 4/6;0;2021-12-20T16:05:27.000Z
Daar was alle reden toe. Premier Abiy sloot vrede met Eritrea, bemiddelde in het conflict in Sudan en betrok verschillende etnische groepen in een nationale regering. Tegelijk verloren de Tigrinya hun machtspositie. 3/6;1;2021-12-20T16:05:26.000Z
Na jaren guerrillastrijd tegen een dictatoriaal marxistisch regime grepen de Tigrinya de macht. Een relatief kleine minderheid dat een hard en corrupt regime voerde en elke oppositie de kop in drukte. Tot 2018, toen vrije verkiezingen leidden tot hoop en optimisme. 2/6;0;2021-12-20T16:05:26.000Z
"Een werkbezoek in Ethiopië veranderde voor mij in een nachtmerrie. Ik kan daar nu rustig over vertellen in deze podcast, maar voor miljoenen Ethiopiërs leeft de nachtmerrie voort. En helaas hebben we daar te weinig oog voor. 1/6

";0;2021-12-20T16:05:25.000Z
"“Nieuwe bestuurscultuur”
“Meer dualisme”
“Macht en tegenmacht”

Het blijven lege woorden als de coalitie het verzoek van de oppositie om feitelijke vragen te kunnen stellen over het regeerakkoord blokkeert. ";0;2021-12-20T10:13:21.000Z
Ze zouden alles anders gaan doen, maar vooralsnog lijkt er heel veel hetzelfde. Het debat over #regeerakkoord vandaag stelt mij niet gerust. Ik vrees dat de coalitie doorgaat op de oude weg, en dat is zonde. Wij blijven waar het kan de samenwerking zoeken om NL verder te brengen.;0;2021-12-16T17:02:39.000Z
Ik waardeer de uitgestoken hand vd coalitie tijdens de persco. Laten we nog vóór er ministers op het bordes staan samenwerken: haal de onverstandige bezuiniging van 5 miljard op de zorg van tafel, dring de marktwerking terug en vooral: verhoog de salarissen van het zorgpersoneel.;1;2021-12-15T15:05:25.000Z
Voor stikstof is er 25 miljard, maar geen echte oplossing. Het plan hoe we de natuur gaan herstellen en de veestapel gaan inkrimpen ontbreekt. Er is geen plan om het vliegverkeer terug te dringen, en de opening van Lelystad Airport ligt nog op tafel. 4/4;0;2021-12-15T14:09:05.000Z
Er wordt 4,5 miljard bezuinigd op de zorg, de marktwerking en het eigen risico blijven in stand en de zorgsalarissen gaan niet omhoog. We hebben door corona gemerkt hoe belangrijk goede zorg is. Ik roep de coalitie op: pas dit aan. 3/4;0;2021-12-15T14:09:05.000Z
Wat NL nodig heeft is politiek met woorden én daden. Empathie. Een visie voor de toekomst. Vanuit de oppositie gaan we keihard knokken voor een menselijker, eerlijker en duurzamer Nederland. Dat is hard nodig, want veel van de mooie woorden zijn niet goed uitgewerkt. 2/4;0;2021-12-15T14:09:04.000Z
Ik heb grote twijfel of deze coalitie de mooie woorden in #regeerakkoord wel waar gaat maken. De problemen waar we voor staan zijn niet nieuw, en deze coalitie ook niet. Als ze echt verandering willen hadden ze het allang kunnen doen. Dat maakt het ongeloofwaardig. 1/4;0;2021-12-15T14:09:04.000Z
"Het nieuwe datacenter in #Zeewolde is een enorme energieslurper, terwijl NL energieneutraal moet worden. Dit gaat de toekomst van heel NL aan.

Wij willen een landelijke strategie voor dit soort grote energieverbruikers. Tot die tijd geen nieuwe datacenters. ";0;2021-12-15T10:34:50.000Z
"Op 25 november komt OMT met het advies #kerstvakantie scholen te verlengen. Kabinet doet niets.

Het OMT adviseert daarna nog 2x hetzelfde. Kabinet doet niets.

3 weken later valt het besluit alsnog. Dit zwabberbeleid is onwerkbaar voor scholen en ouders.

";0;2021-12-14T16:33:00.000Z
"De participatiewet werkt niet. Gelukkig hebben GroenLinks wethouders zoals @lindavoortman het lef om af te stappen van het harde kabinetsbeleid en mensen echt hulp aan te bieden in plaats van hen steeds verder in de problemen te brengen.

";0;2021-12-11T13:59:35.000Z
"Beste @Shell,

Ik heb gehoord dat je ons definitief gaat verlaten. Vergeet je niet nog even netjes de rekening te betalen voor de gemaakte kosten?

Groetjes,
Nederland

";0;2021-12-10T14:16:09.000Z
👇 Niets aan toe te voegen. ;0;2021-12-10T10:13:02.000Z
"Vanavond ontvingen we een nietszeggende brief van de informateurs op een serieuze vraag van de Tweede Kamer, te weten: wijken zij af van hun opdracht om een beknopt regeerakkoord te schrijven?

Wij willen voor 20 uur een fatsoenlijk antwoord op deze vraag. ";0;2021-12-09T17:48:50.000Z
"De Waddenzee staat op de UNESCO Werelderfgoedlijst, dus NL heeft de plicht om de Wadden te beschermen en aan volgende generaties over te dragen.

Door deze boringen dreigt het van de lijst te verdwijnen. Dat is wereldwijd pas 3x eerder gebeurd en zou een absolute blamage zijn.";0;2021-12-09T11:15:57.000Z
"2021: In plaats van volle inzet op groene energie geeft kabinet @NAMbv toestemming om 15 jaar aardgas te boren. Alles om het laatste beetje fossiel uit de bodem te persen. De Waddenzee wordt ondertussen verwoest.

Teken de petitie: bescherm de Waddenzee!
";0;2021-12-09T11:15:56.000Z
"De aanschaf van dit schilderij laat zien dat het kabinet cultuur wél belangrijk vindt. Maar niet alleen schilderijen, ook de mensen die cultuur maken doen er toe.

Daarom mijn oproep aan de Tweede Kamer: Steun ook de makers in de cultuur. Help dit amendement aan een meerderheid! ";1;2021-12-08T19:58:06.000Z
Minister @ivanengelshoven is toondoof. Er had allang meer steun moeten komen voor makers in de cultuur. De aankoop van het schilderij maakt de fout alleen maar groter: wel geld voor een doek, niet voor mensen. ;0;2021-12-08T19:56:49.000Z
"Met bouwen alleen los je het woonprobleem niet op. Veel woningen blijven ook dan namelijk veel te duur.

Daarom willen @PvdA en @groenlinks dat in 2030 iedereen maximaal 25% van het inkomen uitgeeft aan wonen #ProgressiefOppositieakkoord ";0;2021-12-08T16:17:00.000Z
"Begrijpelijk dat kabinet €150 miljoen uittrekt voor topstuk #Rijksmuseum. Maar alle makers in de cultuursector zijn ook toppers. Waarom laat het kabinet hen zitten?

Wat mij betreft steunt het kabinet makers met minstens hetzelfde bedrag.

";1;2021-12-08T14:48:41.000Z
"In een tijd van polarisatie en politieke versplintering kiezen @groenlinks en @PvdA voor samenwerking. Er is meer wat ons bindt dan wat ons verdeelt. 

Wij bundelen onze krachten en schreven samen een #ProgressiefOppositieakkoord: ";1;2021-12-07T15:50:56.000Z
"Eerst @SylvanaBIJ1 in de Tweede Kamer, nu ons Amersfoortse raadslid @Yous033 die bagger over zich heen krijgt. Dit is onacceptabel.

In onze democratie gaan volksvertegenwoordigers in debat met argumenten. Niet met verwensingen of intimidatie. ";0;2021-12-07T13:07:44.000Z
"Door de extra miljarden die het kabinet uitgeeft aan onderwijs stijgt het aantal private bijlessen. En dat creëert ongelijkheid.

Dat geld wordt echt verkeerd uitgegeven. Elk kind heeft recht op goed onderwijs, of je ouders nou rijk zijn of niet.

";0;2021-12-07T11:05:33.000Z
"Als je zegt dat klimaat belangrijk is, dan moet je stoppen met nieuwe fossiele projecten. Simpel. Maar het kabinet verkiest weer economisch gewin boven klimaat.

Dit is nu precies waarom we een #ProgressiefOppositieakkoord met PvdA gepresenteerd hebben 👇

";0;2021-12-06T18:46:15.000Z
Vooruitgang begint als mensen samenkomen om ideeën te delen, elkaar steunen en een gezamenlijke stem laten horen. Met dit akkoord markeren wij een nieuw begin. Een progressieve alliantie voor verandering! 3/3;1;2021-12-06T15:07:48.000Z
"Samen hebben we 15 doelstellingen voor NL in 2030 geformuleerd 👇

Op basis hiervan beoordelen we de regering en bouwen we aan de agenda van de komende jaren. En tegen iedereen die ons zegt dat onze doelen onhaalbaar zijn, zeggen wij: het kan wél.

";1;2021-12-06T15:07:47.000Z
Vandaag presenteerden @PloumenLilianne en ik ons #ProgressiefOppositieakkoord: voor een sociale en groene toekomst! De komende jaren vormen wij in de Tweede Kamer een alliantie, een progressief blok. 1/3 ;1;2021-12-06T15:07:47.000Z
"Om 15:00 presenteer ik samen met @PloumenLilianne een Progressief Oppositieakkoord. Om te laten zien: het kan wél. Een sociale en groene toekomst voor iedereen.

Kijk live mee via ";1;2021-12-06T11:47:14.000Z
Van vreedzame demonstranten blijf je af. ;0;2021-12-05T14:21:35.000Z
Wat een goede oproep van de burgemeester van Amsterdam om je te laten vaccineren. Het beschermt jou en je dierbaren tegen corona, en helpt enorm om de druk op te zorg te verminderen. Miljoenen mensen zijn je al voorgegaan. Heb je nog twijfels? Bel je huisarts of de GGD! ;1;2021-12-02T15:21:50.000Z
"Code zwart dreigt op de IC’s. En ook andere zorgonderdelen dreigen één voor één ​als dominostenen om te vallen.

Corona is de druppel. Maar de zorg staat al veel langer onder grote druk.

Hoe komt dat? En hoe gaan we dat veranderen?

Dit zijn onze ideeën.
";0;2021-11-30T14:27:01.000Z
"Een meerderheid van 62% is het met @GroenLinks en @PartijvdDieren eens, er moet een permanent vuurwerkverbod komen. 

Beter voor de zorg, voor het milieu, voor onze gezondheid en voor onze huisdieren. ✅ 
";1;2021-11-25T14:07:35.000Z
"Mooie uitslag bij de herindelingsverkiezingen!

In drie van de vier gemeenten zien we een verdubbeling in percentages ten opzichte van de Tweede Kamerverkiezingen.

Trots op onze lokale afdelingen en kandidaten! ❤️💚 
";1;2021-11-25T11:30:51.000Z
"Nog geen 2 maanden na de verkiezingen in 🇩🇪 presenteren @Die_Gruenen met sociaaldemocraten en liberalen een regeerakkoord.
Met daarin oa: kolencentrales dicht, verhogen van het minimumloon en streng optreden tegen belastingontwijking. 👏

Gratuliere, @ABaerbock &amp; Robert Habeck! ";1;2021-11-24T15:28:05.000Z
"Vandaag mag je in al deze 👇 gemeenten stemmen bij de herindelingsverkiezingen!

#StemGroenLinks ";1;2021-11-24T11:21:21.000Z
"In Belastingparadijs Nederland komen grote bedrijven weg met het ontwijken van miljarden aan belastingen, terwijl we mensen met de allerlaagste inkomens laten opjagen door 'zelflerende algoritmes'.

Zullen we dat eens omdraaien?
";0;2021-11-23T09:47:50.000Z
"Het is trending, dus het zal wel waar zijn.

#Thierryisgevaccineerd";1;2021-11-22T16:38:10.000Z
"👇 Woon jij in één van de volgende gemeenten? Dan mag je deze week stemmen bij de herindelingsverkiezingen!

Ben je gezond? Stem dan op woensdag 24 november. Zo is er  vandaag en morgen ruimte voor mensen met een kwetsbare gezondheid.

#StemGroenLinks ❤️💚 ";1;2021-11-22T12:35:18.000Z
"Wat laat dit zien?

Het beleid wordt gemaakt op peilingen, mediaberichten en lobby. En dat is niet goed voor politieke besluiten.

Een kabinet moet doen wat nodig is, niet doen waar de meeste lobby voor is. 

13/13";0;2021-11-19T15:35:46.000Z
"Vandaag komt er een brief van de burgemeesters die pleiten voor een vuurwerkverbod.

Eindelijk gaat het kabinet om en stelt een verbod in. 

12/13
";0;2021-11-19T15:35:46.000Z
"Het kabinet laat lekken dat ‘de lobby nog niet groot genoeg is’.

De lobby. Alsof dat de reden is om wel of geen verbod op te leggen.

Ondertussen wordt Code Zwart voorbereid. 

11/13 ";0;2021-11-19T15:35:45.000Z
"Het kabinet laat weten dat het OMT niet over de juiste informatie beschikt. Maar die informatie heeft het kabinet zelf juist op 11 januari 2021 al naar de Kamer gestuurd. Onzin dus. 

10/13 ";0;2021-11-19T15:35:44.000Z
"Het kabinet vindt dat er ‘de coronasituatie geen aanleiding geeft om vuurwerk te verbieden’.
Er worden die dag 23.680 positieve testen geregistreerd. 

9/13 ";0;2021-11-19T15:35:43.000Z
"En terwijl we de eerste berichten horen dat er wordt gesproken over het verlengen van de kerstvakantie voor scholen vanwege de besmettingen, lezen we gisteren, op 18 november, in de media dat het kabinet afziet van een vuurwerkverbod. 

8/13
";0;2021-11-19T15:35:42.000Z
"Artsen slaan alarm.

De Spoedeisende Hulp dreigt om te vallen
Ziekenhuizen in Limburg slaan alarm.
Reguliere zorg en operaties worden meer en meer uitgesteld. 

7/13";0;2021-11-19T15:35:41.000Z
"Leveranciers en ondernemers slaan daarop massaal vuurwerk in, zij gaan ervan uit dat het verbod van de baan is. 

Ondertussen lopen de besmettingen op. Op 4 november is het aantal besmettingen voor het eerst weer boven de 10.000 en op 18 november al meer dan 23.000. 

6/13";0;2021-11-19T15:35:41.000Z
"Het kabinet vraagt advies aan het OMT. Alsof hun eigen cijfers niet voldoende bewijs leveren.  

Een OMT-advies blijft uit, zij willen geen uitspraak doen over een verbod.

5/13";0;2021-11-19T15:35:41.000Z
"Maar terwijl de besmettingen oplopen, blijft een verbod dit jaar uit.

Omdat het kabinet niets doet, roepen GroenLinks en Partij voor de Dieren bij het coronadebat opnieuw op tot een vuurwerkverbod en dienen een motie in.

4/13
";0;2021-11-19T15:35:40.000Z
"- 70% minder vuurwerkincidenten
- Kwart minder aanhoudingen
- De brandweer is minder ingezet
- Bij het OM zijn minder verdachten aangeleverd
- Geen verschuiving naar illegaal vuurwerk

3/13";0;2021-11-19T15:35:40.000Z
"Gezien de druk op de zorg, riepen @groenlinks en @PartijvdDieren vorig jaar op tot een tijdelijk vuurwerkverbod. En dat kwam er.

Grapperhaus stuurt begin 2021 een brief met de resultaten naar de Kamer. Wat blijkt: het verbod werkt heel goed.

2/13 ";1;2021-11-19T15:35:39.000Z
"Eindelijk is er besloten tot een vuurwerkverbod.

Terwijl iedereen zag dat dit noodzakelijk was, stelde het kabinet de beslissing steeds uit.

Want voor de troepen uit lopen en staan voor een moeilijk besluit durft dit kabinet niet.

Een draadje. 🧵

1/13";0;2021-11-19T15:35:38.000Z
"👇
";1;2026-02-09T10:02:48.000Z
"Het kabinet gaat eindelijk overstag en voert een vuurwerkverbod in.

Broodnodig voor de zorg, maar tragisch dat het kabinet pas overstag gaat na lobby.

Een kabinet moet doen wat nodig is, niet waarvoor de grootste lobby is.
";1;2021-11-19T12:02:22.000Z
"'Omdat de lobby tegen vuurwerk wel meevalt, hoeven we het ook niet te verbieden.'

Het kabinet moet ook niet luisteren naar lobbyisten, maar kijken naar torenhoge druk op de zorg.

Vuurwerk is onverantwoord tijdens deze crisis.

#vuurwerkverbod
";0;2021-11-18T11:11:02.000Z
"@TomvanderLee Op 10 december is de aandeelhoudersvergadering van Shell. Wij wilden van tevoren duidelijkheid geven.

Dat gaat dus niet door. Maar het maakt voor het resultaat niet uit. 

Vroeg of laat wordt de wet behandeld, en eenmaal aangenomen is-ie met terugwerkende kracht geldig. 💪";0;2021-11-17T20:39:58.000Z
"Collega-Kamerlid @tomvanderlee komt met een wet die regelt dat Shell bij vertrek uit Nederland een eerlijke eindafrekening moet betalen. Zo kunnen we belastingontwijking tegengaan.

Maar vandaag hielden VVD, CDA, D66 en CU ons verzoek om de wet snel te behandelen tegen.";0;2021-11-17T20:38:45.000Z
"Shell dreigt met vertrek omdat ze in Nederland dividendbelasting moeten betalen. 

Wat doet het kabinet? Voorstellen om dan die hele belasting maar af te schaffen. 

Dat is geen oplossing, dat is je laten chanteren. 

Wie is er nu eigenlijk de baas in NL?
";0;2021-11-15T15:35:37.000Z
"Dat Shell verhuist naar Londen is niets meer dan ordinaire belastingontwijking.

Jarenlang profiteerde Shell van de Nederlandse samenleving. Jarenlang betaalde Shell nauwelijks belasting.

Nu weggaan? Prima, maar dan betaal je je eerlijke deel.
";0;2021-11-15T15:13:01.000Z
"Wij blijven ons inzetten om de opwarming van de aarde te beperken, onze natuur te beschermen en een leefbare planeet voor onze kinderen mogelijk te maken. In de politiek en op straat.

Help ons mee, teken de petitie: 

6/6
";1;2021-11-14T10:46:00.000Z
"Deze successen zijn het gevolg van al die tienduizenden mensen die de straat op gaan om échte en eerlijke klimaatactie eisen.

Het laat zien dat actievoeren werkt. 5/6";1;2021-11-14T10:45:06.000Z
"En toch mogen we onze schouders niet laten hangen. Want wat de wereldleiders in Glasgow niet lukt, kan op kleinere schaal wel lukken. 

Nederland zette bijvoorbeeld na grote druk alsnog z'n handtekening onder de verklaring om te stoppen met het fossiele subsidies. 

4/6";1;2021-11-14T10:44:26.000Z
"Volgend jaar komen de landen opnieuw samen. Hopelijk komen ze dan wél tot een akkoord dat doet wat nodig om de klimaatcrisis echt een halt toe te  roepen. 

Want een halve graad meer of minder klinkt misschien als een detail, maar dat is het niet: 

3/6
";1;2021-11-14T10:43:48.000Z
In de het rapport wordt gesproken over het verminderen van steenkool, terwijl we moeten er mee moeten stoppen. Gas en olie worden niet genoemd. Het is niet gelukt om de klimaatdoelen voor 2030 aan te scherpen en is er te weinig geld om arme landen te helpen met klimaatbeleid. 2/6;0;2021-11-14T10:43:09.000Z
"De Klimaattop in Glasgow is gisteravond tot een einde gekomen. Wat een enorme stap vooruit had kunnen zijn, liep uit op een teleurstellend resultaat.
 
De beloftes die nu zijn gedaan zijn nog steeds niet genoeg om te voldoen aan de afspraak om onder de 1,5 graad te blijven.

🧵/";0;2021-11-14T10:42:30.000Z
"Vorig jaar
- Daalde het aantal vuurwerkslachtoffers met 70% 
- Kreeg de politie een kwart minder geweldsmeldingen
- Hoefde de brandweer 10% minder vaak uit te rukken

Laten we ook dit jaar de druk op onze zorg en hulpverleners verlichten. 

#vuurwerkverbod
";1;2021-11-11T17:24:58.000Z
"Minister Blok wil dit jaar nog een vergunning voor gasboringen in de Waddenzee afgeven. Nota bene onze klimaatminister!

Ondertussen gaat een kopgroep in Glasgow o.l.v. Denemarken en Costa Rica helemaal stoppen met nieuwe boringen. Waar blijft Nederland?
";0;2021-11-11T14:13:22.000Z
"Dit is hoopgevend: ondanks hun onderlinge spanningen gaan de VS en China, de twee allergrootste uitstoters, nauw samenwerken om hun CO2-uitstoot de komende tien jaar terug te dringen.

Deze samenwerking kan de klimaattop in een stroomversnelling brengen.
";1;2021-11-11T09:41:24.000Z
"Collega @PloumenLilianne slaat de spijker op z'n kop met dit draadje. 👇 We gaan niet meer zitten wachten op verandering. Het is een kwestie van de juiste keuzes maken.

#EqualPayDay
";1;2021-11-10T13:49:48.000Z
"In Nederland verdienen vrouwen per gewerkt uur meer dan 14 procent minder geld dan mannen. Voor hetzelfde werk. Dat is bijna een maandsalaris.

Hoewel ongelijke beloning al decennia verboden is, is het in de praktijk aan de orde van de dag.

Dat moeten we veranderen.
#EqualPayDay";0;2021-11-10T13:48:51.000Z
"Terwijl het kabinet blijft aanmodderen, nemen groene en linkse bestuurders door heel Nederland het heft in eigen handen om de wooncrisis aan te pakken.

Beleggers en huisjesmelkers mogen niet langer goedkope woningen opkopen om voor veel geld te verhuren.
";1;2021-11-10T09:50:44.000Z
"Zometeen live op YouTube: GroenLinks-Europarlementariër @BasEickhout praat je bij over de klimaattop in Glasgow en hoe we ervoor gaan zorgen dat landen stoppen met fossiele subsidies.

Kijk mee via ";1;2021-11-08T18:11:36.000Z
"Dat overheden moeten stoppen met het financieren van fossiele projecten is een no-brainer. 

Na druk van GroenLinks ondertekent nu ook Nederland de verklaring om hiermee te stoppen.

De tijd van groene woorden is voorbij, het is tijd voor groene daden.
";1;2021-11-08T10:01:38.000Z
"Actievoeren werkt.

#Klimaatmars
";1;2021-11-08T09:29:01.000Z
"Wát een opkomst. We horen net dat er meer dan 40.000 mensen zijn. Grootste Klimaatmars ooit.

#Klimaatmars ";1;2021-11-06T14:35:13.000Z
Wie zie ik morgen bij de #Klimaatmars in Amsterdam? 🙋;1;2021-11-05T19:10:29.000Z
"@MinPres Meer actie is nodig. Kom morgen vanaf 13.00 uur naar de #Klimaatmars in Amsterdam!
";1;2021-11-05T12:14:19.000Z
"@MinPres De Nederlandse regering weigert tot nu toe om mee te doen. Onbegrijpelijk.

Daarom heeft GroenLinks gisteren zelf een voorstel ingediend om zo af te dwingen dat ook Nederland alsnog dit initiatief ondertekent en stopt met het steunen van fossiel:
";0;2021-11-05T12:11:42.000Z
"De VS, het VK, Canada, Frankrijk, Finland, Denemarken, Italië, Slovenië, Portugal, Zwitserland- al deze landen hebben op de #COP26 dit 👇 plan ondertekend om te kappen met staatssteun voor fossiele energie.

Een no-brainer.

Waar blijft Nederland @MinPres?
";0;2021-11-05T12:11:04.000Z
"Grote stap! Ook grote fossiele investeerders als Canada en VS stoppen in 2022 met subsidie aan fossiele projecten.

Ons land mag niet ontbreken in deze kopgroep. Daarom komt GroenLinks vandaag nog met een voorstel om Nederland onder dit rijtje te krijgen!
";1;2021-11-04T11:58:55.000Z
"Onze premier roept in Glasgow dat er ‘actie actie actie’ nodig is.

Ondertussen weigert hij zelf mee te doen aan het initiatief om te stoppen met subsidiëren van fossiele projecten.

Onacceptabel. Wij komen morgen met een voorstel in om alsnog te tekenen.
";0;2021-11-03T16:50:55.000Z
"Waar het kabinet nauwelijks iets doet aan de wooncrisis, nemen linkse stadsbesturen het heft in eigen handen.

Met dit plan laat Amsterdam zien waar het om gaat: huizen zijn om in te wonen, niet om geld mee te verdienen.
";1;2021-11-03T13:49:30.000Z
"In Nederland leven meer dan 1 miljoen mensen in armoede. Tegelijkertijd zijn er meer miljardairs dan ooit.

Dat is het gevolg van politieke keuzes. Om vermogen minder te belasten dan werk bijvoorbeeld.

Het is nooit te laat om andere keuzes te maken.
";0;2021-11-02T16:43:56.000Z
"Elk jaar subsidieert de Nederlandse overheid de fossiele sector met miljarden euro's.

Onze toekomst staat op het spel. Nederland moet zo snel mogelijk een eind maken aan deze staatssteun.

Goed betoog van @groenlinks-Europarlementariër @BasEickhout: ";0;2021-11-01T13:38:10.000Z
"Dit is tamelijk bizar. Het is namelijk haar werk om te weten hoe je die doelen haalt. Ideeën zijn er genoeg.

We hebben nog maar een paar jaar om grote opwarming van de aarde te stoppen. Daarvoor zijn bestuurders nodig met lef, ambitie en ideeën. ";0;2021-10-30T10:00:49.000Z
"Het is tijd voor actie.

Volgende week zaterdag, 6 november, is er een grote Klimaatmars in Amsterdam.

Laat het kabinet weten dat Nederland snakt naar #klimaatleiderschap. 

Kom ook en meld je aan: ";1;2021-10-28T09:54:45.000Z
"Het roer moet om. We moeten drastisch onze uitstoot verminderen. En dat lijkt nog altijd niet door te dringen bij het demissionaire kabinet. 

Terwijl de tijd dringt. 

Overal ter wereld, en ook in Nederland, zien we in alle hevigheid de eerste gevolgen van de klimaatcrisis.";0;2021-10-28T09:53:13.000Z
Als klimaat echt zo belangrijk is - waarom willen ze dan het prachtige bos bij Amelisweerd kappen om een nutteloze snelweg uit te breiden?;0;2021-10-28T09:52:48.000Z
Als klimaat echt belangrijk is - waarom wil dit kabinet dan Lelystad Airport openen?;0;2021-10-28T09:52:34.000Z
Want als klimaat echt belangrijk is - waarom staat het kabinet dan dan gasboringen in de Waddenzee toe?;0;2021-10-28T09:51:28.000Z
"Er is iets fundamenteel mis met de klimaataanpak van het kabinet.

Er wordt gezegd dat klimaat belangrijk is, maar uit niks blijkt dat het kabinet ook echt de daad bij het woord voegt.";0;2021-10-28T09:50:24.000Z
"Genant.

Van de klimaatambitie van het demissionaire kabinet is niets terecht gekomen. Zelfs de eigen doelen worden bij lange na niet gehaald.

En dat is geen verrassing. Want dit kabinet zegt A, maar doet B. En zo gaat het al jaren.
";0;2021-10-28T09:49:19.000Z
"Zojuist is @Suzanne_GL beëdigd als Tweede Kamerlid! Suzanne was al eerder Kamerlid voor GroenLinks. Een warm weerzien dus.

Heel veel zin in onze samenwerking! ";1;2021-10-27T13:43:54.000Z
Heel veel dank @bartsnels. Voor al die jaren samenwerking, voor al je adviezen, voor je vriendschap en je fantastische Kamerwerk. Ik ga je missen.;1;2021-10-26T13:22:28.000Z
"Dag fossiel, hallo duurzaam!

De miljarden van pensioenfonds ABP worden niet meer belegd in fossiel. Dit zijn de grote stappen die hard nodig zijn voor een duurzame toekomst. @FossielvrijNL en @RijksambtABP laten zien dat collectief actievoeren werkt.
";1;2021-10-26T07:49:08.000Z
"De zeespiegel stijgt zoveel sneller dan verwacht, dat het KNMI hun voorspellingen moet aanpassen. Voor het eind van deze eeuw kan de Noordzee met wel 2 meter (!) zijn gestegen.

Klimaatactie is keihard nodig. Kom naar de Klimaatmars:";1;2021-10-25T13:52:01.000Z
"Onverteerbaar leed. 1115 kinderen van toeslagenouders zijn uit huis geplaatst. Dit mag nooit gebeuren door een falende overheid.

Er moet snel duidelijkheid komen over het verband met het #toeslagenschandaal, zodat we recht kunnen zetten waar mogelijk.

";0;2021-10-19T19:41:30.000Z
Bedankt voor alles wat je voor GroenLinks en voor mij persoonlijk betekend hebt de afgelopen jaren @bartsnels. Ik ga onze samenwerking enorm missen, maar ik weet zeker dat onze paden, zoals ze dat al vaker hebben gedaan, weer zullen kruisen.;1;2021-10-14T18:35:37.000Z
"Deze groeiende ongelijkheid is een gevolg van politieke keuzes. Het is een noodzaak dat er andere keuzes gemaakt worden.

Maak kinderopvang gratis, verlaag de zorgpremie en het eigen risico, verlaag belasting op werk, pak de wooncrisis aan.

Vertrouwen in plaats van wantrouwen.";1;2021-10-08T09:16:37.000Z
"Meer dan een kwart van de Nederlanders zit financieel stuk, en de kloof tussen arm en rijk groeit. Niet alleen het toeslagensysteem brengt mensen in de problemen. Het is ook het onmenselijke beleid. Een overheid die mensen structureel op achterstand zet.
";0;2021-10-08T09:16:04.000Z
"10/ GroenLinks wil dat de overheid de komende winter de stijging van de energierekening compenseert. 

Dat is een noodmaatregel, een 'quick fix'. 

Die noodmaatregel moeten we nemen omdat het kabinet jarenlang heeft nagelaten echte oplossingen te zoeken.";0;2021-10-07T18:36:36.000Z
"9/ Steeds meer mensen werken keihard en hebben toch moeite om de rekeningen te betalen. Zij kunnen deze enorme stijging van de energierekening er helemaal niet bij hebben. 

Dat zijn allang niet meer alleen de laagste inkomens, maar ook de middeninkomens.";0;2021-10-07T18:35:55.000Z
"8/ Daarnaast is er een groot probleem dat je hier niet los van kunt zien: de groeiende ongelijkheid. 

Een klein aantal mensen wordt steeds rijker, terwijl steeds grotere groepen het lastig hebben. 

De prijzen stijgen, maar de lonen stijgen niet mee.";0;2021-10-07T18:35:21.000Z
"7/ Nederland loopt ver achter met isoleren. Door huizen te isoleren kun je het energieverbruik flink terugbrengen en ben je minder afhankelijk van gas. 

En juist de mensen in slecht geïsoleerde huizen, dreigen nu de klappen op te vangen van de energieprijzen.";0;2021-10-07T18:34:29.000Z
"6/ Al jaren hameren wij op de betaalbaarheid van energie voor gewone gezinnen. 

Huishoudens betalen namelijk veel en veel meer energiebelasting dan grote vervuilers. 

Ook is de afgelopen jaren veel te weinig aandacht geweest voor verduurzaming van huizen.";0;2021-10-07T18:34:04.000Z
"5/ Deze noodsituatie vraagt om een snelle oplossing voor alle huishoudens die in de knel komen. 

Had het kabinet dit niet kunnen zien aankomen? Jawel. 

De problemen waar we nu mee te maken hebben komen voor een groot deel door het beleid van het demissionaire kabinet.";0;2021-10-07T18:33:34.000Z
"4/ Er moet een energie-noodplan komen. GroenLinks wil dat prijsstijging op de energierekening wordt gecompenseerd, in elk geval voor de komende wintermaanden. 

Daarover wil ik zo snel mogelijk in debat.";1;2021-10-07T18:32:42.000Z
"3/ Wij slaan energie-alarm. Honderdduizenden gezinnen komen direct in de problemen door de hoge energierekening. Het kabinet heeft veel te weinig gedaan om deze situatie te voorkomen. We mogen deze mensen niet in de kou laten staan. 

Wat moet er gebeuren?";0;2021-10-07T18:32:02.000Z
2/ Nu al hebben zo'n 550.000 huishoudens te maken met energie-armoede. Dat betekent dat er 10% of meer van het inkomen besteed wordt aan de energierekening. En dat aantal loopt de komende maanden snel op als we niets doen.;0;2021-10-07T18:31:29.000Z
1/ De prijs van aardgas gaat wereldwijd door het dak. En dat heeft direct gevolgen voor heel veel mensen. Voor sommige huishoudens stijgen de energiekosten met meer dan 100 euro per maand. En steeds meer mensen hebben zo'n hoge energierekening, dat ze niet meer rond kunnen komen.;0;2021-10-07T18:31:03.000Z
"Nieuws: er gaat wereldwijd €9,5 miljoen subsidie naar de fossiele industrie. Per MINUUT.

Als we oliereuzen niet subsidiëren, kunnen we de mondiale CO2-uitstoot met een derde verminderen én het vrijgekomen geld investeren in verduurzaming. Een no-brainer.
";0;2021-10-07T10:39:09.000Z
"Als andere partijen volwaardig met ons willen onderhandelen over een meerderheidskabinet mogen ze ons altijd bellen. 

Als ze willen weten wat we ergens van vinden, kunnen ze het GroenLinks-verkiezingsprogramma lezen.

";1;2021-10-06T13:41:04.000Z
"10 jaar lang werkte GroenLinks aan een voorstel voor meer transparantie door de overheid. Want burgers en journalisten hebben recht op goede informatie.

Vandaag is de Wet Open Overheid van collega @bartsnels en D66’er @Sneller aangenomen.

De aanhouder wint. Gefeliciteerd! ";1;2021-10-05T15:35:16.000Z
"Het is uitermate verontrustend nieuws dat de naam van onze minister van Financiën voorkomt in deze gelekte documenten over brievenbusfirma’s.

De onderste steen moet boven. Hij moet komende week nog verantwoording afleggen in de Tweede Kamer.
";0;2021-10-03T17:29:10.000Z
"Laat ik nogmaals helder zijn: ons gaat het om de inhoud, niet om de poppetjes. Wij leveren geen ministers aan een rechts kabinet.

#formatie
";1;2021-09-30T14:40:17.000Z
"Dit kabinet heeft de wooncrisis, klimaatcrisis en ongelijkheid niet opgelost. Waarom zou dat bij een voortzetting van deze coalitie anders zijn?

Wat Nederland nodig heeft is verandering. Dit is meer van hetzelfde.
";0;2021-09-30T10:16:50.000Z
"Dat Blackstone dit kan doen, komt door 20 jaar doelbewust beleid. De politiek wilde dat dit soort bedrijven naar Nederland zouden komen. Daar moeten we korte metten mee maken. 

We moeten als Tweede Kamer het initiatief nemen. Daarom doen wij dit voorstel.
";0;2021-09-28T13:20:49.000Z
"Lang zeiden we dat de klimaatcrisis een crisis van volgende generaties is. 

Die tijd is voorbij.

De klimaatcrisis gaat over de levens van mensen die nu jong zijn, bevestigt ook dit onderzoek.

Tijd voor een kabinet dat de klimaatcrisis echt aanpakt.
";1;2021-09-28T11:00:11.000Z
"Wat een hoopvolle verkiezingsuitslag bij onze oosterburen: de sociaaldemocraten worden de grootste partij én de Groenen halen de beste uitslag ooit!

Herzlichen Glückwunsch, @OlafScholz en @ABaerbock!

Op naar een groene en linkse regering in Duitsland. 🍀🌹

#btw21";1;2021-09-27T09:20:33.000Z
"Zijn er ruling-afspraken gemaakt? Heeft de overheid geholpen bij de opzet van deze belastingconstructies?

Ik ga Kamervragen stellen.";0;2021-09-25T08:35:29.000Z
"Dit toont precies aan wat gebeurt als je wonen ziet als markt.

Grote beleggers worden door de Nederlandse overheid fiscaal gefaciliteerd om huizen op te kopen en voor woekerprijzen te verhuren, wat de prijs van koopwoningen ook opstuwt.

Dit moet stoppen.
";0;2021-09-25T08:19:46.000Z
"Samen met de PvdA knokt GroenLinks om de enorme problemen in Nederland aan te pakken.

Er zijn stappen gezet. Er komt geld voor hogere leraren- en zorglonen, voor een lagere energierekening, voor meer sociale woningbouw.

Een begin, maar er is meer nodig. We zetten door!
#apb21";1;2021-09-24T09:48:08.000Z
"Omdat het kabinet demissionair is, worden de grote problemen van deze tijd niet aangepakt.

GroenLinks en PvdA komen vandaag daarom met 4 concrete plannen. Want de aanpak van klimaatcrisis, lerarentekort, wooncrisis en ongelijkheid kan niet langer wachten.
";1;2021-09-22T07:12:24.000Z
"De troonrede maakt duidelijk dat de grote keuzes worden overgelaten aan een nieuw kabinet.

Daarom heeft ons land snel een daadkrachtig kabinet nodig. De stikstofcrisis, de klimaatcrisis, de wooncrisis, de groeiende ongelijkheid: deze problemen kunnen we niet langer laten liggen.";1;2021-09-21T11:59:12.000Z
"Volgtip! 👇

#Prinsjesdag #GroenLinks
";1;2021-09-21T10:41:47.000Z
"Goed statement van @estherouwehand. Zo snel mogelijk stoppen met het gebruiken van hout voor biomassa.
";1;2021-09-21T08:29:29.000Z
"Onderhandelen over de inhoud? Prima, dan moeten ze ons uitnodigen voor de kabinetsformatie.

De begroting voor 2022 bespreken we in de Tweede Kamer tijdens de Algemene Beschouwingen. Wij doen zelf voorstellen om de begroting beter te maken in dat debat. ";1;2021-09-20T16:48:44.000Z
"Mooie samenwerking van politieke jongerenorganisaties en Urgenda! We kunnen de aanpak van de klimaatcrisis niet meer uitstellen. Noem deze plannen radicaal, ik noem ze keihard nodig.
";1;2021-09-17T09:12:40.000Z
"Sigrid Kaag neemt met opgeheven hoofd haar verantwoordelijkheid voor het Nederlands optreden in Afghanistan.

Veel waardering voor deze zuivere keuze. Een groot contrast met andere verantwoordelijken.";1;2021-09-16T18:29:45.000Z
"Geweldig dat zoveel mensen vandaag opkomen voor het recht op betaalbaar wonen.

Dit kan de politiek nu doen:

- Perk macht van beleggers in
- Bouw meer betaalbare woningen
- Verlaag huurprijzen vrije sector
- Schaf de verhuurdersheffing af.

#WoonProtest
";1;2021-09-12T15:09:15.000Z
"#WoonProtest! ✊

Met @PloumenLilianne en duizenden en duizenden anderen in het Westerpark in Amsterdam. Wonen is een recht! ";1;2021-09-12T13:45:27.000Z
"Zie ik jullie vanmiddag?

#Woonprotest ";1;2021-09-12T09:13:13.000Z
@WOONPROTEST Meld je aan: ;1;2021-09-07T12:21:00.000Z
Wie zie ik zondag bij het @WOONPROTEST?;0;2021-09-07T12:17:40.000Z
"Het allergrootste gevaar voor de gezondheid van mensen wereldwijd? Klimaatverandering.

Corona liet zien dat we enorme investeringen kunnen doen, als we maar willen. Deze medici zijn helder: laten we de klimaatcrisis met dezelfde urgentie aanpakken.
";1;2021-09-06T15:30:18.000Z
"Heel goed dat gemeenten deze mogelijkheid krijgen en er gebruik van maken. Wanneer je als woningzoekende ook nog met vermogende beleggers moet concurreren op de koopmarkt, maak je geen kans. Wonen is een recht, geen verdienmodel.

";1;2021-09-02T10:11:55.000Z
"En hoe meer mensen meedoen met onze beweging, hoe sterker wij dat geluid samen kunnen laten horen.

Doe mee: ";1;2021-08-31T13:56:16.000Z
"Deze tijd vraagt om partijen die zien dat de groeiende ongelijkheid en ecologische crisis verbonden zijn. 

Dat ze beide het resultaat zijn van een economisch systeem dat zijn langste tijd heeft gehad. 

Deze tijd vraagt om een krachtig groen en links geluid. 6/";1;2021-08-31T13:55:12.000Z
"Verandering is een zaak van de lange adem. 

Daarom zetten wij onze samenwerking met de PvdA voort. 

Daarom blijven wij streven naar het verbinden van alle progressieve en linkse krachten van ons land. 

Is het niet vanuit de coalitie, dan is het vanuit de oppositie. 6/";1;2021-08-31T13:54:11.000Z
"Dan blijft het aanmodderen met de aanpak van de klimaatcrisis, de bestrijding van armoede en herstel van de publieke sector en de verzorgingsstaat. 

Dat is een slechte zaak voor Nederland. 5/";0;2021-08-31T13:53:31.000Z
"Die democratische traditie heeft vandaag een klap gekregen.

Als rechtse partijen op voorhand alle linkse partijen uitsluiten, dan wordt de vorming van een daadkrachtige regering heel moeilijk. 4/";0;2021-08-31T13:52:46.000Z
"Nederland staat bekend om de traditie van politieke compromissen. 

We zijn het land waarin jarenlang verschillende partijen, elk vanuit hun eigen idealen, met elkaar het gesprek zijn aangaan om overeenstemming te zoeken. 

'In het landsbelang,' werd er dan vaak gezegd. 3/";1;2021-08-31T13:51:45.000Z
"De verschillen tussen onze partijen zijn groot. Of we er met elkaar uit zouden komen is zeer de vraag. 

Maar juist daarom ga je met elkaar aan tafel: om te kijken of je verschillen kunt overbruggen. Deze weigerpolitici proberen niet eens een inhoudelijk gesprek te starten. 2/";0;2021-08-31T13:51:07.000Z
"Al meer dan vijf maanden wacht Nederland op een nieuwe regering. De klimaatcrisis, de wooncrisis en de toenemende sociale ongelijkheid schreeuwen om antwoorden. 

Maar vandaag weigeren VVD en CDA inhoudelijke gesprekken te starten met GroenLinks en de PvdA.

Wat een blamage. 1/";0;2021-08-31T13:49:26.000Z
"Dit is een bijzondere dag voor progressief Nederland. Veel steun bij zowel PvdA als GroenLinks voor onze linkse samenwerking.

Nu verder met de inhoud. De aanpak van klimaatverandering en ongelijkheid kunnen niet wachten.";1;2021-08-28T15:03:02.000Z
"De beelden van vandaag uit Kabul gaan door merg en been. De Afghanen bevinden zich in een afschuwelijke situatie.

We hebben de plicht om diegenen die zijn achtergebleven en nog steeds vrezen voor hun leven zo snel mogelijk alsnog te evacueren.
";0;2021-08-26T20:58:29.000Z
"Niemand kan er meer omheen. Zelfs de leiders van andere partijen hebben het erover: linkse samenwerking. En ja, we werken veel samen.

Lees hier de verklaring van @PloumenLilianne en mij 👇
";1;2021-08-20T15:42:25.000Z
"Verschrikkelijke beelden uit Afghanistan: mensen vrezen voor hun leven na de machtsovername van de Taliban, in de steek gelaten door de NAVO.

De minister moet alles eraan doen om álle mensen die gewerkt hebben voor Nederland zo snel mogelijk te evacueren.";0;2021-08-16T10:57:11.000Z
"Al zo lang ik leef zegt de wetenschap: de aarde warmt op. Ieder rapport steeds urgenter.

Regeringen blijven vasthouden dat de aanpak van de klimaatcrisis geen haast heeft. Onverantwoord.

Nederland moet de leiding nemen om de klimaatcrisis te stoppen.

";0;2021-08-09T09:31:28.000Z
"De afgelopen paar dagen laten zien wat de klimaatcrisis in de praktijk betekent voor Nederland. In Duitsland wijzen politici van links tot rechts op het verband tussen deze watersnoodramp en de opwarming van de aarde. In Nederland is het kabinet stil.
";0;2021-07-16T12:50:11.000Z
"Vandaag verliezen we een moedige strijder tegen onrecht. Een voorbeeld voor velen en een groot verlies voor Nederland. Mijn gedachten zijn bij zijn familie en vrienden.
";1;2021-07-15T12:19:26.000Z
"Je kan niet naar deze beelden kijken zonder zwaar hart. Wat een ramp voor iedereen die getroffen is door deze overstromingen. Heel veel sterkte aan allen in Limburg en dank aan alle helpenden.
";1;2021-07-15T11:42:50.000Z
"Heel veel sterkte gewenst in Limburg.

Wat een verdrietige voorbode van een van de gevolgen van de klimaatcrisis: extreem weer. We moeten doen wat nodig is om erger te voorkomen.

#KlimaatactieNu ";1;2021-07-14T17:58:47.000Z
"Hoe we ervoor willen zorgen dat we de groene doelen op een sociale en eerlijke manier halen lees je hier:

";1;2021-07-14T10:51:28.000Z
"Dit klimaatpakket wordt voor Nederland enorm belangrijk. @BasEickhout en ons team in Brussel werken er hard aan om dit beleid zo groen en eerlijk mogelijk te maken.

En GroenLinks zet zich vanuit Den Haag in voor een ambitieuze inzet van Nederland. ";1;2021-07-14T10:43:18.000Z
"Eerder riep ik met collega-Europarlementariër @kimvsparrentak op om dit problematische verdienmodel aan te pakken en deden we deze 5 voorstellen:
";1;2021-07-14T09:07:47.000Z
"Heel schadelijk. We betalen driedubbel voor een vaccin. Eerst met subsidie voor het onderzoek. Dan door de koop van het vaccin. En vervolgens door belastingontwijking.

En dit komt helaas vaak voor, met de farmaceutische industrie als lachende derde.
";0;2021-07-14T09:07:11.000Z
❤️ ;1;2021-07-13T07:13:27.000Z
Dit is goed nieuws voor Brabant! Gefeliciteerd en veel succes, @_Hagar. ;1;2021-07-12T15:47:25.000Z
"‘geen halszaak’? Het kabinet, demissionair of niet, heeft zich gewoon aan rechterlijke uitspraken te houden, zeker als je dat zelf als kabinet keer op keer belooft.

Nederland loopt enorm achter. Aan het werk!

#KlimaatactieNu
";0;2021-07-07T15:41:16.000Z
"Wat een afschuwelijk bericht. Mijn gedachten zijn bij Peter en de mensen om hem heen. En verspreid nooit beelden van slachtoffers. Ook nu niet.
";0;2021-07-06T18:57:38.000Z
"In Nederland worden elke dag 1,7 miljoen dieren geslacht. De veestapel is zo groot dat niet alleen de natuur maar ook onze gezondheid eronder lijdt.

Om het land gezond te maken moet de veestapel kleiner en moeten we goede oplossingen vinden voor boeren.
";0;2021-07-05T11:09:12.000Z
"Mooi nieuws. Van harte gefeliciteerd @geert_gabriels!
";1;2021-07-05T08:41:36.000Z
@jpaternotte @needieandere 😱😂;1;2021-07-02T11:02:07.000Z
"GroenLinks, Pvda en D66 roepen op dit jaar nog een kolencentrale sluiten.

Omdat Nederland na jaren treuzelen moeten voldoen aan het Urgenda-vonnis.

Maar veel meer nog: omdat we willen dat deze planeet leefbaar blijft voor onze en volgende generaties.

";1;2021-07-02T10:40:11.000Z
"Vandaag herdenken we ons slavernijverleden en vieren we de afschaffing van de slavernij.

Deze excuses zijn geen eindstation, maar het een goede stap in de richting van een sterkere, inclusievere en gelijkwaardigere samenleving.

#ketikoti
";1;2021-07-01T14:15:12.000Z
Heel goed dat Corinne hier grenzen trekt. ;1;2021-07-01T11:26:50.000Z
"We lopen achter. En dat is een gemiste kans. Voor het klimaat, maar ook omdat de omslag naar een duurzame economie veel kansen biedt.

Opdracht aan een volgend kabinet: haal de achterstand in!
";0;2021-06-29T11:48:21.000Z
"Geweldig om te zien dat zoveel jongeren de straat op gaan voor klimaatrechtvaardigheid.

Wat een energie @ForFutureNL en @mbo_for_climate 👏

#klimaatrechtvaardigheidNU
";1;2021-06-24T14:42:25.000Z
"De Thalys bewijst: fix snelle internationale treinverbindingen, en mensen kiezen veel minder vaak voor een vervuilende vlucht. 

Investeer in een Europees treinennetwerk. #meertreinenmindervliegen
";1;2021-06-24T13:31:13.000Z
"De informateur noemt in haar rapport de grote uitdagingen voor ons land, zoals ongelijkheid en klimaatverandering.

Zes partijen zeggen: dit is een goed startpunt om verder te praten.

Leg mij maar uit waarom we dan niet kunnen onderhandelen over de inhoud. 

#formatiedebat ";0;2021-06-23T14:06:47.000Z
"Wat een nieuws! Ook in België heeft de rechter besloten dat de overheid meer moet doen om klimaatverandering tegen te gaan. 

Trots op @klimaatzaak die het lef had om deze zaak aan te spannen en ook ons recht op een gezonde planeet op te eisen. ";1;2021-06-17T17:28:55.000Z
"De meeste Nederlanders zijn vóór klimaatmaatregelen. 

Onder deze 2 belangrijke voorwaarden:

- De grote vervuilers moeten fors betalen voor CO2-uitstoot
- Lage inkomens moeten worden ontzien

Waar wachten we nog op? ";0;2021-06-17T10:09:13.000Z
"Gefeliciteerd @HiskeScholtens en de andere nieuwe bestuursleden! Ik kijk uit naar een goede samenwerking. 

En heel veel dank voor het afgelopen jaar, @SabScharwachter en de rest van het oude DWARS-bestuur. Ondanks corona hebben jullie er een mooi jaar van gemaakt. ";1;2021-06-12T18:01:05.000Z
"Alsof het toeslagenschandaal niet al erg genoeg was, is er misschien in het onderzoek ook nog gelogen. Hier moet de onderste steen boven. Sterk onderzoek weer van @rtlnieuws.

";0;2021-06-11T13:41:16.000Z
"Het aanpakken van de klimaatcrisis en het tegengaan van ongelijkheid gaan hand in hand. Het is de reden dat GroenLinks is opgericht. Een sterke klimaatagenda zorgt voor meer natuur, werkgelegenheid en betere woningen. 

Deze plannen steun ik van harte!
";1;2021-06-09T15:43:23.000Z
"Dank voor de tip @jpaternotte 😉

Afspraak: GEMAAKT! ✅ ";1;2021-06-07T12:55:32.000Z
"De enige juiste keuze.

";1;2021-06-04T13:03:35.000Z
"Dit is een historische uitspraak. Rechter beslist: Shell is verplicht om de CO2-uitstoot drastisch naar beneden te brengen om klimaatverandering tegen te gaan.

Fantastisch resultaat @milieudefensie.
";1;2021-05-26T13:47:26.000Z
"Het antwoord op deze islamofobe haat gaf @Kauthar_ zelf gisteren in haar maidenspeech:

“Mij wordt gezegd, keer op keer: jij hoort hier niet. Structureel is ‘De Ander’ het probleem. Maar deze plek is van en voor iedereen.”

En zo is het.

#HoopBovenHaat ";1;2021-05-21T09:42:42.000Z
"Zojuist had ik een goed gesprek met informateur Mariëtte Hamer over de voortgang van de formatie.

Naast het bespreken van inhoudelijke thema's heb ik aangegeven dat GroenLinks samen optrekt met de PvdA.

Dit is de brief die ik aan de informateur heb gestuurd: ";1;2021-05-18T14:00:58.000Z
"Natuurlijk moet Hamas de raketaanvallen staken. Maar waar is de steun voor de rechten van de Palestijnse burgerbevolking? Het recht op zelfbeschikking, op een waardig leven?

Door eenzijdig de kant van Israël te kiezen wordt de zaak van vrede en rechtvaardigheid niet gediend. ";0;2021-05-15T14:39:10.000Z
En natuurlijk een fijne Hemelvaartsdag aan iedereen die het viert!;1;2021-05-13T09:25:33.000Z
#EidAlFitr #EidMubarak ;1;2021-05-13T09:25:33.000Z
"Grote zorgen over het gewelddadige optreden van de Israëlische politie en dreigende huisuitzettingen van Palestijnen in Oost-Jeruzalem. Nederland en de EU moeten er bij Israël op aandringen deze uitzettingen en het illegale nederzettingenbeleid te stoppen.
";0;2021-05-10T14:11:15.000Z
"""Sobibor begon in het Vondelpark. Met een bordje: ‘Voor Joden verboden’.""

Dat zei de koning vorig jaar op 4 mei. De Holocaust begon klein: met het uitsluiten van groepen mensen. Dat moeten we ons blijven herinneren.

Daarom ben ik vanavond om 20.00 uur twee minuten stil. ";1;2021-05-04T13:59:32.000Z
Walgelijk. ;1;2021-05-03T08:40:41.000Z
"Of deze bizarre vergelijking nou serieus bedoeld is of alleen maar een manier om ophef te veroorzaken, het is totaal misplaatst.

Dit zijn niet zomaar voorvallen. Het past in de mediastrategie van een partij die zelf gebouwd is op uitsluiting en xenofobie.
";0;2021-04-28T16:08:02.000Z
"In de aanpak van de toeslagenaffaire was het kabinet vooral bezig om ervoor te zorgen dat er ‘geen precedentwerking optreedt’.

Oftewel: de oplossing mocht er niet voor zorgen dat er nog meer slachtoffers naar boven zouden komen, want dat zou gedoe geven.

#notulen";0;2021-04-26T20:29:59.000Z
"Dit geeft een ontluisterend inkijkje in een cultuur waarin de rol van het parlement bewust ernstig wordt verzwakt.

Als coalitie-Kamerlid moet je vooral niet kritisch zijn. Als Kamerlid van de oppositie is het haast onmogelijk om de juiste informatie naar boven te halen.
#notulen ";0;2021-04-26T20:28:33.000Z
"Deze brief schreef ik vandaag aan informateur Herman Tjeenk Willink.

Over de belangrijkste uitdagingen waar een volgende regering voor staat, en over het vertrouwen in de politiek. ";1;2021-04-21T15:33:43.000Z
"Deze beelden uit Lunteren zijn verschrikkelijk en staan niet op zichzelf.

Steeds vaker zijn journalisten het slachtoffer van intimidatie, bedreiging en mishandeling.

Journalisten moeten in veiligheid hun werk kunnen doen.
";0;2021-04-20T12:10:29.000Z
"Het wordt tijd dat we net zo goed gaan luisteren naar de klimaatwetenschappers als naar de coronawetenschappers.

Ook de klimaatcrisis verdient een OMT.
";1;2021-04-16T10:19:03.000Z
"Kijk dit fragment. Dit laat precies zien wat er misgaat in onze sociale zekerheid.
 
Een systeem gebaseerd is op wantrouwen, dat zorgt voor mensonterende situaties.
 
We moeten toe naar een overheid die haar burgers vertrouwt in plaats van wantrouwt. ";0;2021-04-15T11:09:13.000Z
"Het zwabberende vaccinatiebeleid van minister De Jonge is funest voor het vertrouwen van mensen.

Wij zeggen al maanden: stel een aparte commissaris aan voor het vaccinatiebeleid.

Dat is geen teken van zwakte, maar juist van kracht.
";0;2021-04-14T17:01:48.000Z
"De Nederlandse bio-industrie is mede verantwoordelijk voor #ontbossing wereldwijd. Regenwoud wordt platgebrand voor veevoer voor varkens en koeien.

Bossen zijn van levensbelang in de strijd tegen de klimaatcrisis. We moeten bossen beschermen, niet kappen.
";0;2021-04-14T11:31:55.000Z
"Aan iedereen die meedoet: een hele fijne en betekenisvolle Ramadan gewenst!

Nu we voor het tweede jaar op rij niet fysiek bij elkaar kunnen komen, hoop ik des te meer dat iedereen een mooie en saamhorige vastenmaand heeft.

#RamadanMubarak";1;2021-04-12T18:48:33.000Z
Heel veel dank @KhadijaArib. Je hebt heel veel voor het parlement en voor Nederland betekend.;1;2021-04-07T16:57:14.000Z
Onze inzet voor het debat van vanmiddag is glashelder: wij hebben geen vertrouwen in Rutte als premier. Daar is na dit paasweekend niets aan veranderd. We moeten nu breken met de bestuurscultuur van de afgelopen decennia.;0;2021-04-06T13:05:42.000Z
"Een terugkerend fenomeen: steeds als Rutte in de problemen komt, laat zijn geheugen hem in de steek.

Dit debat had het begin moeten zijn van herstel van vertrouwen, maar het kreeg een nog grotere klap. Daarom steunen wij de motie van wantrouwen:
";0;2021-04-02T11:31:42.000Z
"- De memo’s van de dividendbelasting.
- Slachtoffers in Hawija.
- De Teevendeal.
- Datsjabezoek Halbe Zijlstra.
- Omtzigt

Iedere keer als Rutte in de problemen komt, dan laat zijn geheugen hem in de steek. ";0;2021-04-01T12:22:57.000Z
"Rutte vindt dat de verkenners 'geen uitleg hoeven te geven', maar daar gaat hij helemaal niet over.

Verkenners werken niet voor het kabinet, maar in opdracht van de Kamer.

Daarom willen wij in een debat opheldering over wat er is gebeurd en besproken.
";0;2021-03-26T09:54:45.000Z
"Over de positie van een Kamerlid spreek je niet tijdens de formatie. Hierover moet opheldering komen.
";0;2021-03-25T18:03:17.000Z
"Waar deze speculaties vandaan komen is voor mij een raadsel. Laat ik helder zijn: het komt niet uit mijn gesprek met de verkenners. 

Ik heb nogmaals bevestigd dat wat GroenLinks betreft er een zo progressief mogelijk kabinet komt.";0;2021-03-25T11:32:11.000Z
"De haat die Kauthar Bouchallikht over zich heen krijgt staat niet op zichzelf. Het past helaas in een trend.

Hiertegenover staat gelukkig een veelzijdige beweging die verbonden is in de strijd tegen uitsluiting.

Hoop boven haat. Steun aan onze Kauthar ❤️
";1;2021-03-23T17:28:38.000Z
Een dag waarop we Kauthar verwelkomen als Kamerlid en we samen opstaan tegen dit soort bs van extreem-rechts. ;1;2021-03-21T11:36:57.000Z
"Vandaag is het de internationale dag tegen racisme.

We staan op tegen uitsluiting en institutioneel racisme. Of het nou gaat om het toeslagenschandaal of discriminatie op de arbeids- en huizenmarkt. 

We laten ons horen voor een gelijkwaardige samenleving.";1;2021-03-21T11:33:37.000Z
"Wat je definieert is niet hoe je omgaat met succes, maar hoe je omgaat met tegenslag.

Onze missie is na gisteren misschien wel belangrijker dan ooit. We hebben verloren, maar zijn niet verslagen. De strijd voor onze idealen gaat door.";1;2021-03-18T12:32:53.000Z
"Ik wil alle GroenLinks stemmers bedanken voor hun stem. We hadden op veel meer gehoopt. Dit is pijnlijk. 

We hebben afgelopen jaren veel verkiezingen gewonnen, maar we weten: ook verliezen hoort erbij.";0;2021-03-18T12:32:52.000Z
"Heb jij al gestemd? 

Het is ontzettend belangrijk dat GroenLinks zo groot mogelijk wordt. Want hoe meer zetels, hoe meer invloed we hebben een volgend kabinet. 

Stem voor klimaat. Stem voor de toekomst. 

#StemGroenLinks ";1;2021-03-17T15:45:00.000Z
@fransweisglas Gemiste kans, Frans.;1;2021-03-17T15:23:22.000Z
"Heb jij al gestemd?

Hier nog 5 goede redenen waarom jij vandaag GroenLinks moet stemmen.

#StemGroenLinks
#Ikstem #GroenLinks
#Verkiezingen2021 ";1;2021-03-17T15:14:57.000Z
"Actiefoto deelname Nederlands kampioenschap synchroonstemmen. 

#StemGroenLinks ";1;2021-03-17T12:20:22.000Z
"Twijfel jij nog over je stem? 

App de GroenLinks Zweeflijn. Daar zitten op dit momenten tientallen GroenLinksers om jouw vraag te beantwoorden!

En ga stemmen!

";1;2021-03-17T09:44:45.000Z
"Ga vandaag stemmen. 

Het is ontzettend belangrijk dat GroenLinks zo groot mogelijk wordt. Want hoe meer zetels, hoe meer invloed we hebben een volgend kabinet. 

Stem voor klimaat. Stem voor de toekomst. 

#StemGroenLinks ";1;2021-03-17T07:28:06.000Z
"Al in 1992 was de eerste wereldwijde klimaattop, in Rio de Janeiro. Sindsdien is bijna geen enkel klimaatdoel gehaald. 

Nederland doet veel en veel te weinig. 

Het is tijd voor ambitieus klimaatbeleid. Het is tijd voor een klimaatkabinet. 

#NederlandKiest
#StemGroenLinks ";0;2021-03-16T21:25:31.000Z
"Gisteren riep Baudet op tot geweld, vandaag plaatst hij het adres van een vrijwilliger bij een stembureau (iets dat gewoon mag).

Dit is pure intimidatie. Blijkbaar moeten we hem uitleggen dat mensen die geloven in de democratie zich hiervoor inzetten.

Haal deze tweet weg. ";0;2021-03-16T16:16:15.000Z
"Het is tijd voor een andere koers. Een progressieve koers. Een menselijk land en een eerlijke overheid. Dit staat op het spel bij de verkiezingen.

Stem voor het klimaat. Stem strategisch. Stem GroenLinks.

#StemGroenLinks";1;2021-03-16T13:21:56.000Z
"Maar Mark Rutte duikt voor het debat, voert bij voorkeur een schijngevecht met Geert Wilders. Om de echte vragen uit de weg te gaan en daarna door op dezelfde voet met dezelfde coalitie van VVD, CDA, D66 en ChristenUnie.

#StemGroenLinks";0;2021-03-16T13:21:55.000Z
"Tegelijkertijd bezuinigt de VVD op de uitvoering. 

200 miljoen minder voor diensten zoals UWV of DUO om hun werk te doen. Geen herstel van de sociale advocatuur om slachtoffers te helpen.

Het woord armoede komt in het VVD-programma letterlijk 0 keer voor.

#StemGroenLinks";0;2021-03-16T13:21:55.000Z
"Rutte wil door met het toeslagenstelsel. Maar mét een bezuiniging van 1,4 miljard op huurtoeslag, 300 miljoen op zorgtoeslag, 600 miljoen op kinderbijslag en het kindgebonden budget. Bovendien worden de uitkeringen bevroren. 

Bij de VVD stijgt de ongelijkheid nog verder door.";0;2021-03-16T13:21:54.000Z
"Nog een reden waarom een nieuwe regering nodig is: 

dit is de regering van het toeslagenschandaal. 

Tienduizenden gezinnen zijn door een wantrouwende overheid en institutioneel racisme kapot gemaakt.
Welke lessen heeft het kabinet hiervan geleerd?

De vvd niks.

#StemGroenLinks";0;2021-03-16T13:21:54.000Z
"De VVD doet aan klimaatbedrog. Rutte beweert de klimaatdoelen van Parijs te willen halen. Maar in zijn programma legt hij een taboe op effectief klimaatbeleid. 

Met de VVD blijft klimaatactie uit.

#StemGroenLinks ";0;2021-03-16T13:21:53.000Z
"Ten eerste: Het volgende kabinet moet een klimaatkabinet zijn. Met een sterk en een groot GroenLinks.

De huidige coalitie is er niet in geslaagd de klimaatdoelen te halen. Als ze doorgaan, is het risico levensgroot dat het ook de komende jaren niet lukt.

#StemGroenLinks";0;2021-03-16T13:21:51.000Z
"Jij staat voor een belangrijke keuze. Stem met je hart, maar ook strategisch. De huidige coalitiepartijen VVD, CDA, CU en D66 hinten dat ze tevreden zijn met elkaar en wel door willen. 

Dat lijkt mij een slecht idee. Om twee redenen. Ik zal uitleggen waarom.

#StemGroenLinks";1;2021-03-16T13:21:51.000Z
"Nog een keer voor de mensen achterin: GroenLinks wil geen Lelystad Airport.

";0;2021-03-16T12:26:12.000Z
"Dit kabinet van VVD, CDA, D66 en CU heeft veel te weinig oog voor de jeugdzorg. Dat moet echt anders. Deze mensen hebben de hulp van de overheid hard nodig.

We kunnen niet nog 4 jaar met dit kabinet door. Stem morgen links.

#StemGroenLinks ";0;2021-03-16T11:00:59.000Z
"Wil jij hetzelfde kabinet, met dezelfde ontbrekende klimaatambities,  groeiende ongelijkheid en onbetaalbare woningen?

Of wil je een kabinet dat lage- en middeninkomens erop vooruit laat gaan, klimaatdoelen haalt en in onderwijs investeert?

Stem dan strategisch op GroenLinks.";0;2021-03-16T07:56:03.000Z
"Krijgen we een kopie van de huidige regering of komt er een nieuwe coalitie?

Ik hoor verschillende coalitiepartijen al zeggen dat ze de coalitie van VVD, CDA, D66 en CU willen doorzetten.

Dit is een slecht idee. We moeten een klimaatkabinet vormen.

#StemGroenLinks";0;2021-03-16T07:56:03.000Z
"Een natuurgebied kappen voor meer asfalt en een vliegveld openen tijdens de klimaatcrisis, staat symbool voor hoe rechtse partijen naar de natuur kijken.

Behoud Amelisweerd. Laat Lelystad Airport dicht.

Deze verkiezingen zijn klimaatverkiezingen.

#1VDebat #StemGroenLinks ";0;2021-03-15T19:46:01.000Z
Mail bijgewerkt.;1;2021-03-15T17:07:20.000Z
"In Nederland moet iedereen vrij zijn om hun eigen keuzes te maken. Ik heb vol overtuiging getekend.

";1;2021-03-15T07:32:28.000Z
"Klopt.

";1;2021-03-14T16:43:07.000Z
"Deze verkiezingen zijn klimaatverkiezingen.

Daarom slaan wij vandaag #Klimaatalarm.

Het is tijd voor écht, effectief en eerlijk klimaatbeleid. Een volgend kabinet kan niet zonder een sterk GroenLinks.

#StemGroenLinks #MeerToekomst 
#MeerGroenLinks ";1;2021-03-14T14:04:07.000Z
"17 maart zijn klimaatverkiezingen. 

Stem voor het klimaat. Stem GroenLinks.

#Klimaatalarm 
#MeerGroenLinks ";1;2021-03-14T12:19:07.000Z
"GroenLinks heeft de plannen.

- Wij verminderen de meeste CO2-uitstoot van alle partijen
- Wij realiseren het hoogste % duurzame energie van alle partijen
- Wij hebben laagste energierekening van alle partijen
- Wij krimpen de veestapel

";1;2021-03-14T12:19:06.000Z
"Luister naar de kinderen met astma die last hebben van de fijnstofuitstoot.

Luister naar de mensen met longproblemen, luister naar de 8.000-12.000 mensen die in Nederland vroegtijdig overlijden door vieze lucht.

#Klimaatalarm
#MeerGroenLinks";0;2021-03-14T12:19:05.000Z
"Luister naar de wetenschap die ons al decennia vertelt dat we afstevenen op een onomkeerbare klimaatcrisis.

Luister naar de natuur in Nederland waar in 100 jaar tijd het aantal plant- en diersoorten met 80% is afgenomen.

#Klimaatalarm
#MeerGroenLinks";0;2021-03-14T12:19:05.000Z
"Vandaag slaan wij het #Klimaatalarm. Waarom? Komende week zijn de klimaatverkiezingen. Het klimaat staat op het stembiljet.

Omdat we nog maar 9 jaar hebben om onze uitstoot stevig in te perken.

Een draadje.

#MeerGroenLinks";0;2021-03-14T12:19:05.000Z
"Wat blijkt uit de doorrekening van het VVD-programma? De VVD haalt niet alleen eigen klimaatdoelen niet, maar bezuinigt ook op duurzaamheidssubsidies, waardoor bedrijven weggaan.

Het is tijd dat Rutte eerlijk is over de ontbrekende klimaatambities.

#klimaatbedrog
#DebatZuiden ";0;2021-03-13T19:25:10.000Z
"Het is tijd voor een kabinet dat de marktwerking aanpakt en woonzekerheid biedt, niet juist meer onzekerheid.

Dit gaat namelijk al jarenlang de verkeerde kant op.

Stem komende week GroenLinks voor eerlijk wonen en minder hoge huren.

";1;2021-03-13T09:32:44.000Z
"Iedereen heeft recht op een goede betaalbare woning, wat je inkomen ook is. 

Daarom herstellen we de Nederlandse traditie van volkshuisvesting als publieke taak in ere. Dit zijn onze plannen:

";1;2021-03-13T08:17:43.000Z
"Dit gebeurt als van wonen een markt is: investeerders kopen massaal woningen om er vervolgens veel te veel geld voor te vragen.

De wooncrisis vraagt om een radicale omslag. Woningen zijn bedoeld om in te wonen, niet om winst mee te maken.

";0;2021-03-13T08:14:31.000Z
"Een Nederland waar we wél alle klimaatdoelen halen en de samenleving eerlijker maken - met ons programma lukt het!

Geen tijd om het hele programma te lezen? Geen probleem. In deze video vat ik het in iets meer dan 5 minuten voor je samen.

#MeerToekomst
#MeerGroenLinks ";1;2021-03-12T13:04:01.000Z
"Opnieuw een klimaatdoelstelling die Rutte niet gaat halen. 

Het moet klaar zijn met het #klimaatbedrog van de VVD.

Onze toekomst staat op het spel. De eerste gevolgen van klimaatverandering merken we nu al. We hebben nog 10 jaar om een klimaatcrisis te voorkomen. ";0;2021-03-12T12:15:19.000Z
"Het klimaatbeleid van de VVD is zelfs zó slecht, dat het met haar programma niet eens de klimaatambities van ‘niets doen’ van Rutte III zou halen.

Dat zou leiden tot 43% minder CO2 en de plannen van het VVD verkiezingsprogramma haalt slechts 41% minder CO2.

#klimaatbedrog";0;2021-03-12T07:56:45.000Z
"Dit is nou precies wat we bedoelen met #klimaatbedrog.

Kernenergie is wel onderdeel van de doorrekening en EU-beleid wordt bij VVD precies op zelfde manier meegenomen als bij andere partijen.

Rutte, kom met een serieuze reactie. ";0;2021-03-11T15:37:27.000Z
"De VVD haalt de klimaatdoelstellingen van hun eigen verkiezingsprogramma niet.

Terwijl de aanpak van klimaatverandering een van de belangrijkste taken van het volgende kabinet wordt.

Dit is #klimaatbedrog. ";0;2021-03-11T13:43:12.000Z
"Lijkt me duidelijk. 

#StopDeVerbreding ";1;2021-03-11T10:28:23.000Z
"Rutte spreekt hier mooie woorden over klimaat, maar in zijn programma bezuinigt hij op schone energie.

Wij lieten de klimaatplannen van de VVD doorrekenen door het onafhankelijke onderzoeksbureau Kalavasta.

Om 13.30u presenteren zij de resultaten. ";0;2021-03-11T09:01:39.000Z
"In Amelisweerd dreigen eeuwenoude bomen gekapt te worden voor de verbreding van de snelweg A27.

Onnodige asfaltering die 1.5 miljard kost en 1 minuut tijdswinst oplevert.

Wij zijn daar tegen.

#MeerNatuur
#MeerGroenLinks

";0;2021-03-10T15:32:22.000Z
"Gefeliciteerd @TuurElzinga!

Ik kijk er naar uit om samen op te trekken voor een hoger minimumloon, meer zekerheid op de werkvloer én meer loon naar werken. ";1;2021-03-10T11:25:24.000Z
"Klimaatverandering in rechtse kabinetten gaat altijd alleen over de vraag: hoe kunnen burgers zich aanpassen? 

Wij zeggen: grote bedrijven moeten meer gaan betalen voor hun uitstoot.

Het volgende kabinet moet een klimaatkabinet worden. En GroenLinks is klaar om mee te regeren. ";0;2021-03-10T08:27:14.000Z
"Oeigoeren worden gedwongen kleding te maken die hier te koop is.

Duizenden mensen zijn al gestorven bij de WK-opbouw in Qatar.

Nigeriaanse boeren kampen nog steeds met een olielek uit 2005 van Shell.

Bedrijven moeten hun verantwoordelijkheid nemen en staan voor mensenrechten ";0;2021-03-10T08:06:22.000Z
Nederlandse belastingpolitiek: een paradijs voor grote bedrijven, een hel voor mensen met schulden. ;0;2021-03-09T09:58:30.000Z
"Het volgende kabinet moet een klimaatkabinet worden met ambitieuze én realistische oplossingen voor het klimaat.

Nederland kan niet langer wachten. Stem 17 maart voor een klimaatpartij.";1;2021-03-09T08:09:15.000Z
"Maak een einde aan de beschamende rol van Nederland als belastingparadijs. We moeten ons ontwikkelen tot een internationale voortrekker van fiscale samenwerking.

#StopBelastingparadijsNL

";1;2021-03-09T07:47:31.000Z
"De feministische strijd hoort niet alleen te rusten op de schouders van vrouwen, maar van ons allemaal.

Nederland is pas echt gelijkwaardig als iedereen zo behandeld wordt. Daarin is nog een weg te gaan. Spreek je uit, en stem voor gendergelijkheid.

#InternationaleVrouwendag";1;2021-03-08T09:41:35.000Z
"#MeerNatuur
#MeerGroenLinks ";1;2021-03-06T14:00:29.000Z
"De rammelende stikstofwet van dit kabinet zal opnieuw sneuvelen bij de rechter. Daarom roep ik de Eerste Kamer op: stuur deze wet terug.

In een nieuwe, groene regering moeten we de stikstofwet verbeteren, minder snelwegen en vliegvelden bouwen en meer nieuwe natuur aanleggen.";0;2021-03-06T12:41:42.000Z
"@christenunie Gelukkig sprak een meerderheid van de Tweede Kamer zich vorige week nog uit voor het plan van @PvdA en @groenlinks om de wettelijke bedenktijd bij abortus te schrappen. Meer dan terecht.
";1;2021-03-06T11:19:55.000Z
"Een 'afkoelperiode' voor een vrouw die verkracht is? De wereld op zijn kop @christenunie.

Slachtoffers van seksueel geweld moeten we juist direct helpen met alle medische en psychische zorg die ze nodig hebben.

#baasineigenbuik
";0;2021-03-06T11:18:04.000Z
"We hebben keihard meer OV nodig: voor het klimaat, voor schone lucht en bereikbaarheid.

Dat CDA minister Hoekstra nu dreigt met bezuinigen is kortzichtig en een klap in het gezicht van al die conducteurs en buschauffeurs die al de hele coronacrisis de bus en trein laten rijden. ";0;2021-03-05T21:19:39.000Z
"Terwijl het KNMI het klimaatalarm luidt, keert de premier zijn rug naar de aanpak van klimaatverandering

Als Mark Rutte nu al is moegestreden om de klimaatcrisis aan te pakken moet hij een stap opzij doen. ";0;2021-03-05T18:25:49.000Z
"Dit kabinet moet een klimaatkabinet worden waarin we duidelijk keuzes maken voor het klimaat.

Dat betekent ook dat het taboe van een stevige CO2-belasting voor vervuilende bedrijven er af moet. De vervuiler moet meer gaan betalen.

#MeerKlimaat
#MeerGroenLinks";1;2021-03-05T08:38:26.000Z
"Terwijl studenten al maanden thuis vereenzamen, ligt de oplossing te verstoffen in een magazijn.

Zet die 30 miljoen testen onmiddellijk in om het hoger onderwijs weer te openen.

";1;2021-03-05T08:20:22.000Z
"KNMI luidt de noodklok: we hebben nog maar 9 jaar om de kritische grens van 1,5 graad opwarming te voorkomen.

17 maart zijn klimaatverkiezingen. Het is zo ongelofelijk belangrijk dat het volgende kabinet een klimaatkabinet wordt.

Stem GroenLinks.";1;2021-03-04T17:47:42.000Z
"Dit is hoe CDA, maar ook de VVD, uit de crisis willen komen: bezuinigen op het sociaal vangnet. Bij rechts betalen gewone mensen de rekening van de coronacrisis.

Tijd voor meer linkse politiek.

";0;2021-03-04T17:20:59.000Z
Seksisme en vrouwenhaat, niet alleen tegen politici maar alle vrouwen die zich uitspreken, moet stoppen. Dat begint met samen de norm stellen: door mensen te steunen en seksisme nooit te tolereren. Spreek je vrienden en familie erop aan. Samen zorgen voor meer gelijkwaardigheid. ;1;2021-03-04T17:10:18.000Z
"Dit is het failliet van 10 jaar rechts asfaltbeleid. Wat we nodig hebben is meer natuur, niet meer asfalt.

Tijd voor GroenLinks in het volgende kabinet.

#MeerNatuur
#MeerGroenLinks

";0;2021-03-04T16:16:46.000Z
"Racisme, seksisme, lhbti-haat, antisemitisme en moslimhaat. De haat van extreemrechts ondermijnt de samenleving.

Dit staat 17 maart op het spel. Stem op een partij die staat voor gelijkwaardigheid.

";0;2021-03-04T12:37:07.000Z
"‘Foute inschatting’? Dat krijg je er van als je klimaatverandering alleen met campagnetrucs wilt aanpakken. 

Tijd voor het echte klimaatdebat: CO2-belasting voor vervuilende industrie. Investeren in waterstof en andere duurzame technieken. 

#MeerToekomst
#MeerGroenLinks ";0;2021-03-04T08:35:42.000Z
"De luchtballon van kernenergie is doorgeprikt, tijd voor het échte klimaatdebat. 

Meer treinen, minder vliegen, meer natuur, minder veeteelt, meer schone lucht, minder uitstoot vieze industrie. 

#MeerGroenLinks

";1;2021-03-04T08:11:27.000Z
"De luchtballon ‘kerncentrale in Groningen’ is nu al doorgeprikt. Een kamermeerderheid van GroenLinks, SP, PvdA, CDA en D66 haalt het plan van Rutte al voor de verkiezingen van tafel.

Nu door met een stevige CO2-heffing voor vervuilende bedrijven.

";1;2021-03-03T21:02:34.000Z
"Verschrikkelijk. Blijf van deze mensen af.

Dit is het gevaar van nepnieuws en polarisatie. Zeggen dat corona ‘maar een griepje is’ terwijl er duizenden mensen aan zijn overleden.

Heb respect voor de GGD en al haar medewerkers die helpen ons land veiliger te maken. ";0;2021-03-03T12:13:07.000Z
"Ons klimaat, onze natuur en onze gezondheid staan op het spel. 

Het komende kabinet moet een klimaatkabinet worden, want we hebben nog 10 jaar om een klimaatcrisis te stoppen. 

Stem 15-17 maart GroenLinks.

#MeerDuurzaamheid
#MeerGroenLinks

";1;2021-03-03T10:27:02.000Z
"Vanmiddag om 15.00 doe ik een AMA op Reddit!

Dus wil je weten wat onze plannen zijn voor het klimaat, over progressieve samenwerking óf wie ik denk dat de bondscoach van Oranje is? Kom vanmiddag naar Reddit en stel me je vraag.

#AMA ";1;2021-03-03T09:57:58.000Z
"Griekse taferelen? In 2025 is de staatsschuld bij GroenLinks 3% lager dan bij het CDA.

VVD en CDA laten komende vijf jaren de staatsschuld het meest oplopen.

";0;2021-03-03T08:05:05.000Z
"Zoveelste bewijs dat Rutte III de klimaatcrisis niet serieus neemt.

Het demissionaire kabinet legt het plan om een nationaal isolatieprogramma op te zetten en miljoenen huizen te verduurzamen van @gertjansegers en mij naast zich neer.

Niet doorschuiven, maar nu aanpakken. ";0;2021-03-02T18:27:04.000Z
"Mark Rutte komt alleen te staan, het CDA trekt de handen af van ’t plan voor een kerncentrale in Groningen. Nu de VVD nog.

Ik roep de premier op de Groningers gerust te stellen en zijn plan in te slikken.

#MeerSchoneEnergie
#MeerGroenLinks ";0;2021-03-01T18:02:19.000Z
"Mark Rutte ziet Groningen als potentiële plek voor een kerncentrale. 

We schakelen live naar onze correspondent ter plaatse, wat vindt de provincie Groningen eigenlijk van dit idee?

";1;2021-03-01T16:33:58.000Z
"GroenLinks is eerlijk over onze keuzes. Wij laten zien dat onze prioriteiten liggen bij klimaat, onderwijs en natuur.

Maar de VVD laat hun programma niet eens doorrekenen op klimaat. De partij van Mark Rutte is niet eerlijk naar de kiezer.

De presentatie van ons programma ⤵️ ";1;2021-03-01T14:46:43.000Z
"De VVD ontziet de grote bedrijven in CO2-uitstoot en hoge winsten. Daardoor komt er minder geld binnen voor klimaat, voor onderwijs en de staatskas.

Deze cijfers stellen glashelder: de VVD is slecht voor de jonge generatie.

";0;2021-03-01T10:58:30.000Z
"Conclusie: de doorrekeningen van de planbureaus van ons verkiezingsprogramma zijn het beste voor de toekomstige generaties.

Ons programma is realistisch en betaalbaar. Het heeft visie en ambitie. Het is groen en links.

Stem 15-17 maart GroenLinks.

#MeerToekomst
#MeerGroenLinks";1;2021-03-01T10:20:30.000Z
"We investeren in onze zorg en er komt gratis kinderopvang. Bovendien dichten we de loonkloof tussen basis- en voortgezet onderwijs én investeren we in het openbaar vervoer.

Geen enkele andere partij investeert zoveel in onderwijs.

#MeerPubliekeSector
#MeerGroenLinks";1;2021-03-01T10:20:30.000Z
"De werkgelegenheid neem toe, de werkloosheid neemt af en de economie groeit. We gaan arbeid meer belonen.

We halen 6.8 miljard euro op door een miljonairsbelasting, een forse CO2-belasting en een winstbelasting voor grote bedrijven in te voeren.

#MeerBanen
#MeerGroenLinks";1;2021-03-01T10:20:30.000Z
"We zorgen dat  alle inkomensgroepen erop vooruit gaan, behalve de rijkste 20% (94.000 euro gezinsinkomen) en zorgen dat de ongelijkheid fors afneemt. Daarnaast verhogen we het minimumloon.

Mensen die werken gaan er het meest op vooruit.

#MeerKoopkracht
#MeerGroenLinks";1;2021-03-01T10:20:29.000Z
"GroenLinks zorgt voor meer biodiversiteit, gezonde natuur en schone lucht. Door onze plannen bereiken we de stikstofdoelen al in 2030.

Met onze plannen krimpt de veestapel het meest van alle partijen.

#MeerNatuur
#MeerGroenLinks";1;2021-03-01T10:20:29.000Z
"In de plannen van GroenLinks staat dat we de CO2-uitstoot met 63% verminderen in 2030, dat we 3,5 miljoen woningen verduurzamen en dat we met een klimaatfonds in een nieuwe economie investeren.

Geen enkele partij doet het beter op klimaat.

#MeerDuurzaamheid
#MeerGroenLinks";1;2021-03-01T10:20:28.000Z
"Visie en ambitie voor Nederland: het kan. 

De doorrekening bewijst dat een ambitieus klimaatbeleid, een betere sociale zekerheid en meer banen samengaan. Het is een kwestie van politieke keuzes.

Met GroenLinks in de regering worden die keuzes gemaakt.

Een draadje met duiding⤵️";1;2021-03-01T10:20:28.000Z
"De komende jaren zijn de laatste jaren dat we de klimaatcrisis kunnen stoppen, daarom moeten we onze klimaatdoelen halen. 

GroenLinks heeft de meeste CO2-reductie van alle partijen, ambitieus klimaatbeleid is realistisch en haalbaar. 

#MeerGroenLinks

";1;2021-03-01T09:55:32.000Z
"In het kieskompas is de VVD tegen belastingverhoging voor de allerrijksten. In het debat is Rutte voor. Na afloop op Twitter weer tegen.

Wat zou ‘ie morgen vinden?

#ruttedraaitdoor ";0;2021-02-28T23:19:37.000Z
"Als we klimaatverandering niet aanpakken, wordt het risico op een nieuwe pandemie alleen maar groter.

Daarom hebben we een Green New Deal voor Nederland nodig: een investeringspakket om de klimaatcrisis te stoppen en de economie eerlijk te maken.

#Buitenhof ";0;2021-02-28T14:03:30.000Z
"Het komende kabinet is cruciaal in het stoppen van de klimaatcrisis. Laat de kiezer weten met welke programma’s dat lukt.

Met @SigridKaag en 12 klimaatexperts roep ik Rutte op eerlijk te zijn over het VVD-programma. Waarom geheimhouden wat je plannen doen voor klimaat en natuur? ";1;2021-02-28T07:49:33.000Z
"Hoe kan het dat de economie kan groeien, maar jij niks van merkt in je portemonnee? 

Economische ongelijkheid is een politieke keuze, een keuze die te vaak gemaakt is door door rechtse kabinetten. 

Dit is hoe GroenLinks de ongelijkheid wil aanpakken.
 ";1;2021-02-27T09:57:44.000Z
"De klimaatbeloftes van alle landen zijn bij elkaar opgeteld, en het blijkt dat we echt nog -lang- niet op koers zijn om onder de 1,5 graad te blijven. 

Daarom is er een #groenegolf nodig. Stem 17 maart GroenLinks.

";0;2021-02-27T08:31:31.000Z
"Tien jaar Rutte heeft geleid tot grotere kansenongelijkheid in het onderwijs, grotere klassen en een veel te grote nadruk op toetsen in plaats van ontwikkeling.

Dat ligt niet aan de docenten, dat ligt aan zijn beleid.

#verkiezingsdebat ";0;2021-02-26T18:19:48.000Z
"Na 10 maanden lockdown worden de mentale problemen, zeker van jongeren, steeds groter.

Daarom is het zo belangrijk dat we investeren in de GGZ. Want een IC-bed redt levens. Maar een crisisopvangplek ook.

#radio1debat #verkiezingsdebat ";1;2021-02-26T16:55:01.000Z
"Keuzes van rechtse kabinetten maakten de kloof tussen arm en rijk groter.

Wij hebben de plannen om deze economische ongelijkheid aan te pakken. Zoals de miljonairsbelasting die €6,8 miljard opbrengt. Zo betalen we kleinere klassen en gratis kinderopvang: ";1;2021-02-26T12:34:03.000Z
"De klimaatcrisis is de grootste crisis van de komende generaties. Maar de VVD weigert hun programma te laten doorrekenen door het PBL.

Beschamend.

Rutte wil voorkomen dat openbaar wordt dat hun programma onmogelijk het klimaatakkoord van Parijs haalt. 

";0;2021-02-26T09:25:10.000Z
"Te lang is weggekeken, waren landen bang om China aan te spreken op hun verantwoordelijkheid en de mensenrechtensituatie. 

Maar nu spreekt een meerheid in de Tweede Kamer uit dat er genocide wordt gepleegd op de Oeigoeren in China. 

Dit kan niet zonder consequenties blijven. ";0;2021-02-25T16:13:59.000Z
"We hebben juist méér treinen nodig, niet nog meer asfalt en auto’s. 

Tijd voor verandering.

";1;2021-02-25T11:55:21.000Z
"De NS heeft het zwaar. Maar voor duurzaam vervoer in de toekomst hebben we straks elke zitplaats en conducteur weer nodig.

Onze oproep aan dit demissionaire kabinet: zorg voor financiële steun voor de NS en behoud de banen.

";1;2021-02-25T10:10:24.000Z
"Tijdens het mooie weer gaan zo veel Nederlanders de natuur in. Even ontsnappen aan de pandemie. 
 
Maar elke week zien we ook de berichten van afgesloten gebieden en foto’s van overvolle bossen en parken.

Wij zeggen: Nederland heeft meer natuur nodig. 

";0;2021-02-25T07:11:37.000Z
Een sterk verhaal en een duidelijke boodschap. ✊ ;1;2021-02-24T21:18:25.000Z
"In 10 jaar Rutte als premier is geen enkel klimaatdoel gehaald. En toch bepleit de VVD voor een ‘pauze in het klimaatbeleid’.

Dan heb je echt 0 besef van de omvang van de crisis waar we voor staan.

#meerschonelucht #meertoekomst #meergroenlinks

";0;2021-02-24T10:34:06.000Z
"Waarom zijn er enorme wachtlijsten in de ggz? Waarom zijn verplegers 40% van hun tijd kwijt aan administratie?

Het VVD-geloof in marktwerking zorgde ervoor dat de zorg steeds meer draait om winst.

Maar, hoe lossen we dit op? Bekijk onze explainervideo:

";0;2021-02-24T08:58:45.000Z
"Het is zo belangrijk dat de leerlingen en studenten weer live les kunnen krijgen.

Daarom is het is onbegrijpelijk dat er voor studenten op het MBO, HBO en de universiteit niet meer ruimte komt.

Morgen dienen we hier een voorstel voor in.

#persconferentie";1;2021-02-23T18:51:00.000Z
"Ik heb voor het eerste het idee dat ik niet heb zitten kijken naar een persconferentie van premier Rutte, maar van de lijsttrekker van de VVD.

De logica is zoek.

#persconferentie";0;2021-02-23T18:32:50.000Z
"Vorige week was de avondklok absoluut nodig, en zou die als eerste worden afgeschaft. Dat gebeurt nu niet.

Je kan straks wel je nagels laten doen, maar een student mag niet studeren in de universiteitsbibliotheek.

#persconferentie";0;2021-02-23T18:31:46.000Z
"Bijna iedereen in Nederland wil af van de marktwerking in de zorg, en dat is logisch ook.

Wat gaat er mis in de zorg en hoe kunnen we dat veranderen? Bekijk onze explainer over het zorgsysteem in Nederland.

";1;2021-02-23T08:32:11.000Z
"Voorbeeld nummertje zoveel dat je duurzaamheid en een groene visie niet kunt overlaten aan de markt.

Er is een groene overheid nodig die groene investeringen afdwingt bij bedrijven zoals Shell.

";1;2021-02-22T08:38:18.000Z
"Dit is precies waarom wij beleggers willen verbieden huizen op te kopen en vervolgens de hoofdprijs vragen voor de huur.

Huizen zijn om in te wonen, niet om zo veel mogelijk geld mee te verdienen.

Check ook onze explainer over de wooncrisis: ";0;2021-02-22T08:05:03.000Z
"De coronacrisis raakt niet alleen de fysieke gezondheid, maar ook onze mentale gezondheid, en vooral die van jongeren. We kunnen hen niet nog langer alleen laten zitten.

We moeten kijken hoe het hbo, mbo en de universiteiten zoveel mogelijk open kunnen.
";1;2021-02-21T20:03:37.000Z
"Khadija Arib is als Kamervoorzitter een boegbeeld en voorbeeld voor velen. 

Daar kan je haar op waarderen. Niet op een paspoort.

";1;2021-02-21T14:11:33.000Z
"Deze verkiezingen gaan over het Nederland na corona. Het is aan ons om de klimaatcrisis te stoppen. Te zorgen voor meer natuur, kleinere klassen en een hoger minimumloon.

Daarom ben ik zo gebrand op progressieve samenwerking.

Lees mijn essay: ";1;2021-02-21T12:15:00.000Z
"Maandagavond, uurtje of 20.15 live op Clubhouse. Wie is erbij?

";1;2021-02-20T16:00:36.000Z
"Opnieuw ophef over nauwe relatie tussen Rutte en vrienden in het grote bedrijfsleven.

De schijn dat miljonairs invloed kunnen kopen in de politiek moet absoluut vermeden worden.

Rutte moet vandaag nog openheid geven om iedere schijn van belangenverstrengeling weg te nemen. ";0;2021-02-20T08:45:47.000Z
"Docenten zetten zich met hart en ziel in voor de klas. Maar de administratielast en werkdruk is zo hoog dat ze niet alle kinderen de aandacht kunnen geven die ze zouden willen.

Investeer in onderwijs.

Klassen zouden maximaal 21 leerlingen moeten hebben.

";0;2021-02-20T08:13:29.000Z
"Mark Rutte wil terug naar het oude fossiele model, rept met geen woord over groen herstel en komt met 0 oplossingen voor de enorme klimaatcrisis.

Wat heeft hij dan werkelijk geleerd?

De premier van de oude grijze economie wordt nooit de leider van de nieuw groene samenleving. ";0;2021-02-20T07:47:30.000Z
"Massaal testen om zo het virus in kaart te brengen en waar mogelijk plekken te openen - een tijdelijke testsamenleving.

Wij pleiten er al sinds eind vorig jaar voor. Goed plan met sterke onderbouwing van VNO-NCW en MKB Nederland.

";1;2021-02-19T15:06:43.000Z
"Als progressieve partijen samen optrekken, bereiken we veel meer dan ieder afzonderlijk.

Ik hoop dat we een progressief stembusakkoord kunnen sluiten. Een gezamenlijke inzet voor een nieuwe regering.

Samen kunnen we Nederland echt veranderen.

";1;2021-02-19T07:00:25.000Z
"Mensen met een vermogen van meer dan een miljoen euro zouden meer belasting moeten betalen. 

Wij willen dat miljonairs 1 cent vermogensbelasting van elke euro boven de miljoen gaan betalen. En multimiljonairs 2 cent.

Maak een einde aan de groeiende armoede en ongelijkheid.";1;2021-02-18T10:48:09.000Z
"Ondanks de klimaatcrisis. Ondanks tekort aan natuur. Ondanks minder auto’s. Ondanks de protesten van bewoners, gemeente én provincie, wil deze VVD-minister stukken bos kappen om meer asfalt neer te leggen.

Onbegrijpelijk. Wij gaan alles op alles zetten om dit tegen te houden. ";0;2021-02-18T09:35:51.000Z
"Gebrek aan structuur. Mentale gezondheid in gevaar. Leerachterstanden. Nog langer de middelbare scholen dichthouden richt onacceptabele schade aan onze jeugd aan. 

Ik vraag de regering met klem: open 1 maart de middelbare scholen!

";0;2021-02-18T08:29:35.000Z
"Het is zo belangrijk dat er nu een grote investering komt in het onderwijs, voor bijvoorbeeld extra personeel en meer persoonlijke begeleiding.

Dat moet niet alleen de komende 2 jaar, maar structureel. Een heel belangrijk punt voor een volgend kabinet.

Ga stemmen 17 maart. ";1;2021-02-17T13:33:36.000Z
"Eindelijk erkenning voor de moeilijke positie van jongeren. 

We hebben hier lang voor geknokt en keer op keer aandacht voor gevraagd.

";1;2021-02-17T12:37:30.000Z
"Scholen, de kinderombudsman, Unicef. Van allerlei kanten komt de dringende oproep om de middelbare scholen weer te openen

De prijs van het langer gesloten houden is veel te hoog. Open de middelbare scholen, in veilige stappen, maar zo snel mogelijk.

";1;2021-02-17T11:17:42.000Z
"Deel de successen eerlijk.

Verhoog het minimumloon en zorg voor je medewerkers. ";1;2021-02-17T10:24:40.000Z
"De uitzichtloze lockdown weegt zwaar.

Dagelijks zijn er 100.000 ongebruikte tests: zet die zo snel mogelijk in bij onderwijsinstellingen. Gebruik leegstaande gebouwen. 

Kijk wat wél kan om zo snel mogelijk vormen van fysiek onderwijs mogelijk te maken. 

";1;2021-02-17T10:11:33.000Z
"Terwijl Rutte net uitlegt dat we ons écht aan de avondklok moeten houden om het virus onder controle te houden, komt er misschien een versoepeling voor KLM.

Waar liggen de prioriteiten van dit demissionaire kabinet? ";0;2021-02-16T13:59:18.000Z
"De samenleving heeft behoefte aan zekerheid en perspectief, niet aan juridische strijd en conflict.

We willen zo snel mogelijk een debat waarin het kabinet duidelijkheid geeft over wat deze uitspraak betekent. 

#avondklok 

";0;2021-02-16T11:58:33.000Z
"Het klimaat vraagt om daadkracht en doorpakken. Bij de VVD denken ze dat groen samen kan met nieuwe vliegvelden, bredere snelwegen en fossiele subsidies.

Dus nee, ik zal nooit mijn mond houden.

17 maart: meer GroenLinks. ";0;2021-02-16T08:54:03.000Z
"Het is tijd dat de politiek veel en veel meer doet om Nederland aan te sluiten bij het Europese netwerk van hogesnelheids- en nachttreinen.
 
Vervang de korte vluchten met snelle, goedkope en makkelijk te boeken treinen.
 
 Stem 17 maart GroenLinks.

#meertreinenmindervliegen";1;2021-02-15T14:38:51.000Z
"We hebben nu een jaar te maken hebben met de coronacrisis. Vaak gaat het over crisisbestrijding, testen &amp; vaccins.

Maar het gaat te weinig over de fundamentele oorzaak van de pandemie: de manier waarop wij omgaan met dieren en natuur.

Lees mijn bijdrage: ";0;2021-02-15T10:41:25.000Z
"Onder VVD-beleid liepen de wachtlijsten op tot recordhoogte, werd de ggz overgelaten aan de markt en menig plan voor herstel weggestemd.

En dan nu jezelf in deze stemwijzer op alles het maximale laten scoren? Schaamteloos.

";0;2021-02-13T20:59:31.000Z
"Meer treinen, minder korte vluchten en het aanpakken van de wooncrisis.

Vliegveld Rotterdam The Hague Airport is de ideale plek om een wijk van tienduizend woningen op te bouwen, in combinatie met de aanleg van een groot park.

";1;2021-02-13T08:34:31.000Z
"Al sinds eind vorig jaar hebben wij plannen voor een testsamenleving. Maar nu blijven 100.000 tests per dag ongebruikt.

Als we massaal testen combineren met een effectieve vaccinatiestrategie, kunnen we stappen zetten naar meer vrijheid. Iets dat voor veel mensen hard nodig is. ";1;2021-02-12T11:18:07.000Z
"Halveer de veestapel. Stop met de bio-industrie. Bescherm de natuur. 

";1;2021-02-12T09:27:46.000Z
Laat jongeren voor bij nieuwe vrijheden. ;1;2021-02-11T20:19:07.000Z
"Er is een structurele verandering van ons economisch systeem nodig.

Het hele idee dat je voor 25 euro naar Barcelona kan vliegen moeten we heel snel achter ons laten.

";0;2021-02-11T17:53:26.000Z
"Energiereus RWE runt een vervuilende kolencentrale.

Nu dreigen ze met een extreme schadeclaim omdat Nederland de centrale in 2030 wil sluiten.

@TomvanderLee is not amused en haalde de directeur van RWE vandaag naar de Kamer voor een hoorzitting. 👇
";0;2021-02-11T16:23:47.000Z
"Shell is van plan 17 miljard te investeren in gas, olie en chemie en maar 2-3 miljard in duurzame energie.

GroenLinks wil af van alle subsidies voor fossiele energie, zodat zelfs bedrijven als Shell meer gaan investeren in duurzame energie.

";0;2021-02-11T08:27:02.000Z
"Jongeren, scholieren, studenten. Een hele generatie heeft last van eenzaamheid, depressies en andere mentale problemen door gebrek aan interactie en sociaal contact.

De meest kwetsbare zijn inmiddels niet alleen meer de ouderen, maar ook de jongeren.

";0;2021-02-11T08:15:33.000Z
@dijkhoff #ajapsv ;1;2021-02-10T20:58:52.000Z
"Deze mooie dieren afschieten om een ziekte tegen te gaan is de omgekeerde wereld. Deze ziektes ontstaan juist door varkens te dicht bij elkaar op te sluiten, niet door rondlopende wilde zwijnen.

Daarom: halveer de veestapel en stop met de bio-industrie.

";0;2021-02-10T09:53:33.000Z
"Racisme, homohaat, seksisme, antisemitisme. Maar Baudet snapt niets van de ophef.

Als dit nog geen reden is voor CDA &amp; VVD om te stoppen met de samenwerking met FvD in Brabant, wat dan wel?

";0;2021-02-09T13:39:25.000Z
"We proberen de meest kwetsbaren te beschermen. Maar ook jongeren worden steeds kwetsbaarder. Ze missen structuur, lopen vast en sommigen zitten in 'n onveilige thuissituatie.

Het is geen makkelijk verhaal, maar op dit moment moeten we meer doen voor de jongste generatie.

#jinek ";1;2021-02-08T22:40:09.000Z
"Als je GroenLinks stemt, dan is er een risico dat geld soms op de verkeerde plek belandt, omdat we mensen vertrouwen geven met toeslagen.

Maar dat heb ik 1000 keer liever dan dat onschuldige burgers als fraudeurs bestempeld worden.

#lijsttrekkersdebat
#noorddebat ";0;2021-02-08T17:01:12.000Z
💪 ;1;2021-02-06T13:42:05.000Z
"Bescherm de Waddenzee! 

Verbied gasboringen en zoutboringen. Red dit UNESCO-werelderfgoed en bescherm de trekvogels die de Wadden nodig hebben.

GroenLinks, PvdA en D66 komen met een Waddenmanifest. Samen pakken we de biodiversiteitscrisis aan. ";1;2021-02-06T10:10:20.000Z
"De grote winnaar van het #COCdebat lijkt mij de LHBTI+-community. Ineens waren partijen als VVD en CDA voor verschillende voorstellen waar ze in het verleden tegen hebben gestemd.

Goed nieuws voor een sterke regenboogcoalitie om dit ook na de verkiezingen waar te maken. ";1;2021-02-05T21:28:45.000Z
"Een liefdevol gezinsleven bestaat in talloze vormen. Nog te vaak lopen regenbooggezinnen tegen obstakels aan wanneer zij een gezin willen stichten.

Met @D66 willen we werk maken van een wet modern ouderschap.

";1;2021-02-05T09:34:14.000Z
"Iedereen heeft het zwaar, maar helemaal als je in je eentje op je studentenkamertje door eindeloze zoomcollege’s probeert te worstelen.

Geen zorgen, als dat nu niet lukt, dan zorgen we met dit voorstel voor wat vermindering van die druk.

";1;2021-02-04T16:18:53.000Z
"De doorgeslagen fraudejacht speelt niet alleen bij de kinderopvangtoeslag, maar ook in de bijstand. Ook daar is de wet te streng.

Maar nu puntje bij paaltje komt, haken de partijen af.

Kies 17 maart @groenlinks voor een nieuwe, sociale koers.

";0;2021-02-04T16:09:24.000Z
"Van links tot rechts spraken partijen grote woorden over het toeslagenschandaal, over de vrouw die bijstand moest terugbetalen nadat ze boodschappen kreeg van haar ouders.

Nu is er een kans om iets voor mensen te betekenen en dreigt de Tweede Kamer het af te laten weten. ";0;2021-02-04T14:07:41.000Z
"Lokale energiecoöperaties hebben een sleutelrol in de omslag naar duurzame energie.

Bij een lokale energiecoöperatie worden mensen namelijk zelf eigenaar van lokaal opgewekte energie en beslissen ze zelf mee. En dat zorgt voor meer duurzame energie! 💚

";1;2021-02-04T08:19:34.000Z
"3 Nederlandse multinationals vervuilen meer dan alle auto’s in ons land! Welke multinationals? De vlees- en zuivelgiganten.

GroenLinks wil de bio-industrie afschaffen en de veestapel halveren. Natuurinclusieve landbouw heeft de toekomst.

";0;2021-02-04T07:31:37.000Z
"De klimaatcrisis raakt ons allemaal en de overheid heeft de plicht om ons daartegen te beschermen. 

Heel goed nieuws dat mensen hun overheden hiervoor verantwoordelijk houden en groene plannen voor de toekomst afdwingen!

#groenegolf

";1;2021-02-03T15:55:53.000Z
"Goed voor het milieu, goed voor het tegengaan van zwerfafval, goed voor de wilde dieren in Nederland!

Al jaren pleiten wij voor statiegeld op blikjes, mooi dat het er nu echt komt.

";1;2021-02-03T10:59:49.000Z
"Het wordt steeds pijnlijker om te zien in welke bochten het kabinet zich blijft wringen om de lonen in de zorg maar niet te verhogen.

Een Kamermeerderheid wil dat zorgverleners een hoger salaris krijgen.

Hier is het laatste woord nog niet over gezegd.

";0;2021-02-03T08:09:25.000Z
"Het CDA van Wopke Hoekstra laat duidelijk zien waar de prioriteiten liggen:

Het minimumloon gaat niet omhoog, maar de commissarissen mogen 15-20% meer verdienen. In welke wereld leeft deze man?

";0;2021-02-02T22:11:49.000Z
"Alle Kamerleden van CDA en VVD stemmen opnieuw tegen onze motie die vraagt om kinderen uit vluchtelingenkampen in Griekenland onderdak te bieden in Nederland.

Maar we geven niet op. Want dit gaat over het helpen van mensen in nood en daar moeten we steun voor vinden.";0;2021-02-02T15:20:34.000Z
"Gefeliciteerd Dries van Agt met uw 90e verjaardag. 

Opdat maar meer CDA’ers het GroenLinks gedachtegoed mogen omarmen. 😉

";1;2021-02-02T13:45:44.000Z
"Er worden de komende tijd waarschijnlijk nog genoeg fouten gemaakt, dat is menselijk.

Maar schakel hulp in als het niet goed gaat. En nu loopt het vaccinatiebeleid niet goed.

Hoog tijd voor een speciale regeringscommissaris voor de vaccinatiestrategie.

";1;2021-02-01T18:33:05.000Z
"Als het niet goed gaat, probeer dan niet de beeldvorming bij te stellen of het rekenmodel aan te passen, maar kom met echte oplossingen.

Aan dit paniekvoetbal moet een einde komen. Beleg de vaccinatiestrategie bij een speciale, nieuw aan te stellen regeringscommissaris. ";0;2021-01-31T20:44:02.000Z
"De kracht van een beweging is dat deze miljoenen anderen weet te inspireren en activeren.

Ook in Nederland activeerde de Black Lives Matter-beweging ons om op te staan tegen institutioneel racisme en voor gelijkwaardigheid.

";1;2021-01-30T10:48:01.000Z
"Nederland loopt ver achter met het klimaatbeleid. Afgelopen kabinet Rutte-3 scoort een dikke onvoldoende op het behalen van klimaatdoelen.

Gelukkig heeft @GroenLinks alle plannen om Nederland weer voorop te laten lopen: ";0;2021-01-29T17:46:49.000Z
"Dit rapport is glashelder: Nederland moet de klimaatinspanningen verdubbelen.

Rutte-3 laat een enorme klimaatschuld achter voor een volgende coalitie.

Absurd dat VVD, CDA en PVV klimaat controversieel hebben verklaard. GroenLinks vraagt een debat aan.
";0;2021-01-29T17:36:29.000Z
"Het tijdperk van straffeloze vervuiling is voorbij. Heel goed dat de directe slachtoffers van onze verslaving aan fossiele energie gecompenseerd worden.

Laat dit een begin zijn voor klimaatrechtvaardigheid

";1;2021-01-29T10:43:27.000Z
"Het aantal kinderen dan slachtoffer is van mishandeling wordt geschat op 40.000. Ruim 3 keer zoveel als voor corona.

Voor veel kinderen en jongeren is het zwartste scenario al realiteit. Hun belangen moeten voorop als er versoepelingen mogelijk zijn.

";0;2021-01-28T11:58:26.000Z
"Vandaag is #HolocaustMemorialDay. We herdenken de meer dan 6 miljoenen mensen die zijn omgebracht in de Holocaust.

Het ligt in onze handen om blijvend aandacht te besteden aan de verschrikking van de Holocaust en ervoor te zorgen dat dit nooit meer gebeurt.";1;2021-01-27T12:03:48.000Z
"Een kwart miljoen mensen in nood in Mozambique.

Meer Klimaatrechtvaardigheid. Meer GroenLinks.

";0;2021-01-27T09:44:34.000Z
"Mensen in de bijstand leven op een bestaansminimum. Die moet je niet straffen omdat ze van iemand boodschappen krijgen.

Daarom gaan wij de participatiewet menselijker maken: geen boete op helpen. Niet alleen in Amsterdam, maar in heel Nederland.

";1;2021-01-27T08:52:38.000Z
"Het voorstel voor een beter salaris en betere arbeidsvoorwaarden voor onze zorgmedewerkers haalt een meerderheid in de Tweede Kamer. 🙌

Eindelijk krijgen de helden in de zorg een structurele beloning voor hun harde werk! ";1;2021-01-26T14:49:15.000Z
"Ook ons voorstel voor meer crisisplaatsen in de (jeugd-)ggz tijdens de coronacrisis haalt een meerderheid!

In deze tijd waarin zorgwekkend veel mensen kampen met psychische problemen, kan een crisisplek op de ggz net zo levensreddend zijn als een bed op ic. ";1;2021-01-26T14:42:26.000Z
"Grote woorden over de rechtsbescherming van burgers in het toeslagenschandaal, maar vervolgens tegen stemmen. De PVV, VVD en CDA doen het.

Dit is wat er moet veranderen. Dit is waarom de verkiezingen op 17 maart zo belangrijk zijn. ";0;2021-01-26T14:36:48.000Z
"Aangenomen! Een belangrijke stap in de strijd tegen institutioneel racisme.

De Kamer vraagt de regering het gebruik van nationaliteit, etniciteit en geboorteplaats als variabele in risicomodellen, -profielen, -systemen, -selectie en zwarte lijsten uit te sluiten! ";1;2021-01-26T14:26:22.000Z
"Straks zijn er hele spannende stemmingen over: 

- Salarissen in de zorg omhoog.
- Meer crisisplaatsen in de GGZ.
- Versterken van de rechtsbijstand aan burgers. 

Vandaag gaan we zien of er sociale meerderheid in de Tweede Kamer is ontstaan om deze voorstellen waar te maken!";1;2021-01-26T14:01:04.000Z
Hartverscheurend dit. Deze waanzin moet echt stoppen. ;0;2021-01-26T12:55:15.000Z
"Prima besluit, wat ons betreft komt van uitstel afstel.

Laten we kiezen voor klimaat en natuur: geen opening Lelystad Airport en vol inzetten op snelle en goedkopere internationale treinen.

#meertreinenmindervliegen

";0;2021-01-25T14:41:57.000Z
"Mensen worden verdacht van fraude zonder duidelijkheid waar dat op gebaseerd is. Niet alleen in het toeslagenschandaal, het gebeurt ook in de bijstand.

Met de sociale meerderheid kunnen we de bijstandsregels aanpassen en de schimmige algoritmes die burgers najagen veranderen. ";0;2021-01-25T12:02:50.000Z
Bekijk hier onze klimaatplannen voor Nederland: ;1;2021-01-25T10:25:01.000Z
"De klimaatcrisis vraagt om onmiddellijke actie. Onze generatie staat voor de taak om de samenleving en economie radicaal te verduurzamen.

Op een eerlijke manier, waarbij de sterkste schouders de zwaarste lasten dragen. En dat moet nu gebeuren. 

Tijd voor een Green New Deal. ";1;2021-01-25T10:24:21.000Z
"Laten we niet vergeten dat het overgrote deel van Nederland zich netjes aan de regels houdt terwijl ook zij er helemaal klaar mee zijn.

En een speciale shout-out naar iedereen die nu op verschillende plekken het puin van de relschoppers aan het opruimen zijn. ";1;2021-01-25T09:37:34.000Z
"Eerst het nieuws en de wetenschap verdacht maken, dan oproepen om regels te negeren en vervolgens anderen de schuld geven.

Het is het draaiboek van Donald Trump waar PVV en Forum hun lessen uit trekken.

Dit soort rellen en vandalisme is precies het gevolg van dat gedrag.";0;2021-01-24T22:23:37.000Z
"@geertwilderspvv Dit soort rellen is precies wat er gebeurt als partijen als PVV en Forum roepen dat de NOS fake news is. 

Stop met dat verkondigen, het is niet onschuldig om de NOS 'nepnieuws' te noemen, het is levensgevaarlijk. ";0;2021-01-24T14:34:23.000Z
"Vergeet niet dat PPV Urk tot dit geweld heeft aangezet. Het is niet onschuldig om als politieke partij op te roepen regels aan je laars te lappen

Onacceptabel, ondemocratisch en ronduit gevaarlijk. @geertwilderspvv grijp in! ";0;2021-01-24T14:33:35.000Z
"Onacceptabel wat er op dit moment gebeurt in Eindhoven, in Amsterdam en al helemaal wat er gisteren gebeurde op Urk.

Blijf met je poten van de politie, de GGD en journalisten af.

";0;2021-01-24T14:32:15.000Z
"Wat betekent dit voor de sluiting van scholen? We willen zo snel mogelijk een advies van het OMT. 

Geen risico’s met onze kinderen. Niet wat betreft het virus, maar ook niet wat betreft hun mentale gezondheid.

";0;2021-01-22T14:32:04.000Z
"Luister naar de wetenschap: de klimaatcrisis is een nog grotere bedreiging voor ons dat het coronavirus. We moeten NU handelen.

Verander het perspectief: creëer meer groene banen, verduurzaam de economie en bouw een klimaatbestendige samenleving.

Tijd voor een groene herstart. ";0;2021-01-22T09:39:19.000Z
"We zien dat niet alleen de fysieke veiligheid van mensen in gevaar is, maar ook de psychische veiligheid is in het geding. Vooral onder jongeren.

Ons beschermen tegen corona is net zo belangrijk als het beschermen van de mentale gezondheid van onze jongeren.

#coronadebat ";0;2021-01-21T12:06:51.000Z
"De Raad van State heeft geoordeeld dat de minister maar een klein deel van de stikstof van het wegverkeer meerekent.

Dit betekent dat er opnieuw gekeken moet worden naar wegverbreding van de A27 én de opening van Lelystad Airport.

Tijd voor minder asfalt, meer natuur. ";0;2021-01-20T09:55:00.000Z
"Welkom terug, Amerika.

";1;2021-01-20T08:31:02.000Z
"Het toeslagenschandaal laat zien, we moeten de komende jaren de verzorgingsstaat weer opbouwen. Eerlijk en sociaal.

Een simpele en effectieve stap is om de kinderopvangtoeslag af te schaffen en gratis kinderopvang in te voeren.

Doe mee. Teken de petitie: ";1;2021-01-19T06:49:27.000Z
Gefeliciteerd met het lijsttrekkerschap @PloumenLilianne. Linkse en progressieve samenwerking is belangrijker dan ooit en ik kijk ernaar uit om samen op te trekken. 🌹🍀;1;2021-01-18T12:33:41.000Z
"Nu de verschillende partijen niet meer vastzitten aan een regeerakkoord willen een sociale meerderheid vinden om wél 500 kinderen van Moria naar Nederland te halen.

Wij hebben een debat aangevraagd. Laten we samenwerken en deze kinderen uit die verschrikkelijke situatie redden.";1;2021-01-18T12:07:07.000Z
Wat een verdrietig nieuws. Een markante man is niet meer. Ik wens zijn familie en vrienden alle sterkte. ;1;2021-01-18T11:02:50.000Z
"Steeds meer mensen pleiten voor gratis kinderopvang. Net als onderwijs is kinderopvang een basisvoorziening.

Laten we die wens in een volgend kabinet werkelijkheid maken.

Stem 17 maart GroenLinks.

";1;2021-01-18T09:03:00.000Z
"Na de brand in Moria was heel duidelijk dat we deze kinderen moesten helpen. Er kwam een “politieke deal” - handjeklap met vluchtelingen. Maar deze kinderen zitten nog steeds in de modder. 

Dit is precies de cynische politiek waar wij mee willen afrekenen. Er moet nu hulp komen! ";0;2021-01-18T08:53:23.000Z
Wij hebben een Kamerdebat aangevraagd over de ontstane politieke situatie.;0;2021-01-15T12:49:33.000Z
"Ik heb de premier laten weten dat deze kabinetsval wat ons betreft geen gevolgen heeft voor de bestrijding van Corona.

Die blijft doorgaan en GroenLinks blijft daarin een bondgenoot van de regering.";1;2021-01-15T12:48:54.000Z
"Het kabinet treedt af. Het enige juiste besluit.

Laat dit tegelijkertijd een nieuw begin zijn. Een keerpunt. Het moment waarop we onze verzorgingsstaat weer op gaan bouwen. En waarop de overheid haar eigen burgers weer vertrouwt.

Op 17 maart is het aan de kiezer.";1;2021-01-15T12:47:54.000Z
"De toeslagenaffaire laat de gevolgen van het afbreken van de verzorgingsstaat zien. De gevolgen van VVD-ideologie.

Juist daarom moet deze regering verantwoordelijkheid nemen, aftreden en de weg vrij maken voor een regering die de verzorgingsstaat weer gaat opbouwen.";0;2021-01-14T20:09:52.000Z
"Lodewijk Asscher is nu de enige die verantwoordelijkheid neemt, terwijl het toeslagenschandaal komt door rechts VVD en CDA-beleid.

Vertrouwen herstellen is de opdracht. Rutte moet Nederland in de ogen te kijken, fouten erkennen en daar het enige mogelijk gevolg aan verbinden.";0;2021-01-14T09:39:25.000Z
Moedig en integer besluit. Ik heb genoten van onze samenwerking en ik ga je missen. Het ga je goed, Lodewijk. ;1;2021-01-14T08:38:08.000Z
"Werkende ouders raken in de knel door het thuisonderwijs, het zijn eigenlijk twee banen die zij combineren. 

Deze ouders zouden betaald coronaverlof moeten kunnen opnemen. Dat is in het belang van de werkende ouders én van de kinderen. 

";0;2021-01-13T07:34:30.000Z
"De natuur is in grote nood en de redding ervan verdient veel meer aandacht.

Dit is een hoopvol begin.

";1;2021-01-11T21:07:56.000Z
"Heel goed dit! Om het coronavirus effectief terug te dringen moeten vaccinaties hand in hand gaan met snel- en massaal testen.

";1;2021-01-11T14:37:43.000Z
"Al jaren strijdt @groenlinks om de wet menselijker te maken. Maar steeds hielden rechtse partijen het tegen. Nu lijkt er eindelijk beweging in te komen.

Er is voor het eerst een meerderheid die bereid is te kijken naar versoepeling van de wet.";1;2021-01-09T17:34:59.000Z
"Er zijn helaas talloze voorbeelden.

Krijgt een kind geld als verjaardagscadeau? Dan moet je dat opgeven als ‘inkomsten’. Een keer wat voorschieten voor vrienden en dat via Tikkie terugkrijgen? Ook dat moet je melden zodat het kan worden ingehouden op je uitkering.";0;2021-01-09T17:34:58.000Z
"De participatiewet in Nederland leidt tot schandelijke en schrijnende situaties.

Het verplicht mensen met een uitkering om elke gift te verantwoorden. Doe je dat niet dan kan een boete volgen. Of erger: stopzetting en terugbetaling.

Een systeem van wantrouwen.";0;2021-01-09T17:34:58.000Z
"We konden deze week nog zien hoe schadelijk dit soort antidemocratische ideeën en retoriek zijn. 

Niet normaal maken wat niet normaal is. Met een partij als PVV die rechten wil afnemen, geloof wil verbieden en mensen wil uitzetten kun je nooit regeren.
";0;2021-01-09T13:32:56.000Z
"Jarenlang rechts beleid en focus op economische groei heeft het onderwijs geëconomiseerd. Daardoor ligt er alleen nog maar focus op presteren, presteren, presteren, niet op persoonlijke groei of aandacht.

Dat móet in het volgende kabinet anders.

";0;2021-01-08T12:16:57.000Z
"Voor de duidelijkheid: Ik bedoel hier natuurlijk niet dat we rustig in gesprek moeten gaan met fascisten en racisten die een parlement bestormen.

Het gaat om dat we onze samenleving beschermen tegen complotten, haat en racisme, omdat het anders onze democratie in gevaar brengt.";0;2021-01-07T08:51:03.000Z
"Vandaag is een herinnering dat democratie kwetsbaar is. 

Hoe belangrijk het is om meningsverschillen vreedzaam op te lossen.

Dat het aan ons allemaal is om  democratische idealen te verdedigen tegenover leugens, haat en complotten.";1;2021-01-06T21:24:34.000Z
"Code zwart dreigt en hebben zoveel mogelijk IC-bedden nodig. Maar nu wil de minister sommige ziekenhuizen niet betalen omdat ze meer IC bedden hebben dan afgesproken? Bizar. 

De ziekenhuizen verdienen geen rechtszaak maar een lintje.

";0;2021-01-05T09:04:07.000Z
"Bij de toeslagenaffaire is er sprake van institutioneel racisme en een overheid die mensen in de problemen brengt.

De menselijkheid is uit de sociale zekerheid gehaald. Daardoor zijn onschuldige mensen de problemen gekomen en dat rekenen we deze regering zeker aan. ";0;2021-01-04T14:11:09.000Z
"Op voorstel van @PartijvdDieren en @GroenLinks kwam er dit jaar een #vuurwerkverbod om de zorg te ontzien. Het resultaat:

30% minder oproepen voor de hulpdiensten
2/3e minder fijnstof
Minder schade aan mens, huis &amp; dier

Hoeveel meer argumenten zijn er nodig om door te pakken? ";1;2021-01-02T10:55:43.000Z
"Heel goed dat het vaccineren toch eerder kan beginnen!
Maar wat een zwabberend beleid. In het debat kon de minister niet uitleggen waarom het vaccineren in Nederland langer op zich liet wachten. 

";1;2021-01-02T10:40:22.000Z
Regering: luister naar de oproep van Gommers en Kuipers! Ziekenhuizen willen aanstaande maandag beginnen met vaccineren van hun personeel. Weiger hen niet de toegang tot het vaccin. Anders gaat het kabinet dinsdag een zwaar debat tegemoet. ;1;2020-12-31T12:40:06.000Z
"Eindelijk gerechtigheid met dit bijzondere en belangrijke gebaar. 
​
Eerherstel voor Anton de Kom die niet alleen schrijver, maar ook verzetsheld en strijder voor gelijkwaardigheid was. ";1;2020-12-18T15:57:29.000Z
"Het rapport over de kinderopvangtoeslag is knalhard. De overheid heeft de levens van mensen kapot gemaakt. Duizenden mensen moeten nu zo snel mogelijk worden gecompenseerd.

De hoogste tijd om kinderopvang gratis te maken en de toeslagen af te schaffen.

";0;2020-12-17T12:06:14.000Z
"Weer een mythe van het economisme ontkracht. Belastingverlaging voor de hoogste inkomens veroorzaakt meer ongelijkheid en draagt niet bij aan de welvaart van lagere inkomens en middeninkomens.

Tijd voor een ander belastingsysteem: meer belasting op kapitaal, minder op arbeid. ";0;2020-12-17T08:31:45.000Z
"De grote ketens (Wibra/Action/Hema) mogen van dit kabinet ‘gewoon’ open. De kleine winkelier is de dupe en blijft dicht.

Dit is precies het tegenovergestelde van de solidariteit die tijdens deze lockdown hard nodig is. ";0;2020-12-16T09:06:21.000Z
"Met name sluiting van het basisonderwijs raakt een hele generatie en dat steekt, zeker als je ziet dat er nog steeds vakantievluchten van Schiphol vertrekken.

Dat is waar het debat morgen in de Kamer over moet gaan.

#lockdown";0;2020-12-14T19:23:15.000Z
"Een nieuwe lockdown is ongelofelijk heftig, maar helaas nodig om het virus tegen te gaan.

Dit is opnieuw een moment voor solidariteit. We moeten goed letten op de mensen die het moeilijk hebben en klaar staan met hulp voor een ander.

#lockdown";1;2020-12-14T19:23:15.000Z
"Als we harder ingrijpen, dan moet de boel op orde zijn om daarna weer versoepelingen toe te staan, anders werkt de ‘hamer’ niet.

Dat betekent: klaar staan voor massale sneltesten én een fatsoenlijke vaccinatiestrategie.

Dit moet goed aangepakt worden.

";1;2020-12-13T16:28:38.000Z
"Verder ingrijpen is noodzakelijk. Kabinet moet zsm met extra maatregelen komen. Maar alsjeblieft, kies nou eens niet de weg van de minste commerciële weerstand.

Sluit niet de kleine ondernemer, het theater en museum, maar pak de grote jongens eens aan. #ikea #schiphol #corona ";0;2020-12-13T15:34:29.000Z
"@groenlinks @LauraBromet Onze wet vermindert de stikstofuitstoot drastisch, zodat de natuur herstelt en woningen gebouwd kunnen worden. 

Ook het kabinet maakte een wet. Maar nu blijkt al: die is lang niet voldoende om de natuur weer vooruit te helpen. ";0;2020-12-10T11:58:04.000Z
"""Ik zit tegenwoordig op TikTok"" ";1;2020-12-09T17:01:52.000Z
"Geen perspectief bieden, maar afwachten tot het op ons afkomt. Dit typeert het coronabeleid van dit kabinet.

We moeten naar een andere coronastrategie. Dat betekent heel veel testen. Kijken naar wat er wél mogelijk is op scholen, restaurants en theaters.

";0;2020-12-09T15:46:35.000Z
"De horeca wordt kei- en keihard geraakt. Nu blijkt uit een gelekte notitie dat het sluiten van de horeca misschien wel slechter uitpakt voor de besmettingen dan openhouden.

Ik wil dat deze notitie onmiddellijk met de Kamer wordt gedeeld.

";0;2020-12-08T12:27:46.000Z
"Groen én links gaan hand in hand, voorbeeld 209385.

";1;2020-12-08T09:20:07.000Z
"De ongelijkheid tussen jong en oud groeit, jongeren kampen met onzekere arbeidscontracten en een betaalbare woning is vrijwel onvindbaar.

Daarom komen wij met dit jongerenplan.

Een startkapitaal, meer betaalbare woningen, verhoging van het minimumloon én meer vaste contracten. ";1;2020-12-04T09:01:37.000Z
"Het is een zware tijd, voor ons allemaal. Deze groep wetenschappers probeert ons al maandenlang door de crisis heen te leiden.

Oneens zijn met de adviezen kan, maar intimidatie en geweld stopt het debat en bedreigt de waarden, de vrijheid waar Nederland voor staat. Stop daarmee! ";0;2020-12-04T08:37:50.000Z
"Recordomzetten bij supermarkten, maar de medewerkers mogen niet meeprofiteren.

Is dit hoe zij de loyaliteit en inzet van hun medewerkers tijdens de corona crisis belonen?

Ik wil een hoorzitting met de CEO’s van de grote supermarktketens.

";0;2020-12-03T14:28:53.000Z
"De laffe intimidaties en aanvallen stoppen maar niet. Wat een schandalige stickers en weerzinwekkende actie.

Mitchell en The Black Archives, jullie staan niet alleen in de strijd tegen racisme en discriminatie.

#theblackarchives 
 ";0;2020-12-03T12:25:03.000Z
"Tot nu toe is 2016 wereldwijd het warmste jaar. De zes jaren vanaf 2015 horen alle tot de zes warmste ooit!

We redden het niet met halfslachtige maatregelen van rechtse kabinetten. Het is tijd voor systeemverandering, het is tijd voor GroenLinks.

";0;2020-12-03T09:37:48.000Z
"Dit is een bonus voor mensen die keihard hebben gewerkt in uitzonderlijk zware tijden. Dat geld kan en mag niet zomaar afgepakt worden door schuldeisers. 

Geef deze mensen even wat ruimte om te ademen. 

";1;2020-12-02T11:04:31.000Z
"Per 1 januari wordt het verboden om nertsen te houden in Nederland; eindelijk! We stoppen met dit afschuwelijke dierenleed en en met het gevaar van de vele coronabesmettingen op nertsenhouderijen.

GroenLinks vecht hier al voor sinds de oprichting en eindelijk is het gelukt. ";1;2020-12-01T15:15:17.000Z
"Investeringen uit het Groeifonds mogen niet bijdragen aan de klimaatcrisis, we richten ons meer op CO2-reductie én jongeren krijgen een sterkere stem in de plannen voor de toekomst. 🙌

Heel goed dat dit kabinet het Groeifonds aanpast na onze kritiek. 

";1;2020-12-01T13:32:12.000Z
"Het testbeleid van de minister: te laat, te traag en niet goed doordacht.

Tijd voor een andere strategie. Door tijdelijk veel sneltesten in te zetten kunnen we weer vat krijgen op het coronavirus en het aantal besmettingen snel terugdringen.

";0;2020-12-01T08:51:34.000Z
"Negatief record, na negatief record, na negatief record: we moeten radicaal andere keuzes maken om ons klimaat nog te redden.

We kunnen ons niet veroorloven dat klimaat weer een bijrol speelt de komende verkiezingen.

";0;2020-11-30T17:41:13.000Z
"Een tweede golf tot maart? Dat is geen perspectief! We moeten het virus zo snel mogelijk indammen, dat kan door twee weekenden lang grootschalig te testen.

Daarmee sporen we meer mensen met een coronabesmetting op en kunnen we de verspreiding indammen.

Geen tijd te verliezen. ";0;2020-11-28T10:31:43.000Z
"Vandaag komen wij met een nieuwe coronastrategie, een alternatief voor de lockdown.

Met tijdelijk veel testen richten we ons op wat wél kan in plaats van wat niet.

";1;2020-11-27T08:50:03.000Z
"Dit is toch werkelijk niet te geloven. Volgens de labs zijn er tekorten, maar volgens het kabinet niet. 

Na alle fouten met het testbeleid is dit antwoord niet geruststellend en wij nemen daar geen genoegen mee. Voor donderdag 12 uur willen wij opheldering van het ministerie. ";0;2020-11-24T19:55:32.000Z
"De lobby rondom het statiegeld is een web van belangen.

Luister ook mijn podcast met @magdasmink over hoe de frisdrankindustrie het statiegeld probeert af te breken.

";1;2020-11-24T11:09:58.000Z
"Heel goed initiatief dit! We moeten de strijd aangaan met zwerfafval en zorgen dat het zo min mogelijk in onze natuur terecht komt, statiegeld op blik helpt hier enorm bij.

";1;2020-11-24T11:09:19.000Z
We hebben inderdaad nog een wereld te winnen. Trots om samen te vechten voor échte klimaatrechtvaardigheid. ✊ ;1;2020-11-23T09:50:42.000Z
"Intimiderend voor iemands huis gaan staan.
Zodanig bedreigen dat een demonstratie niet door kan gaan. 
Het wordt mensen die vreedzaam demonstreren tegen racisme onmogelijk gemaakt. Dat is onacceptabel.
";0;2020-11-22T16:35:21.000Z
"Multinationals mogen gewoon bonussen en dividend uitkeren, ongeacht of ze gebruik maken van overheidssteun. Dit is niet uit te leggen aan Nederlandse bedrijven, zzp’ers of überhaupt de hele kunst, cultuur en horecasector.

Ongehoord hoe dit kabinet multinationals voorrang geeft. ";0;2020-11-19T11:11:53.000Z
"Vandaag zijn de #herindelingsverkiezingen! Stem voor een groene, eerlijke gemeente. Voor een duurzame samenleving. Met 💚 voor de toekomst.

Stem GroenLinks in gemeente:
Eemsdelta: @GLLoppersum
Vught: @PvdAGroenLinks
Boxtel: PvdA/GroenLinks Boxtel
Oisterwijk: @prooisterwijk";1;2020-11-18T12:20:01.000Z
"Door de minister wordt natuurgebied Amelisweerd bij Utrecht straks nog verder aangetast om plaats te maken voor extra asfalt.

Dit mag echt niet gebeuren, we hebben al zo weinig natuur in Nederland. We moeten toe naar echte oplossingen voor natuur klimaat én gezondheid. ";0;2020-11-18T11:40:37.000Z
"Mensen die heel lang niet op plekken van macht zaten, komen daar nu wel. Vrouwen, jongeren, mensen van kleur, met welke achtergrond dan ook.

Samen zijn wij het nieuwe Nederland, waar ruimte is om te zijn wie je bent. Het is allang tijd.

Dus @geertwilderspvv &amp;co: wen er maar aan";1;2020-11-14T21:09:54.000Z
"Het is pure intimidatie om Akwasi op deze manier thuis lastig te vallen.

Hier wordt een grens ver overschreden, stop hiermee, dit kan echt niet.";0;2020-11-14T15:28:35.000Z
"Mijn boodschap aan Kauthar en aan alle andere jongeren van Nederland: wees niet bang, je staat er niet alleen voor. We’ve got your back!

";1;2020-11-13T17:08:22.000Z
De SGP is niet van deze tijd. ;0;2020-11-12T16:33:21.000Z
"Maandag presenteren we de Green New Deal voor Nederland: een routekaart naar een klimaatneutraal Nederland.

Een gigantisch pakket aan groene maatregelen waarmee we de klimaatcrisis écht aanvechten. 🌍

Meld je aan: ";1;2020-11-12T12:15:30.000Z
"Verwoestende branden, droogte, extreem weer, klimaatvluchtelingen en plant- en diersoorten die uitsterven. Allemaal het gevolg van de opwarming van de aarde.

We moeten nu in actie komen en onze uitstoot verminderen - voordat we een onleefbare wereld achterlaten. ";0;2020-11-12T09:18:09.000Z
Precies dit: ‘de korte termijn’ waar de VVD over praat, die duurt inmiddels al 30 jaar. We moeten NU in actie komen. ;0;2020-11-11T08:58:35.000Z
"De school moet een veilige plek zijn voor ieder kind. Dat gaat niet samen met het afwijzen van homoseksuele relaties.

Liefde = liefde

";1;2020-11-09T21:32:20.000Z
🤩 ;1;2020-11-09T19:59:07.000Z
👀 ;1;2020-11-09T15:47:20.000Z
"Heel goed: komende jaarwisseling een algeheel vuurwerkverbod om de zorg te ontzorgen

Samen met @PartijvdDieren vroegen wij om een vuurwerkverbod dit jaar, belangrijk dat het verbod er nu ook echt komt.

";1;2020-11-09T12:51:39.000Z
Welcome back, America. We can’t do this without you. ;1;2020-11-09T11:43:30.000Z
YESSS Joe Biden president! ;1;2020-11-07T16:55:24.000Z
"Door nertsen muteert het coronavirus, worden meer mensen besmet en toch wil dit kabinet niet direct stoppen met de nertsenhouderij, onverantwoord.

@estherouwehand en ik willen dinsdag een debat met De ministers Schouten en De Jonge.

";0;2020-11-06T12:49:13.000Z
"Luister naar de politie, verbied vuurwerk dit jaar.

Top dat ook het CDA ook voor een vuurwerkverbod is. Kamermeerderheid is in zicht, kabinet kan nu niet achterblijven!
";1;2020-11-05T21:21:39.000Z
"Dit is onacceptabel.

Het is essentieel dat we pal voor de vrijheid en veiligheid van onze docenten staan. Intimidatie en bedreigingen horen nergens thuis en al helemaal niet in het klaslokaal.

";0;2020-11-05T09:47:30.000Z
"Samen sterk voor een groen, eerlijk en menselijk land. 💪

Wij willen toe werken naar een sterk links en progressief motorblok voor de volgende regering. ";1;2020-11-05T08:16:49.000Z
"De bibliotheken en buurthuizen blijven open voor mensen die het nodig hebben. 🎉

De hele Tweede Kamer steunt ons voorstel!

#coronadebat";1;2020-11-04T22:09:39.000Z
"Dit zijn de plekken waar mensen zich veilig voelen, waar spreekuren en cursussen worden georganiseerd, waar mensen worden geholpen met hun administratie en met taallessen.

Hou ze open. Juist ook voor de mentale gezondheid van mensen. 

#coronadebat

";1;2020-11-04T18:16:51.000Z
"De bibliotheken, daar krijgen kinderen huiswerkbegeleiding en kunnen ze op internet als dat thuis niet aanwezig is.

De buurthuizen, waar mensen komen die een veilige plek nodig hebben of mensen die eenzaam zijn.

Die plekken zijn keihard nodig. Hou ze open. 

#coronadebat ";1;2020-11-04T17:39:36.000Z
"Hoe we met de aarde omgaan heeft directe gevolgen voor ons. Jaarlijks sterven 12.000 mensen vroegtijdig door ongezonde lucht. Ook de coronasterfte lijkt in verband te staan met de luchtkwaliteit.

Het is van levensbelang dat we onze uitstoot verminderen.
";1;2020-11-04T13:18:05.000Z
"De situatie in de VS laat zien hoe belangrijk het is om te stemmen. Maar ook hoe gevaarlijk het is als een president de democratie ondermijnt door de winst te claimen voor alle stemmen zijn geteld.

De Nederlandse regering moet Trump oproepen de democratische regels na te leven.";0;2020-11-04T09:41:04.000Z
"Alweer worden we opgeschrikt door afschuwelijke beelden van een laffe aanslag.

Onze gedachtes zijn bij slachtoffers en familie in #Wenen.";0;2020-11-02T22:08:02.000Z
"Verstandig advies van deze belangrijke lokale bestuurders. Hoop dat het kabinet het voorstel van @groenlinks en @PartijvdDieren overneemt in het belang van de zorg en de andere hulpdiensten. Laten we hen een rustiger oud en nieuw gunnen.
#Vuurwerkverbod
";1;2020-11-02T21:27:59.000Z
Hoe lang gaan we dit nog accepteren? ;0;2020-11-02T20:03:27.000Z
"Terechte analyse: de frontlinie bestaat veelal uit vrouwen, die in meerderheid werken in de zorg, het onderwijs en vaak flexwerk hebben. Op deze beroepen is jaren bezuinigd. 

We moeten voorkomen dat vrouwen de zwaarste klappen van de coronacrisis vangen.

";1;2020-11-02T14:48:13.000Z
@zeikschrift Of via Apple Podcasts: ;1;2020-11-02T11:10:19.000Z
"Morgennacht zijn de Amerikaanse verkiezingen. Wat moet je er van weten en waarom zijn ze relevant voor Nederland?

In de laatste podcast Jesse&amp; sprak ik met @zeikschrift, aka Madeleijn van den Nieuwenhuizen, over deze onderwerpen en meer. Luister ’m nu!

";1;2020-11-02T11:09:46.000Z
De komende verkiezingen zijn klimaatverkiezingen. Gooi het systeem om, het is tijd voor radicaal andere keuzes voor het klimaat.;1;2020-10-30T13:37:51.000Z
"Deze cijfers zijn vernietigend voor dit ‘groenste kabinet ooit’, ze neemt de klimaatcrisis niet serieus.

Daarom geldt ook hier: luister naar de experts en de wetenschap. We moeten nu extra klimaatmaatregelen nemen om onszelf te beschermen.

";0;2020-10-30T13:37:18.000Z
"Een vuurwerkverbod zou enorm helpen om de zorg te verlichten, iets wat gezien de gigantische druk écht nodig is.

Heel goed dat dit kabinet ons plan serieus gaat overwegen. Volgende stap: uitvoeren!

";1;2020-10-30T13:18:48.000Z
"De grootste tabaksbedrijven ter wereld ontwijken jaarlijks zeker 7,5 miljard euro aan dividend, rente en royalty’s in Nederland.

Het is hoog tijd dat we dit soort slinkse routes aanpakken en een einde maken aan de beschamende rol van Nederland als belastingparadijs. ";0;2020-10-30T10:07:04.000Z
"Opnieuw een terroristische aanslag in Frankrijk, verschrikkelijk. Onze gedachten zijn bij de Fransen. #Nice 

";0;2020-10-29T10:05:47.000Z
"We doen er alles aan om de zorg overeind te houden. Vuurwerk afsteken zorgt voor honderden slachtoffers, dat kan onze zorg er echt niet bij hebben dit jaar.

Daarom pleiten wij, samen met @PartijvdDieren, voor een tijdelijk vuurwerkverbod.

";0;2020-10-29T07:35:46.000Z
@RobJetten Vergeet ‘aardig bedoeld’ eigenlijk maar. Laten we zeggen waar het op staat. Dit is gewoon intimidatie.;0;2020-10-28T10:30:43.000Z
Helemaal eens met @RobJetten. Hoe aardig het ook bedoeld is, privé is privé. Je komt niet onaangekondigd, in het donker met 5 man bij een politicus thuis. ;1;2020-10-28T08:30:14.000Z
"Eindelijk wordt een motie voor structureel hogere beloning voor zorg personeel aangenomen. 

Mijn oproep aan het Kabinet: voer de motie snel uit. Zorgmedewerkers verdienen een betere beloning. ";1;2020-10-27T16:46:50.000Z
"Goed dat er extra steun komt voor bedrijven en organisaties.  

Maar we moeten nu ook de gezinnen helpen die in grote problemen komen doordat mensen hun baan en inkomsten verliezen. 

Dat cruciale element mist in dit pakket. Geef mensen een crisisinkomen:
";0;2020-10-27T13:44:12.000Z
"Jongeren van rechts tot links laten zich horen: Er is meer én snellere klimaatactie nodig. Een cruciaal signaal van de nieuwe generatie, waar we naar moeten luisteren.

De opwarming van de aarde wacht niet, de politiek mag dat ook niet langer doen.

";1;2020-10-22T11:49:35.000Z
Zo om 16.30u houden we net als de Nederlandse ambassade in Frankrijk een minuut stilte ter herinnering aan Samuel Paty. De leraar die in Frankrijk door een extremist is vermoord. Vandaag zijn we stil, maar we zullen nooit zwijgen tegen onrecht. #JeSuisProf ;1;2020-10-21T14:14:03.000Z
"De situatie in het nieuwe kamp #Moria is nog onmenselijker dan in het oude. Het kabinet moet nu in actie komen: haal de toegezegde 100 mensen naar Nederland en fiks de #moriadeal.

Pijnlijk dat het nodig is. Maar een belangrijke oproep: ";0;2020-10-21T11:57:50.000Z
"Als we op de juiste manier investeren:
- verduurzamen we onze samenleving
- creëren we groene banen
- pakken we de klimaatcrisis aan

Nederland heeft geen groeifonds maar een #Klimaatfonds nodig. 

#TijdOmTeKiezen 
";1;2020-10-21T11:09:25.000Z
"Het cadeau van 4 miljard euro aan de grote bedrijven, bedacht door de lobbyisten van VNO-NCW, levert nauwelijks banen op.

Laten we iets doen wat beter is voor iedereen in Nederland.

Begin met een beter salaris in de zorg en een #crisisinkomen.
";0;2020-10-20T10:06:05.000Z
"Nieuw-Zeeland krijgt meest inclusieve parlement ooit. Laat Nederland dit goede voorbeeld volgen! 
";1;2020-10-20T08:25:15.000Z
"Enige juiste besluit. 

";1;2020-10-16T19:14:18.000Z
"Als de koning nu op vakantie gaat is dat echt een verkeerd signaal. We vragen mensen zoveel mogelijk thuis te blijven, dan helpen dit soort berichten niet. 

Ik wil uitleg van de minister president. 

";0;2020-10-16T16:19:05.000Z
"Mensen die hun inkomen kwijtraken door corona moeten we helpen met een crisisinkomen, een gegarandeerd inkomen zodat ze rond komen en niet afhankelijk zijn van de voedselbank.

Niemand zonder inkomen door de coronacrisis; tijd voor een crisisinkomen. 

";0;2020-10-15T18:45:47.000Z
"Verschrikkelijk dat journalisten dusdanig bedreigd worden dat de NOS zich hiertoe genoodzaakt voelt.

De toenemende polarisatie brengt onze democratie en rechtsstaat in gevaar. Nepnieuws speelt hier een grote rol in. Het kabinet moet snel opreden.

";0;2020-10-15T15:06:43.000Z
"Eerst waren we mega trots op onze Oranje Leeuwinnen, maar nu wordt de competitie stilgelegd omdat het ""geen betaald voetbal is"", dahaag. 

";0;2020-10-14T16:33:36.000Z
"Wat nodig is, is perspectief.

Geef extra steun voor cultuur- evenementen-, en horeca- en andere getroffen sectoren.

Maak zo snel mogelijk werk van de testsamenleving zodat we, zolang er geen vaccin is, met meer vrijheid kunnen leven. En er geen 3e of 4e lockdown nodig is.";1;2020-10-13T18:24:35.000Z
"De maatregelen van vandaag zijn nodig. Maar wat voelt het zuur dat we hier zijn aanbeland.

Dat heeft alles te maken met de laissez-faire houding van het kabinet, falend testbeleid en gebrek aan centrale regie.

Tijd voor een langetermijnstrategie.

#persconferentie";0;2020-10-13T18:11:47.000Z
"Het is tijd voor nieuw realisme. Een ander perspectief op Nederland en de wereld.

Het is onze missie om voor de verkiezingen van 17 maart een beweging te bouwen die zijn gelijke niet kent.

Doe je mee? ";1;2020-10-10T16:00:53.000Z
"We gaan weer investeren in kunst en cultuur. Meer geld naar onze culturele iconen, nieuwe productiehuizen en andere broedplaatsen voor talent en innovatie

Bovendien geven we mensen die werken in deze sector een eerlijke beloning, betere arbeidsvoorwaarden en meer zekerheid.";1;2020-10-10T16:00:52.000Z
"We pakken institutioneel racisme aan, inclusief werkgeverschap wordt de norm en we versterken de positie van LHBTIQ+-mensen. 

#GroeneGolf";1;2020-10-10T16:00:51.000Z
"Zolang het nodig is geven we iedereen die zijn baan verliest door de coronacrisis een crisisinkomen.

Zo raakt niemand in de financiële problemen, zorgen we voor meer sociale zekerheid en houden we de economie draaiende.

#GroeneGolf

";1;2020-10-10T16:00:50.000Z
"We gaan de stijgende kansenongelijkheid tegen. Iedereen die 18 wordt krijgt 10.000 euro startkapitaal.

Daarnaast voeren we voor studenten een nieuwe studiebeurs van maximaal vierhonderd euro per maand in.

#GroeneGolf

";1;2020-10-10T16:00:50.000Z
"Kinderopvang wordt gratis, de klassen worden kleiner en leraren krijgen meer zeggenschap over hun werk.

School moet weer een plek zijn waar je kunt leren, jezelf kunt ontwikkelen en waar je je dromen kunt najagen ongeacht waar je vandaan komt en hoeveel geld je ouders hebben.";1;2020-10-10T16:00:50.000Z
"De wooncrisis vraagt om een radicale omslag.

De huren moeten lager, daarom schaffen we de vrije marktwerking in de huursector af. Huizen krijgen een huurplafond: een maximumprijs dat er aan huur gevraagd mag worden.

Het is tijd voor #eerlijkwonen

";1;2020-10-10T16:00:49.000Z
"Corona laat ons zien wie dit land draaiende houden.

Wij willen een publieke sector die is gebaseerd op samenwerking, vertrouwen en solidariteit. We nemen afscheid van de concurrentie, het wantrouwen en de controledrift. 

We schaffen de marktwerking in de zorg af.

#GroeneGolf";1;2020-10-10T16:00:48.000Z
"We investeren in fietspaden, in internationale treinverbindingen en openbaar vervoer. We investeren niet in asfalt en dringen vliegverkeer terug.

We leggen nieuwe natuurgebieden aan en beschermen onze nationale landschappen beter. Hiermee herstellen we de biodiversiteit.";1;2020-10-10T16:00:48.000Z
"Er komt een einde aan de bio-industrie en de veestapel moet krimpen. 

De toekomst van de landbouw is duurzaam, lokaal, gezond en diervriendelijk.

#GroeneGolf";1;2020-10-10T16:00:48.000Z
"We moeten nu investeren in groene oplossingen.

We voeren een CO2-belasting in voor de grote industrie, luchtvaart en landbouw. Er komt een klimaatfonds van 60 miljard euro dat we inzetten voor een duurzame samenleving.

Nederland wordt de groene koploper.

#GroeneGolf";1;2020-10-10T16:00:47.000Z
"Wij willen niets meer en niets minder dan grote verandering.

Ik ben trots op dit verkiezingsprogramma. Het is helder groen, het is modern links en het is harder nodig dan ooit.

Een programma voor de volgende generaties.

Een draadje met onze plannen.

#GroeneGolf";1;2020-10-10T16:00:47.000Z
"Vandaag presenteren wij ons verkiezingsprogramma: tijd voor nieuw realisme. 

Niet verandering is onhaalbaar, maar het vasthouden aan de status quo is een doodlopende weg.

En dat is wat GroenLinks wil. Niets meer en niets minder dan grote verandering.

";1;2020-10-10T08:40:25.000Z
"Goed werk van @bartsnels

Bedrijven die met volle zakken naar het buitenland vertrekken, enkel en alleen om belasting te ontwijken, moeten afrekenen bij vertrek. ";1;2020-10-09T11:27:12.000Z
"Eens. Dit kabinet moet voorbij deze crisis durven kijken. We kunnen niet op dezelfde voet verder. Want achter deze golf zit de klimaatcrisis en de groeiende ongelijkheid.

De miljarden die we nu uitgeven moet we investeren in duurzame en eerlijke plannen.
";0;2020-10-09T10:16:49.000Z
"De klimaatgeneratie schreeuwt om systeemverandering om de klimaatcrisis tegen te gaan, ze nemen geen genoegen met greenwashing. En mijn steun hebben ze.

De Jonge Klimaatbeweging is de terechte nieuwe nummer 1 van de Duurzame 100 van @trouw. 
";1;2020-10-09T09:39:19.000Z
@Oranjeboven6 Oh nee?;0;2020-10-09T08:55:49.000Z
"Er komen zo veel reacties op mijn posts dat ik niet altijd de tijd heb om te reageren, daar neem ik nu eens even de tijd voor. 

Help mee om GroenLinks de komende verkiezingen online de grootste, sterkste en zichtbaarste worden, word online-campaigner op ";1;2020-10-09T08:50:00.000Z
😂 ;1;2020-10-08T12:43:23.000Z
"Vragen over het startkapitaal voor jongeren? Op deze pagina vind je antwoorden op de meest gestelde vragen over ons plan.

";1;2020-10-08T06:42:24.000Z
"10.000 euro voor elke jongere van 18. Een startkapitaal voor de ontwikkeling van álle jongeren.

Een ambitieus plan waarbij we geld herverdelen van miljonairs naar jongeren

Om de ongelijkheid te verminderen. En om de kansen van een nieuwe generatie te vergroten. ";1;2020-10-08T06:32:09.000Z
"Een hele belangrijke stap. Het Europees Parlement wil de Europese klimaatwet verder aanscherpen, om de nu al merkbare klimaatcrisis tegen te gaan. 60% minder CO2-uitstoot in 2030!

Dit heb jij bereikt. Met je groene stem bij de afgelopen Europese verkiezingen. 

#GroeneGolf ";1;2020-10-07T20:01:20.000Z
"Zaterdag presenteren we ons verkiezingsprogramma. Ik kan alvast verklappen, het is helder groen, het is modern links en harder nodig dan ooit.

We moeten ondubbelzinnig kiezen voor een menselijker, duurzamer en eerlijker Nederland.

";1;2020-10-07T10:09:13.000Z
"Goed werk van @kathalijne en anderen om de coronawet totaal te verbouwen. 

'Democratie in ere hersteld' 

";1;2020-10-07T08:15:07.000Z
"Saillant detail. Toen minister van Financiën Wopke Hoekstra nog in de Eerste Kamer zat, heeft hij een motie ingediend die zegt dat je dit soort grote plannen altijd apart moet behandelen.

Dus de Raad van State wijst Minister Hoekstra op de motie Hoekstra.";0;2020-10-05T17:05:41.000Z
"Ook de Raad van State heeft kritiek op de BIK.

De coalitie plakt de BIK vast aan het belastingplan - een soort koppelverkoop  - waardoor je over alles in één keer moet stemmen. Dus alles of niets.

Maar, zegt de RvS, dit is politiek zo beladen, dit moet apart behandeld worden.";0;2020-10-05T17:04:49.000Z
"Al dit geld kun je zo veel beter gebruiken in de zorg, voor het onderwijs, in woningbouw of in de aanpak van klimaatverandering.

4 miljard euro uitgeven zonder effect op werkgelegenheid, niet te geloven. De BIK moet van tafel.";0;2020-10-05T16:23:19.000Z
"Hoeveel meer argumenten zijn er nodig om deze belastingkorting (BIK) van tafel te halen? € 4 000 000 000 cadeau aan het bedrijfsleven, terwijl het niet leidt tot veel nieuwe investeringen of banen. 

De onderbouwing van dit plan rammelt net zo hard als bij de dividendbelasting. ";0;2020-10-05T16:09:59.000Z
"De oplossing voor het verminderen van stikstof ligt waar het probleem het grootst is: bij de veehouderij. Verklein de veestapel.

Met deze wet stellen we samen langetermijndoelen, bijvoorbeeld zoals bij de klimaatwet; de overheid moet zich houden aan de gemaakte afspraken. ";1;2020-10-05T09:19:10.000Z
"Luister naar onze zorgprofessionals: zorgmedewerkers gebruiken altijd mondkapjes, tenzij zij zelf besluiten daarvan af te wijken.

Nu is er teveel onduidelijkheid over wanneer wel, wanneer niet. Maak het duidelijk: altijd een mondkapje, tenzij...

";1;2020-10-01T17:05:50.000Z
"Theaters en musea: onze culturele sector is het kloppend hart van de samenleving. Vitaal. Het oplaaiende virus en de nieuwe maatregelen komen hard aan.

We moeten deze sector draaiende houden. Dat betekent dat nieuwe steun nodig is en dat we moeten kijken wat nu nog wel kan.";1;2020-10-01T16:42:52.000Z
"Door stijgende prijzen, huisjesmelkers en marktwerking, is wonen in de stad voor veel mensen onbetaalbaar. Dit kabinet moet ingrijpen. Maak de stad voor iedereen.

Dit is waarom wij nu met minister Ollongren praten over onze woonplannen, want Nederland schreeuwt om #eerlijkwonen ";1;2020-10-01T07:54:08.000Z
"Dit kabinet heeft een kans gemist. In plaats van duidelijkheid te creëren is er meer discussie ontstaan en onduidelijkheid gecreëerd.

We moeten nu effectieve, duidelijke maatregelen nemen om een tweede lockdown te voorkomen.

#coronadebat ";0;2020-09-30T12:23:10.000Z
"Geweldig! Het ziet ernaar uit dat de Vlaamse en Waalse Groenen van @groen en @ecolo gaan meeregeren. Proficiat met het ambitieuze akkoord dat er nu ligt. 🌍

#DeGoedeKantOp ";1;2020-09-30T11:09:19.000Z
"We moeten nu een stap extra zetten. Kort maar stevig ingrijpen om een tweede lockdown te voorkomen.

Want hoe langer wachten, hoe lastiger het wordt om de besmettingen terug te dringen. En hoe harder de klap voor mensen en de economie.

#Op1 ";1;2020-09-29T21:51:51.000Z
"DIt is heel zorgelijk, de maatregelen die door het kabinet worden genomen zijn niet voldoende om het tij te keren.

Extra actie om een tweede lockdown te voorkomen, zoals mondkapjes in winkels en in openbare gebouwen, is nu nodig.

";0;2020-09-29T13:24:14.000Z
"Aantal besmettingen loopt snel op en de testcapaciteit schiet tekort: onvermijdelijk dat er weer maatregelen komen vanuit het Rijk. Maar de mondkapjesplicht aan winkeliers overlaten? Geef duidelijkheid: heldere richtlijn voor gebruik mondkapjes in het hele land.

#persconferentie";0;2020-09-28T18:47:46.000Z
"Rutte ondertekent de belofte dat natuur en klimaat centraal staan in de herstelplannen voor na de coronacrisis.

Ondertussen zwakt dit kabinet de CO2-belasting af, wordt de veestapel niet verkleind en willen ze een nieuw vliegveld openen.

Genoeg gepraat, tijd voor actie. ";0;2020-09-28T12:21:15.000Z
"Bizar dit: Tata Steel (7% van de CO2-uitstoot van NL) ontwijkt op grote schaal belasting, terwijl ze staatssteun krijgen én lobbyen tegen CO2-belasting, want ‘ze staan op omvallen.’ 

Lees hoe NL opdraait voor de winst v/d meest vervuilende multinational: ";0;2020-09-26T08:31:13.000Z
"Vind dit een van de grootste schandes van onze tijd. Een moslimminderheid - de Oeigoeren - die op ongekende wijze al jaren wordt onderdrukt en de hele wereld kijkt weg. 

";0;2020-09-24T10:55:43.000Z
"Dit is waarom groene en linkse politiek hand in hand gaan. Het is niet of of, het is én én.

Laat de rijksten het meeste bijdragen aan het gevecht tegen de klimaatverandering. De vervuiler betaalt, de vergroener profiteert.

";1;2020-09-21T08:54:53.000Z
"Dochterbedrijf van ING heeft jarenlang geholpen om verdacht geld uit Rusland weg te sluizen.

Dit terwijl sancties een van de weinig middelen zijn die we hebben om druk te zetten op Rusland voor hun rol in MH17, de verkiezingen in de VS, en de annexatie van de Krim. ";0;2020-09-21T08:44:07.000Z
"Dus zorgmedewerkers en patiënten zijn willens en wetens in gevaar gebracht? Schandalig.

Liegen over veiligheidsrisico's is onacceptabel. Keer op keer is ons verzekerd dat het om wetenschappelijke inzichten ging en niet om schaarste. Is dit in opdracht van het kabinet gebeurd? ";0;2020-09-18T10:47:26.000Z
"De wooncrisis wordt door de coronacrisis nog heftiger. Daarom zegt onze motie: kom met maatregelen om wonen betaalbaar te maken. Oa door wetten voor lagere huren, en minder verhuurdersheffing zodat woningbouwcorporaties kunnen bouwen en verduurzamen.

#APB2020 #eerlijkwonen";1;2020-09-17T20:27:13.000Z
"Nederland heeft in de corona- en klimaatcrisis een Klimaatfonds nodig, geen groeifonds dat enkel gaat over ‘economische groei’. Voor onze en jongere generaties.

We praten hier snel verder over met het kabinet.

#APB2020 #CoalitieY ";1;2020-09-17T20:26:01.000Z
"De huren exploderen en het woningtekort groeit. De wooncrisis moeten we nú aanpakken.

Daarom is het hoopvol dat premier Rutte onze motie met @MarijnissenL @lodewijkA positief adviseert.

Politieke actie voor #eerlijkwonen is hard nodig!

#APB2020 ";1;2020-09-17T20:03:53.000Z
"Het hele dividenddebacle komt weer terug!

";0;2020-09-17T15:43:32.000Z
"Alle seinen voor het Nationale Groeifonds staan op rood.

Het is tijd voor een plan dat wél miljarden vrijmaakt voor de toekomst, voor groen en duurzaam. Tijd om te kiezen voor klimaat. Tijd voor een klimaatfonds.

";0;2020-09-15T14:07:34.000Z
"Ik ben bewust van de moeilijke beleidstaal, maar het is goed te weten hoe dit kabinet weigert geld te stoppen in structureel meer geld voor de zorg, minder huren of aanpak klimaatcrisis, maar wel zakken met geld heeft voor lastenverlaging van grote bedrijven.

#prinsjesdag2020 ";0;2020-09-15T13:51:19.000Z
"Serieus, soms lijkt het alsof we in een lobbycratie leven. Voor multinationals zijn er miljarden, maar voor de zorg, klimaat en huren niet.

Morgen en overmorgen debatteren we met het kabinet hierover. Dat is echt nodig, want dit moet echt anders.

#prinsjesdag2020";0;2020-09-15T13:50:02.000Z
"Dat zit zo. Tegelijkertijd met de CO2-belasting worden er zoveel dispensatierechten ingevoerd dat geen bedrijf de komende jaren iets hoeft te doen.

Dit is nou hoe je het vertrouwen in de politiek verliest.
Dit is #oudepolitiek";0;2020-09-15T13:49:47.000Z
"Voorbeeld 3: de CO2-belasting.

Drie jaar lang is er gesproken over het klimaatakkoord. Meest heikele punt was de CO2-belasting. Na alle kritiek ging de regering eindelijk overstag, hij zou er komen.

Maar wat blijkt? De opbrengst van de CO2-belasting is precies 0 euro. 🤯 ";0;2020-09-15T13:49:20.000Z
"Voorbeeld 2:

VNO-NCW komt met een ‘solvabiliteitsfonds’ waar de overheid 300 000 000 euro in gaat storten.

De regering geeft zelf letterlijk toe: we weten niet of dit fonds eigenlijk een probleem oplost.

Er is geen structureel geld voor lonen in de zorg, maar wel hiervoor. ";0;2020-09-15T13:47:21.000Z
"Deze regeling duurt 2 jaar. Je zou denken: daarna stopt dit belastingvoordeel. Maar nee: er wordt nu al afgesproken dat precies dit zelfde bedrag (2 miljard ieder jaar!) met precies dit zelfde doel (belastingverlaging van grote bedrijven) zal worden ingezet.

#oudepolitiek";0;2020-09-15T13:46:12.000Z
"Voorbeeld 1:

De ‘bijzondere investeringskorting’ (BIK) is gewoon 2 000 000 000 euro belastingvoordeel voor het bedrijfsleven.

Alle investeringen van een bedrijf kunnen eronder vallen, behalve... investeringen in duurzaamheid, want daarvoor zijn al andere regelingen. ";1;2020-09-15T13:45:37.000Z
"De begroting die net gepresenteerd is, is echt een overwinning voor de lobby van de multinationals. Een paar voorbeelden:

#prinsjesdag2020";0;2020-09-15T13:41:48.000Z
"Geen miljarden aan grote bedrijven, maar zorgpersoneel beter belonen en de huren verlagen.

Geen miljarden naar de fossiele industrie, maar naar de aanpak van de klimaatcrisis. 

Tijd om te breken met de oude politiek. Het is tijd voor verandering. 

#prinsjesdag2020";1;2020-09-15T12:28:51.000Z
"De koning sprak ook veel over jongeren en de nieuwe generatie. Als de regering die woorden meent, dan moet er nu maximaal worden ingezet op de aanpak van de klimaatcrisis. 

Op daadkrachtig klimaatbeleid kunnen we niet nog langer wachten. 

#prinsjesdag2020";1;2020-09-15T12:28:50.000Z
"Een mooie troonrede, waarin de koning veerkracht en solidariteit die Nederland in deze coronatijd toont heel goed onder woorden bracht.

Diezelfde nadruk op solidariteit moet wat ons betreft terugkomen in de plannen van dit kabinet.

#prinsjesdag2020";1;2020-09-15T12:28:50.000Z
"Dit is toch werkelijk niet te geloven. Dit kabinet geeft jaarlijks even veel steun aan fossiele brandstoffen als aan subsidies voor CO2-besparing. 

Via oude politiek geld stoppen in de oude economie. Het is tijd om te kiezen. Tijd voor nieuwe politiek. ";0;2020-09-14T20:06:43.000Z
"Wij zijn de #klimaatgeneratie

";1;2020-09-14T19:07:19.000Z
"De Europese Groene Golf gaat maar door! 💪

Een klinkende overwinning gisteren van de Duitse Groenen bij de gemeenteraadsverkiezingen in Nordrhein-Westfalen. 

In veel steden (waaronder Keulen, Bonn en Aken) zijn ze de grootste partij geworden.

#greenwave ";1;2020-09-14T09:19:48.000Z
"Geld is geen pleister voor alle problemen. Het bbp geen graadmeter voor geluk. 

In plaats van het groeifonds moet er daarom een klimaatfonds komen.

🌍 ";0;2020-09-13T06:17:00.000Z
"""Als je een verhaal niet zonder blozen kan vertellen thuis aan de keukentafel, moet je het niet willen vertellen.""

Deze VVD-prominenten hebben volledig gelijk met hun kritiek op de #Moriadeal. 

Evacueer Moria. Stop deze ruilhandel met vluchtelingen.

";0;2020-09-11T17:45:12.000Z
"Het helpen van vluchtelingen die net een ramp hebben overleefd moet niet een soort uitruil worden waarbij de resultaten trots worden gedeeld (0 extra vluchtelingen onder de streep!).

Vanavond slapen er 12.000 mensen uit nood langs de vangrail. Deze mensen moeten we helpen. ";0;2020-09-10T20:11:26.000Z
"We keken ontzettend uit naar het doorbreken van de impasse rondom vluchtelingenbeleid, maar deze uitkomst is wrang.

De ene kwetsbare groep inruilen voor een andere kwetsbare groep is geen deal. Dat is handjeklap met slachtoffers.

#Moria ";0;2020-09-10T16:13:56.000Z
"@UNICEFnl Precies. Het is tijd om deze wereld te fixen. 💪

Wat wij willen: de klimaatcrisis aanpakken, onze rijkdommen eerlijker delen en werk maken van een inclusief Nederland waar iedereen zichzelf kan zijn.

Samen kunnen we Nederland veranderen. Doen jullie met ons mee?";1;2020-09-10T10:21:28.000Z
"Van 2016 tot 2019 hebben bedrijven 2.000.000.000.000 euro aan dividend aan aandeelhouders uitgekeerd.

Dit aandeelhouderskapitalisme vernietigt de planeet en zorgt voor gigantische ongelijkheid.

De allerrijksten moeten veel meer bijdragen. #taxtherich

";0;2020-09-10T09:02:10.000Z
Idee: een soort Nationaal Groeifonds maar dan investeren we geld in groene oplossingen en de nieuwe economie om het klimaat te redden! ;1;2020-09-09T12:53:54.000Z
"Nu moet je leiderschap tonen en deze mensen veiligheid bieden. De Griekse overheid heeft al maanden geleden opgeroepen om meer te doen voor deze vluchtelingen. Waar wachten we nog op?

Help de slachtoffers van deze brand die hun hele hebben en houden verwoest heeft.

#Moria ";0;2020-09-09T12:20:19.000Z
"Dringende oproep:

Kabinet, neem onmiddellijk 500 kinderen en kwetsbaren op en stuur hulp naar de duizenden mensen in het vluchtelingenkamp Moria op Lesbos.

";1;2020-09-09T08:15:46.000Z
"Wat een ongelofelijke nachtmerrie. Brand in het overvolle opvangkamp Moria waar tienduizenden vluchtelingen opgesloten zitten vanwege corona.

We kunnen en moeten deze mensen helpen en veiligheid bieden. Wachten kan niet langer. ";0;2020-09-09T06:06:01.000Z
"Oude politiek: we moeten ons richten op economische groei, meer geld, meer bbp.

Bbp negeert ongelijkheid, klimaatverandering, welzijn van mensen etc.

Daarom tijd voor nieuwe politiek. Meet groei in welzijn, banen, cultuur en klimaat. Meet groei in dingen die van waarde zijn. ";0;2020-09-08T17:36:02.000Z
"Wonen is een steeds grotere last voor steeds meer mensen. Het is al lang tijd om afscheid te nemen van de marktwerking in de huursector.

Minister Ollongren, verlaag de huren.

#eerlijkwonen

";0;2020-09-08T16:26:09.000Z
"Conclusie: het investeringsfonds moet groener, duidelijker en meer toekomstgericht.

Wij komen binnenkort met een tegenvoorstel.

#groeifonds";0;2020-09-07T15:18:24.000Z
"Het is totaal onduidelijk waar dit kabinet op in wil zetten behalve groei van het bbp. Een schoolvoorbeeld van economisme.

Juist de overheid moet een leidende rol innemen in het vormgeven van innovaties en investeringen die leiden tot een duurzame economie.

#groeifonds";0;2020-09-07T15:18:24.000Z
"Duurzaamheid zit niet goed verankerd in de opzet van dit fonds.

Nu is er een risico dat het geld, zoals wel vaker bij overheidsuitgaven, terecht komt bij de fossiele industrie.

Luister bijv naar dit gesprek met @RensvanTilburg over de steun voor Shell.

";0;2020-09-07T15:18:24.000Z
"Er wordt met dit ‘groeifonds’ gezocht naar investeringen met een effect op het bbp - economische groei.

Andere doelen, zoals CO2-reductie, worden niet vastgelegd.

Met deze eeuwige fixatie op groei en geld wordt klimaatactie vooruitgeschoven.

#groeifonds";0;2020-09-07T15:18:24.000Z
Nederland heeft geen klassiek groeifonds nodig, maar een toekomstgericht klimaatfonds.;1;2020-09-07T08:33:35.000Z
"We bevinden ons in een klimaatcrisis. Alle inspanningen moeten worden gericht op de omschakeling van de oude naar de nieuwe economie.

Maar dit kabinet komt met een miljardenfonds voor ‘het verdienvermogen van de bv Nederland’ ipv een miljardenfonds voor een duurzame samenleving.";0;2020-09-07T08:33:35.000Z
"Het dagelijks leven wordt veel te duur. Politiek moet nu echt in actie komen.

Schaf marktwerking in de huursector af. Voer een maximumhuurprijs per woning in en verlaag de huren.

";0;2020-09-07T07:10:01.000Z
"Deze wet zit echt niet goed in elkaar. De minister kan zonder goedkeuring van het parlement grondrechten inperken. Daarom zijn wij tegen de coronawet.

";0;2020-09-06T07:44:40.000Z
"Een indrukwekkende actie voor structureel meer salaris en meer waardering in de zorg. Samen met @MarijnissenL en @LodewijkA en vakbonden @vakbond, @FNV en @NieuweUnie91. #meerdanapplaus 

Doe ook mee vanaf 14.00 uur online via ";1;2020-09-05T11:39:56.000Z
"Mannen van de oude wereld die er trots op zijn dat grote bedrijven geen belasting betalen. What else is new?

Maar dat gaat veranderen. Wen er maar aan Hans, grote bedrijven gaan eerlijk bijdragen aan een duurzame samenleving.

";1;2020-09-05T08:38:23.000Z
"Het gaat om mensen die straks hun boodschappen en hun huur niet meer kunnen betalen. Deze groep moeten en kunnen we helpen de financiële crisis te overleven.

Dit is precies waarom ons plan voor een crisisinkomen écht nodig is. 

Teken ook: ";1;2020-09-04T09:01:33.000Z
"Klappen alleen is niet genoeg.

Mensen in de zorg verdienen meer waardering, eerlijke lonen en meer zeggenschap over hun vak.

Daarom komen wij op zaterdag 5 september om 14.00u samen met @CNV, @FNV, @NieuweUnie91, @PvdA en @SPnl in actie.

Doe mee:   
";1;2020-09-03T16:18:20.000Z
Heel goed. Laat het kabinet dit advies overnemen. Deze week stemmen we over onze motie. ;1;2020-09-01T15:59:23.000Z
"Dit is dus precies wat er gebeurt als je kabinet na kabinet, jaar na jaar bezuinigt op de publieke sector.

Wijkagenten zijn onze oren en ogen in de wijk. Zij gaan het gesprek aan en signaleren wanneer het fout gaat.

";0;2020-09-01T12:36:55.000Z
"Prachtig pleidooi voor een ambitieuze co2-heffing. ✊

Het is de hoogste tijd dat deze er komt. Dit kabinet blijft de co2-heffing uitstellen, maar die luxe hebben we niet, we moeten zo snel mogelijk handelen.  
 
";1;2020-09-01T07:05:12.000Z
"Wie willen er een stop op de groei van luchtvaart en liever inzetten op internationale treinen:

✅ Klimaat- en milieuorganisaties.
✅ De meerderheid van de Nederlandse bevolking.
✅ Deze 60 werkgevers.

❌ Dit kabinet. ";0;2020-08-31T10:32:37.000Z
"Het lijkt alsof er voor dit steunpakket niet is gesproken met zzp’ers en flexwerkers. Voor hen is het geen redding.

Deze groep van vooral jonge mensen moeten we een stem geven. Samen met @SPnl willen wij hierover een hoorzitting in de Tweede Kamer. 

Dit moet écht anders.";0;2020-08-28T20:01:00.000Z
Vertaling: ‘Derde steunpakket coronacrisis: meer voor grote bedrijven, minder voor zzp’ers’ ;0;2020-08-28T17:56:21.000Z
"Steeds meer mensen verliezen hun baan en inkomen door de coronacrisis. Maar dit kabinet bouwt de steun af.

Het is niet uit te leggen dat flexwerkers en zzp’ers met een werkende partner of spaargeld in de kou worden gezet.

Het steunpakket moet beter.

";0;2020-08-28T14:06:05.000Z
"Bedrijven kunnen blijven rekenen op steun van de overheid, maar flexwerkers en zzp'ers mogen het zelf uitzoeken. Dat is onrechtvaardig. 

We moeten het vangnet niet afbouwen maar juist verstevigen. Tijd voor een crisisinkomen zonder partnertoets: ";0;2020-08-27T20:18:13.000Z
"Wassen, verzorgen, verplegen. Het is essentieel voor onze samenleving. Maar toch betalen we thuiszorgmedewerkers rond het minimumloon en wil de regering zorgpersoneel afschepen met eenmalig 500 euro. Absoluut onvoldoende. De zorg verdient meer waardering.
";0;2020-08-27T10:57:57.000Z
"Als je mensen inkomenszekerheid geeft via een crisisinkomen, dan voelen zij even niet de druk van financiële onzekerheid. Dan weet ik zeker dat veel minder mensen in de schulden komen en meer mensen zich omscholen.

Teken de petitie voor een crisisinkomen: ";1;2020-08-26T21:38:43.000Z
"Met het crisisinkomen willen we ook geld vrijmaken om mensen om te scholen voor nieuw werk in sectoren waar een tekort aan personeel is. Denk bijvoorbeeld aan de zorg, het onderwijs, de politie, de bouw of de installatiebranche.

Eens? Teken ook: ";1;2020-08-26T15:08:44.000Z
"Zo zorgen we dat flexwerkers, zzp’ers, kunstenaars en wie ook z’n inkomen verliest, financieel rond kan blijven komen én houden we de economie draaiende.

Niemand zonder inkomen door de coronacrisis.

Teken ook: 
";1;2020-08-26T15:07:10.000Z
"Nu de economische crisis zwaarder wordt, moeten we de inkomensondersteuning niet afbouwen maar juist uitbreiden.

Daarom komen wij met een plan: het crisisinkomen. Iedereen die z’n inkomen verliest als gevolg van de coronacrisis krijgt een inkomen van de overheid. ";1;2020-08-26T14:54:27.000Z
"Nu we geraakt worden door de economische crisis, moeten we inkomenssteun en een sociaal vangnet juist uitbreiden in plaats van afbouwen.

Alle jongeren, flexwerkers, zzp’ers en uitzendkrachten die hun werk verliezen, verdienen nu keihard de steun van de politiek. ";0;2020-08-26T08:07:36.000Z
"Elke dag staan ze in de frontlinie: onze zorgmedewerkers, maar de regering weigert hun lonen te verhogen.

Daarom houden we zaterdag 5 september samen met @PvdA, @SPnl, @FNV, @CNVZorgWelzijn en @NieuweUnie91 de grootste online demonstratie ooit.

Doe mee:
";1;2020-08-24T11:11:43.000Z
"Of het nou goed, normaal of slecht gaat met de economie: er is nooit voldoende geld voor de salarissen in de publieke sector.

Onzin. Dit zijn politieke keuzes. Juist nu moeten we kiezen voor de mensen in de zorg en niet voor een lagere winstbelasting van grote bedrijven. 

#zorg ";0;2020-08-19T08:03:43.000Z
"Corona als keerpunt. Als we nu investeren in een eerlijke, groene economie met ruimte voor iedereen. 

Met duurzame oplossingen voor het klimaat, hogere lonen in de publieke sector, meer betaalbare woningen en steun voor culturele sector.

#doenwatnodigis

";1;2020-08-17T08:40:20.000Z
"Vandaag staan we stil bij alle slachtoffers van de Japanse bezetting van voormalig Nederlands-Indië en de gevolgen daarvan. 

Mijn gedachten zijn bij allen die dit hebben meegemaakt en bij hun nabestaanden. In het bijzonder denk ik vandaag even extra aan mijn Indische oma.";1;2020-08-15T15:37:38.000Z
"Dit is een enorme klap voor de economie. De gevolgen voor de samenleving zijn gigantisch.

Daarom moeten we juist nu investeren. Niet alleen om de klappen te verzachten, maar om aan een duurzame toekomst te bouwen.
";1;2020-08-14T12:29:22.000Z
@estherouwehand @PartijvdDieren 🙏;1;2020-08-13T16:59:10.000Z
Ook @MarijnissenL doet mee. @SPnl;1;2020-08-13T16:28:49.000Z
"Het weglopen van de regeringspartijen gisteren was een klap in het gezicht iedereen in de zorg.

Daarom willen wij, samen met PvdA en PVV, het debat heropenen over de hogere salarissen voor zorgmedewerkers.

Die salarisverhoging moet er komen.

";0;2020-08-13T16:18:11.000Z
🙊 ;1;2020-08-13T11:39:15.000Z
"Dit is spot on. Keer op keer wordt er zóveel van zorgpersoneel gevraagd. Maar keer op keer moet het voor minder.

Zorgmedewerkers lopen niet weg van hun patiënten. Het is echt tijd dat ze - ook financieel - de waardering krijgen die ze verdienen. ";0;2020-08-12T21:55:02.000Z
"Zorgmedewerkers lopen niet weg voor de coronacrisis. 

Zij verdienen geen politici die voor hen weglopen. ";0;2020-08-12T21:02:18.000Z
"Ongelofelijk en ondemocratisch wat er net gebeurde in de Tweede Kamer.

Kamerleden van de coalitiepartijen lopen letterlijk weg uit het parlement om zo te voorkomen dat er gestemd kan worden.

De stemming zou gaan over hoger salaris voor zorgpersoneel.

Wat is dit voor actie?";0;2020-08-12T20:33:14.000Z
"Voor veel mensen is het geen zorgeloze zomer. Het aantal besmettingen loopt weer op. 
 
Straks is het #coronadebat. Wij vinden dat dit kabinet meer moet doen. Er moet veel meer en sneller getest worden. Hoe eerder we ingrijpen hoe minder drastisch de maatregelen hoeven te zijn.";0;2020-08-12T08:19:44.000Z
"Nederland hoeft geen belastingparadijs te zijn om grote bedrijven hier te houden.

Op deze manier blijven grote bedrijven in Nederland én betalen ze eerlijk mee aan de goede voorzieningen, personeel en infrastructuur die ons land biedt. 

";1;2020-08-10T12:12:32.000Z
"Een voorbeeld van hoe het niet hoort en tóch gaat: supermarktmedewerkers werken keihard door in de coronacrisis met alle risico’s van dien. Wie worden beloond? De aandeelhouders. 🤦🏻‍♂️

In 2021 zijn de verkiezingen. #Tijdomtekiezen voor een eerlijke economie: ";0;2020-08-05T13:01:59.000Z
"De explosie in Beiroet gaat ieder voorstellingsvermogen te boven. Mijn gedachten zijn bij de slachtoffers en hun familie, maar er is meer nodig. 

Libanon ging al gebukt onder een economische crisis en corona. Eerst de gewonden helpen, daarna snel hulp bieden voor wederopbouw. ";1;2020-08-05T09:07:27.000Z
"Gefeliciteerd! @hugodejonge

Na een spannende strijd, een mooie overwinning. Van grote politieke betekenis bovendien. Een kabinet over rechts is hiermee uitgesloten. Ik kijk uit naar onze samenwerking.";1;2020-07-15T10:26:57.000Z
Minister, sluit de nertsenfokkerijen zoals de Veiligheidsregio wil. Deze corona-brandhaarden zijn levensgevaarlijk. ;0;2020-07-10T19:27:40.000Z
"In 2018 hielden we de afschaffing van de dividendbelasting tegen. In 2019 maakten we een wet tegen belastingontwijking. Nu hebben we een nieuw plan.

Kijk mee met de lancering van ons voorstel waarmee we grote bedrijven eerlijker belasting laten betalen. 

";1;2020-07-10T10:02:45.000Z
"De minister kan niet veilig op werkbezoek vanwege agressieve FDF-boeren? Waar houdt het op?

Dit zijn geen protesten meer, dit is intimidatie. Tijd dat politieke partijen als FvD en PVV afstand nemen van deze praktijken van de Farmers Defence Force.

";0;2020-07-08T13:20:56.000Z
"500 weeskinderen die vastzitten in overvolle Griekse vluchtelingenkampen. Meer dan 100 Nederlandse gemeenten die opvang willen regelen. En toch blijven het kabinet en de coalitiepartijen dit blokkeren.

De noodzaak voor verandering is enorm. #tijdomtekiezen 
#500kinderen";0;2020-07-03T13:05:30.000Z
"Het kabinet wil geen excuses aanbieden voor het Nederlandse slavernijverleden. Dit jaar.

Maar wij strijden door tot deze excuses er wel komen. Want om aan een gezamenlijke toekomst te werken, moeten we ook samen ons gedeelde verleden erkennen. 

";0;2020-07-01T18:44:28.000Z
"Institutioneel racisme is wel degelijk een probleem. Je gaat mij niet vertellen dat we door ‘kwaliteitselectie’ zo weinig vrouwen en mensen van kleur in topposities hebben zitten.

We moeten betere manieren vinden om diversiteit in de top van bedrijfsleven en politiek te brengen. ";0;2020-07-01T18:21:22.000Z
"Heel goed dat D66 en CU nu ook steun uitspreken voor excuses van de staat voor het slavernijverleden. 

Alleen als we ons gedeelde verleden erkennen, kunnen we werken aan een gelijkwaardige toekomst. #ketikoti
";1;2020-07-01T13:08:06.000Z
"Het is belangrijk om gezamenlijk de geschiedenis te erkennen zodat we daarna weer samen aan een toekomst te kunnen bouwen.

GroenLinks en @D66 willen van 2023 -150 jaar na de definitieve afschaffing- een herdenkingsjaar van de slavernij maken.

#ketikoti

";1;2020-07-01T05:57:54.000Z
"Jep. Eens.

";0;2020-06-30T16:56:51.000Z
"D66, CDA, VVD en CU blijven zich verzetten tegen onze motie voor een hoger salaris voor onze zorgmedewerkers.

Maar wij zijn nog niet klaar. Donderdag nieuwe stemming. We hebben nog 1 stem nodig. Het fantastische werk in de zorg moet structureel beloond worden. ";1;2020-06-30T15:02:14.000Z
"Tijdens de crisis werd het weer heel duidelijk: onze zorgverleners zijn fantastisch. Zij verdienen een veel beter salaris. Dat kunnen we regelen met ons voorstel.

We hebben steun van bijna de hele oppositie, maar wat doet het kabinet? 

Hoog tijd voor andere keuzes in de zorg! ";1;2020-06-30T12:51:37.000Z
"Nóg een hele goede reden voor minder bio-industrie en minder vee in Nederland:

";1;2020-06-30T12:18:17.000Z
"Duizenden weeskinderen leven onder verschrikkelijke omstandigheden in Griekse kampen. Hygiëne is er nauwelijks. Het risico op nieuwe trauma’s is groot.

Nederland kan prima de meest kwetsbare kinderen opvangen, maar dit kabinet weigert. Geef deze #500kinderen een veilig thuis. ";0;2020-06-30T08:13:06.000Z
Iedereen in de zorg verdient de bonus, van de verpleegkundigen tot de schoonmakers. Idioot idee van Hugo de Jonge om zorginstellingen te laten beslissen wie wel een bonus krijgt en wie niet. ;1;2020-06-29T16:33:57.000Z
"Nu hebben we de mogelijkheid om échte klimaateisen te stellen aan de vervuilende luchtvaart. 

Daarom zeggen wij: kies voor meer treinen en voor minder uitstoot. Schaf nachtvluchten af en stop de opening van Lelystad airport. 

Teken ook: ";1;2020-06-26T09:58:25.000Z
"Dit pakket schiet tekort. Deze tijd vraagt om nieuwe keuzes, maar het kabinet wil op de oude voet verder:
Geen nieuwe klimaatambities.
Geen vervanging van vliegtuig door internationale trein.
Geen serieuze beperking van nachtvluchten.

Dit is het greenwashen dat we gewend zijn. ";0;2020-06-26T06:53:22.000Z
"Dit geloof je toch niet. Hier heb je een bonus, maar lever je toeslagen maar in omdat je nu te veel geld hebt ontvangen...

Onbestaanbaar. Kies voor onze zorgmedewerkers: geef ze een bonus zonder haken en ogen. En geef ze structureel meer geld.

";0;2020-06-25T13:17:16.000Z
De grote vraag is nog: voor wie is deze bonus bestemd? Wat ons betreft gaat deze naar iedereen in de zorg die keihard gewerkt heeft. Niet alleen de zorgmedewerkers, ook de schoonmakers, het administratief personeel, etc.;1;2020-06-25T11:04:52.000Z
"Eindelijk een eerste stap voor zorgverleners.

Nu zorgen dat de nullijn voor komende jaren van tafel gaat. Zorgmedewerkers moeten er structureel op vooruit gaan - zij doen essentieel werk voor ons allemaal.

";1;2020-06-25T10:29:52.000Z
"Kunst dwingt ons te denken. Over onszelf, over onze doelen, onze wereld, onze geschiedenis en onze teleurstellingen.

Nu dreigt 40% van de kunstenaars ander werk te zoeken en is 75% bezorgd over hun inkomen. Er is veel meer geld nodig om deze essentiële sector te redden. ";1;2020-06-25T07:27:56.000Z
Donderdag nieuw debat met minister De Jonge. Wij strijden door, want we mogen dit niet accepteren. Zorgverleners verdienen het salaris dat hoort bij het heldenwerk dat ze verrichten.;1;2020-06-23T15:00:25.000Z
"Voor de derde keer is het voorstel voor hogere beloning zorgpersoneel weggestemd. Er dreigt een nullijn in de zorg.

Als de regering niet alsnog geld vrijmaakt voor het zorgpersoneel dan wordt het voor kabinet heel lastig om de zorgbegroting door het parlement te krijgen.";0;2020-06-23T14:47:35.000Z
"Overal op aarde zien we de gevolgen van klimaatverandering: extremer weer, zoals nu in Siberië, waar het 38 graden is.

We kunnen niet op de oude voet door. Het is tijd voor andere keuzes. Landen moeten hun afspraken uit Parijs, om klimaatverandering aan te pakken, nakomen. ";0;2020-06-23T10:44:51.000Z
"We zouden nu juist het zorgpersoneel op een voetstuk moeten zetten en berichten moeten krijgen over gigantische instroom van nieuw zorgpersoneel.

In plaats daarvan willen sommigen een ander beroep omdat ze niet serieus genomen worden door de politiek. 

Tijd voor andere keuzes! ";0;2020-06-23T08:36:14.000Z
"Door een verstopte verlaging dreigen zorgmedewerkers op de nullijn te komen. Als we niet ingrijpen krijgen mensen in de zorg er dus geen cent bij. Dat geloof je toch niet tijdens de coronacrisis?

Straks stemmen over meer beloning voor zorgmedewerkers.

";0;2020-06-23T08:09:07.000Z
Deze mensen hebben de benen uit hun lijf gelopen om ons gezond te maken en houden. En dan zegt de regering nu: oh trouwens, je hebt te veel uur gewerkt, dus krijg je deze toeslagen niet meer. Onvoorstelbaar. ;0;2020-06-22T18:09:52.000Z
"Keer op keer zien we hoe de vliegtuigindustrie een voorkeursbehandeling krijgt

Zo’n drukke rij kan blijkbaar wel op Schiphol, maar niet bij theaters, horeca en andere sectoren. We willen voor het volgende Coronadebat tekst en uitleg van het kabinet over dit meten met twee maten. ";0;2020-06-19T10:07:15.000Z
"Nederlandse advocatenfirma’s wijzen multinationals erop dat ze de coronacrisis kunnen gebruiken om arme landen aan te klagen.

NL is naast belastingparadijs een claimparadijs. Tijd dat we multinationals een halt toeroepen; het gaat niet altijd om winst.

";0;2020-06-18T11:50:10.000Z
"De armoede neemt sterk toe door verkeerde politieke keuzes. Straks leven er ruim 1 miljoen mensen in armoede. Onacceptabel in Nederland.

Tijd om te kiezen: stop de verlaging van de bijstand, steun inkomens van gewone mensen ipv grote bedrijven en help zzp’ers en flexwerkers. ";0;2020-06-18T07:33:06.000Z
"Geen geld voor salarisverhoging zorgmedewerkers? Wat een onzin! Het is inmiddels toch duidelijk wie de mensen zijn die NL draaiende houden.

Tijd om te kiezen. Geen verlaging van de winstbelasting voor multinationals. Wel verhoging van de lonen voor de helden in de zorg. ";0;2020-06-15T09:10:19.000Z
"Kijk nu live mee met ons online congres!

#GroenLinksCongres
#tijdomtekiezen ";1;2020-06-13T14:02:02.000Z
"Hoezo? Het is een politieke keuze. Rechts kiest voor de grote bedrijven, wij kiezen voor gewone mensen.

Rechtse partijen doen al 30 jaar alsof de grote bedrijven heilig zijn. Nee. Tijd om te kiezen: Geen verlaging winstbelasting multinationals. Geen stijging zorgpremies. ";0;2020-06-13T11:02:17.000Z
"Wat een aanfluiting die kabinetsbrief over vliegen. Vul waar vliegtuig staat ‘theater’ in en het mag niet.

In een vliegtuig circuleert de lucht, mensen zitten op een kluitje en gaan ook nog de wereld over. Wat is de basis voor zulke andere regels voor het OV of de cultuursector? ";0;2020-06-12T18:29:06.000Z
"Verlaging winstbelasting van grote bedrijven of een verhoging van je zorgpremie?

Tijd om te kiezen.

Leg niet opnieuw de rekening van de crisis bij gewone mensen.

";0;2020-06-12T06:31:11.000Z
"De afgelopen 20 jaar stelden regeringen economische groei en de belangen van het grote bedrijfsleven altijd boven welvaart en welzijn van de bevolking.

Economische groei leidde tot sociale krimp. Tijd voor andere keuzes!

Geweldige column @bertwagendorp 

";0;2020-06-10T06:58:08.000Z
"En laten wij daar nou eerder dit jaar al de plannen voor hebben gemaakt, in samenspraak met natuurorganisaties, duurzame boeren, MKB Nederland en Bouwend Nederland. 

";1;2020-06-08T12:31:20.000Z
"Opnieuw een dikke onvoldoende voor dit kabinet. De stikstofplannen kunnen de prullenbak in, want het is niet genoeg.

Dit kabinet moet kiezen voor halvering van de stikstofuitstoot, meer natuurgebieden en een groene transitie van boeren. Op deze manier herstelt onze natuur niet! ";0;2020-06-08T12:30:40.000Z
"Wanneer je geen concert mag geven in de buitenlucht, maar de vliegindustrie van de regering een uitzondering krijgt.

Tim Akkerman toont aan hoe onnavolgbaar de regels zijn. 👏

";0;2020-06-08T12:05:36.000Z
"#CETA zorgt voor een ‘onnodig parallel rechtssysteem ter bescherming van de belangen van buitenlandse investeerders en in strijd met de grondwet.’

Dit is precies wat we bedoelen wanneer we spreken van ‘doorgeslagen aandeelhouderskapitalisme’.

";0;2020-06-08T09:04:35.000Z
"Dit is toch heel raar? Iedere sector krijgt strenge regels opgelegd, maar de vliegtuigbranche mag zelf de regels maken. 

De vliegtuigindustrie krijgt werkelijk op ieder terrein een uitzonderingspositie, nu ook als het gaat om de coronamaatregelen.

";0;2020-06-07T11:32:54.000Z
"Bij Wilders gaat het rondom de demonstratie in Amsterdam helemaal niet om de volksgezondheid, hij grijpt dit aan om weer eens duidelijk te maken dat mensen hun stem niet mogen gebruiken om op te komen tegen racisme dat er in Nederland is.

#coronadebat ";0;2020-06-04T13:20:18.000Z
U vergeet het belangrijkste onderwerp waar we uitgebreid over hebben gesproken: institutioneel racisme in onze beider landen en de gevaarlijke opstelling van de Amerikaanse president tegenover demonstranten in de VS. #tijdvoorwaarheid ;0;2020-06-03T15:01:13.000Z
Het racistisch politiegeweld in de VS komt voort uit institutioneel racisme. We mogen en kunnen daar niet van wegkijken of er stil over blijven. Het is onze taak om dag in dag uit te werken aan gelijkwaardige samenlevingen. Voor iedereen, overal. ;0;2020-05-31T12:53:35.000Z
"De rekening van deze economische crisis mag niet opnieuw bij gewone hardwerkende mensen komen te liggen. 

Samen met @PikettyLeMonde pleit ik voor een systeemverandering waarin de rijkste 1% meer gaat betalen en de overige 99% wat meer overhoudt.

";0;2020-05-27T19:28:43.000Z
"Goed dat de EU grote bedrijven wil laten meebetalen aan de crisis.

Het huidige kapitalisme heeft gefaald en er zijn alternatieven nodig. Dat kan niet zonder Europa.

Rutte en Hoekstra, stop met frustreren en wees solidair met alle Europeanen die worden geraakt door deze crisis. ";1;2020-05-27T11:59:05.000Z
"De overheid mag de coronacrisis niet gebruiken om de klimaatcrisis te negeren. Want we staan voor een van de grootste keuzes in onze tijd: blijven we de aarde uitputten of pakken we de klimaatcrisis aan?

#solidairesamenleving

➡️ ";1;2020-05-27T07:19:34.000Z
"Het zegt veel over de aandeelhouders van Air France-KLM dat ze een bonus toekennen aan hun topman. Ze willen hun bedrijf laten redden met belastinggeld en daarna gaan ze lekker bonussen uitkeren.

Nederland moet aandeelhouders maximaal mee laten betalen aan de redding van KLM. ";0;2020-05-26T19:16:32.000Z
"Wat een gebrek aan durf en toekomstvisie. De coronacrisis is geen excuus om de klimaatcrisis te negeren.

We moeten nu inzetten op eerlijke en duurzame energie. Mét een echte, effectieve CO2-belasting voor de fossiele industrie.

";0;2020-05-26T08:00:50.000Z
"Er is veel angst voor ontslagen. Maar er zijn ook grote personeelstekorten in bijvoorbeeld de zorg, onderwijs, politie, logistiek, distributie en supermarkten.

Nu is de tijd voor grote ideeën. Laten we mensen die zonder werk zitten naar nieuw werk helpen.
";1;2020-05-25T20:18:34.000Z
"De nertsen leven te dicht op mens en andere dieren. Dit kabinet reageert te slap en te langzaam; leg vandaag nog de nertsenfokkerij stil en start met een fokverbod. 

Bont is nooit belangrijker dan mensenlevens.

";0;2020-05-25T10:28:43.000Z
"Mark Rutte is nog steeds in de veronderstelling dat als je de rijksten maar gewoon veel geld geeft, dat het goed is voor iedereen. De mythe van het economisme regeert. 

Misschien zou Rutte toch eens de boeken van Piketty moeten lezen.

";0;2020-05-25T08:31:14.000Z
Met deze neoliberale visie maak je dezelfde fout als de vorige keer: grote bedrijven lachen, gewone mensen betalen. Zo komen we niet eerlijk uit deze economische crisis. ;0;2020-05-21T12:29:53.000Z
"Kabinet wil opnieuw grote bedrijven steunen met miljarden, zonder de eis dat dit geld in goede tijden weer terugbetaald wordt aan de samenleving.

Een kapitale fout. Steun moet er zijn voor gewone mensen, de cultuursector en het mkb. Stop met gratis geld aan grote bedrijven. ";0;2020-05-20T12:35:36.000Z
"Jongeren aan het begin van hun werkende leven, of mensen die al met onzekere flexcontracten zaten, verliezen massaal hun baan. Leg de rekening niet bij hen neer. 

De sterkste schouders moeten zwaarste lasten dragen. 

#SolidaireSamenleving ";0;2020-05-20T09:49:55.000Z
"""De belasting op werk moet omlaag en de belasting op vermogen moet hoger”, aldus de ambtenaren van het Ministerie van Financiën.

Een boodschap die GroenLinks al sinds haar oprichting vertelt.

Hoogste tijd dat we het omzetten in realiteit. ✊

";1;2020-05-19T10:22:56.000Z
"Bedrijven die belasting ontwijken zouden geen gratis overheidssteun moeten kunnen krijgen.

Teken ook: ";0;2020-05-19T09:10:13.000Z
"Bedrijven die zelf al jarenlang belasting ontwijken, staan nu vooraan om gratis staatsteun te ontvangen.

Wij zeggen nee. Geef ons belastinggeld niet weg aan grote bedrijven. Het moet een lening worden die ze later terugbetalen.

";0;2020-05-18T08:25:28.000Z
"Er gaat iets enorm mis in ons economisch systeem als we in goede tijden accepteren dat multinationals belasting ontwijken en in crisistijd gewone mensen de rekening betalen.

Laten we leren van de vorige economische crisis. Dit kunnen we niet accepteren. 
";0;2020-05-14T11:53:24.000Z
"We moeten én kunnen CETA stoppen. CETA is een handelsverdrag dat slecht is voor dier, mens en milieu. Ook geeft CETA het bedrijfsleven nog meer macht.

Laten we dit verdrag samen tegenhouden. 💪 

";0;2020-05-13T11:21:44.000Z
"In goede tijden de winsten cashen, in slechte tijden moet de samenleving maar betalen.

Zo werkt het niet.

Wij zeggen: geen gratis geld naar grote bedrijven. Laat multinationals de overheidssteun in goede tijden terug betalen. 

Teken ook: ";0;2020-05-12T12:22:33.000Z
"Onderzoek ontrafelt steeds verder hoe de Belastingdienst aan etnisch profileren deed.

Dit institutioneel racisme verwoestte levens. Dit mag nooit, maar dan ook nooit meer gebeuren.

";0;2020-05-11T08:07:01.000Z
"Na de vorige economische crisis is de rekening betaald door de gewone mensen en werd er hard bezuinigd op de publieke sector. 

Dat mogen we na deze coronacrisis niet laten gebeuren.

Daarom dienen we samen met @PvdA en @SPnl deze motie in: ";0;2020-05-07T19:02:03.000Z
"Schokkend dat @Moradonair zo veel haat en bedreigingen van extremisten over zich heen krijgt, alleen omdat hij zijn geloof op zijn manier wil vieren en delen. 

Laten we #Bevrijdingsdag ter harte nemen en ons uitspreken vóór de vrijheid van elkaar.
";0;2020-05-05T13:56:15.000Z
"Dit was #dodenherdenking 2018. Vanavond herdenken we thuis. Niet tussen de mensen, maar wel met elkaar. 

#4mei

";1;2020-05-04T15:53:11.000Z
"Deze gezondheidscrisis betekent niet dat we kunnen wachten met de aanpak van de klimaatcrisis. Tegenover de financiële steun voor grote bedrijven moeten duurzaamheidseisen staan.

";0;2020-04-29T19:23:36.000Z
"De #coronacrisis legt bloot waar ons huidige systeem tekortschiet en dat vraagt ons om ook vooruit te kijken.

De keuzes die we nu maken bepalen hoe de toekomst eruitziet. Een begin, met vijf ideeën voor Nederland na corona:

#solidairesamenleving
";1;2020-04-28T14:52:21.000Z
"We moeten banen redden, maar nu spreken we wel meteen af wie de rekening betaalt. Bij de vorige crisis is die betaald door burgers. De ontslagen in de zorg van afgelopen jaren zijn daar een gevolg van geweest. Dat laten we niet weer gebeuren.
#coronacrisis
";0;2020-04-26T11:10:17.000Z
"Fijne start van de Ramadan aan iedereen die meedoet! Ondanks dat het samenzijn nu niet kan, hoop ik dat iedereen een mooie en verbonden maand tegemoet gaat.

#RamadanMubarak";1;2020-04-24T09:33:35.000Z
"In Griekenland zitten 2.500 kinderen zonder familie vast in vluchtelingenkampen. Zij hebben een veilige plek nodig.

11 Europese landen vangen kinderen op. Veel Nederlandse gemeenten zijn daar ook toe bereid. Waar blijft actie vanuit dit kabinet? #SOSMoria
";0;2020-04-23T13:10:02.000Z
"Tijdens het #coronadebat ging het over de weg uit de lockdown: test mensen met klachten en als ze besmet zijn, doe contactonderzoek. Nu zegt hoofd GGD: twijfel over uitbreiden contactonderzoek.

Wat wordt het nu? Minister De Jonge moet opheldering geven.
";0;2020-04-23T10:23:02.000Z
"Over #coronadebat: ik bedoelde dat er studenten zijn die door coronacrisis studievertraging oplopen én inkomen missen uit werk. We zien graag dat zij ook steun krijgen. Die rekening mag niet liggen bij onderwijsinstellingen.

Docenten,ik zie hoe hard jullie werken. Dank daarvoor! ";1;2020-04-22T21:16:52.000Z
"Normaal debatteert de Tweede Kamer met Rutte voorafgaand aan een Europese top.

Afgelopen week vroeg de hele oppositie om zo’n debat. Maar de coalitie blokkeerde dit al tot twee keer toe. Daarmee ontnemen ze de Kamer de kans op een fundamenteel debat over de toekomst van Europa. ";0;2020-04-21T13:20:09.000Z
"De coronacrisis laat de tekortkomingen in ons economisch systeem zien. Le Monde diplomatique @mdiplo slaat de spijker op zijn kop:

Onze gezondheid, onze bescherming, onze eerste levensbehoeften moeten we niet overlaten aan de markt. Take back control. ";0;2020-04-20T12:30:43.000Z
"Ongelofelijk. Terwijl KLM 2.000 mensen met flexcontracten op straat zet en bij de belastingbetaler steun vraagt om het bedrijf te redden, krijgt de topman een hogere bonus. No way!
";0;2020-04-17T14:12:46.000Z
"Er komt geen extra steun, zegt de minister van Cultuur.

Zoals het kabinet KLM niet failliet laat gaan, kunnen we ook culturele instellingen, poppodia, orkesten etc. niet laten omvallen.

Onze oproep blijft staan: er is een noodfonds nodig.
";0;2020-04-15T09:52:23.000Z
"Mooie oproep van burgemeester Halsema en de burgemeesters van Barcelona, Parijs &amp; Milaan: werk aan sociale oplossingen met solidariteit en samenwerking voorop. Maak niet dezelfde fouten als na 2008 toen de hardste klappen vielen bij de publieke sector.
";1;2020-04-14T09:31:31.000Z
"We kunnen niet accepteren dat mensen in deze coronacrisis uit hun huis worden gezet. Daarom stellen @GroenLinks @PvdA @SPnl voor: bevries de huren en stop alle uithuiszettingen. 

#covid19 

";1;2020-04-14T08:48:57.000Z
"De aanpak van de coronacrisis betekent niet dat we de aanpak van de klimaatcrisis kunnen vergeten. Uitstellen CO2-heffing is uitermate onverstandig.

";0;2020-04-10T08:14:50.000Z
"Ik maak me grote zorgen over Europa. Noch Nederland, noch Italië mogen in hun ideologische loopgraven blijven. Het is belangrijk dat er een gezamenlijke Europese aanpak komt van de coronacrisis.

Blokkeer niet, wees deel van de oplossing.
";0;2020-04-08T11:55:37.000Z
"Ik snap hier niks van. Op deze manier maak je dezelfde fouten als bij de crisis 2008. De overheid zet alles op alles om bedrijven te redden, maar duizenden mensen verlies hun inkomen zonder dat er een vangnet is. Dit is geen solidariteit.

#covid19 
";0;2020-04-03T13:11:16.000Z
"Overal zien we solidariteit en zorgzaamheid. Maar één van de grootste bedrijven van Nederland vraagt miljoenen vd belastingbetaler en ontslaat vervolgens 2.000 mensen.

Dit kan het kabinet niet accepteren. Rutte moet dit weekend nog KLM op het matje roepen
";0;2020-04-02T19:39:15.000Z
"KLM gaat, ondanks de toegezegde steun vanuit de overheid, duizenden flexwerkers ontslaan.

Onacceptabel. Daar is de regeling waarmee KLM miljoenen krijgt niet voor bedoeld. Het kabinet moet ingrijpen.";0;2020-04-01T17:47:36.000Z
"Het enige mogelijke besluit vandaag was om de maatregelen te verlengen. Volle steun daarvoor. De impact voor onze samenleving is enorm, maar voor nu het enige juiste om te doen.

Laten we elkaar blijven steunen. We hebben elkaar nodig om hier doorheen te komen. 💚";1;2020-03-31T17:51:54.000Z
"Cultuur geeft ons de verbeelding en inspiratie die we nodig hebben. Zeker nu.

Maar als we niets doen, dreigen artiesten en culturele instellingen om te vallen door de coronacrisis.

Daarom moet er een steunpakket komen voor de cultuursector.

#covid19
";1;2020-03-31T15:53:58.000Z
"Goed dat Hoekstra zelf aangeeft dat de toon van Nederland in de EU niet juist was.

Nu stap 2: Nederland moet ook inhoudelijk het standpunt aanpassen. Dit is een tijd voor solidariteit. Het is geen tijd om Europese oplossingen te blokkeren.
";1;2020-03-31T15:09:23.000Z
"De mensen die emotioneel zwaar werk verrichten, staan in deze crisis in de frontlinie. Laten we dit niet vergeten. Er moet een einde gemaakt worden aan de onderbetaling en wildgroei aan onzekere contracten van mensen in deze cruciale beroepen.

#covid19
";1;2020-03-31T14:55:44.000Z
"Solidariteit vormt de basis van de aanpak van de coronacrisis. Europese landen moeten elkaar helpen met mondkapjes, beademingsapparatuur en intensive care bedden, en als het nodig is ook met economische noodhulp. 

#covid19  
";1;2020-03-30T13:05:02.000Z
"Mensen die in de frontline werken, moeten kunnen rekenen op goede en voldoende beschermingsmiddelen.

Dat het met deze mondkapjes mis is gegaan kan echt niet. Het laat het belang zien van eigen productie en niet afhankelijk blijven van China.
";1;2020-03-28T19:10:28.000Z
"Eindelijk geeft farmaceut Roche openheid van zaken. Hier zouden we niet om hebben moeten hoeven vragen, dit recept hadden ze direct bij het begin van de coronacrisis moeten geven. Mensenlevens gaan voor het maken van winst. 

#COVID19 
";1;2020-03-27T18:00:17.000Z
"Belangrijk dat we bedrijven steunen in deze tijd, zodat we banen van mensen nu en in de toekomst behouden.

Maar als ze steun ontvangen, is het natuurlijk niet de bedoeling dat ze dividend uitkeren aan aandeelhouders. De steun is bedoeld voor mensen, niet voor het grote geld. ";1;2020-03-27T13:31:48.000Z
"Roche creëert mist en hanteert misleidingstechnieken. Past bij een failliet systeem, van grote farmaceutische multinationals die een monopolie hebben op het maken van cruciale medicijnen. En hun winst boven gezondheid gaat. Zelfs in deze crisis.

Dit moet nu veranderen.

#covid19";0;2020-03-26T21:14:11.000Z
"Ik heb met laten informeren door specialisten vanavond. Zij zeggen: het klopt niet wat directeur Roche bij #Jinek beweert. Een algemene procedure staat online, maar niet recept waarmee we in Nederland zelf coronatesten kunnen maken.

#covid19";0;2020-03-26T21:12:38.000Z
"Farmaceut Roche houdt het recept voor coronatests voor zich, terwijl ze niet genoeg kunnen produceren.

Onacceptabel, want er is een groot tekort. Roche moet het recept voor de coronatest vrijgeven zodat landen die zelf kunnen produceren. Geld mag niet boven onze gezondheid gaan. ";0;2020-03-26T09:19:36.000Z
"“Eenzaamheidsvirus kunnen we wel stoppen.” Liefdevolle boodschap van de koning. We komen alleen samen door deze moeilijke tijden heen.

";1;2020-03-20T18:18:43.000Z
"Aantreden Van Rijn is symbool voor de eenheid die we nu nodig hebben. Veel succes bij deze belangrijke taak, @mjrijn!
";1;2020-03-20T12:05:53.000Z
Bedankt @bruno_bruins. Voor alles wat je voor Nederland hebt gedaan de afgelopen tijd. Veel sterkte! ;1;2020-03-19T16:37:38.000Z
Respect voor alles wat je voor ons land doet, @bruno_bruins. Rust goed uit. We hebben je hard nodig in deze strijd. ;1;2020-03-18T19:12:52.000Z
"Voor sommigen kan het voelen alsof het licht even niet schijnt. Alsof de wereld om je heen even donker is geworden. Daarom moeten we elkaar helpen, steunen en naar elkaar luisteren.

Mijn bijdrage in het #coronadebat ⤵️ ";1;2020-03-18T16:23:00.000Z
Zoveel mogelijk afstand van elkaar houden en dan met een gebaar zo met elkaar verbonden. Als één staan we achter alle helden die dit land op dit moment van grote crisis draaiende houden. Dank jullie wel! ;1;2020-03-17T19:35:43.000Z
"Heel belangrijk besluit, de overheid zorgt ervoor dat salarissen worden doorbetaald en ook zzp’ers inkomen krijgen. Solidariteit voorop en in de uitwerking en uitvoering goed oog houden voor mensen die alsnog in financiële nood dreigen te raken.
#COVID2019
";1;2020-03-17T18:06:57.000Z
"Eerlijke en indringende boodschap van de premier. Laten we zijn woorden ter harte nemen: gezamenlijk belang boven eigen belang. Laten we op elkaar letten.

#coronanederland";1;2020-03-16T18:27:58.000Z
"Schoonmakers zijn inderdaad van vitaal belang voor Nederland op dit moment. We hebben hen keihard nodig! 
";1;2020-03-16T17:49:30.000Z
"Deze vergaande besluiten zijn nodig om Nederland veilig te houden. Maar ze hebben grote gevolgen.

Solidariteit betekent ook dat we snel een oplossing bieden aan alle de mensen die nu zonder inkomen komen te zitten: cultuur, horeca, zzp’ers, mensen met nulurencontracten enz.";1;2020-03-15T17:12:45.000Z
Heel verstandig besluit. Samen de schouders eronder. Dan kunnen we deze crisis aan. #solidariteit ;1;2020-03-15T15:53:44.000Z
"De chaos en onzekerheid nemen met het uur toe. 

Ik roep het kabinet op nog dit weekend bij elkaar te komen en te besluiten dat de scholen volgende week niet opengaan. En om voor opvang te zorgen voor kinderen van alle ouders die niet thuis kunnen werken.

";0;2020-03-14T19:12:24.000Z
"Solidariteit in Nederland. ❤️ Allemaal Nederlanders die #coronahulp aanbieden aan mensen die het hard nodig hebben.

#covid_19 ";1;2020-03-13T11:58:36.000Z
"Musea sluiten. Tournees die moeten worden afgezegd. Kunstenaars, makers en musici hebben het zwaar. 

De culturele sector heeft nu een steunpakket nodig. Samen met D66 dienen we daarvoor een motie in. 

#coronadebat ";0;2020-03-12T21:07:18.000Z
"En: al ben je misschien iemand die ‘nooit ziek is’: laten we solidair met elkaar omgaan. Was je handen, werk thuis als je kunt en steun mensen die dat niet kunnen. 

#covid_19

";1;2020-03-12T19:41:47.000Z
"Heel veel dank aan al die mensen in de zorg die voor mensen die dat hard nodig hebben klaarstaan, én de mensen die hun werk mogelijk maken, zoals schoonmakers.
#Covid_19 ";1;2020-03-12T19:40:53.000Z
"Vijf Europese landen - Duitsland, Frankrijk, Luxemburg, Portugal en Finland - gaan vluchtelingenkinderen opvangen, die nu vast zitten in geïmproviseerde kampen in Griekenland.

Ook Nederlandse gemeenten komen in actie, maar het kabinet keert deze kwetsbare kinderen de rug toe. ";0;2020-03-10T16:28:50.000Z
"Nog 3 weken tot de klimaatdeadline van 1 april. Dan moet het kabinet een plan hebben om onze uitstoot dit jaar nog met een kwart verminderen. 

Nog 3 weken voor Rutte om af te stappen van kolencentrales en de subsidie voor biomassa.

Kom in actie: ";0;2020-03-10T08:25:07.000Z
"Deze kinderen hebben hulp nodig. Als gemeenten hulp aanbieden moet het kabinet naast ze gaan staan, niet tegenover ze.

";1;2020-03-06T20:07:05.000Z
"Krachtige oproep van @kathalijne. 
#ikspreekmijuit tegen online haat en seksisme. Hard nodig voor meer gelijkheid! ";1;2020-03-06T11:42:41.000Z
"Ruim 2.500 gevluchte kinderen zitten in hun eentje in verschrikkelijke omstandigheden vast op Lesbos. 

Gemeenten roepen op tot actie. @AnkieBroekers gaat de landelijke politiek hen helpen?

Deze kinderen moeten veilig worden opgevangen in Europa.
";0;2020-03-05T17:26:50.000Z
"Vanavond kwamen wij samen met een pleidooi voor solidariteit. De tijd van rechtse politiek is voorbij. Niet ieder voor zich, maar samen voor elkaar.

Dank @MarijnissenL, @LodewijkA en iedereen die er was of meekeek! 
";1;2020-03-03T20:37:16.000Z
Vluchtelingen zitten vast in een wreed geopolitiek spel tussen Turkije en de Europese Unie. Nederland moet leiderschap tonen: door echte vluchtelingen ook hier op te vangen en de opvang daar te verbeteren. ;0;2020-03-03T16:59:50.000Z
"Er zijn progressieve oplossingen nodig voor de grote maatschappelijke problemen die ons allemaal raken.

Daarom komen @MarijnissenL @LodewijkA en ik met een boodschap aan deze rechtse regering. Dinsdagavond 3 maart @tolhuistuin in Amsterdam.

Kom ook! ";1;2020-03-02T06:59:47.000Z
"""Beseft de enorme kracht van uw eensgezinde daad""

Dat stond op de oproep voor de #Februaristaking, die vandaag 79 jaar geleden begon. Een groot en dapper protest tegen het naziregime in Nederland in de Tweede Wereldoorlog. Vandaag herdenken wij. Opdat deze moed ons bij blijft. ";1;2020-02-25T13:43:03.000Z
Wat verschrikkelijk. Cindy werd mishandeld met een hersenschudding en snijwonden tot gevolg. Zulk rascistisch geweld maakt iets kapot in onze samenleving en ons vertrouwen in elkaar. We moeten ons keer op keer tegen racisme en discriminatie uitspreken. ;0;2020-02-24T07:10:07.000Z
"Achter klimaatontkenning zitten keiharde rechts-economische belangen van fossiele multinationals. 

Deze klimaatontkenner kreeg geld van multinationals zoals Shell om de wetenschap ter discussie te stellen. Dit zijn de krachten waar we het tegen opnemen.
";0;2020-02-22T09:14:33.000Z
"Dit plan van het kabinet voor natuurherstel is om je voor te schamen. Geen nieuw budget. Nul visie. En wél beschermde natuur willen schrappen.

Zo komt woningbouw niet van de grond en storten we van een ecologische crisis in een economische crisis.
";0;2020-02-19T09:38:04.000Z
"Met maar 3 stemmen meerderheid is handelsverdrag #CETA aangenomen door de Tweede Kamer.
Gelukkig is die meerderheid er in de Eerste Kamer niet. Help mee dit verdrag dat slecht is voor het klimaat en nog meer macht geeft aan multinationals, tegen te houden:
";0;2020-02-18T15:18:38.000Z
"Goed bezig @GroenLinks020! De komende 10 jaar krijgt 80% van de Amsterdamse huishoudens schone stroom.

De winst van @groenlinks bij de provinciale- en gemeenteraadsverkiezingen zet zich om in echte verandering en actie tegen de klimaatcrisis. 💚
";1;2020-02-12T17:03:15.000Z
"Morgen debat over CETA. Dit handelsverdrag van de EU met Canada is slecht voor dier, mens, milieu en onze boeren - terwijl multinationals er nog meer macht door krijgen.

Nederland heeft de unieke kans dit verdrag tegen te houden. @groenlinks stemt tegen: ";0;2020-02-11T12:08:09.000Z
"VVD en CDA willen extreemrechts het zadel in helpen. En dat na de racistische uitingen van de FvD-voorman deze week.

Provincies moeten de stikstofcrisis oplossen, maar VVD en CDA gaan nu in zee met een partij die de hele stikstofcrisis ontkent.

Onbegrijpelijk en onverantwoord. ";0;2020-02-07T11:02:52.000Z
"De besluiteloosheid van Rutte brengt ons van een ecologische naar een economische crisis.

Daarom maakte @groenlinks een initiatiefwet, waarmee we de natuur herstellen en zorgen dat er weer gebouwd kan worden.

#stikstofcrisis #woningnood 

";0;2020-02-06T11:42:28.000Z
"‘Het is monotoon en stil geworden.’

Onze stikstofwet komt geen dag te vroeg: in Nederland verdwijnen massaal wilde diersoorten. Van vogelsoorten tot vlinders en reptielen.

Het kabinet moet nu uit haar impasse breken en in actie komen!

#stikstofcrisis 

";0;2020-02-06T11:30:44.000Z
"Terwijl het kabinet doormoddert en niet met oplossingen komt, spraken @LauraBromet en ik gisteren met bouwers, boeren en boswachters over onze stikstofwet. We moeten samenwerken aan natuurherstel en ruimte maken voor de bouw.

#stikstofcrisis #woningnood
";1;2020-02-05T11:34:02.000Z
"De politie, artsen en milieuclubs steunen het wetsvoorstel van @groenlinks &amp; @PartijvdDieren voor een #vuurwerkverbod.

Mijn oproep aan de coalitie: zie af van het halfbakken voorstel van Grapperhaus, sluit je aan bij de brede maatschappelijke coalitie voor een verbod dat werkt! ";1;2020-02-05T10:40:46.000Z
Dit is wat extreemrechts doet: racistische drek de wereld inslingeren zodat iedereen ermee bezig is. Tegelijkertijd moeten we het voor elkaar opnemen. Baudet plugt zijn politieke agenda over de rug van Marokkaanse Nederlanders. En nu ook nog zwijgen. Waar blijven zijn excuses?;0;2020-02-03T12:42:45.000Z
"Het kabinet komt met 'een gedeeltelijk vuurwerkverbod'. 

Het is belangrijk dat een verbod te handhaven is voor agenten en dat hulpverleners er niet mee aangevallen worden. Dat lijkt dit voorstel niet op te lossen.

Komende week komen @estherouwehand en ik met onze initiatiefwet. ";0;2020-01-30T16:51:25.000Z
Drukte bij de #lerarenstaking in Amsterdam! #investeerinonderwijs ;1;2020-01-30T09:55:45.000Z
"Leraren, ouders, iedereen met een hart voor onderwijs: succes vandaag en morgen! Dat het kabinet nu eindelijk luistert. Er moet meer structureel geïnvesteerd worden in onze leraren, minder werkdruk en meer zeggenschap. 💚

#lerarenstaking #investeerinonderwijs ";1;2020-01-30T07:42:16.000Z
"Je kunt mensen die acute psychische hulp nodig hebben niet overlaten aan de markt.

Het systeem van de jeugdzorg en ggz moet op de schop. Dit is een begin voor de meest kwetsbare gevallen die nu nergens terecht kunnen.

#lijmdezorg 
";1;2020-01-29T08:27:40.000Z
"Goed dat we dit nu ook van een coalitiepartij horen. Nederland zit al 9 maanden in een stikstofcrisis. Het ontbreken van een oplossing van dit kabinet zorgt voor grote onzekerheid. 

Wij zijn bezig met maatregelen. Stop met overleg voor de bühne en doe mee. ";1;2020-01-29T07:56:15.000Z
"75 jaar geleden werd Auschwitz bevrijd. De verhalen van overlevenden bij de herdenking zijn hartverscheurend.

“In tijden waarin minderheden zich weer bedreigd voelen, hoop ik dat iedereen zich sterk maakt voor democratie en mensenrechten.”
#WeRemember

";1;2020-01-27T17:55:54.000Z
"Besef dit: Nederland staat op de állerlaatste plek van alle landen in de EU qua duurzame energieproductie. 

Nederland heeft groene politiek nodig, want zo komen er niet. Kom in actie en sluit je aan: ";0;2020-01-23T16:54:12.000Z
"Door jarenlang rechts beleid hebben mensen te maken met onzekerheid en stress over hun werk en inkomen.

De politiek moet de kant van mensen kiezen, in plaats van die van het kapitaal. We moeten mensen meer bescherming bieden en de vrije markt beteugelen.
";0;2020-01-23T09:20:47.000Z
"Van leraren tot vrachtwagenchauffeurs: veel werkenden zitten met de gevolgen het economisme. Het idee dat geld boven alles gaat. Geen autonomie, tijdelijke contracten en kans op een burn-out. We werken hard aan oplossingen, want dit moet echt anders.
";0;2020-01-15T08:20:16.000Z
"Dit kan niet anders dan einde opening #LelystadAirport betekenen. Dat zou echt goed nieuws zijn voor omwonenden, onze luchtkwaliteit en het klimaat.

";0;2020-01-14T19:17:18.000Z
"Goed dat een #vuurwerkverbod geen taboe meer is voor het kabinet. Wel heb ik zorgen dat er te veel uitzonderingen komen. Dat is slecht voor de handhaving en veiligheid. 

We blijven daarom werken aan een eigen wet. ";1;2020-01-10T16:16:34.000Z
Nederland is klaar voor verandering #vuurwerkverbod. ;1;2020-01-07T19:27:09.000Z
"Begrip? Dit kabinet zou afstand moeten nemen van de liquidatie van Suleimani. Dat was een vreselijke man, maar deze aanslag brengt oorlog dichterbij.
 
Kabinet moet niet achter Trump aanlopen, maar onafhankelijk opereren om partijen tot elkaar te brengen.
";0;2020-01-07T15:00:55.000Z
"Heel goed dat steeds meer partijen inzien dat we moeten ingrijpen om de ravage die vuurwerk aanricht te voorkomen.

Nu is het tijd voor aanpassing van de wet. @groenlinks werkt met @PartijvdDieren aan een plan voor een #vuurwerkverbod.
";1;2020-01-06T16:46:25.000Z
"Een meerderheid is voor, de politie pleit er al jaren voor en ook de brandweer, artsen en burgemeesters laten zich horen.

De poltiek is aan zet. Met @PartijvdDieren werkt @groenlinks aan een voorstel om dit jaar te behandelen in de Tweede en Eerste Kamer. ";1;2020-01-04T17:51:55.000Z
"Elk jaar spreken we er onze afschuw over uit. We zien de ravage die vuurwerk aanricht. Letsel dat het veroorzaakt. Hulpverleners die aangevallen worden.

Daarom komt @groenlinks met @PartijvdDieren met een #vuurwerkverbod voor particulieren.
";0;2020-01-01T14:19:28.000Z
"Een heel gelukkig nieuwjaar!

Laten we meteen beginnen: het geweld tegen hulpverleners moet stoppen.

Afgelopen nacht was ik op pad met de politie in Den Haag. Hulpverleners vertelden over de jaarwisseling en hoe ze hun werk niet kunnen doen omdat ze bekogeld worden met vuurwerk.";1;2020-01-01T14:17:41.000Z
"Ik wens iedereen fijne feestdagen met familie en vrienden! 🎄

Dat 2020 je gezondheid en geluk mag bieden. ❤";1;2019-12-25T12:10:10.000Z
"“De vrijheid van meningsuiting betekent niet dat je zomaar alles mag zeggen.”

🎄In de GroenLinks Eindejaarsshow blikken we terug op de mooiste, indrukwekkendste en vreselijkste momenten van 2019. 

🎞Bekijk hier de hele show: ";1;2019-12-24T09:36:56.000Z
"Dit is historisch. De Hoge Raad heeft besloten: #Urgenda won de zaak tegen de overheid terecht. Jarenlang probeerden kabinetten Rutte hieronder uit te komen door in alles tegen te werken.

Kabinet, stop met smoesjes en doe je werk. Zet kolencentrales uit. Halveer de veestapel. ";1;2019-12-20T10:29:37.000Z
"Stadspleinen worden bezet. Snelwegen zijn afgezet. Boeren blokkeren panden van media-outlets en eisen zendtijd. 

Hier regeert het recht van de trekker. 

@minpres heeft de “aanpak” van de stikstofcrisis niet onder controle. Ik wil vandaag nog een debat over de ontstane chaos.";0;2019-12-18T12:57:34.000Z
"Bij dit kabinet regeert het recht van de trekker. Dit is op geen enkele manier een oplossing voor de stikstofcrisis en de natuur is de grote verliezer.

Dit akkoord zal als een boemerang op het kabinet terugkomen. Lege beloftes die niet waar te maken zijn houden nooit lang stand. ";0;2019-12-17T21:03:54.000Z
Geweldig dat nu ook echt álle kinderen met hun klasgenootjes mee kunnen op schoolreisje. ;1;2019-12-17T14:21:34.000Z
👏 ;1;2019-12-16T09:51:29.000Z
"Niet minder, maar juist meer natuur als oplossing van het stikstofprobleem! 

";1;2019-12-13T10:23:10.000Z
"Mooi dat de salarissen omhoog gaan. Nu snel de volgende stappen om het lerarentekort op te lossen: dicht de salariskloof voor leraren in het basis- en voortgezet onderwijs. 

";1;2019-12-12T12:02:09.000Z
"We gaan Nederland ontdoen van de titel ’belastingparadijs'.

";0;2019-12-12T09:57:02.000Z
"Dit breekt je hart. De hardste klappen vallen bij jonge kinderen. Geen eten mee, geen geld voor schoolreisjes. Geen mogelijkheden om kind te zijn omdat je in armoede opgroeit, in een rijk land als Nederland. 

Ons sociale vangnet is kapot en moet gemaakt worden. ";0;2019-12-10T14:01:30.000Z
"Het is nu of nooit. Daarvoor is nieuw leiderschap nodig. Visie voor de toekomst. Leiderschap dat niet bang om tegen de gevestigde belangen in te gaan en om nee te zeggen tegen de oude garde.

Daarom stel ik me opnieuw verkiesbaar als lijsttrekker: ";1;2019-12-09T07:19:15.000Z
#MijnNatuurBlijft ;1;2019-12-08T09:33:39.000Z
"Kom dus ook aanstaande maandag naar Paard in Den Haag. ✊🌍

#stikstof #mijnnatuurblijft ";1;2019-12-06T12:37:54.000Z
"We zetten vandaag een goede stap richting gratis kinderopvang. 🎉

Een meerderheid in de Tweede Kamer steunt ons voorstel voor een onderzoek naar drie dagen per week gratis kinderopvang!

";1;2019-12-03T15:12:16.000Z
"Dit draadje laat heel goed zien waarom dit Kabinet niet voor de boer opkomt, maar voor de veevoermultinational. 

Zij financierden de demonstraties met tienduizenden euro's. Zij leiden de lobby. Het is hun belang waarvoor het kabinet opkomt. 

#leestip ⤵ ";0;2019-11-29T12:41:29.000Z
"Shell moet gewoon belasting gaan betalen over de miljarden winst die ze maken.

Daarom is het goed dat er er dankzij het harde werk van collega @bartsnels eindelijk wat gaat veranderen. 💪

";1;2019-11-29T09:58:39.000Z
"Precies dit. Het is crisis in de hele publieke sector en die moeten we oplossen. Wanneer ziet dit kabinet in dat het een prioriteit moet zijn om onze zorg, politie én onderwijs meer structureel geld te geven?

Tijd voor andere keuzes. ";0;2019-11-27T14:30:57.000Z
"Schaf de kinderopvangtoeslag af en geef ouders in plaats daarvan drie dagen gratis kinderopvang. 

Zo breng je jonge gezinnen niet langer in de problemen via een niet werkend toeslagensysteem.

";0;2019-11-26T07:30:50.000Z
"Ongeloofwaardig dat @MinPres zich niets herinnert van een gesprek over burgerdoden door toedoen van het Nederlandse leger.

Vlak na het bombardement waren er al nieuwsberichten die spraken van 70 tot 170 slachtoffers. Is er dan niemand die de premier daarover informeert? ";0;2019-11-25T21:32:33.000Z
"5400 leerlingen die een week niet naar school kunnen omdat er te weinig leraren zijn. De crisis in het onderwijs is enorm.

Tijd voor actie, want nu zijn de kinderen de dupe.

";0;2019-11-25T14:08:08.000Z
"Eens met Rutger. Deze maatregel is gebaseerd op wantrouwen. 

Terwijl gemeenten en mensen in de bijstand juist vertrouwen en steun verdienen. ";0;2019-11-21T09:52:26.000Z
"Verpleegkundigen zijn zo ongelofelijk belangrijk. Daarom, geef deze mensen wat ze verdienen: meer salaris, minder werkdruk en meer inspraak. ✊

#levedeverpleegkundige
#ziekenhuisstaking
#goedecaoisgoedezorg ";1;2019-11-20T11:49:38.000Z
"Racisme op internet, op straat, in voetbalstadions. Het moet nu echt afgelopen zijn. Mijn woede komt niet doordat er een kleine groep mensen racistisch is.

Mijn woede zit hem erin dat racisme doodnormaal lijkt te zijn geworden.

Lees mijn hele reactie: ";0;2019-11-18T17:01:23.000Z
"Heel goed dit. Overheidsbeleid dat gebaseerd is op wantrouwen is failliet en ontspoord.

Nu moeten alle gedupeerden gecompenseerd worden.

#kinderopvangtoeslag

";0;2019-11-14T15:38:44.000Z
"Onze oplossing voor de #stikstofcrisis: de initiatiefwet “Duurzame Aanpak Stikstof”. 

Hiermee leggen we vast dat:

✔De uitstoot van de veestapel met de helft omlaag moet voor 2035.
✔De luchtvaart niet verder groeit.
✔Op snelwegen altijd maximaal 100 km/u gereden mag worden. ";1;2019-11-13T13:58:40.000Z
"Als je een halfjaar de tijd hebt voor een crisispakket en dit is waar je mee komt, dan is dat totaal onvoldoende.

Goed dat we langzamer gaan rijden, maar het is veel te laat én veel te weinig.

Er wordt veel te weinig aan de landbouw gedaan en het is een aanval op onze natuur.";0;2019-11-13T10:07:10.000Z
"Er is geen plan voor de landbouw. Maar wel het plan om natuur te schrappen.

Volstrekt onvoldoende. Dit is geen duurzame aanpak van de stikstofcrisis.

";0;2019-11-13T09:32:54.000Z
"Het is simpelweg ontoelaatbaar dat dit kabinet natuurgebieden wil ‘verplaatsen’ vanwege de stikstofcrisis.

Gebieden als het Ulvenhoutse Bos, Botshol, de Wilck en Aamsveen kun je niet ‘verplaatsen’, die moet je beschermen. 

#stikstofcrisis 

";0;2019-11-12T15:49:41.000Z
"Een pand bestormen met vuurwerk, mensen intimideren, is niet het verdedigen van een Nederlandse traditie. Het is een regelrechte aanval op wie wij als land zijn.

Stop de haat. Stop het racisme. ";0;2019-11-08T22:47:08.000Z
"In Nieuw-Zeeland is vandaag ook een klimaatwet aangenomen. Congrats @jacindaardern!

Heel goed dat steeds meer landen een klimaatwet hebben die wettelijk vastlegt dat we het Verdrag van Parijs gaan halen. 🌏💪

";1;2019-11-07T10:43:32.000Z
"Zoveel leraren bij de #onderwijsstaking in Rotterdam die met zoveel energie strijden voor hun vak. De werkdruk en burn-outklachten zijn enorm hoog en er zijn veel te weinig collega’s. Hoognodig om structureel te investeren in het onderwijs. Go leraren!

#topprioriteit ";1;2019-11-06T11:19:52.000Z
"Dit is wat er mis is met het systeem: de rijken worden alsmaar rijker.

Arbeid moet beter gewaardeerd worden, vermogen meer belast.

Met een vermogensbelasting van 2% voor de 37 miljardairs lossen we de tekorten in de jeugdzorg, sociale advocatuur én het onderwijs structureel op. ";0;2019-11-05T12:41:49.000Z
"Het extra geld voor onderwijs is een begin. Nu gaan we door. Deze week zetten we alles op alles om structureel geld voor onderwijs te regelen. Dat verdienen onze leraren.

Daarom steunt GroenLinks de staking. Hoog tijd om meer te investeren in het fundament van onze samenleving. ";1;2019-11-03T17:40:38.000Z
"Heel goed dat er extra geld komt om het lerarentekort te bestrijden. Dit is het werk van al die leraren die zo hard actie voeren!

Het is een belangrijke stap naar structureel meer geld voor onderwijs, om o.a. de salariskloof tussen het basis- en voortgezet onderwijs te dichten. ";1;2019-11-01T18:04:39.000Z
"Ook het vonnis in de Urgendazaak wordt niet gehaald. Dit kabinet heeft sinds 2015 alle kansen gehad om het doel (25% minder broeikasgassen) te halen.

Mijn oproep aan het kabinet: steek geen miljarden in biomassa, maar sluit er kolencentrales mee. Neem de klimaatcrisis serieus.";0;2019-11-01T11:55:25.000Z
"Onaanvaardbaar. Het kabinet laat de klimaatgeneratie in de steek.

We maakten met acht partijen van links tot rechts de Klimaatwet met duidelijke doelen. En nu houdt dit kabinet zich er doodleuk niet aan.

De tijd is nú. Sluit kolencentrales, voer een stevige CO2-belasting in. ";0;2019-11-01T11:29:34.000Z
"De afgelopen 10 jaar is het lerarentekort geëxplodeerd. Dat heeft alles te maken met het lage salaris, hoge werkdruk en lage waardering voor de leraren.

Kabinet: waar blijft de oplossing?

Wij steunen de #onderwijsstaking komende woensdag. Kom ook!

";0;2019-10-31T12:49:24.000Z
"Grote bedrijven zijn de afgelopen 10 jaar steeds minder belasting gaan betalen.

Dit is de omgekeerde wereld. Ook de grote bedrijven die veel winst maken moeten hun eerlijke deel bijdragen.

Dit kabinet moet belastingontwijking verder aanpakken.

";1;2019-10-25T10:05:04.000Z
"Ik vind het vrij schokkend dat boerenpartijen blijven beweren dat er géén einde aan de groei zit. Dat zit er namelijk wel. De stikstofcrisis heeft grote consequenties voor de landbouw.

De veestapel moet krimpen en daar moeten we boeren voor compenseren. #stikstofdebat ";0;2019-10-17T17:40:36.000Z
"Ongelooflijk, de chaos over het stikstofbeleid duurt maar voort. 

Minister Schouten moet de daadkracht van de provincies niet bekritiseren, maar vierkant achter ze staan. 

De natuur en de woningbouw in Nederland vragen om leiderschap. #stikstof ";0;2019-10-17T15:27:57.000Z
"Den Haag in de ban van de boeren, maar ondertussen is er een afspraak die minstens net zo belangrijk is. Straks spreken de onderwijsbonden met Rutte over het lerarentekort.

We moeten hem aan z'n verstand brengen dat er meer geld nodig is om de tekorten op te lossen. #hupleraren";1;2019-10-16T14:05:35.000Z
"Een klap in het gezicht van alle provinciebestuurders die hun rug rechthouden.

Nederland moet van het slot. Er moeten huizen gebouwd kunnen worden. De natuur moet eindelijk worden beschermd.

Bij de eerste tegenwind terugdeinzen, aan dat soort zwabberbestuur heeft niemand wat.";0;2019-10-15T17:19:38.000Z
"Dit stuk had ook deze kop kunnen hebben:

‘Coalitie wil dat provincies hun stikstofregels versoepelen’

Dus boeren stormen met een trekker een provinciehuis binnen, intimideren bestuurders en deze coalitie zegt: ‘oh, laten we dan het stikstofbeleid maar afzwakken.’ ";0;2019-10-15T17:18:36.000Z
"Demonstreren is een groot goed. Geweld en intimidatie horen daar nooit bij. 

Het binnenrammen van een provinciehuis is onacceptabel. ";0;2019-10-14T14:51:41.000Z
"Heel goed dat @wmoorlag zich bij Radio 1 ook uitspreekt tegen handelsverdrag CETA.

Onze gelegenheidscoalitie tegen CETA groeit. Er is nu een meerderheid die het verdrag kan blokkeren in de Eerste Kamer. 
";1;2019-10-14T13:59:34.000Z
"Het CETA-vrijhandelsverdrag met Canada is oneerlijk voor boeren en slecht voor het klimaat.

Samen met de Nederlandse Melkveehouders Vakbond (NMV) en de Nederlandse Akkerbouw Vakbond (NAV) start @groenlinks de Alliantie tegen CETA ⤵️

#WijStoppenCETA

";0;2019-10-13T17:33:35.000Z
"De verkleining van de veestapel is onvermijdelijk en gaat gebeuren. Zeg dat dan ook. 

Het is schadelijk voor het vertrouwen in de politiek om dit soort valse beloftes te doen. Het is tijd voor andere politiek. 

";0;2019-10-12T11:42:55.000Z
"Om onze aarde leefbaar te houden voor onze en volgende generaties moeten we minder gaan uitstoten.

Toch zijn fossiele multinationals van plan om nog veel meer gas en olie te produceren, met alle gevolgen van dien.

De politiek kan dit niet laten gebeuren!
";0;2019-10-11T06:40:13.000Z
"Dit is een ramp voor de Koerdische burgerbevolking. De EU moet nu leiderschap tonen en Turkije tot de orde roepen.

Schort met onmiddellijke ingang iedere vorm van militaire samenwerking met Turkije op. 

";0;2019-10-09T14:11:38.000Z
"Verklein de veestapel en verlaag de maximumsnelheid. De maatregelen van Remkes zijn kraakhelder. Maar de plannen van het kabinet zijn vaag.

Geef duidelijkheid aan boeren, bouwers en natuurliefhebbers, want niemand is met het plan van vandaag wijzer geworden. 

#stikstof";0;2019-10-04T15:16:14.000Z
"De aanpak van de stikstofcrisis gaat veel te traag. Het kabinet kondigt vandaag boterzachte en niet concrete plannen aan. Ook trekken ze geen cent uit om boeren uit te kopen of natuur te herstellen.

Terwijl we al meer dan vier maanden weten wat er moet gebeuren. #stikstof";0;2019-10-04T15:14:45.000Z
"Het is kraakhelder welke maatregelen nodig zijn: minder hard rijden op de snelweg, boeren bij natuurgebieden uitkopen, een stop op de groei van het vliegverkeer. 

Het is een blamage als dit kabinet, vier maanden na de uitspraak, nog steeds niet in staat is om ze in te voeren.";0;2019-10-02T16:58:54.000Z
"Een sociaal plan om boeren uit te kopen is nodig. Banken die hen de schulden hebben ingedreven, moeten meebetalen. 

Goed initiatief @bartsnels! 
#boerenprotest #agractie ";1;2019-10-02T13:55:14.000Z
"De prijs die boeren krijgen voor hun hoogwaardige product is steeds lager geworden. Wil je je hoofd boven water houden, moet je wel veel dieren houden.

Dit systeem is kapot. Er moeten eerlijke prijzen komen en minder dieren. Daar moet de politiek helpen.

";0;2019-10-01T18:53:47.000Z
"Ik snap de boosheid van boeren, maar het systeem van de bio-industrie is failliet. We moeten toe naar minder dieren in Nederland. Dat is geen leuke boodschap, maar wel de waarheid. 

Dit kabinet moet snel met een plan komen om de onzekerheid bij boeren weg te nemen. #agractie";0;2019-10-01T07:00:28.000Z
"Wow! Bij de Oostenrijkse verkiezingen krijgen de @Gruene_Austria 14,3% van de stemmen. Dat is de beste verkiezingsuitslag uit de geschiedenis van De Groenen.  🙌

Talking about a European Green Wave. 💚

";1;2019-09-30T12:03:40.000Z
"Goed dat CDA en D66 willen dat het kabinet zich uitspreekt tegen de mensenrechtenschendingen door China.

Nog beter zou zijn als we samen zorgen dat Nederland geen surveillance-apparatuur levert waarmee China de mensenrechten kan schenden. 

Woorden zijn goed, daden zijn beter. ";1;2019-09-30T08:03:26.000Z
"Een goot voorvechter voor groene politiek verlaat de Kamer. Veel respect voor wat @mariannethieme afgelopen jaren heeft neergezet.

Alle goeds Marianne 💚. En @estherouwehand, succes! 💪";1;2019-09-29T14:28:33.000Z
"Wow, ik hoor net dat er MEER DAN 25.000 mensen zijn. En dat er nog steeds volle treinen naar Den Haag komen. Zoveel mensen die aandacht vragen voor de klimaatcrisis!

#Klimaatstaking #ClimateStrike ";1;2019-09-27T12:12:09.000Z
"Gisteren bleek dat een school in Amsterdam moet sluiten door het personeelstekort.

Al jaren is duidelijk dat het de verkeerde kant op gaat. De politiek laat het gebeuren.

Er moet nú een oplossing komen voor het lerarentekort. Wij steunen het onderwijs! #investeerinonderwijs ";0;2019-09-27T10:17:11.000Z
"Deze week gingen al meer dan 4 miljoen mensen in meer dan 150 landen de straat op voor het klimaat. En vandaag is het aan ons! 

Wij doen mee aan de Klimaatstaking en verzamelen om 12.30u op de Koekamp in Den Haag.

Ben jij erbij? ✊#klimaatstaking";1;2019-09-27T09:29:12.000Z
"Even voor de duidelijkheid: de stikstofcrisis is niet de schuld van de boeren, maar van jarenlang falend beleid van de overheid.

Daarom moet er een goed sociaal plan voor boeren komen om hen te compenseren.";0;2019-09-26T10:20:01.000Z
"Dit is een revolutionair advies van #Remkes.

Het kabinet moet dit advies overnemen en snel uitvoeren: Breng de maximumsnelheid omlaag en verklein de veestapel. We moeten de natuur herstellen.

Het kabinet heeft geen enkele reden meer om te wachten. Het is tijd voor actie. ";1;2019-09-25T15:53:10.000Z
"Wat een speech. Dit noem je 'Speaking truth to power'. Greta vecht voor de toekomst van alle jongeren. Voor het klimaat. Voor de wetenschap. Tegen de status quo.

Vrijdag ga ik de straat op voor de door haar mede geïnspireerde #ClimateStrike.

Doe mee: ";1;2019-09-24T14:25:52.000Z
"Dit is nauwelijks te bevatten. Over de hele wereld gaan miljoenen mensen de straat op en zijn ze verbonden door hetzelfde doel: meer klimaatactie vanuit de politiek!

Vrijdag 27/9 is de #Klimaatstaking en komen we in Nederland massaal in actie.

Doe mee: ";1;2019-09-20T16:30:14.000Z
"Held @Lisawesterveld strijdt al lang voor hulp aan jongeren met complexe problemen.

Geweldig nieuws dat we nu aan de slag gaan met oplossingen voor deze kinderen en hun ouders. ";1;2019-09-19T15:48:03.000Z
Het is tijd om de daad bij het woord te voegen, @VVD 👇#APB19 ;1;2019-09-18T11:52:31.000Z
"- Meer loonstijging voor zorg, onderwijs, politie en sociale advocatuur.
- Betaalbare en duurzame huizen.
- Lage btw-tarief naar 6%.
- Tegengaan wachtlijsten jeugdzorg.

Dit zijn vier plannen die @groenlinks samen met @SPnl en @PvdA voorstelt voor 2020.
 
";1;2019-09-18T09:06:37.000Z
"In de Troonrede hoorde ik mooie woorden over in actie komen, maar in de begroting van het komende jaar zie ik weinig daden.

Wij zetten alles op alles zodat 2020 geen verloren jaar wordt. ";0;2019-09-17T14:59:22.000Z
"Geweldig nieuws dat het kabinet de plannen van GroenLinks overneemt! Multinationals moeten winstbelasting gaan betalen. 

De aanhouder wint. Top werk van onze financiële held, @bartsnels.

";1;2019-09-11T14:08:37.000Z
"Onze stikstofuitstoot moet radicaal minder, voor onze gezondheid, de natuur én het klimaat.

Daarom stellen wij dit kabinet een deadline: kom voor het einde van de maand met een noodwet om de veestapel te halveren. En dat moet eerlijk: kom met geld om de boeren uit te kopen.";1;2019-09-09T09:58:22.000Z
"Jarenlang heeft het kabinet gedaan alsof we niet hoeven te kiezen, alsof we economie boven onze natuur en gezondheid kunnen plaatsen.

Nu zit Nederland op slot. Noodzakelijke projecten, zoals woningbouw, mogen niet stil komen te liggen. Het kabinet moet nu prioriteiten stellen.";0;2019-09-09T09:57:43.000Z
"Deze zomer zijn we door hitterecords en Amazonebranden hard geconfronteerd met de klimaatcrisis.

Tijd om de politiek wakker te schudden. Over de hele wereld voeren mensen actie. En @groenlinks doet mee. Kom 27 september naar de Klimaatstaking in Den Haag: ";1;2019-09-03T16:54:21.000Z
"Lekker bezig @suzanne_GL! 🙌 Vandaag presenteert zij het plan ‘Luchtvaart op de Rails’.

Te lang heeft de luchtvaart vrij spel gekregen terwijl de internationale trein is verwaarloosd.

Dat moet natuurlijk anders. Het is tijd voor #meertreinenmindervliegen ";1;2019-09-02T09:35:52.000Z
"Het Amazonewoud is van wereldbelang. Onvoorstelbaar dat Bolsonaro hulp om de branden die er woeden afwijst.

Ook vanuit Nederland kunnen we wat doen. Roep het kabinet op het nieuwe handelsverdrag met Brazilië niet te tekenen: ";0;2019-08-27T12:22:41.000Z
"Tijd dat Nederland zich uitspreekt tegen de handelsdeal met Brazilië, net als Ierland en Frankrijk.
";0;2019-08-23T16:54:53.000Z
"Midden in het #Klimaatdebat, dus helaas niets gezien van de halve finale (behalve die prachtgoal). Maar wat een prestatie. De WK-finale! 😍

Zondag is er geen debat, dus dan zit ik klaar voor de finale. 💪 #leeuwinnen";1;2019-07-03T22:09:55.000Z
"Wat een verwerpelijk voorstel. Als iemand dreigt te verdrinken is het juist je plicht die persoon te redden. 

Maar in de wereld van de VVD ben je een crimineel als je een vluchteling redt van de verdrinkingsdood. ";0;2019-07-03T09:09:22.000Z
"Heel blij met deze drie GroenLinksers die sinds vandaag officieel in het Europees Parlement zitten en daar de groene fractie versterken! 💪

Gefeliciteerd en zet ’m op @BasEickhout, @Tineke_Strik &amp; @kimvsparrentak ";1;2019-07-02T16:15:52.000Z
"Vandaag herdenken we ons slavernijverleden en vieren we de afschaffing van de slavernij in Suriname en de voormalige Nederlandse Antillen.

Meer kennis over deze verschrikkelijke periode versterkt onze strijd tegen hedendaags racisme en discriminatie.

#ketikoti ";1;2021-07-01T14:15:12.000Z
"Straks om 17.45 zal ik samen met @TomvanderLee live een uitgebreide reactie geven op het klimaatakkoord via Facebook. 

Heb je vragen? Stel ze hier en dan beantwoorden wij 'm straks: ";1;2019-06-28T15:19:25.000Z
"Het klimaatakkoord moet echt beter dan wat er nu ligt. Het is een stap in de goede richting, maar het is niet de groene en sociale doorbraak die nu écht nodig is.

De komende tijd gaan wij strijden om deze plannen flink aan te scherpen.";0;2019-06-28T15:16:07.000Z
"Kom op! Je bent het kabinet, je kunt zo ontzettend veel doen tegen klimaatverandering.

De kolencentrales kunnen volgend jaar dicht, maar in plaats daarvan moeten we onze banden oppompen en radiatorfolie kopen?

Ongelofelijk dat de regering de uitspraak van de rechter negeert. ";0;2019-06-28T07:01:33.000Z
"Na jarenlange politieke strijd, worden er eindelijk klimaattaboes doorbroken. Maar we zijn er nog lang niet. 

Gaan we met deze plannen de klimaatdoelen halen? Gaan de grote vervuilers betalen? Of wordt er teveel vooruitgeschoven? 

De klimaatplannen moeten zsm openbaar worden! ";0;2019-06-25T15:40:28.000Z
"Zorgelijke berichten rondom de onderhandelingen over het klimaatakkoord. 

De CO2-belasting van het kabinet dreigt volgens Milieudefensie een wassen neus te worden: “gezinnen en kleine ondernemers draaien op voor de subsidie van de grote industrie.”  ";0;2019-06-20T15:42:42.000Z
"Ik krijg veel berichten van zzp’ers: hoe kan ik een arbeidsongeschiktheidsverzekering betalen?

Voor ons is het helder. Dit moet een collectieve regeling worden. Publiek uitgevoerd en betaalbaar voor iedereen. Weg uit de handen van verzekeraars die geld willen verdienen. ";1;2019-06-19T15:53:08.000Z
"De FNV stemt in met het pensioenakkoord! 

Dit is goed nieuws voor mensen in zware beroepen die eerder kunnen stoppen met werken en mensen die geen pensioen op kunnen bouwen. 💪 

Nu moet de politiek snel regelen dat de AOW leeftijd wordt bevroren.";1;2019-06-15T12:32:45.000Z
"Heel goed. Nu er een Kamermeerderheid voor rekeningrijden is, gaan we doorpakken.

Wij dienen hier volgende week een voorstel over in. Zo kunnen we beginnen met experimenten en kan een volgend kabinet rekeningrijden invoeren. ";1;2019-06-14T14:17:07.000Z
"Straks beginnen de Oranje Leeuwinnen aan het WK. 🙌 

Veel succes en pak die beker! 💪 #OnzeJacht #NZLNED ";1;2019-06-11T12:50:48.000Z
Kijk live 🔴 mee met de gezamenlijke reactie van Lodewijk Asscher (PvdA) en Jesse op het voorlopige pensioenakkoord. ;1;2019-06-05T08:01:51.000Z
"Een fijn suikerfeest aan iedereen die het viert! 

#EidMubarak ";1;2019-06-04T08:46:13.000Z
Wat een rotavond. Voor GroenLinks. Voor de fractie. Voor Zihni. Ik baal verschrikkelijk dat het onoplosbaar bleek. Waardering dat Zihni zijn zetel teruggeeft aan GroenLinks.;0;2019-05-28T21:27:13.000Z
"Ik heb slecht nieuws. Zihni Özdil vertrekt uit de Tweede Kamer. 

Vanavond is de gehele fractie tot de conclusie gekomen dat er sprake is van een onherstelbare vertrouwensbreuk tussen Zihni en de fractie.

Lees hier de verklaring over zijn vertrek:
";0;2019-05-28T21:04:11.000Z
"Het is vrij bizar dat de minister-president informatie achterhoudt over de cijfers van het voorlopige klimaatakkoord. 

Het is niet aan Mark Rutte om te bepalen of deze cijfers belangrijk zijn. Dat is aan Nederland.

Ik wil snel een debat met de @MinPres.  ";0;2019-05-28T15:23:37.000Z
"Een historisch moment voor klimaatpolitiek: vandaag is de klimaatwet aangenomen. 💚

Deze wet heeft een grote impact op onze toekomst en het tegengaan van de klimaatcrisis. 🌍

Voor mij is dit een heel mooi moment. Mijn belangrijkste resultaat in negen jaar Kamerlidmaatschap. ";1;2019-05-28T12:40:05.000Z
"GroenLinks krijgt 8 zetels in de Eerste Kamer. Een verdubbeling ten opzichte van nu! 🙌

Dit betekent dat wij nodig zijn voor een meerderheid in de Eerste Kamer en dus kan het kabinet niet om ons heen. 

Wij blijven constructieve klimaatoppositie voeren. 💪";1;2019-05-27T14:38:49.000Z
"Wat een hoopgevende en fantastische uitslagen van groene partijen in Europa. Bovendien stemmen jonge mensen massaal voor groen. 💚

Groene politiek was nog nooit zo groot in Europa. ✊ #groenegolf";1;2019-05-26T20:43:53.000Z
Kijk live 🔴  mee naar de speech van Jesse over de winst van GroenLinks : ;1;2019-05-23T19:19:22.000Z
"Groenlinks wint voor de vierde keer op rij!en de PvdA wint ontzettend veel: gefeliciteerd! 

Groenlinks en PvdA hebben samen meer zetels dan VVD en Forum voor Democratie. Links en progressief wint van rechts en conservatief. ✊";1;2019-05-23T19:18:25.000Z
"Verkiezingen! Stem vandaag voor een groener en socialer Europa. 💚

Bijvoorbeeld door op deze man te stemmen: @BasEickhout. 🙌 #spreekjeuit #EP2019 ";1;2019-05-23T07:25:35.000Z
"Dit debat laat niet mijn Nederland zien. Ik kies voor ons.
#spreekjeuit #EP2019 ";0;2019-05-22T21:56:51.000Z
"Vandaag denk ik aan al die Groningers die weer zijn opgeschrikt door een zware aardbeving. Verschrikkelijk. En dat terwijl veel mensen nog midden in het schadeherstel zitten.

Het herstel van schade en versterken van huizen duurt veel te lang. En de gaskraan moet sneller dicht.";0;2019-05-22T07:58:02.000Z
"Dit is waarom de verkiezingen donderdag zo belangrijk zijn. Dit is waarom Groen en Links sterker moet worden in Europa.

Shell betaalt geen winstbelasting. 0! 
Maar na donderdag gaan wij de macht van multinationals te breken. #spreekjeuit! ";1;2019-05-21T17:26:45.000Z
Gefeliciteerd @PieterHeerma met het fractievoorzitterschap van het CDA. 🎉;1;2019-05-21T09:47:57.000Z
"Baudet heeft voor ’n jonge vent wel een treurig ouderwetse kijk op vrouwen én mannen. 

En dan nu half terugkrabbelen. Neem verantwoordelijkheid voor je rechts-nationalistische geblaat.";0;2019-05-20T16:10:10.000Z
"Wie denkt dat het geflirt van Baudet met extreemrechts toeval is, is naïef. 

Wie denkt dat Baudet opkomt voor vrouwenrechten, zit er naast. 

Wie denkt dat Baudet de belangen van Nederlanders dient, komt bedrogen uit.

#30jaarGroenLinks #spreekjeuit ";0;2019-05-19T17:16:27.000Z
Vandaag vieren we 30 jaar GroenLinks 💚 Hoe gaan we de komende 30 jaar Nederland veranderen?Kijk live 🔴 mee: ;1;2019-05-19T14:06:46.000Z
"Wat geweldig! Na 44 jaar wint Nederland het songfestival. @dunclaurence gefeliciteerd met je overwinning. En wat een prachtig lied. ❤

🇳🇱#ESF19";1;2019-05-18T23:37:27.000Z
"Er is zoveel leegheid op rechts. Zoveel slechte plannen. Links moet een front vormen en samenwerken naar een keerpunt in 2021.

Het is tijd voor een links en progressief motorblok in de regering. ";0;2019-05-18T08:56:49.000Z
Misschien wel de effectiefste politicus van Nederland, volgens @decorrespondent. 👇 ;1;2019-05-17T18:45:47.000Z
"Gefeliciteerd @sybrandbuma met je benoeming als burgemeester in Leeuwarden. Deze fantastische plek is je van harte gegund. 

We zullen je kundigheid en humor gaan missen in de Tweede Kamer. Chapeau!";1;2019-05-16T19:44:13.000Z
"Goed nieuws! Met ons voorstel om de industrie te laten betalen voor hun CO2-uitstoot halen we het klimaatdoel.

En tegen al die partijen die blijven zeggen dat klimaatbeleid moeilijk en duur is, zeg ik: het kan wél. Eerlijk en effectief. Kijk maar. 

";1;2019-04-24T15:20:07.000Z
Op de dag dat christenen overal ter wereld het nieuwe leven vieren, worden deze lafhartige aanslagen in Sri Lanka gepleegd. Onze gedachten gaan uit naar de slachtoffers en nabestaanden.;0;2019-04-21T08:43:03.000Z
"Kijk! Brede steun voor onze wet die zorgt dat multinationals zoals Shell ook gewoon winstbelasting moeten betalen.

Top werk van onze financiële held @bartsnels. 👏 ";1;2019-04-16T08:30:47.000Z
"Wat een verdrietig nieuws. Een icoon is heengegaan. Hij drukte zijn stempel op de Nederlandse journalistiek. Veel sterkte voor familie en geliefden.

";1;2019-04-11T13:16:39.000Z
"Steeds weer kondigt Rutte uitstel van klimaatbeleid aan. Terwijl we in Nederland enorm achterlopen op de rest van de EU. Alleen Luxemburg wekt minder schone energie op.

Het is tijd voor klimaatactie!

";0;2019-04-08T14:41:07.000Z
"Geheime notities, valse beloften en een premier die achter de schermen keer op keer kiest voor grote bedrijven en niet voor het klimaat of mensen. Dit lijkt de dividendbelasting all over again. 

Een kijkje achter de schermen: ";0;2019-04-04T12:52:25.000Z
"Kabinet kiest voor een enorme CO2-vrijstelling voor de vervuilende industrie. 

Voor de verkiezingen beloftes doen over een echte, eerlijke CO2-heffing. Na de verkiezingen gewoon weer opkomen voor het grote bedrijfsleven. Classic Rutte.

";0;2019-04-04T06:54:47.000Z
"De rode loper ligt in NL al jaren uit voor multinationals en hun beleggers. Ze strijken steeds meer winst op en hoeven daar steeds minder belasting over te betalen.

Dit is het gevolg van politieke keuzes die ongelijkheid vergroten. Tijd voor een keerpunt.
";1;2019-04-03T11:57:07.000Z
"Ook de AIVD stelt vandaag dat Nederland niet te afhankelijk moet worden van Chinese apparatuur.

Daarom moeten we voor het nieuwe 5G-netwerk niet in zee gaan met Huawei. De communistische partij heeft te veel invloed op Chinese bedrijven.

We vragen een debat aan. ";0;2019-04-02T15:00:52.000Z
"@denieuwsbv Het kabinet gaat niet in gesprek met de oppositie over de klimaatplannen, maar wel met het grote bedrijfsleven.

Dit is de dividendbelasting all over again. Welke contacten zijn er achter de schermen geweest met grote industrieën en hun lobbyclub over de CO2-belasting?";0;2019-04-02T11:35:06.000Z
"De dag na de klimaatbelofte ging minister Wiebes direct op bezoek bij de lobby van het grote bedrijfsleven om te vertellen dat er heus geen echte CO2-heffing komt, onthult @denieuwsbv. Dit lijkt in alles op kiezersbedrog. 

";0;2019-04-02T11:33:53.000Z
"Opnieuw dreigt kiezersbedrog van Rutte. Het nieuwe CO2-plan van dit kabinet is geen echte CO2-heffing. 

Het kabinet zorgt er opnieuw voor dat grote bedrijven niet hoeven te betalen. 

Niet eerlijk, niet verstandig. Hier ontstaat een groot politiek conflict. ";0;2019-04-02T07:10:44.000Z
@dijkhoff ;1;2019-03-31T16:41:23.000Z
"Terwijl de Kamer morgen praat over onze spoedwet tegen absurde salarisverhogingen van bankiers, zegt ING baas Ralph Hamers vandaag dat bankiersbonussen omhoog moeten.

Wat een slechte timing. Wat een slecht gevoel voor wat er speelt in de samenleving.
";0;2019-03-25T16:04:35.000Z
"Vandaag is de internationale dag tegen racisme. En voor iedereen die vandaag denkt: ""wat gebeurt er in Nederland? Kan ik me hier wel thuis voelen?"" Zeg ik: we got you.

Onze beweging van hoop, optimisme en empathie is sterker dan de haat.";1;2019-03-21T13:15:00.000Z
"De historische uitslag van gisteren geeft onze beweging nog meer brandstof. 

Laat dit ervoor zorgen dat we met nog meer vuur, passie en urgentie ons verhaal over hoop, optimisme en empathie vertellen.

Wij gaan door. ✊

";1;2019-03-21T11:28:19.000Z
Kijk live 🔴 mee met de overwinningsspeech van Jesse Klaver vanuit Utrecht. #PS2019 ;1;2019-03-20T22:43:28.000Z
"Vandaag is het aan jou. Vandaag kun jij ervoor zorgen dat GroenLinks groter wordt, in de provincies en in de Eerste Kamer.

Zodat we de klimaatcrisis écht aanpakken. Zodat de provincies groener worden. Zodat dit land eerlijker wordt.

Stem #voorverandering ";1;2019-03-20T09:28:47.000Z
"Vanavond zou ik bij Pauw en Jinek in debat gaan met Thierry Baudet over zijn uitspraken van de afgelopen 24 uur. Maar helaas. Baudet trok zich op het laatste moment terug.

Heel jammer dat ik niet met hem in discussie kan gaan over wat hij met zijn woorden veroorzaakt. #PenJ";0;2019-03-19T22:03:15.000Z
"Gisteren werden we in Utrecht in ons hart geraakt.

Maar gisteren werd er door Forum voor Democratie ook smerige politiek bedreven. 

Ik geloof in onze democratie. Ik geloof in optimistische hoopvolle politiek. 

Vandaag campagne, morgen naar de stembus. 

";1;2019-03-19T10:37:35.000Z
"Gezien de situatie in Utrecht hebben wij besloten na overleg met de andere politieke partijen tot nader order alle campagneactiviteiten op te schorten. 

We volgen de ontwikkelingen op de voet. In gedachten zijn wij bij de slachtoffers en de hulpverleners.";0;2019-03-18T11:40:21.000Z
Gezien de situatie in Utrecht hebben wij besloten niet naar de pensioendemonstratie in Rotterdam te gaan. We volgen de ontwikkelingen op de voet. In gedachten zijn wij bij de slachtoffers en de hulpverleners.;0;2019-03-18T11:19:46.000Z
"Live beeld van de VVD campagnestrategie.

";1;2019-03-17T17:31:02.000Z
"Dit kabinet heeft een slecht verhaal over het nieuwe vliegveld Lelystad. Ze wil dat wij verduurzamen, maar tegelijkertijd ook een nieuw vliegveld openen.

Dat kan niet.

Lelystad Airport moet van tafel. En we hebben gezien dat oppositievoeren werkt.
";0;2019-03-15T19:21:40.000Z
"Wat ontzettend vreselijk nieuws van de aanslag in Nieuw-Zeeland. 

Racistisch en xenofoob geweld heeft al te vaak tot pikzwarte dagen in de geschiedenis geleid en moet altijd keihard veroordeeld worden. 

Stay strong #Christchurch";0;2019-03-15T07:06:08.000Z
"De energierekening voor mensen moet omlaag. Niet in de toekomst. Dit jaar al.

De energiebedrijven zeggen dat het kan. Laten we de mooie woorden van dit kabinet omzetten in daden. ";1;2019-03-14T17:50:17.000Z
Kijk live mee met mijn reactie op de doorrekening van het #Klimaatakkoord ;0;2019-03-13T15:33:54.000Z
"Met deze plannen van het Klimaatakkoord wordt het klimaatdoel niet gehaald. De lage inkomens betalen de rekening terwijl de industrie wordt ontzien.

Dit vraagt om een andere aanpak. Hoe nu verder? Om 16.00u geef ik een persconferentie in Nieuwspoort. Volg het via onze kanalen. ";0;2019-03-13T12:21:17.000Z
"Soms zijn er van die momenten die je leven veranderen. Een besluit of een gesprek. Iets wat heel klein lijkt, maar grote verandering teweegbrengt. 

Aan welk moment moet jij denken? Laat het me weten met #hetbegintbij.";1;2019-03-12T06:45:26.000Z
"#hetbegintbij één iemand die je vertelt dat het kan. Toen ik 16 was, werd mij verteld dat studeren misschien wel te hoog gegrepen was. Het was mijn moeder die zei:

“Volg je hart. Laat niemand je vertellen dat iets niet kan. Laat de angst om te falen los. Dan is alles mogelijk.“";1;2019-03-12T06:25:07.000Z
"30.000 mensen bij de #Klimaatmars! De regen houdt ons niet tegen. ✊

Hier strijden we met @groenlinks al 30 jaar voor. Dit is het voorjaar #voorverandering. Het klimaat staat vol op de agenda. We laten ons vandaag horen, én op 20 maart in het stemhokje. 

#PS2019 ";1;2019-03-10T13:23:30.000Z
"One down, four to go!

Voor eind volgend jaar moeten 4 van de 5 kolencentrales dicht zijn om de klimaatdoelen te halen. Gezonder voor mens, milieu en klimaat.

";1;2019-03-07T12:39:06.000Z
"Jarenlang werd Groningen uitgebuit. Waarom is er niet eerder ingegrepen bij de gaswinning? Hoe kan het dat economische belangen zo lang boven mensen zijn gegaan?

Door @TomvanderLee komt er een parlementaire enquête hierover. Eindelijk antwoorden en gerechtigheid voor Groningen. ";1;2019-03-05T11:44:31.000Z
"Hoezo ontspanning in het klimaatdebat? Het is juist tijd voor daadkracht! De tijd van achterover zitten is voorbij. Al tijden wordt er gepraat over klimaatverandering maar actie blijft elke keer uit. 

Deze verkiezingen zijn klimaatverkiezingen. ";0;2019-03-02T16:14:01.000Z
"Nog 3 weken tot verkiezingsdag. GroenLinks staat in de peilingen op recordniveau.

Een nieuwe meerderheid staat op. Bij de Klimaatmars op 10 maart. Bij de stembus op 20 maart. We trekken dit beleid naar groen en links. #voorverandering #klimaatverkiezingen ";1;2019-02-28T17:17:32.000Z
"Dit markeert wel een tendens: de politiek die actief ingrijpt in de markt. 

Het opkopen en sluiten van kolencentrales, de terugkeer van een staatsbank en het ingrijpen in extreme topsalarissen is hiermee ook een stap dichterbij.";1;2019-02-26T19:55:18.000Z
"De daadkracht van het kabinet om voor de luchtvaart op te komen staat in schril contrast met hun inspanningen voor het klimaat.

";0;2019-02-26T19:42:55.000Z
"Om bedrijven te motiveren te vergroenen bedacht dit kabinet een boete op CO2-uitstoot. Maar wat blijkt? Deze boete kan volgens NRC uitkomen op 0 euro per ton CO2! Dit werkt niet.

Tijd voor een beter plan. Tijd voor een CO2-belasting voor grote bedrijven. ";0;2019-02-22T10:53:33.000Z
"We hebben dit kabinet heel vaak gewaarschuwd: jullie berekeningen zitten fout. De energierekening wordt veel te hoog.

Het is goed dat ze dat nu toegeven, maar daar kunnen mensen hun rekening nog steeds niet mee betalen. Herstel je fout en leg de rekening bij de grote bedrijven. ";0;2019-02-19T13:45:03.000Z
Heerlijk debat van Paul Rosenmöller. Te gek dat hij terug is! 🙌 ;1;2019-02-17T11:57:49.000Z
"Deze verkiezingen gaan over het klimaat. Deze verkiezingen gaan we winnen.

Bedankt alle vrijwilligers en bezoekers. 💚 Wat een fantastisch congres!

#GroenLinksCongres
#voorverandering";1;2019-02-16T17:27:18.000Z
"Wat een onzinnig voorstel. Hierdoor plaats je heel veel Nederlanders in een hokje en polariseer je dit land alleen maar. 

Er is zoveel meer dat ons verbindt dan ons verdeelt. Daar zou het over moeten gaan. ";0;2019-02-15T18:15:55.000Z
"Nederland is van de EU het vieste jongetje van de klas. We zijn het verst verwijderd van de klimaatdoelen van 2020.

We moeten nu in actie komen. Te beginnen met een CO2-belasting voor de industrie. ";0;2019-02-12T14:08:53.000Z
Een hele goede morgen. 🙊 ;1;2019-02-11T15:05:56.000Z
"Klimaatstakers, jullie schrijven vandaag geschiedenis voor jullie toekomst.

Geweldig om zoveel jongeren op het Malieveld te zien. Ik ben bij veel demonstraties geweest, maar hier kreeg ik echt kippenvel van.

2019 is dankzij jullie het jaar van het klimaat.

#klimaatstaking";1;2019-02-07T18:31:25.000Z
"Deze opmerking laat zien dat de #klimaatstaking nodig is. Nederland loopt niet voorop, maar achteraan. Als premier heeft Rutte steeds klimaatplannen tegengehouden.

Dit jaar moet het gebeuren. Grote vervuilers moeten gaan betalen. 2019 wordt het jaar van het klimaat. ";1;2019-02-07T14:47:59.000Z
"Vandaag staat de klimaatgeneratie op! 

#klimaatstaking ";1;2019-02-07T10:52:55.000Z
Politiek leiderschap is nodig. Niet op de rem staan. We kunnen de klimaatverandering aanpakken. Laten we kiezen voor een CO2-belasting voor grote bedrijven. ;1;2019-02-05T08:02:29.000Z
"Kritiek op scholieren is prima, maar niet op een werkdag. 😉

";1;2019-01-31T16:46:55.000Z
"De coalitie heeft de ernst van de situatie niet door. De fractievoorzitters van de coalitiepartijen ontlopen het debat over het Klimaatakkoord.

Dat kan niet. Het klimaat zou de hoogste prioriteit moeten hebben. Wij bieden ze een nieuwe kans. Morgen vragen we een nieuw debat aan.";0;2019-01-30T16:57:20.000Z
Hayarpi en haar familie mogen blijven! 👏 Een dik applaus voor de kerkdienst die 92 dagen onafgebroken dienst hield zodat dit gezin niet werd uitgezet. ;1;2019-01-30T11:21:21.000Z
"We hebben nog veel vragen. Die stellen we morgen. 

Eerst vieren we dat na een lange strijd deze kinderen nu écht thuis zijn. ";1;2019-01-29T22:56:18.000Z
"Dus we zien al 4 jaar aankomen dat we ’t Urgenda-doel niet gaan halen. Nu krijgen we de harde cijfers en zegt de coalitie; we gaan weer een paar maanden wachten. Tot na de verkiezingen.

Kom in actie. Die kolencentrales kunnen dicht! ";0;2019-01-25T15:04:07.000Z
"@MinPres We kunnen deze doelen halen. Daarvoor hebben wij een noodplan. We sluiten 4 van de 5 kolencentrales.

Hoe dat werkt? Lees ons plan hier: ";1;2019-01-25T12:14:03.000Z
"De kabinetten Rutte hadden jarenlang de tijd om íets te doen om het klimaatdoel te halen. Maar wat deden ze? Bar weinig. Nu blijkt de uitstoot zelfs toegenomen.

Benieuwd hoe @MinPres dit gaat uitleggen. Hoe gaan we de klimaatcrisis te lijf? Kom in actie! ";0;2019-01-25T12:11:46.000Z
"De CO2-uitstoot van Nederland moet van de rechter met 25% minder voor eind 2020. En dat kunnen we halen. Wij schreven een noodplan waarmee we 4 van de 5 kolencentrales sluiten. 

Hiermee halen we het vonnis van de @urgenda-Klimaatzaak. ";1;2019-01-25T08:37:48.000Z
"Deze Tropische Trump wil de amazone vernietigen omdat het goed is voor de economie. En daar ziet onze premier wel kansen voor het Nederlandse bedrijfsleven.

Wees kritisch op dit beleid, @MinPres, moedig het niet aan.
";0;2019-01-24T15:20:55.000Z
"Tot eind volgende week geen uitzetting van in Nederland gewortelde kinderen. Een goede eerste stap. 

Dit geeft de politiek een week om tot een permanente oplossing te komen voor een werkend Kinderpardon. #zezijnalthuis ";1;2019-01-23T18:02:46.000Z
"De rekenmeesters van Nederland komen vóór de verkiezingen met cijfers. Zo weten we of de plannen van dit kabinet voldoende zijn om de klimaatdoelen te halen. En waar de rekening terecht komt.

Dit geeft de kiezer duidelijkheid over de stem op 20 maart! ";1;2019-01-22T17:13:46.000Z
"ChristenUnie, CDA en D66 spraken zich uit voor een werkend kinderpardon, maar de regering gaat gewoon door met het uitzetten van gezinnen met kinderen.

Wij willen zo snel mogelijk een uitzetstop. En tot de Tweede Kamer hierover praat, moeten er geen kinderen meer worden uitgezet ";0;2019-01-22T14:58:50.000Z
"Als de lobbyist van het grote bedrijfsleven deze taal gebruikt om ons aan te vallen, dan weet je dat we goed bezig zijn. 😉

Laat ook je stem horen voor het klimaat. Samen staan we op tegen de macht van de vervuilende industrie. Kom naar de #Klimaatmars: ";1;2019-01-22T12:00:25.000Z
"Kinderen mogen niet de dupe worden van crisis in de coalitie.  

Rutte moet zo snel mogelijk terug komen. Davos kan wel een jaartje wachten. Stop de uitzettingen. ";0;2019-01-21T12:26:12.000Z
"Je kunt niet op zaterdag hoop geven om op maandag te zeggen: ""ik krabbel terug, komende maanden moeten kinderen gewoon uitgezet kunnen worden.""

We hebben deze week een debat nodig om uitzetstop af te dwingen. Kinderen mogen hier niet de dupe van worden.   ";0;2019-01-21T08:28:00.000Z
"We hebben zojuist van Anuna De Wever, een van initiatiefnemers van de klimaatspijbelaars in België, gehoord dat ze wil spreken op onze Meetup van maandag! 

Er zijn al meer dan 500 aanmeldingen, maar er zijn nog kaarten beschikbaar. 👉 ";1;2019-01-19T13:32:30.000Z
"Geweldig nieuws voor deze kinderen! En een dappere stap van deze partijen.
";1;2019-01-19T09:29:40.000Z
"De komende verkiezingen gaan over het klimaat. Kiezers verdienen helderheid van partijen over hun plannen. 

Daarom willen we dat de doorrekening van het klimaatakkoord nog vóór de verkiezingen openbaar wordt gemaakt. ";1;2019-01-18T15:11:21.000Z
"Op zondag 10 maart gaan we massaal de straat op. En GroenLinks doet mee. 

Samen met @milieudefensie @FNV @GreenpeaceNL @De_Goede_Zaak en de @Woonbond organiseren we de #Klimaatmars. We moeten de klimaatcrisis nu doorbreken. 

Kom ook! Meld je aan.
";1;2019-01-17T08:20:56.000Z
"2019 wordt het jaar van het klimaat. Een meerderheid in Nederland wil de klimaatcrisis doorbreken. We moeten ons nu laten horen. De vervuilende industrie wordt zenuwachtig.

Dit is ons moment. Daarom organiseren we maandag een extra Meetup. Kom ook: ";1;2019-01-16T16:37:22.000Z
"Verdeeldheid binnen de VVD over het klimaat. Rutte, Nijpels en Wiebes sloten het klimaatakkoord, ook Dijkhoff zat aan tafel.

Deze strijd is nog niet gestreden. 2019 wordt het jaar van het klimaat: de grote industrie moet gaan betalen. Dat is onze inzet voor de verkiezingen.";0;2019-01-12T08:49:01.000Z
"Doordat het kabinet niet streng durft te zijn tegen het grote bedrijfsleven is dit #klimaatakkoord niet genoeg om onze doelen te halen. En komt de rekening bij de burgers terecht.

Wij willen een eerlijke aanpak van klimaatverandering. Laat je horen op ";0;2018-12-21T17:52:23.000Z
"Het kabinet faalt. Zoals iedere keer kiezen ze de kant van de vervuilende industrie waardoor een eerlijk en ambitieus klimaatakkoord uitblijft. 

We kunnen niet langer wachten. Rutte, kies nou eens voor klimaat en niet voor je vervuilende vrienden. ";0;2018-12-20T15:50:12.000Z
"De CO2-heffing op vervuilende bedrijven is kennelijk onbespreekbaar voor kabinet en industrie. De vervuiler moet meebetalen.
 
We kunnen niet langer wachten. Kabinet, kom nu met een CO2-heffing voor grote vervuilende bedrijven. Dat is eerlijk &amp; effectief. ";0;2018-12-20T12:19:00.000Z
"Dit kabinet kiest ervoor om de energierekening te laten stijgen. Maar waarom gaan de grote vervuilers niet meer betalen? 

Wij willen klimaatverandering aanpakken én een #eerlijkerekening

Kom in actie: ";0;2018-12-15T19:01:40.000Z
"Precies de reden waarom we moeten praten over een kinderpardon dat wél werkt. 

Want twee jongens, die in Nederland zijn geboren, in detentie laten slapen om ze vervolgens uit te zetten naar een ander land werkt overduidelijk niet. Ze zijn al thuis. ";0;2018-12-13T13:03:50.000Z
"Het lerarentekort is zo enorm én structureel, dat steeds meer mensen zonder onderwijsdiploma voor de klas staan. In 2027 loopt het tekort zelfs op tot 11.000 voltijdbanen.

Stop de crisis in de publieke sector, laten we de verzorgingsstaat weer opbouwen.
";0;2018-12-12T15:05:05.000Z
"Je kunt niet op tv zeggen dat de rekening niet terecht moet komen bij mensen, en er dan zelf voor zorgen dat de energierekening van mensen volgend jaar stijgt en grote bedrijven buiten schot blijven.

Lees mijn mailtje aan Dijkhoff, Buma, Jetten en Segers: ";0;2018-12-10T15:01:52.000Z
"Er zijn zoveel plannen, maar is er ook zoveel politieke onwil. Kabinet: de tijd van niets doen is nu echt voorbij.

Mensen snakken naar verandering. 2019 moet hét klimaatjaar worden. Dat kan als het kabinet de kolencentrales nu sluit en doorpakt.

";0;2018-12-05T15:14:59.000Z
"Deze bijzondere samenwerking laat wel zien hoe breed de wens voor verandering is. 

@CorinneEllemeet voert de strijd aan tegen de marktwerking in de zorg en komt met de SGP met een initiatiefwet. De aanbestedingen hebben de jeugd- en thuiszorg geen goed gedaan. Dat moet anders. ";1;2018-12-05T08:55:03.000Z
"Al 2 jaar ligt klimaatbeleid van het kabinet stil. Nu dreigt het Klimaatakkoord te mislukken. Maar we kunnen echt niet langer wachten.

Het kabinet laat zich sturen door de grote bedrijven. Toon politiek leiderschap en zorg dat er een eerlijk klimaatakkoord komt! ";0;2018-12-04T16:50:45.000Z
"Toch niet te geloven dat het wéér de politiek is die dit mede-mogelijk maakt? Dit zijn juist de bedrijven die moeten bijdragen aan Nederland. En betalen voor de vervuiling die ze veroorzaken.

Tijd voor een nieuw soort politiek die dit niet mogelijk maakt. Tijd #voorverandering. ";0;2018-11-29T08:03:49.000Z
"De politie laat noodgedwongen 16.000 zaken vallen. Waarom? Omdat er te weinig collega’s zijn. 

Dit is dus precies wat we bedoelen als we zeggen: het is crisis in de publieke sector. Dit is waarom steeds meer mensen vragen om verandering. Want het kan écht anders. ";0;2018-11-28T15:49:10.000Z
He did it! Onze @baseickhout is net in Berlijn verkozen tot lijsttrekker voor de Europese Groenen! Als GroenLinkser ben ik zo trots dat Bas al die groeiende Groene bewegingen in Europa gaat aanvoeren. ;1;2018-11-24T15:06:53.000Z
"Grote overwinning voor onze beweging voor verandering bij de herindelingsverkiezingen in Groningen. 

Er waait een nieuwe wind in Nederland, de tijd van de klassieke middenpartijen loopt op zijn einde. #voorverandering

";1;2018-11-22T07:35:17.000Z
"Vandaag zijn er op verschillende plekken verkiezingen: ga stemmen voor verandering!

In Groningen kunnen we met jouw hulp zelfs de grootste worden. ✊

#veranderingbeginthier ";1;2018-11-21T09:43:12.000Z
"De tijd dat Rutte akkoorden kon sluiten die neerkomen op ‘meer van hetzelfde’ is voorbij.

Hij overspeelt zijn hand door niet naar de vakbeweging te luisteren. Meer mensen die pensioen opbouwen en een haalbare pensioenleeftijd zijn redelijke en terechte eisen. ";0;2018-11-20T22:56:19.000Z
"Vreedzame demonstraties waren afgelopen weekend het probleem niet. Geweld, racisme en intimidatie waren het probleem wél.

Als je nu het recht op demonstreren ter discussie stelt, dan beloon je dit gedrag. Benoem het racisme. Kijk niet weg. Spreek je er tegen uit. ";0;2018-11-19T19:45:53.000Z
"Rutte slaat de plank mis door vreedzame demonstranten en racistische hooligans over één kam te scheren.

Dit is een tijd voor leiderschap. Spreek je helder uit tegen racisme. ";0;2018-11-19T12:31:05.000Z
"Wat ik dit weekend heb gezien, is volslagen belachelijk. Ik roep alle partijleiders, en de premier voorop, om een helder en duidelijk politiek signaal af te geven tegen racisme.

";0;2018-11-18T21:16:47.000Z
Als je denkt dat je het Sinterklaasfeest moet verdedigen met racisme en geweld, dan heb je het echt niet begrepen.;0;2018-11-17T15:11:25.000Z
Het maakt me niet uit wat je vindt en waar je voor staat. Maar laat één ding heel helder zijn: in Nederland moet je veilig kunnen demonstreren, ongeacht wat je mening is. Geweld gebruiken doe je nooit, zeker niet tijdens een kinderfeest.;1;2018-11-17T14:25:00.000Z
Let's go @oranjevrouwen! 🦁  Iedereen weet dat jullie al jaren de trots van het Nederlandse interlandvoetbal zijn. 😉 Maak ons trots! #ZWINED;1;2018-11-13T17:53:00.000Z
"De vrouwen hebben vannacht de tussentijdse verkiezingen in Amerika gewonnen. 🙋‍♀️ 
- Een recordopkomst onder vrouwen. 
- Een record aantal gekozen vrouwen. 
- Een record aantal ‘firsts’. 

Deze vrouwen schrijven stuk voor stuk geschiedenis. ✊ ";1;2018-11-07T10:12:15.000Z
"Vandaag stemt de Tweede Kamer over ons voorstel dat écht werk maakt van het terugdringen van de CO2-uitstoot.

De twee oudste kolencentrales in Nederland moeten zo snel mogelijk dicht! 

De rechter heeft gesproken, langer wachten is geen optie. #geenwoordenmaardaden ";1;2018-11-06T11:47:16.000Z
Tot slot: Hoog tijd dat ‘het groenste kabinet ooit’ (zoals ze zichzelf noemen) eindelijk gaat beginnen met echte aanpak van klimaatverandering. Tot nog toe zijn het alleen woorden en amper daden.;0;2018-11-05T20:11:49.000Z
Het is een van de inmiddels befaamde Klaasballonnetjes: iets zeggen wat totaal onrealistisch is, om maar een VVD-standpunt in het nieuws te krijgen. Veel herrie, maar aan het eind van de dag is er niets veranderd.;0;2018-11-05T20:10:25.000Z
"4: Het duurt tenminste 10 jaar om een kerncentrale te bouwen in Nederland.

Tegen die tijd moeten we al de helft minder CO2 uitstoten. Het klimaatprobleem is urgenter.";0;2018-11-05T20:07:39.000Z
"3: Als het mis gaat, dan gaat het meteen gruwelijk mis. 

Het is een waanidee dat we levensgevaarlijk radioactief afval 100.000 jaar veilig kunnen opslaan. Wij zijn van de grote ambities, maar dit gaat wel heel erg ver.";0;2018-11-05T20:07:17.000Z
2: Het bouwen van een kerncentrale is economisch totaal onrendabel. De enige manier om een nieuwe kerncentrale in Nederland te krijgen, is als de overheid hier miljarden aan uitgeeft. Geen goed idee, want:;0;2018-11-05T20:06:55.000Z
"Dit is geen serieus voorstel. Waarom niet?

1: Een tweede kerncentrale bouwen kan namelijk al. Ieder bedrijf dat dit wil, kan een vergunning aanvragen en zo’n centrale neerzetten. Toch gebeurt dit niet, zelfs niet in de zo gewenste economistische vrije markt van de VVD.";0;2018-11-05T20:06:12.000Z
"Ja. Dus? 

Dit is een typisch Klaasballonnetje. ";0;2018-11-05T20:05:22.000Z
"Echt, een staande ovatie voor de #BOOS-docu. 400 kinderen leven in diepe onzekerheid, omdat ze weggestuurd kunnen worden naar een land dat ze niet kennen. Het Kinderpardon werkt niet.

Dit staat boven partijen. Dit gaat om menselijkheid. 
Teken de petitie: ";1;2018-11-02T12:39:45.000Z
"En nu doorpakken minister Wiebes: sluit de twee oudste kolencentrales. Het is de snelste stap om veel CO2-uitstoot te verminderen. 

De politiek moet nu in actie komen, en niet langer alles doorschuiven naar een volgend kabinet. ";1;2018-11-01T10:02:45.000Z
"Door steeds meer en meer te willen, drukt de mens wilde dieren van de aardbol af. Neushoorns, olifanten: ze verdwijnen. We weten dat het zo is en toch doen we niets. 

We moeten in actie komen en alles op alles zetten om deze dieren te redden. 🐘
";1;2018-10-30T10:03:38.000Z
"Wat een verdrietig nieuws over Wim Kok: een wijs en gezaghebbend premier. Heel veel sterkte aan familie en vrienden.

";1;2018-10-20T16:58:15.000Z
"Het kabinet schaft de dividendbelasting niet af. Maar verlaagt in plaats daarvan nu de winstbelasting.

Het is belachelijk dat grote bedrijven zoveel invloed hebben op dit kabinet.

Verlaag die winstbelasting niet. Investeer het in klimaat, jeugdzorg of basisonderwijs. ";0;2018-10-16T16:53:08.000Z
"Het debat over de dividendbelasting gaat over zoveel meer dan een belastingmaatregel. Het gaat over de vraag: wie is de baas in Nederland?

Want uiteindelijk gaat het geld gewoon weer naar het grote bedrijfsleven. Wij gaan door met onze strijd. #tijdvooreenkeerpunt ";1;2018-10-16T09:05:41.000Z
"Dit geld gaat niet naar het klimaat. Niet naar de publieke sector. Maar naar het grote bedrijfsleven.

Dividendbelasting blijkt een VVD-cadeaubon: het bedrijfsleven mag zelf uitkiezen waar ze het aan uitgeeft

Dit is precies waarom Nederland snakt naar verandering.";0;2018-10-15T13:59:16.000Z
"Dit is een grote overwinning!

Afschaffing van de dividendbelasting gaat definitief niet door. Een jaar lang strijden en oppositie voeren werkt.

En nu gaan we door. ";1;2018-10-15T13:58:13.000Z
"Heerlijk! 💚 Dit weekend kleurde Europa groen: in Beieren, Vlaanderen, Wallonië, Brussel en Luxemburg wonnen de groene partijen massaal.

In al deze plaatsen zijn de Groenen met een positieve en hoopvolle boodschap hét alternatief voor de status quo en populistisch rechts. ";1;2018-10-15T08:56:07.000Z
"Een belangrijke dag vandaag voor groene bewegingen in Europa. Bij de verkiezingen in België, Beieren en Luxemburg staan de groene partijen er goed voor.

Het laat zien dat mensen verandering willen. Dat het anders kan. Veel succes @Groen, @Gruene_Bayern en @deigreng! #ikstemgroen ";1;2018-10-14T09:34:21.000Z
"Coalitie blokkeert ons voorstel om de topmannen van multinationals ook in het parlement uit te nodigen.

Rutte maakt weer de fout om achter gesloten deuren de grote bedrijven te laten vertellen waar 2 miljard naartoe moet. Waar is de openbaarheid? En wie is de baas in Nederland? ";0;2018-10-11T10:36:44.000Z
"Sluit per direct de twee oudste kolencentrales. Dat advies krijgt het kabinet nu van werkelijk álle kanten. Toch blijft Rutte III de verantwoordelijkheid voor het klimaat voor zich uitschuiven.

Klimaatverandering stopt niet zomaar, er is actie nodig.

";0;2018-10-11T09:36:49.000Z
"Deze ramp is ronduit verschrikkelijk. Door de tsunami en aardbeving zijn de mensen op Sulawesi alles kwijt. 

Het is dus hard nodig dat we samen doneren en laten zien dat we de mensen op Sulawesi helpen. Steun via @Giro555 ";1;2018-10-10T15:28:11.000Z
"Het kabinet is opnieuw van plan om miljarden naar het bedrijfsleven te sturen, maar weigert te vertellen door wie ze dit keer worden belobbyd. 

Rutte dreigt dezelfde fout te maken als bij de dividendbelasting. Wie is de baas in Nederland? ";0;2018-10-09T16:27:15.000Z
"Rechter zegt: Overheid moet meer doen aan klimaatverandering en uitstoot. GroenLinks zegt: Sluit de kolencentrales. Dat kunnen we meteen gaan regelen. 

Het is de snelste manier om grote stappen te zetten. ";1;2018-10-09T13:11:00.000Z
"Een nieuwe generatie neemt het over in Den Haag. Ontzettend veel succes @RobJetten.

Laten we samen optrekken voor onze progressieve idealen. 💚";1;2018-10-09T09:43:54.000Z
"Dit is historisch! De rechter dwingt de overheid werk te maken van klimaatverandering. Niet in de toekomst. Dit jaar nog. 

Sluit nu de twee oudste kolencentrales.

";1;2018-10-09T08:39:53.000Z
"Laat niet opnieuw het grote bedrijfsleven bepalen waar de 2 miljard naartoe gaat. Er is geen enkele reden waarom dit geld niet naar de publieke sector kan.

Wie is de baas in Nederland? In een democratie is dat de bevolking, niet het grote bedrijfsleven. ";0;2018-10-09T06:25:07.000Z
"Rutte lijkt opnieuw te kiezen voor grote multinationals. En dus voor een ramkoers met de samenleving en oppositie. 

Gaat de 2 miljard van de dividendbelasting naar verlagen winstbelasting of naar aanpak crisis in de publieke sector? #tijdvooreenkeerpunt ";0;2018-10-08T13:24:23.000Z
"Dit is waarom we een kabinet nodig hebben dat leiding neemt in plaats van afremt. 

Wacht niet op andere landen, maar neem initiatief. Het zijn politieke keuzes om meer te doen voor multinationals dan voor het klimaat. #tijdvooreenkeerpunt ";0;2018-10-08T06:29:33.000Z
De Tweede Kamer verliest een spraakmakend politicus. @APechtold, ik heb genoten van je debatskills, scherpte en humor. Je gaat gemist worden!;1;2018-10-06T15:25:22.000Z
"Wij gaan door tot de afschaffing van de dividendbelasting volledig van tafel is. 

Geen smoesjes meer. Gebruik dit geld voor het oplossen van de crisis in de publieke sector. #tijdvooreenkeerpunt";1;2018-10-05T13:16:36.000Z
"Eindelijk ziet dit kabinet in dat afschaffen dividendbelasting niet heilig is. Totale waanzin dat 1 bedrijf een jaar lang het kabinet gegijzeld hield.

Dit is een overwinning voor de democratie. ";0;2018-10-05T13:12:46.000Z
"Oh wat pijnlijk dit voor de premier. Aller aller aller laatste argument voor afschaffen dividendbelasting valt nu weg. 

Ik wil zo snel mogelijk een debat met de @MinPres om de afschaffing van de dividendbelasting van tafel te halen. ";0;2018-10-05T06:30:44.000Z
Dinsdag liepen we schouder aan schouder. Met politieagenten, zorgverleners, militairen én leraren. We accepteren het niet langer. Na jarenlang bezuinigen is het tijd dat dit kabinet kiest voor de publieke sector. Zij verdienen meer waardering. Meer salaris. Meer collega’s. ✊ ;1;2018-10-04T12:00:44.000Z
"Waarheid als een koe. Dit kabinet moet kiezen voor de politieagenten, zorgverleners, leraren en militairen. 

Daarom is het zo belangrijk om vanavond mee te lopen. Juist ook als je niet in de publieke sector werkt. Kom ook! #samensterkvoordepubliekesector ";1;2018-10-02T08:36:46.000Z
"Dit soort maatregelen draagt niet bij aan strijd tegen klimaatverandering, maar vernietigt wel het draagvlak voor noodzakelijke maatregelen. 

Het moet en kan eerlijker. Groen én links. Weg met de energieboete! #tijdvooreenkeerpunt #klimaatrechtvaardigheid";0;2018-10-02T05:15:42.000Z
"'De vervuiler betaalt' betekent dat we Shell en andere vervuilende grote bedrijven eindelijk gaan aanslaan voor hun CO2-uitstoot. Niet deze fake-vergroening die bovenmatig de laagste inkomens raakt. 

";0;2018-10-02T05:14:54.000Z
"Hoppa! Ook in Duitsland gaan de groenen als een speer. Goed op koers om de tweede partij te worden bij de verkiezingen in Beieren van volgende maand. 

#Leestip, dit artikel met geweldige kop.

Hup @Die_Gruenen! 🍀 
";1;2018-10-01T16:13:37.000Z
"Wow, kijk deze mooie campagnevideo van onze zuiderburen. 

Volgende week zondag zijn daar verkiezingen en @groen staat er goed voor. Succes! 💚 ";1;2018-10-01T14:00:30.000Z
"Onenigheid in de coalitie dreigt de komst van het Klimaatakkoord te vertragen. Maar de aanpak van klimaatverandering kan niet langer wachten. Dit is een tijd voor politiek leiderschap. 

Er moet nu een Klimaatakkoord komen.

";0;2018-09-28T15:33:49.000Z
"Dan noem je jezelf eerst een jaar lang 'het groenste kabinet ooit', maar vervolgens onderneem je geen actie om klimaatverandering aan te pakken. 

Er moet nog dit jaar een klimaatakkoord komen. Het kan. #tijdvooreenkeerpunt.  ";0;2018-09-27T17:23:28.000Z
"Mensen pikken het niet langer. Na jaren van bezuinigingen gaat er 2 miljard euro naar buitenlandse aandeelhouders en de crisis in de publieke sector wordt niet opgelost. Daarom gaan ze 2 oktober de straat op.

Reken maar dat jullie onze steun hebben. ✊
";0;2018-09-21T17:01:53.000Z
"Er werd vandaag veel gesproken óver de mensen in de publieke sector. Zij die onze samenleving draaiende houden. Ik sprak mét hen en vond een sector in crisis. 

Maar volgens onze @MinPres is er helemaal geen crisis. Het blijkt opnieuw: dit kabinet is er niet voor hen. #APB18 ";0;2018-09-21T15:25:27.000Z
"“Er zijn altijd mensen voor of tegen.”

Is dat serieus het antwoord van @MinPres? Er is niemand voor het afschaffen van de #dividendbelasting. Van de linkse tot rechtse oppositie, van Britse aandeelhouders tot aan de Amerikaanse KvK! Wie is nog voor, behalve Rutte? #APB18 ";0;2018-09-21T10:27:07.000Z
"Ik zei het gisteren al, wij gaan door met onze strijd. Partijen van links tot rechts staan samen in de strijd tegen deze idiote maatregel. 

@MinPres
je bent nog niet van ons af.

";1;2018-09-20T14:34:36.000Z
"Beste @MinPres, voorlopig bent u nog niet van ons af. De afschaffing van de #dividendbelasting gaat van tafel. #APB18

Lees meer: ";0;2018-09-19T14:31:30.000Z
"Straffen verdubbelen in probleemwijken? Een afleidingsmanoeuvre van de VVD, zodat we het niet over de #dividendbelasting hebben.

Komen er dan ook dubbele straffen voor, ik noem maar wat voorbeelden: frauderende uitvaartondernemers? Huisjesmelkers? Witwassende bankiers? #APB18 ";0;2018-09-19T12:32:01.000Z
"Dit kabinet geeft miljarden aan het grote bedrijfsleven terwijl de publieke sector al jarenlang de zware last van bezuinigingen voelt. Dat accepteren mensen niet meer. 

Hiermee schaadt dit kabinet het vertrouwen in de democratie en de politiek. #APB18 ";0;2018-09-19T11:36:20.000Z
"Oké, wacht even. Bij bijna de helft van onze bevolking krimpt de koopkracht, maar dit kabinet gaat door met het verhogen van btw op basisbehoeften én verhoogt de zorgpremie?

Wat gaat hier mis? Dit Kabinet is er niet voor alle Nederlanders. #tijdvooreenkeerpunt ";0;2018-09-13T09:25:47.000Z
"#Coderood in het onderwijs. Heel goed dat @POinactie doorgaat met hun stakingen. 

Maar de problemen bestaan niet alleen in het onderwijs. De hele publieke sector staat onder druk. 

2 oktober slaan we de handen ineen. Het is #tijdvooreenkeerpunt ";0;2018-09-12T13:34:04.000Z
Wow! Wat een prestatie van @judithineuropa, Gefeliciteerd! ;1;2018-09-12T12:46:46.000Z
"Zelfs Unilever houdt rekening met het niet afschaffen van de dividendbelasting. Nu de premier nog. #tijdvooreenkeerpunt 

";0;2018-09-11T18:32:27.000Z
"Lieve Judith, bedankt voor 10 jaar aan keiharde inzet voor onze gezamenlijke groene en linkse idealen in Europa. 

Veel succes deze week met je onvermoeibare strijd voor het verdedigen van de rechtstaat in Hongarije.

";1;2018-09-10T06:38:21.000Z
"Wauw! Wat een verhalen en wat een saamhorigheid. Jullie strijd is onze strijd. 💪 

#KantineinActie #tijdvooreenkeerpunt ";1;2018-09-09T17:53:27.000Z
Eindelijk! De boodschap die heel Nederland al dagen roept is overgekomen. Lili en Howick blijven thuis. 🙏 ;1;2018-09-08T13:49:00.000Z
"Nederland is zeldzaam verenigd: Lili en Howick zijn al thuis. @minpres trekt zich daar niets van aan, want 'soms moet je hard zijn'. Bullshit! 

Het uitzetten van Lili en Howick is wreed. Als vader en politicus draait mijn maag zich om. @MinPres, hou ze hier. Ze zijn hier thuis.";0;2018-09-07T22:27:15.000Z
"Nog een tegenstander van de afschaffing van de dividendbelasting: het Amerikaans bedrijfsleven! Zijn er, behalve Rutte en enkele multinationals, überhaupt nog voorstanders over? 

Wie is de baas in Nederland? ";0;2018-09-07T13:04:00.000Z
"Mensen die samenkomen kunnen Nederland veranderen. @wijstaanop, @LithNoortje: dit hebben jullie voor elkaar gekregen. Ongelofelijk knap. #tijdvooreenkeerpunt
";1;2018-09-06T17:09:17.000Z
#ZeZijnAlThuis ;1;2018-09-06T13:14:39.000Z
"Laat zien dat je publieke sector steunt. Sta schouder aan schouder met onze politieagenten, buschauffeurs, docenten en zorgverleners. 

Kom deze zondag 9 september naar AFAS Live: ";1;2018-09-06T06:43:41.000Z
"Leraren verbreden hun strijd en zoeken de samenwerking met o.a. de zorg, de politie en defensie. De publieke sector verkeert in crisis.

Maar de kantine komt in actie. Eerst zondag in de AFAS Live. Daarna op een grote actiedag op 2 oktober. 

#hetistijdvooreenkeerpunt ";1;2018-09-06T06:38:52.000Z
"Jarenlange bezuinigingen bij de politie hebben gezorgd voor een te hoge werkdruk, te veel burn-outs en grote personeelstekorten. 

Het is tijd voor een keerpunt.

Zij doen het zware werk dat soms letterlijk het verschil maakt tussen leven en dood. Daarom steunen wij onze agenten! ";1;2018-09-04T13:48:04.000Z
"Hoe wij omgaan met kinderen, zegt alles over ons als samenleving. Lili en Howick horen hier. #zezijnalthuis

";1;2018-09-03T13:05:48.000Z
Enorme wachtlijsten. Gigantisch hoge werkdruk. In de jeugdzorg staan veel mensen op omvallen. En vandaag zegt de minister doodleuk dat er geen cent extra naar de #jeugdzorg gaat. #Tijdvooreenkeerpunt ;0;2018-09-03T11:02:54.000Z
"Terwijl het kabinet ons het afschaffen van de dividendbelasting nog steeds niet kan 'uitleggen', houdt de coalitie elkaars handjes vast. Want ja, handtekeningen zijn gezet. 

Het is tijd voor een keerpunt: schaf de dividendbelasting niet af! ";0;2018-08-31T07:40:41.000Z
Laat je ook horen voor de publieke sector. Kom zondag 9 september naar AFAS Live: ;1;2018-08-29T14:15:59.000Z
"Een ode aan onze zorgverleners, onderwijzers, politieagenten, postbezorgers, pedagogen, psychologen, huisartsen, brandweervrouwen. Een ode aan de publieke sector.

Jullie staan er niet alleen voor. ";1;2018-08-29T14:05:20.000Z
We kregen vragen over de gedeelde beelden van de ode die ik uitsprak in Laat op één. We willen discussie over de inhoud van de ode, niet over de beelden. Daarom vervangen we 'm hieronder met de tekst. ;1;2018-08-29T14:04:20.000Z
".@Tineke_Strik Bedankt! De afgelopen 12 jaar was je van grote waarde voor GroenLinks. Mooi om samen met jou de afgelopen jaren aan onze club te bouwen. 💚 We gaan je missen. 

";1;2018-08-28T16:55:16.000Z
"Geen steun van de banken. Geen steun van burgers. Geen steun van het MKB. Amper steun van de coalitiepartijen. En jaarlijks minstens 2 miljard euro verspild. 

@MinPres: schaf de dividendbelasting niet af. ";0;2018-08-28T15:22:38.000Z
Kom ook naar de @AFASLive op zondag 9 september en laat zien dat jij onze publieke sector steunt. ✊;1;2018-08-28T07:17:17.000Z
"Wij moeten praten. Over de zorg. Over het onderwijs. Over de beroepen die Nederland draaiende houden. Én over de crisis in de publieke sector. 
 
Samen kunnen wij deze crisis doorbreken. ✊Kom naar de @AFASLive op zondag 9 september. Zie ik je daar? ";1;2018-08-24T14:25:59.000Z
"Top dat @BasEickhout weer onze Europese lijsttrekker is. Ik heb zin om onze samenwerking voort te zetten. We gaan knallen voor een beter Europa!

";1;2018-08-22T14:36:25.000Z
"MKB-ondernemers willen de afschaffing van de dividendbelasting van tafel: 'Het kabinet is vooral gefocust op de multinationals.'

Weg met de afschaffing van de dividendbelasting! Het is #tijdvooreenkeerpunt.

";0;2018-08-22T08:41:34.000Z
Dit is de ‘het-kan-niet-anders-politiek’ die Nederland al dertig jaar regeert. Het kan wél anders. Bizarre maatregelen om multinationals te pleasen zijn niet noodzakelijk #tijdvooreenkeerpunt ;0;2018-08-20T15:30:31.000Z
@mvdweijden De website om te doneren heeft het zwaar, maar blijf proberen op ;1;2018-08-20T11:38:56.000Z
163 kilometer zwemmen om geld op te halen voor kankeronderzoek. Wat is @mvdweijden een doorzetter. Wat. een. held. #11stedenzwemtocht;1;2018-08-20T11:37:07.000Z
Helaas staat dit verhaal niet op zichzelf. De publieke sector wordt te vaak gedomineerd door formulieren en targets in plaats van menselijkheid. #tijdvooreenkeerpunt ;0;2018-08-17T10:15:16.000Z
"‘Het spijt me’ is niet genoeg. Wat ons kabinet zou moeten zeggen is: een multicultureel land kan wel degelijk mooi en vreedzaam zijn. Kijk naar Nederland!

";0;2018-08-16T15:35:42.000Z
"Ik verwacht van onze premier, premier van álle Nederlanders, dat hij luid en duidelijk afstand neemt van de uitspraken van minister Stef Blok.

Lees hier mijn volledige brief aan @MinPres. ";0;2018-08-16T12:13:36.000Z
"Personeelstekorten bij de thuiszorg, onderwijs, politie, wijkverpleging. De publieke sector verkeert in een crisis. 

Intussen kost deze lobby van het grote geld ons ieder jaar zelfs 2 miljard. Wij komen in actie, kom ook: ";0;2018-08-16T06:12:10.000Z
Wat Noortje zegt, volledig eens! #tijdvooreenkeerpunt ;1;2018-08-15T11:37:18.000Z
Een steeds groter deel van de welvaart komt terecht bij een steeds kleiner deel van de mensen. Winsten van bedrijven stijgen, maar lonen blijven achter. #tijdvooreenkeerpunt ;0;2018-08-15T07:40:03.000Z
"De Tour op tv kijken is verslavend.
De Tour meemaken vanuit een ploegleiderswagen is AWESOME.
Thanks @teamsunweb. Nu snel de finale volgen! ";1;2018-07-08T15:15:02.000Z
Amsterdam. Wat krijg je een krachtig boegbeeld. Wat krijg je een fantastische burgemeester! #trots;1;2018-06-27T17:57:27.000Z
"Nederland krijgt de meest ambitieuze #Klimaatwet ter wereld. Een historisch succes van GroenLinks: klimaatverandering aanpakken wordt verankerd in de wet. In 2050 moet onze broeikasgasuitstoot met 95% gedaald zijn.

Deze wet gaat Nederland veranderen! 🌍✊
";1;2018-06-27T15:25:57.000Z
"Dertig jaar economisme: 

De doorgeslagen nadruk op efficiëntie haalt veel menselijkheid uit publieke diensten. 

De focus op targets vernietigt de creativiteit. 

De administratiedruk haalt het plezier en eigenwaarde onderuit. 

Tot hier en niet verder: ";0;2018-06-27T06:53:01.000Z
"Eerst waren er geen herinneringen. Toen geen memo’s. Vervolgens geen kennis over de deal tussen de belastingdienst en Shell. En Sinterklaas bestaat. 

Keer op keer blijkt het rond de dividendbelasting anders te zitten dan Rutte zegt. Dit moet door het parlement onderzocht worden.";0;2018-06-26T12:49:48.000Z
"Vanmorgen is er een busje ingereden op de redactieruimte van de Telegraaf. Wat een ongelofelijk idiote actie. 

Persvrijheid is een groot goed en journalisten moeten altijd zonder bedreigingen hun werk kunnen doen.";0;2018-06-26T06:37:03.000Z
Rond het hele dossier van de #dividendbelasting hangt de geur van vriendjespolitiek. GroenLinks neemt daarom het initiatief voor een parlementaire enquête. Is de wet overtreden? En heeft de politiek daaraan meegewerkt? Dat moeten we achterhalen. ⤵️ ;0;2018-06-16T05:32:48.000Z
Dit is niet hoe een democratie hoort te werken. Er gaat iets helemaal verkeerd als één bedrijf zo machtig is dat het zijn eigen regels mag maken. In een rechtsstaat staat niemand boven de wet, zelfs de Royal Dutch Shell niet.;0;2018-06-16T05:32:45.000Z
Er is 7 miljard (!) belastinggeld beland in de zakken van de aandeelhouders van Shell. Hoe? Een geheime, waarschijnlijk illegale, deal tussen Shell en de belastingdienst over de #dividendbelasting. Ongelofelijk. ;0;2018-06-16T05:32:44.000Z
Eid Mubarak! Vrolijk suikerfeest! Eet, drink en geniet deze dagen van familie en vrienden. 💚;1;2018-06-15T10:41:16.000Z
"Drie keer raden voor wie ik ben dit WK. 😉

🇲🇦 ";1;2018-06-14T14:49:09.000Z
"Het kost ons allemaal, jaarlijks 1,4 miljard. Wij blijven strijden tegen de afschaffing van de #dividendbelasting. 

We moeten meer luisteren naar de kantine, en minder naar de boardroom. 

Teken de petitie: ";0;2018-06-14T11:29:00.000Z
"Nooit hoor ik de VVD en CDA over de problemen die echt spelen. Werkdruk. Administratielast. Personeelstekorten. Bezuinigingen. Begin daar eens over. Doe daar wat aan!

Die verhalen hoor ik namelijk elke week tijdens de kantinetour. Lees hier meer ";0;2018-06-09T10:27:26.000Z
"Buma vanmorgen over de geschiedeniscanon. Laatst Dijkhoff over Catan. 

Hebben zij niet door wat er speelt in Nederland? Denken ze dat mensen zich druk maken over de naam van een bordspel? Of willen discussiëren over de inhoud van het geschiedenisonderwijs?";0;2018-06-09T10:26:17.000Z
"Wanneer je hoort dat je de categorie Beste Politicus van #TheBestSocialAwards hebt gewonnen. 😎

Thanks voor het stemmen! ";1;2018-06-07T11:48:35.000Z
"Dit gaat over de democratie. Wie is de baas in Nederland? En welke informatie krijgt de Tweede Kamer over een maatregel die ons allemaal jaarlijks 1,4 miljard kost? 

Wij willen de waarheid boven tafel.";0;2018-06-07T08:34:05.000Z
"Het besluit om de dividendbelasting af te schaffen komt uit één onderzoek, betaald door... Shell!

Dit, terwijl écht onderzoek wordt tegengehouden door de coalitie. 

Vandaag doen wij het voorstel om Algemene Rekenkamer onafhankelijk onderzoek te laten doen. ";0;2018-06-07T08:33:32.000Z
"Kijk aan! Blij met de krachtige steun van @sybrandbuma voor de klimaatwet. Ik deel z'n ongeduld en ben blij met zijn steun om alle partijen bij elkaar te brengen voor de klimaatwet.

Dit geeft me vertrouwen dat we voor de zomer onze gezamenlijke klimaatwet kunnen presenteren. ";1;2018-06-02T13:30:46.000Z
"Mooi succes voor @Lisawesterveld en @jobmbo! MBO'ers heten voortaan gewoon studenten. 🙌

Zo krijgen MBO'ers de waardering die ze verdienen. 

";1;2018-05-31T12:43:53.000Z
🔥🔥🔥 ;1;2018-05-30T12:06:02.000Z
"Een alliantie van pro-Europese veranderingsbewegingen met een verhaal voor een nieuw Europa. Een unie die burgers beschermt tegen globalisering en laat meeprofiteren van de welvaartsgroei. 

GroenLinks wil iets met met Europa. Absoluut. ";1;2018-05-29T06:55:27.000Z
"Met @GroenLiesbeth krijgt de stad Den Haag een sterke bestuurder met imposante prestaties op het gebied van duurzaamheid en rechtvaardigheid. 

We zullen haar missen in de Tweede Kamer! We blijven met dezelfde tomeloze inzet knokken voor de Groningers en een goed klimaat.";1;2018-05-25T13:13:35.000Z
"Belangrijke stap: Nederland en Australië stellen Rusland aansprakelijk voor het neerhalen van MH17.

Dit is een onderwerp waarop heel Nederland verbonden is. We staan zij aan zij. Voor de slachtoffers en nabestaanden moet gerechtigheid en genoegdoening komen.";1;2018-05-25T11:51:27.000Z
"@LodewijkA @SimonYatess @WillemDudok @timdegier Couldn't agree more. What a victory @SimonYatess! Congratulations on your Giro win. 

Enjoy your 15 beers and 4 bottles of champagne tonight. 🍾";1;2018-05-23T13:15:56.000Z
Iedereen die deze week aan de examens begint: heel veel succes! En jullie weten het hé: Rust, Reinheid, Regelmaat 🤓. You can do it. 💪 ;1;2018-05-14T08:57:58.000Z
"Mensen die in de zorg werken zijn van onschatbare waarde. 24/7 staan zij klaar voor anderen. Toch hebben ze te maken met een torenhoge werkdruk en te lage lonen.

Het is tijd dat er goed voor hen gezorgd wordt. Teken ook de petitie van @Zorg_in_Actie: 
";1;2018-05-04T08:39:15.000Z
€1,4 miljard per jaar weggeven aan het buitenland, terwijl je eigen ambtenaren het ten zeerste afraden. Wat bezielt dit kabinet? Hoe kun je zo overduidelijk grote multinationals verkiezen boven mensen?;0;2018-04-24T21:01:09.000Z
"Opmerkelijk: de premier zou 'geen memo's hebben gezien', ze 'zijn vergeten', en toch zijn ze vanuit zíjn ministerie opgevraagd. 
#dividendbelasting ";0;2018-04-24T20:38:43.000Z
Ambtenaren van ministerie van Financiën vernietigend over afschaffen dividendbelasting: ;0;2018-04-24T20:11:30.000Z
Morgenavond spannend debat over dividendbelasting: het kabinet kan zijn borst natmaken! Het betekent helaas ook dat onze EuropaMeetup niet doorgaat. Balen, want Europa staat hoog op ons prioriteitenlijstje. Bij jou ook? Meld je aan voor onze EuropaUpdate. ;0;2018-04-24T16:35:23.000Z
"Ons Kamerlid @lindavoortman is kandidaat wethouder voor Utrecht! 💪 
Geweldig nieuws voor die stad natuurlijk, maar ik ga je missen. Zet hem op!";1;2018-04-24T16:16:28.000Z
"Er wacht Rutte een zwaar debat: zijn geloofwaardigheid staat op het spel. Eerst waren er geen stukken over de dividendbelasting. En toen had hij ze niet gelezen. 

Wat staat er in deze memo’s dat ze zolang geheim moesten blijven?";0;2018-04-23T11:10:38.000Z
"Er was veel politieke en maatschappelijke druk nodig. Maar het is goed dat de premier eindelijk de achtergehouden informatie over de dividendbelasting openbaar maakt. We gaan er op toezien dat alle relevante documenten gedeeld worden.

";1;2018-04-23T11:08:33.000Z
"Zijn er memo's over de dividendbelasting? 'Nee', kreeg ik keer op keer te horen. Nu blijkt dat ze er wel zijn, maar mogen we ze nog steeds niet inzien. 

We leven in een democratie - maak die stukken openbaar. ";0;2018-04-20T15:18:04.000Z
"Ik heb het de coalitie keer op keer gevraagd: op welke stukken baseren zij hun keuze om de dividendbelasting af te schaffen? Die zijn er niet, hielden ze stuk voor stuk vol. Maar ze zijn er wel. 

Dit is explosief. Wat heeft het kabinet te verbergen?
";0;2018-04-20T05:42:44.000Z
"Wat is het fijn als je goed kunt opschieten met je Europese partijgenoten. Vandaag sprak ik in Brussel met @SkaKeller, fractievoorzitter van @GreensEP over de toekomst van de EU.
Hoe zie jij die toekomst? Kom naar onze EuropaMeetup 👉 ";1;2018-04-11T14:00:34.000Z
"Een beperking maakt je geen minder mens. Een beperking maakt je geen mindere collega. Het minimumloon geldt voor iedereen. En dat moet zo blijven. Wij zijn tegen dit wetsvoorstel.

Jij ook? Teken de petitie van @wijstaanop. ";0;2018-04-10T08:33:40.000Z
"Kom werken bij GroenLinks! Op het Landelijk Bureau in Utrecht of in de Tweede Kamer in Den Haag. 🎉

Alle vacatures vind je op ";1;2018-03-27T10:12:16.000Z
En WAGENINGEN natuurlijk! ;1;2018-03-22T10:28:36.000Z
"Wat een uitslag. De grootste in Amsterdam, Arnhem, Culemborg, Delft, Diemen, Haarlem, Helmond, Nijmegen, Renkum, Utrecht, Wormerland en Zutphen. Kiezers bedankt! 

En wie nu denkt dat we het rustig aan gaan doen. No f*cking way! We zijn net begonnen. 🔥 ";1;2018-03-22T09:55:58.000Z
Kijk nu live mee met de speech van Jesse vanuit #Amsterdam! #GR2018 #veranderingbeginthier ;1;2018-03-21T21:26:25.000Z
Hey jij! Wat ben je aan het doen? ;1;2018-03-21T06:02:30.000Z
"Wat ben ik trots op al die vrijwilligers die (ondanks de kou) in heel Nederland gesprekken voeren over wat er lokaal speelt. Bij deze verkiezingen telt élke stem. Aan alle vrijwilligers: nog even doorzetten tot woensdag. 💪 En aan alle anderen: ga stemmen!

#veranderingbeginthier ";1;2018-03-18T10:15:16.000Z
"Het blijft fantastisch om te zien hoe veel vrijwilligers er weer langs de deuren gaan. En dan ook nog in deze kou. Wat ben ik enorm blij en dankbaar. Samen strijden we voor onze idealen. Jullie maken de partij groot. #veranderingbeginthier

Aan alle vrijwilligers: bedankt! ";1;2018-03-17T14:37:09.000Z
Als zijn boodschap haat is, is ons antwoord liefde. ;1;2018-03-16T16:01:55.000Z
Nu al steun van 69 kamerleden. Een bijzondere samenwerking: zeven politieke partijen hebben deze initiatiefwet medeondertekend.;1;2018-03-15T15:10:44.000Z
"Zojuist hebben we onze initiatiefwet bankiersbeloningen ingediend. Hiermee kunnen we de bizarre salarisverhogingen van bankiers blokkeren.

In een week tijd heeft de politiek laten zien dat we niet alleen verontwaardigd zijn, maar ook kunnen doorpakken als het nodig is. 💪";1;2018-03-15T15:06:15.000Z
Unilever vestigt zich in Nederland maar het aantal extra banen is 0. Ik noem dat chantagepolitiek van Unilever. En prestigepolitiek van de premier. Het resultaat: Nederland is 1,4 miljard armer en er zijn geen extra banen. Weg met de afschaffing van de dividendbelasting.;0;2018-03-15T08:18:55.000Z
Wow, 20.000 stakende leraren in Amsterdam vandaag. Way to go! GroenLinks steunt jullie. 👩‍🏫👨‍🏫#poinactie #pocoderood;1;2018-03-14T14:33:09.000Z
"Belangrijke overwinning! Geweldig om te zien wat wij samen voor elkaar krijgen. Vanuit de politieke oppositie en vanuit de maatschappij.

Wij gaan door met onze wet. Om ook in de toekomst de buitensporige salarisverhogingen van bankiers te voorkomen. ";1;2018-03-13T07:03:27.000Z
"Steun voor #spoedwet groeit snel. Ook PvdD en PVV sluiten aan. Nu in totaal 62 zetels steun, nog 14 te gaan voor meerderheid.
";1;2018-03-11T13:20:27.000Z
De @PvdA en @SPnl hebben al laten weten zich aan te sluiten bij de spoedwet tegen buitensporige salarisverhogingen van bankiers. Heel goed. We wachten nog op reactie van andere partijen.;1;2018-03-11T13:00:48.000Z
"Iedereen spreekt er schande van. Maar het is niet zo dat de politiek machteloos is. Ik werk aan een spoedwet om salarisverhogingen van bankiers te kunnen laten blokkeren.

Ik roep alle partijen van links tot rechts op met ons mee te doen.
#Buitenhof #ING
";0;2018-03-11T11:48:04.000Z
Hoezo moet de nieuwe Schipholbaas een man worden? Ze zeggen toch altijd: 'Het moet gaan om kwaliteit?!’ #excuusguus ;0;2018-03-09T12:24:16.000Z
"Dit is wat Hamers drie jaar geleden zei toen hij al 30% loonsverhoging kreeg: ‘het getuigt van moed.’ Wat mij betreft getuigt 't vooral van arrogantie.

";0;2018-03-08T08:04:32.000Z
"ING verhoogt het salaris van topman met meer dan de helft, tot ruim 3 miljoen per jaar. Terwijl het personeel 1,7% loonsverhoging krijgt. In wat voor universum leeft de top van ING?

";0;2018-03-08T07:52:28.000Z
"GroenLinks dé onderwijspartij volgens leden van de onderwijsbond @AObtweets. Een stijging van 5% naar maar liefst 27% van de stemmen! #veranderingbeginthier

Lees meer: ";1;2018-03-06T15:13:11.000Z
Helemaal eens met @NevinOzutok. Dit hardnekkige verschil zou al lang uit de wereld geholpen moeten zijn. Gelijk loon voor gelijk werk! 💪 ;1;2018-03-06T07:34:17.000Z
Gemeenten hebben invloed op maar liefst een derde van alle CO2-uitstoot in Nederland! Goed lokaal klimaatbeleid is dus cruciaal. Daarom zijn deze gemeenteraadsverkiezingen zo ontzettend belangrijk #veranderingbeginthier ;1;2018-03-05T07:12:48.000Z
Morgenavond tijdens de Meetup in Nijmegen laten we zien dat klimaatverandering ook lokaal bestreden kan worden. En flink zelfs. Kom ook naar onze Meetup in Europa's Groenste Stad. Meld je snel aan: ;1;2018-03-04T12:13:32.000Z
"Alle politici in Den Haag weten ervan. Het probleem is geen gebrek aan kennis. Het probleem is een gebrek aan actie.

Wij komen in actie: ";1;2018-02-28T20:14:17.000Z
"Handen af van onze volksvertegenwoordigers. Lees hier de gezamenlijke reactie van @dijkhoff, @MarijnissenL en mij.

";0;2018-02-26T16:46:34.000Z
"Bij de Kantinetour ging het vaak over de problemen van de marktwerking in de zorg. Die leidt tot meer werkdruk, meer administratie en wantrouwen. Wij willen dit aanpakken. Samen met @CorinneEllemeet heb ik daarom een wet ontworpen. 

De zorg is geen markt! ";1;2018-02-24T07:16:23.000Z
Goed bezig @CorinneEllemeet en @sharon_dijksma! 🙌 ;1;2018-02-21T12:52:53.000Z
"Wat een mooie overwinning voor bewoners en klimaat! Vliegveld Lelystad gaat volgend jaar niet open. 

En nu gaan we door met onze strijd: van uitstel naar afstel. ✊#LelystadAirport";1;2018-02-21T10:41:53.000Z
Ruud Lubbers overleden. Ik wens zijn familie en vrienden veel sterkte met dit verdrietige nieuws. Ruud, bedankt voor je inzet voor duurzaamheid en vluchtelingen.;1;2018-02-14T17:48:55.000Z
"Heel mooi nieuws: de nieuwe donorwet haalt een meerderheid in de Eerste Kamer. Gefeliciteerd @piadijkstra!
";1;2018-02-13T15:59:34.000Z
Je moet het zien om te geloven. Hopelijk wordt de campagne vanaf nu inhoudelijker.👇 ;1;2018-02-10T12:07:26.000Z
Turkije tart opnieuw elk democratisch grondrecht. Dit keer zijn de leiders van de Groene Partij opgepakt. Laat onze Turkse collega’s vrij! ;0;2018-02-09T13:01:48.000Z
Olympische Winterspelen zijn officieel begonnen. Hup #TeamNL 🇳🇱! ;1;2018-02-09T11:35:44.000Z
Update: Het debat is tegengehouden door D66, VVD, CDA, SGP en ChristenUnie. En om heel eerlijk te zijn vind ik het laf dat je een debat als dit niet steunt.;0;2018-02-06T17:16:49.000Z
"Deze uitspraken zijn verwerpelijk en hebben alle kenmerken van racisme. 

Dit is niet iets wat we onweersproken kunnen laten. Als deze ideeën leven in het parlement, dan horen ze bestreden te worden in de plenaire zaal. Daarom heb ik een debat aangevraagd. ";0;2018-02-06T11:33:07.000Z
"We hebben niet meer vluchten nodig, maar wel meer aandacht voor mens en milieu. De uitbreiding van Lelystad Airport gaat er niet komen.

Als de verandering in Den Haag uitblijft, dan gaan wij hem lokaal voor elkaar boksen.

";0;2018-02-06T06:53:41.000Z
"Dus de laagste inkomens moeten relatief het meest betalen voor het klimaatbeleid terwijl de grote bedrijven onder Rutte III alleen maar voordelen krijgen? Dit kan en moet anders. Maak het groene beleid rechtvaardiger. Laat de vervuiler betalen!

";0;2018-02-05T10:41:48.000Z
"Opnieuw gerommel rond vliegveld Lelystad: van 45.000 vliegbewegingen opeens naar 60.000. De winst gaat naar Schiphol en het verlies is voor inwoners en het milieu. 

Kom in protest 👉 ";0;2018-02-05T08:57:56.000Z
"""We hebben ons gek laten maken door verhalen die rondgingen."" ""Er was denk ik vooral angst voor het onbekende."" — Zo wint het geloof in de medemens twee jaar later alsnog van de ophitsing door rechtse angstpolitiek.

Het is tijd voor verbinding.
";1;2018-02-01T09:57:33.000Z
"Met steun van SP, PvdA, PvdD, SGP, 50PLUS en Denk willen we Shell ter verantwoording roepen in de Tweede Kamer. 

Eerst grove winsten maken en dan vervolgens de schade van de Groningers doorschuiven naar de belastingbetaler. Economisme pur sang. ";0;2018-01-27T18:27:36.000Z
"@thierrybaudet @LodewijkA @MarijnissenL @mariannethieme Thierry:
Het spreekt voor zich dat het belagen van mensen die campagne voeren onacceptabel en verwerpelijk is in een democratie.

Net zoals het voor zich spreekt dat je in een democratie het recht hebt om vreedzaam te demonstreren tegen ideeën die je verwerpelijk vindt.";0;2018-01-27T15:40:46.000Z
Groningen jarenlang als een melkkoe helemaal leegtrekken en daarna hard wegrennen voor je verantwoordelijkheid. En je dan wel ‘Koninklijke Nederlandse’ blijven noemen... #Shell ;0;2018-01-27T09:25:10.000Z
"Een zwaarbevochten, maar verdiende overwinning voor de Groningers. En nu de volgende stappen: snel de schadevergoeding regelen en de gaskraan verder dicht.

";1;2018-01-23T09:55:48.000Z
Wat ongeloofelijk krachtig. Meer dan 10.000 mensen op de been voor de fakkeltocht in Groningen om te protesteren tegen de gaswinning in hun provincie. ;1;2018-01-19T20:06:55.000Z
Nederland op z'n best: hulpdiensten die de hele nacht hebben doorgewerkt, de NS, ProRail, ANWB en niet te vergeten jullie, met het #stormpoolen. Waar een klein land groot in kan zijn! 👏;1;2018-01-19T08:26:52.000Z
"Wat geweldig! Ongelofelijk trots op onze wethouders: @PaulSmeulders is de beste lokale bestuurder en @lotvanhooijdonk is de beste jonge bestuurder van Nederland. Gefeliciteerd. 👏

GroenLinks levert de beste lokale bestuurders van Nederland! 💪";1;2018-01-18T16:05:56.000Z
"Groningen is terecht klaar met de gaswinning. Geld verdienen mag nooit belangrijker zijn dan de veiligheid van Groningers. 

Daarom steun ik deze actie en loop ik morgen mee met de #fakkeltocht. Kom ook, en laat zien dat je de Groningers steunt. 👉 ";1;2018-01-18T11:17:06.000Z
"Tak! Det var en fornøjelse. #Læstip. 🇩🇰😉 

";1;2018-01-15T10:59:46.000Z
Een heel gezond, vrolijk, hoopvol, strijdbaar, fantastisch en vooral gelukkig 2018!;1;2017-12-31T23:30:00.000Z
Ik wens iedereen een heel mooi kerstfeest toe, en ik hoop dat je deze dagen kan samenzijn met de mensen van wie je houdt! 🎄🌟;1;2017-12-25T09:07:00.000Z
"Wie draagt 'm beter, @pauldeleeuw1962 of jij? 😉 

Ik veil mijn exemplaar voor het goede doel 👉 ";1;2017-12-20T17:33:23.000Z
"De avonturen van Rutte III &amp; de Multinationals - Het zou komisch zijn als het niet zo tragisch was. 

Waarom zo schimmig doen over wie het afschaffen van die dividendbelasting heeft verzonnen? ⤵️ ";0;2017-12-14T18:54:52.000Z
"Deze kinderen sturen we niet weg. Ze zijn al thuis.

Geweldige actie voor een rechtvaardig kinderpardon. Teken de petitie op ";0;2017-12-14T08:17:42.000Z
Gefeliciteerd @MarijnissenL. Ik kijk er naar uit om samen verder te strijden voor een eerlijke, empathische en rechtvaardige samenleving! 🍀🍅;1;2017-12-13T10:49:37.000Z
"Bijzonder moment. Roemer neemt afscheid zoals hij politiek bedreef: strijdbaar voor zijn idealen, met een groot rechtvaardigheidsgevoel en altijd met humor. 

Emile bedankt voor de mooie samenwerking! ";1;2017-12-13T10:46:04.000Z
"Wij doen er niet aan mee. Wij huilen niet mee met de populistische wolven.
 ";0;2017-12-12T13:17:24.000Z
"“Een coalitie van onwilligen”. Zo die kun je in je zak steken, @MinPres. Bizar dat dit kabinet de mond vol heeft van aanpakken belastingontwijking, maar steeds echte aanpak blokkeert.

";0;2017-12-05T15:30:51.000Z
Mooie avond gisteren met de #kantinetour in Doetinchem. Het blijft opvallen hoe mensen in o.a. het onderwijs, de jeugdzorg en de politie dezelfde zorgen hebben. Te hoge werkdruk, te lage salarissen. Te veel administratie, te weinig personeel. ;1;2017-12-05T13:32:12.000Z
"Er is wel 1,4 miljard voor afschaffen dividendbelasting, maar geen 1,4 miljard voor het onderwijs. Leraren gaan opnieuw staken, wij staan opnieuw achter jullie. ✊

";0;2017-12-05T10:09:21.000Z
"Waardering voor de stille motor van Nederland.
Samen vechten voor een beter bestaan.
Ons niet uit elkaar laten spelen.
Dat is mijn ambitie. Laten we het gesprek aangaan: ";1;2017-11-23T14:09:38.000Z
Zo! Na 80% van de stemmen geteld is @PALGroenlinks de 2e partij in #Leeuwarden! Gefeliciteerd @stellingwerf85. Groter dan alle rechtse partijen. ;1;2017-11-22T22:30:51.000Z
"Op dit moment gaat 1/3 van de tijd van een hulpverlener in de ggz naar administratief werk. Zij noemen dit terecht #regelgekte. 

Minder regels, meer zorg. Dit lijkt me niet meer dan normaal. 👉 ";1;2017-11-20T15:31:02.000Z
Vanavond zit @NaomiAKlein bij #collegetour. Ik sprak haar een aantal weken terug. Een vrouw met wie ik veel idealen deel. Absoluut een kijktip! ;1;2017-11-17T13:11:40.000Z
Daarnaast concludeert SOMO dat Nederland haar positie als belastingparadijs versterkt. Wie moet er op vooruitgaan in Nederland: Mensen of Multinationals?;1;2017-11-15T11:57:42.000Z
"Ontluisterend rapport SOMO: afschaffen van de dividendbelasting betekent een verlies voor de Nederlandse schatkist en meer inkomsten voor de buitenlandse belastingdiensten.

";0;2017-11-15T11:56:45.000Z
"Raad van State geeft Groningers gelijk: er is te weinig rekening gehouden met hun veiligheid. Wat ons betreft gaat gaswinning verder naar beneden! 
";0;2017-11-15T10:04:48.000Z
Mooi. @MinPres moet zich dinsdag verantwoorden voor afschaffen dividendbelasting. Nederlandse overheid mag zich niet laten chanteren door multinationals.;0;2017-11-09T14:10:30.000Z
Wie is de baas in Nederland? 4 bedrijven krijgen bij Rutte meer voor elkaar dan 50.000 demonstrerende leraren of 90.000 ondertekenaars van #geenbtwverhoging ;0;2017-11-08T18:15:53.000Z
Paradise Papers: alsof er één behandeling is voor de hyperrijken en 'n ander voor de normale mens. Ronduit oneerlijk ;0;2017-11-07T12:26:37.000Z
Verbetering van het klimaatbeleid is nodig. Ik werk graag samen om de mooie woorden over het klimaat om te zetten in concrete maatregelen.;1;2017-10-30T13:00:48.000Z
Rutte III haalt met de maatregelen uit het regeerakkoord nog lang niet haar eigen ambitie, laat staan het klimaatakkoord van Parijs. ;0;2017-10-30T13:00:07.000Z
Rutte III krijgt een pijnlijke onvoldoende voor het klimaatbeleid. Zo groen blijkt het regeerakkoord niet te zijn: ;0;2017-10-30T12:57:44.000Z
Raar om tegen mensen te zeggen: u mag wel gaan stemmen maar wat de uitslag ook wordt, we doen er toch niks mee. ;0;2017-10-28T10:28:29.000Z
Mensen gaan niet naar de dokter vanwege de kosten, maar zorgbestuurders verdienen steeds meer. De wereld op z'n kop. ;1;2017-10-23T16:45:30.000Z
Op de Haagse Markt in gesprek over btw-verhoging. Duidelijk: dit plan moet van tafel. Teken ook: ;0;2017-10-21T12:07:26.000Z
In maart gemeenteraadsverkiezingen. In A'dam trekken linkse partijen samen op, met alternatief voor rechts kabinet. ;1;2017-10-21T07:44:32.000Z
Getekend! Teveel gezinnen komen in grote problemen door schulden, vaak bij de overheid. Hier moet iets veranderen.👇 ;0;2017-10-20T14:40:48.000Z
De rijkste vrouw van NL krijgt 26 miljoen belastingverlaging. Maar voor gewone mensen worden boodschappen duurder. 👉 ;0;2017-10-13T10:10:00.000Z
"Boodschappen worden duurder &amp; multinationals krijgen miljarden toegeschoven. Dat is geen kabinet voor gewone mensen. ";0;2017-10-12T13:52:11.000Z
Wordt de man-vrouwverdeling in het nieuwe kabinet 50/50? ;0;2017-10-12T12:03:21.000Z
Ga samen met mij, @LodewijkA, @emileroemer, @FNV en vele anderen de strijd aan tegen de btw verhoging van Rutte III. ;1;2017-10-11T15:03:48.000Z
En is dit het meest groene kabinet? Eerder het minst grijze. Veel ambities, helaas weinig concrete maatregelen.;0;2017-10-10T12:24:11.000Z
De boodschappen worden duurder en de winstbelasting voor grote bedrijven gaat omlaag. Dit is de wereld op z’n kop.;0;2017-10-10T12:23:34.000Z
Met Rutte III neemt de ongelijkheid toe. De rijkste 25% gaat er veel meer op vooruit dan de gewone Nederlander.;0;2017-10-10T12:22:57.000Z
Dit kabinet gaat #rechtsaf. Het is er niet voor gewone mensen, maar voor het grote geld.;0;2017-10-10T12:22:14.000Z
Vaarwel, Eberhard. Amsterdam zal je missen. ;1;2017-10-06T06:36:08.000Z
Btw voor gewone mensen gaat omhoog, maar de belasting voor multinationals gaat omlaag? Als dit klopt is het niet rechts, maar knetterrechts. ;0;2017-10-05T15:47:18.000Z
Vandaag leggen leerkrachten hun werk neer en vragen aandacht voor eerlijker salaris en minder werkdruk. wij steunen de strijd van #poinactie ;1;2017-10-05T13:22:37.000Z
Wat een drama in Las Vegas. Onvoorstelbaar. ;0;2017-10-02T11:38:50.000Z
Herzlichen Glückwunsch zu Ihren Ergebnissen @die_gruenen! Was für einen guten Wahlkampfendspurt @cem_oezdemir und @GoeringEckardt. #btw17;1;2017-09-24T18:30:47.000Z
Wat blijkt: eigen risico blijft gelijk, maar de premie gaat omhoog. Eerste sigaar uit eigen doos van het nieuwe kabinet is een feit.;0;2017-09-20T16:49:02.000Z
Eerste slag gewonnen: stijging eigen risico volgend jaar gaat niet door. Volgende slag: afschaffen!;1;2017-09-20T15:31:58.000Z
Het eigen risico moet in ieder geval omlaag, de kolencentrale aan de Hemweg moet sluiten en er moet meer geld naar de jeugdzorg.;0;2017-09-19T13:31:53.000Z
Er zijn te veel problemen om in 2018 alles bij het oude te laten. Wat ons betreft beginnen we in deze begroting met de verandering:;0;2017-09-19T13:31:19.000Z
Hier word je stil van. ;1;2017-09-18T15:14:09.000Z
Heel #Nederlandhelpt Sint Maarten. Draag bij als je wat kunt missen. ☎️ Bel 0800-1130 of doneer via Giro 5125. ;1;2017-09-15T19:26:21.000Z
"Gelijk loon voor gelijk werk; we pakken uitbuiting aan. Zo moet het: linkse samenwerking in de praktijk. 🍅🍀🌹 ";1;2017-09-12T05:35:00.000Z
Eigenlijk is het ongelofelijk: orkanen worden steeds heviger. Overstromingen talkrijker. Droogtes extremer. Wanneer komen we in actie? #Irma;1;2017-09-06T15:16:35.000Z
Wat een ramp. Wat een ravage richt orkaan #Irma aan. De eerste prioriteit moet het bieden van hulp aan mensen in nood zijn. Draag bij! ;0;2017-09-06T15:15:28.000Z
Iedereen kan straks het Wilhelmus zingen, maar niet de doktersrekening betalen. Noem dat maar een gaaf land. ;0;2017-09-06T06:15:55.000Z
Er gaan geruchten rond dat ik ukelele beoefen. In dit stadium kan ik die geruchten bevestigen noch ontkennon. Bedankt, @dijkshoorn;1;2017-08-30T11:02:33.000Z
Kom op, neem dat besluit en geef de credits waar ze horen: bij de meesters en juffen van #POinactie!;1;2017-08-28T13:24:50.000Z
Alle partijen willen hoger salaris voor basisschooldocenten. Toch blijven kabinet en formerende partijen ruziën over wie de credits krijgt.;1;2017-08-28T13:23:32.000Z
Verschrikkelijk. ❤️ voor Barcelona;1;2017-08-17T18:54:14.000Z
Geweldig! Europees Kampioen! Wat is dit prachtig. #NEDDEN ;1;2017-08-06T16:58:07.000Z
Oneerlijk, dat is het. 😢❤️🙏 #StayStrongAppie ;1;2017-07-13T12:04:36.000Z
Rust zacht lieve Tijn. Bedankt voor je inspiratie, grote kleine man. ;1;2017-07-07T07:43:53.000Z
De actie #LakDoorTijn voor kinderen met hersenstamkanker heeft 1 miljoen euro opgehaald. Fantastisch! Ik deed vanuit de Tweede Kamer mee. 😉 ;1;2017-07-06T15:20:30.000Z
In de studio bij @3FM aan het bellen voor de actie #lakdoor. Steun deze mooie actie en bel naar 0900-1336. Zo steunen we Stichting Semmy! ;1;2017-07-06T10:07:48.000Z
Demonstratie vandaag in Arnhem. ;0;2017-07-05T16:13:55.000Z
Vanavond schuif ik aan bij @RTLLateNight om te praten over #POinactie en wat er moet gebeuren in het basisonderwijs. Vanaf 22.30u op RTL4.;1;2017-06-26T17:50:26.000Z
Hogere salarissen en lagere werkdruk voor basisschooldocenten. Zodat elk kind de aandacht krijgt die het verdient. Goede oproep #POinactie!;1;2017-06-26T17:49:12.000Z
"Vanaf 20.00 uur LIVE. Tot zo op Facebook! #KlaverTalk #formatie 
👉 ";1;2017-06-14T17:40:57.000Z
"'Mensen terugsturen die vluchten voor oorlog en geweld, daar pas ik voor.'
Vanavond ➡️ #KlaverTalk, 20u, ";1;2017-06-14T13:11:18.000Z
Opnieuw wordt London getroffen door een vreselijke terreurdaad. Onze gedachten zijn bij de families en vrienden van de slachtoffers. -J;1;2017-06-04T08:26:57.000Z
"Come on Ajax! 
#ajaman #UELfinal ";1;2017-05-24T19:18:01.000Z
Afgrijselijk. Aanslag op jongeren tijdens een popconcert. Nederland leeft mee met #Manchester -J;0;2017-05-23T06:34:48.000Z
Ik wil met jullie terugblikken en vooruitkijken. Over de formatie en de toekomst. Kom daarom morgen naar de Meetup: ;1;2017-05-16T14:24:31.000Z
We hebben er alles aan gedaan, maar deze formatiepoging is niet gelukt. De verschillen waren te groot. En dat is heel erg jammer. -J;0;2017-05-15T17:32:39.000Z
Een kijkje in de stadhouderskamer waar we op dit moment onderhandelen over de formatie! ;1;2017-04-12T08:33:15.000Z
Ik steun #giro555. Jij ook? De hongersnood in Afrika eist steeds meer onschuldige levens. Als je kunt, doneer en red levens 👉 giro555.nl. -J ;1;2017-03-29T13:20:16.000Z
Het nieuwe kabinet moet een kabinet zijn met visie. Een kabinet van verandering. Daarom gaan we het gesprek aan, over deze drie principes. 👇 ;1;2017-03-28T19:25:47.000Z
Wat heb ik veel zin om met dit team aan de slag te gaan. Samen werken we aan een schoner, eerlijker en empathischer Nederland. -J ;1;2017-03-23T19:09:16.000Z
#stemvoorverandering #ikstem ;1;2017-03-15T14:36:28.000Z
"Nu live op Amsterdam Centraal
#ikstem #stemvoorverandering ";1;2017-03-15T14:14:43.000Z
#gestemd! Voor een schoner, eerlijker en empathischer Nederland. #stemvoorverandering ;1;2017-03-15T10:03:35.000Z
Scholieren kiezen hoop boven angst. Ik hoop dat volwassenen morgen dezelfde keuze maken. -J #scholierenverkiezingen #stemvoorverandering;1;2017-03-14T16:23:33.000Z
We hebben een unieke kans om Nederland te veranderen. Jij bepaalt in wat voor land we donderdag wakker worden. #stemvoorverandering ;1;2017-03-14T11:36:05.000Z
We hebben een unieke kans om de grootste te worden. Voor het eerst sinds 40 jaar een links kabinet. #stemvoorverandering #tk17 ;1;2017-03-14T08:51:09.000Z
Rutte vs Wilders: vooral vetes uit het verleden, geen visies op de toekomst. #1Vdebat;0;2017-03-13T18:08:29.000Z
Mijn ambitie is helder: een progressief kabinet na 15 maart. En voor de goede orde, dat is zonder de VVD. #Buitenhof #stemvoorverandering ;1;2017-03-12T12:22:06.000Z
Een land vol trots en zelfvertrouwen kiest voor deëscaleren. Dat is geen zwakte, maar een kracht. #Buitenhof;1;2017-03-12T11:38:37.000Z
Het is belangrijk dat we ons niet laten chanteren. Dat geldt niet alleen voor Nederland, maar voor alle landen in de EU. #Buitenhof;0;2017-03-12T11:34:29.000Z
Een oproep aan iedereen in Nederland met een links hart: laten we ons verenigen. Doe mee met onze beweging. #stemvoorverandering #demeetup ;1;2017-03-10T12:49:34.000Z
"We gaan het Nederlandse politieke speelveld op z'n kop zetten.
Kijk mee: 20.30u 📺 ";1;2017-03-09T16:29:50.000Z
Vanavond @AFASLive, nu: voorbereiden! 💪 #demeetup #stemvoorverandering ;1;2017-03-09T11:02:28.000Z
Net een interview met @reuters over de opmars van #GroenLinks en onze plannen om Nederland te veranderen. #tk17 #stemvoorverandering ;1;2017-03-08T11:36:15.000Z
"Dit schreef ik in januari op Facebook over het inreisverbod van #Trump. Helaas vandaag opnieuw relevant. -J
👉 ";1;2017-03-06T16:59:32.000Z
Profiteert iedereen van de economische groei, zoals Rutte belooft? Nee, de VVD-plannen helpen alleen de rijken. ;0;2017-03-03T13:39:25.000Z
Net zoals in 2012 slaat het woord klimaat bij de #VVD weer alleen op 'ondernemingsklimaat'. #TK17 ;0;2017-03-01T09:34:51.000Z
Meer gemeenschapszin. Minder egoïsme. Minder ongelijkheid. Het is tijd voor verandering. het is tijd voor een progressief kabinet. -J;1;2017-02-26T22:42:30.000Z
We moeten de tegenstellingen in dit land overbruggen. Hier hebben we een progressief kabinet voor nodig. #radio1debat #stemvoorverandering ;1;2017-02-24T20:36:07.000Z
"""Iets doen voor een ander, daar kan niets tegenop."" Een gesprek met @JohnnyDeMol_ over onze gedeelde idealen.
FB 📽 ";1;2017-02-23T12:44:43.000Z
Prachtige contouren van een progressief kabinet -J #DWDD #Manifest ;1;2017-02-22T18:44:37.000Z
Dit is wat er moet en hoe t moet: samenwerken aan duurzaamheid en eerlijk delen #dwdd -J;1;2017-02-22T18:35:17.000Z
Samen werken we aan een land waar we eerlijk delen en ons niet langer laten verdelen. Het is ;1;2017-02-19T14:48:35.000Z
Rust in vrede, Dick Bruna. Jij gaf de wereld met Nijntje een prachtig voorbeeld voor miljoenen kinderen. -J ;1;2017-02-17T14:30:51.000Z
"Een samenleving waarin we welvaart eerlijk delen en omkijken naar elkaar. En hoe we dat betalen? Nou, zo dus ⤵️
#cpb #stemvoorverandering ";1;2017-02-16T13:24:32.000Z
De vraag is: gaan we naar links of naar rechts. De kiezer heeft recht op dit debat. (2/3);0;2017-02-12T15:48:53.000Z
Laf van VVD en PVV dat ze het #premiersdebat met ons willen ontlopen. De belangrijkste verkiezingen sinds tijden staan voor de deur. (1/3);0;2017-02-12T15:48:30.000Z
Ik heb deelname aan RTL #premiersdebat zojuist bevestigd. Laf dat je het debat met ons ontloopt @geertwilderspvv. -J;0;2017-02-12T15:03:29.000Z
De rijken rijker, de armen armer. Gewone mensen worden in de steek gelaten. Dit is waarom verandering nodig is. -J ;0;2017-02-10T08:08:54.000Z
Onverantwoord en laag. Wie nepnieuws tweet over de ander, gooit de eigen geloofwaardigheid te grabbel. ;0;2017-02-06T08:48:56.000Z
"Nederland is van iedereen. #stemvoorverandering
▶️ ";1;2017-02-02T15:09:18.000Z
Rutte heeft zichzelf gediskwalificeerd als premier van heel Nederland. #stemvoorverandering ;0;2017-01-30T19:46:35.000Z
NU LIVE de speech van Jesse Klaver op de VerkiezingsMeetup. Volg 'm hier 👉  ;1;2017-01-30T19:21:40.000Z
"Darkness cannot drive out darkness, only light can do that.
Hate cannot drive out hate, only love can do that.
— MLK
";1;2017-01-30T08:38:10.000Z
Nederland mag geen uitvoerder worden van Trump. Samen met @Apechtold hoorzitting met KLM, Schiphol en juristen aangevraagd. -J;0;2017-01-29T12:14:16.000Z
Deze actie van Trump gaat in tegen onze gedeelde waarden. Rutte moet in de Kamer de actie van Trump veroordelen. -J ;0;2017-01-28T21:13:50.000Z
Tegen deze maatregel moet onze premier zich scherp uitspreken. ;0;2017-01-28T16:04:13.000Z
"De Klimaatwet: een mooi voorbeeld van de kracht van progressieve samenwerking. #gamechanger #Klimaatwet #tk2017
";1;2017-01-28T13:59:54.000Z
Ik steun #ploumen4women, wat een fantastisch initiatief. -J ;1;2017-01-27T17:30:21.000Z
Eberhard, verschrikkelijk nieuws, ik wens je alle kracht en sterkte. -J ;1;2017-01-27T13:18:29.000Z
"Dit bericht van onze campagneleider deel ik graag met jullie. Onze beweging groeit en is sterker en groter dan ooit! -J
#stemvoorverandering ";1;2017-01-27T11:21:53.000Z
Liegen is niet normaal. Dat hoort niet bij Nederland. Ben benieuwd welke conclusies de VVD hieraan verbindt. -J  ;0;2017-01-23T17:36:34.000Z
Ongeloofwaardig van Rutte om na 6 jaar stimuleren van egoïsme zich nu op te werpen als hoeder v normen en waarden -J ;0;2017-01-23T08:29:46.000Z
Prima voorstellen voor goed en eerlijk werk @lodewijkA en @Emileroemer. #samensterk -J;1;2017-01-21T08:53:52.000Z
In de zorg moet het gaan om empathie, niet een mentaliteit van ieder-voor-zich. Onze plannen👇 #stemvoorverandering ;1;2017-01-20T10:06:24.000Z
"Het kabinet houdt kolencentrales open. 
GroenLinks kiest voor het meest ambitieuze klimaatbeleid ooit.
#stemvoorverandering ";0;2017-01-19T18:02:07.000Z
"Zaterdag eerste verkiezingsdebat in Carré. Over één van de belangrijkste thema's: de zorg. #stemvoorverandering
👉 ";1;2017-01-16T17:14:12.000Z
Als je Nederland wilt veranderen, dan moet je ook de verantwoordelijkheid willen dragen voor het hoogste ambt in dit land. #WNL #GroenLinks ;0;2017-01-15T13:42:48.000Z
Nederland heeft een premier nodig die vasthoudt aan zijn idealen. Daarom wil ik jullie premier worden. #stemvoorverandering ;1;2017-01-13T19:39:02.000Z
Wat een geweldige energie. Wat een afsluiter van 2016. En wat kijk ik uit naar 2017. Het is #tijdvoorverandering! -J ;1;2016-12-22T15:06:25.000Z
@SeriousRequest Maar natuurlijk. Op naar de 500.000!🎉 Ik daag @Max33Verstappen en @MinPres uit! 💅 #Tijn #sr16 #lakaan;1;2016-12-21T21:23:43.000Z
Tijn, je bent een held en deze actie is geweldig. Ik hoop dat je heel veel geld ophaalt. #heelhollandlakt #sr16 #lakaan ;1;2016-12-21T20:23:47.000Z
Ons antwoord op rechts-populisme moet een radicale aanval zijn op ongelijkheid en onzekerheid: ;0;2016-12-21T18:57:18.000Z
Hoe gestoord kun je zijn! Inrijden op mensen die met familie en vrienden een feest van vrede vieren. Mijn gedachten zijn bij de slachtoffers;0;2016-12-19T20:09:37.000Z
Grote verandering komt van kleine daden. Jij kunt het verschil maken. Deel deze video en kijk wat je kunt doen op ;1;2016-12-17T15:31:09.000Z
We hebben we een koerswijziging nodig. Een radicaal perspectief voor een eerlijker land. #stemvoorverandering ;1;2016-12-17T07:03:00.000Z
Na 15 maart gaan wij een einde maken aan multinationals die belasting ontwijken. #stemvoorverandering ;1;2016-12-16T20:21:50.000Z
Hij is definitief, wat een toplijst! Ons #teamvoorverandering is er klaar voor, laat de campagne beginnen! -J ;1;2016-12-15T15:47:38.000Z
"Als er zich één iemand hard maakt voor onze natuur dan is het @RikGrashoff. Stem op hem als groenste politicus!
👉 ";1;2016-12-12T17:22:12.000Z
Van harte @LodewijkA! Op naar een spetterende campagne en een progressief kabinet. -J;1;2016-12-09T15:51:18.000Z
"Samen strijden we tegen haatretoriek en zondebokpolitiek, want woorden zijn niet onschuldig. -J
➡️ ";1;2016-12-08T13:14:55.000Z
Multinationals maken afspraken met belastingdienst en ontlopen zo voor miljarden aan belasting. #tijdvoorverandering ;0;2016-12-07T14:15:01.000Z
Er is gezegd dat er een oplossing zou komen. Die is er nog altijd niet. #tijdvoorverandering Lees meer op ➡️ ;0;2016-12-06T12:38:37.000Z
Hoop wint van angst. Vandaag is in Oostenrijk het rechts-populisme verslagen, op 15 maart doen we in NL hetzelfde -J ;1;2016-12-04T16:44:26.000Z
Een oproep uit het hart van Terlouw bij #DWDD. Geen strategie, geen valse nostalgie. Het is #tijdvoorverandering 👉;1;2016-12-01T10:44:56.000Z
Ongeacht je afkomst, in Nederland hoort ieder kind dezelfde kansen te krijgen. #tijdvoor de moderne middenschool. ;1;2016-11-29T11:43:03.000Z
"Dit is precies waarom we morgen de straat op gaan.
Doe mee! 👉 ";1;2016-11-25T14:41:37.000Z
@geertwilderspvv zelf beweren dat je monddood gemaakt wordt, maar tegen een bedreigde collega zeggen dat ze beter kan stoppen. Ongelofelijk.;0;2016-11-22T18:52:54.000Z
Veel dank @GroenLiesbeth voor het samenwerken aan onze gedeelde idealen de afgelopen zes jaar!;1;2016-11-18T11:55:43.000Z
Jagen we allemaal ons eigenbelang na? Nee. Empathie zit in ons allemaal. Sluit je aan en doe mee: ;1;2016-11-17T14:22:39.000Z
Kijk niet weg. Ieder jaar worden in Nederland 119.000 kinderen mishandeld. Dat is gemiddeld één kind per klas. #ikkijknietweg ;0;2016-11-16T18:56:57.000Z
Nee Geert, jouw boodschap van verdeeldheid past niet bij ons land. Dat gaat Nederland laten zien op 15 maart. #Trump ;0;2016-11-09T10:28:32.000Z
OMG. Trump president VS. Laten we zorgen dat zijn gedachtegoed van haat en verdeeldheid in NL niet wint: ;0;2016-11-09T08:29:35.000Z
We doen veel voor vluchtelingen, maar niet genoeg. Ga naar ;1;2016-11-04T12:52:06.000Z
Glashelder: we kunnen én moeten meer doen voor vluchtelingen in Griekenland ➡️ ;1;2016-11-03T13:41:42.000Z
Mijn oproep aan @PvdA @D66 en @SPnl: als we aan onze progressieve principes vasthouden, kunnen we het hart vormen van een nieuw kabinet. ;1;2016-10-25T13:26:40.000Z
Als we met GroenLinks, PvdA, SP en D66 samenwerken, dan kan rechts geen meerderheid vormen. ;0;2016-10-24T20:37:18.000Z
"NU LIVE op Facebook: de #JesseMeetup vanuit @effenaar! 
👉  ";1;2016-10-24T17:39:43.000Z
Dappere stap. Sinterklaasfeest moet een feest van ons allemaal zijn. -J ;1;2016-10-24T11:00:33.000Z
"Uiteindelijk is er maar één ding sterker dan verdeeldheid. Dat is menselijkheid. 
Kom naar de #JesseMeetup 👉  ";1;2016-10-21T10:01:34.000Z
Gisteravond bij @pauwnl 📺. Nederland moet zijn belofte nakomen en meer #vluchtelingen opnemen. Terugkijken? 👉 ;0;2016-10-05T15:01:15.000Z
Nederland heeft afgesproken meer vluchtelingen op te nemen. Kom die belofte na! #tijdvoorverandering Eens? 👉 ;1;2016-10-05T11:50:04.000Z
Waarom Wilders meer op Erdogan lijkt dan hem lief is. #apb16 ;0;2016-09-21T18:29:42.000Z
Ik loop zondag mee met de parade van @ieder_1. Om te laten zien dat we samen Nederland vormen en #IEDER1 erbij hoort. Zie ik je daar? -J ;1;2016-09-21T09:23:41.000Z
Toenemende ongelijkheid is geen natuurwet waar we niets tegen kunnen doen. #tijdvoorverandering #prinsjesdag #tegenbegroting ;0;2016-09-20T17:03:38.000Z
De schatkist op orde, de samenleving niet. #prinsjesdag #troonrede #tijdvoorverandering ;0;2016-09-20T13:28:19.000Z
Dit kabinet koos ervoor om de hoogste inkomens er het meeste bij te geven. Tot wel #6x zoveel! #tijdvoorverandering ;0;2016-09-16T09:52:41.000Z
Wetsvoorstel actieve orgaandonatie aangenomen! Wat een prestatie van @piadijkstra en @D66. Complimenten en gefeliciteerd! #orgaandonatie -J;1;2016-09-13T14:30:34.000Z
Als we samen handelen, kunnen we klimaatverandering een halt toeroepen. Niet later. Nu! 👉 ;1;2016-09-12T12:03:03.000Z
Even Zondag met Lubach terugkijken! #ZML ;1;2016-09-12T09:26:08.000Z
Klimaatverandering wacht niet. We moeten nu handelen. #klimaatwet #tijdvoorverandering ;1;2016-09-12T06:58:12.000Z
"Te veel politici zeggen dat het niet anders kan. Dat is niet waar. 
#tijdvoorverandering ➡️ ";0;2016-09-09T12:28:19.000Z
Van de @melkweg nu door naar @pauwnl! 23.00 uur op NPO1 #tijdvoorverandering;1;2016-09-06T20:05:00.000Z
Wij gaan samen een beweging vormen die groter is dan welke tegenstelling dan ook! #JesseMeetup #tijdvoorverandering ;1;2016-09-06T18:43:22.000Z
Jesse presenteert het concept-verkiezingsprogramma in een uitverkochte Melkweg! #tijdvoorverandering #JesseMeetup ;1;2016-09-06T18:27:56.000Z
Lange rijen voor de #JesseMeetup! Kun je er niet bij zijn? Volg de speech live via ;0;2016-09-06T17:45:02.000Z
"""Andere keuzes, dat is wat nodig is."" #tijdvoorverandering #groenlinks ";1;2016-09-04T11:37:49.000Z
Gelijke kansen in het #onderwijs! Tijd voor de moderne #middenschool: Brede brugklassen en makkelijker stapelen. ;1;2016-09-02T07:52:33.000Z
@JanDriessen Klopt! Jesse ondertekent zijn eigen berichten met -J.;0;2016-09-01T13:35:12.000Z
Hoi, vanaf nu twittert ook het team vanaf dit account 😎 #itsateam ;1;2016-09-01T08:35:08.000Z
Het tij keert: Apple moet gewoon belasting betalen. Hoog tijd dat ook NL actie onderneemt #stopbelastingparadijzen ;1;2016-08-30T11:04:44.000Z
Dat kan korter Geert. #verkiezingsprogramma ;0;2016-08-25T20:21:00.000Z
Van Lowlands naar de Melkweg: ik wil met jou in gesprek! Kom naar de Meetup op 6 september: ;1;2016-08-22T13:46:33.000Z
Alweer. Woorden van afschuw voelen machteloos tegenover deze wrede barbarij. Mijn gedachten zijn bij de slachtoffers en hun geliefden.;0;2016-07-15T07:18:54.000Z
Vreemde logica @geertwilderspvv: Mensen die vluchten voor oorlog mogen het uitzoeken maar bankiers die de crisis veroorzaakten zijn welkom.;0;2016-07-09T14:15:50.000Z
'Schroei die bonuswet dicht.' Interview over de lessen van de Brexit. ;1;2016-07-09T09:48:37.000Z
Er hangt verandering in de lucht. Een terugblik op het politieke jaar in twee minuten! #tijdvoorverandering ;1;2016-07-07T13:03:35.000Z
Twee militairen die opkwamen voor vrede en veiligheid zijn omgekomen in Mali. Onze gedachten zijn bij hun geliefden en hun collega's.;1;2016-07-06T18:40:43.000Z
Dit jaar eindelijk een kaartje voor Lowlands. Leuk :) ;1;2016-06-30T15:14:49.000Z
Verschrikkelijk. Weer een aanslag op een vliegveld. ;0;2016-06-28T20:59:00.000Z
Vandaag is in Europa een parlementariër doodgeschoten. Een volksvertegenwoordiger. Zij streed voor mensenrechten. Huiveringwekkend.;0;2016-06-16T17:32:35.000Z
Als je Europese samenwerking vergelijkt met nazi-Duitsland heb je echt niks begrepen van de geschiedenis, Geert ;0;2016-06-14T10:04:52.000Z
Verschrikkelijk. Wat een haat. Wat een tragedie. #orlando;0;2016-06-12T16:11:59.000Z
