Posts,Labels,date_created
"Verdrietig om te horen over het overlijden van Sonja Barend. Generaties groeiden op met haar scherpe vragen en warme gesprekken. Ze gaf mensen een stem en bracht Nederland samen rond de keukentafel.

Een icoon van de Nederlandse televisie. Mijn gedachten zijn bij haar familie en dierbaren.",1,2026-04-12T13:48:02.000Z
"In een wereld die zo in de fik staat, is onze democratische rechtsstaat misschien wel ons grootste goed. Iets wat we samen moeten beschermen en beveiligen.

En dat begint dichtbij huis. Door morgen met je stempas naar het stemlokaal te gaan en je stem te laten horen.

Want democratie werkt alleen als we meedoen. Ga stemmen. Het kan wél",1,2026-03-17T21:09:53.000Z
"Ik zie volop kansen om met elkaar verder te bouwen aan vooruitgang voor iedereen in ons land. Want of je nou rechts bent of links, conservatief of progressief, we zitten allemaal in hetzelfde Team Nederland.

Lees hier mijn hele speech tijdens het D66 congres vandaag: ",1,2026-02-28T14:54:04.000Z
"Vandaag sprak ik voor het eerst als minister-president in de Tweede Kamer. Daar benadrukte ik het belang van samenwerking: samenwerking is de beste manier om resultaten te boeken die goed zijn voor heel Nederland. Ook voor mensen die niet op een van de coalitiepartijen hebben gestemd. Met oog voor diepgewortelde opvattingen van andere partijen. Omdat democratie meer moet zijn dan de helft plus één. Zo willen we werken. 

Waarbij we gebruik maken van de kracht van de samenleving. Er zit zoveel energie en betrokkenheid in mensen zelf. Want ik zie elke dag hoeveel energie, betrokkenheid en ideeën er zijn. Politiek moet die kracht niet blokkeren, maar mogelijk maken. Om te werken aan oplossingen die verschil maken in het dagelijks leven van mensen.

Lees hier de hele regeringsverklaring: ",1,2026-02-25T13:09:15.000Z
"Wat een dag. Straks staan we op het bordes voor de beëdiging.

Trots om dit samen te mogen doen. In een nieuwe fase, met een grote verantwoordelijkheid en vooral een gezamenlijke belofte om ons in te zetten voor iedereen in Nederland. 

Door niet te blijven hangen in wat er misgaat, maar door te bouwen aan wat beter kan. Dat vraagt om lef én samenwerking.

Op naar het bordes!",1,2026-02-23T08:39:24.000Z
"Verdrietig nieuws: Koos Postema is overleden. Een icoon van de Nederlandse radio en tv, met wie generaties zijn opgegroeid. Hij bracht nieuws en maatschappelijke kwesties op een integere en toegankelijke manier de huiskamer binnen en durfde taboes bespreekbaar te maken. Mijn gedachten zijn bij zijn dochters, kleinkinderen en andere nabestaanden. Heel veel sterkte gewenst.",1,2026-02-22T10:38:06.000Z
"Wat een geweldige race van Jutta Leerdam en Femke Kok op de 1000 meter! 🇳🇱 Topsport op het allerhoogste niveau: snelheid, focus passie én lef! 

Jullie laten zien wat er mogelijk is met talent, keihard werken en doorzettingsvermogen. Trots op wat jullie vandaag hebben laten zien op het ijs en voor heel Nederland. Gefeliciteerd!",1,2026-02-09T18:20:31.000Z
"Zojuist hebben we onze D66-ministers en staatssecretarissen voor het nieuwe kabinet bekendgemaakt. Trots op deze sterke ploeg, klaar om verantwoordelijkheid te nemen.

Ik kijk uit naar de samenwerking met de beoogde ministers en staatssecretarissen van CDA en VVD. We hebben er zin in. Aan de slag. 

",1,2026-02-09T14:36:43.000Z
"De ministersposten voor D66 zijn bekend. Binnenkort maken we ook bekend welke ministers en staatssecretarissen namens D66 in het kabinet gaan plaatsnemen. Heel veel zin om binnenkort aan de slag te gaan. Met ambitie, optimisme, samenwerking en vertrouwen voor alle Nederlanders!",1,2026-02-05T16:12:48.000Z
"Laten we Nederland weer in beweging brengen. Ik hoop dat we dit samen kunnen doen. Politiek en samenleving. Coalitie en oppositie.

Want velen van ons geloven in een andere politiek. Minder ruzie, meer vertrouwen. Meer resultaat.

Dat vraagt dat we onze krachten bundelen. Dat we voorbij het eigen gelijk kijken en samen de schouders eronder zetten. Soms zal dat schuren. Soms kost het tijd. Maar ik geloof dat het kan.

Lees hier mijn hele inbreng van vandaag:
",1,2026-02-03T16:47:21.000Z
"Vandaag starten we een nieuwe fase voor Nederland.Het is de hoogste tijd dat politici weer samen verantwoordelijkheid nemen. In ons landsbelang.

Met ambitie, oplossingen en de moed om over schaduwen heen te stappen. Een samenwerkingskabinet, omdat vooruitgang niet vanzelf komt; die maken we samen. Lees hier het hele coalitieakkoord: ",1,2026-01-30T14:13:55.000Z
"Wij willen bouwen aan een beter Nederland. Samen werken we aan grote ambities, op een manier die past bij ons land. Aan een land van kansen, respect en zekerheid voor mensen die Nederland elke dag draaiende houden. Aan dat land werken we met hart en ziel. Aan de slag. ",1,2026-01-30T09:47:01.000Z
"Vandaag staan we stil bij de Holocaust. Bij de miljoenen mensen die zijn vermoord, alleen om wie ze waren.

Achter deze cijfers zitten namen, gezichten en levens die op gruwelijke wijze zijn afgebroken. Herdenken raakt, omdat het ons herinnert waartoe haat en uitsluiting kunnen leiden.

Juist daarom blijven we dit verhaal doorgeven. En blijven we opstaan tegen antisemitisme, haat en racisme, altijd. Onze gedachten zijn bij alle slachtoffer en hun nabestaanden. #holocaustmemorialday",1,2026-01-25T10:25:50.000Z
"Hoe groot de teleurstelling ook is: blijf met je handen af van onze politie en bekogel agenten niet met vuurwerk. Dank aan politie en hulpdiensten voor hun snelle en professionele optreden, waardoor de rust snel is hersteld. ",1,2026-01-19T07:47:00.000Z
"Spanje rouwt na een onvoorstelbare tragedie. Voor tientallen families is het leven in één klap voorgoed veranderd. Mijn gedachten zijn bij de slachtoffers, hun dierbaren en bij alle gewonden. Ik wens hen alle sterkte en steun toe.",1,2026-01-19T07:35:59.000Z
Heftige beelden uit Utrecht na de explosie in de binnenstad. Veel sterkte aan iedereen die hierbij betrokken is en in angst op meer duidelijkheid wacht. Grote dank aan de hulpdiensten die nu opschalen en alles op alles zetten. Geef hen de ruimte om hun werk te doen.,1,2026-01-15T16:00:43.000Z
"Met het overlijden van Bart Vink nemen we veel te vroeg afscheid van een bijzondere man. Amsterdam verliest een bevlogen bestuurder, D66 een betrokken politicus met hart voor mensen. Mijn gedachten zijn bij zijn gezin, familie en vrienden. Bart, we zullen je missen.

",1,2026-01-12T18:19:50.000Z
"Afschuwelijke beelden uit Iran. In Teheran moeten families hun omgekomen dierbaren op straat identificeren, omdat het mortuarium vol is. Meer dan 500 demonstranten zijn inmiddels gedood en velen gewond of opgepakt.

Staatsterreur tegen moedige mensen die niets anders willen dan vrij kunnen leven. De EU moet de Iraanse Revolutionaire Garde op de terreurlijst zetten. Laat ons land daarin het voortouw nemen.
",0,2026-01-11T21:21:20.000Z
"Al twee weken lang gaan mensen overal in Iran de straat op. Met gevaar voor eigen leven komen zij op voor vrijheid, rechtvaardigheid en een beter bestaan.

Het is ronduit verwerpelijk hoe het Iraanse regime deze demonstranten met geweld en repressie probeert te breken. Mensen worden opgepakt en gedood. Het past in een langer patroon van structurele onderdrukking. Kritische stemmen worden systematisch het zwijgen opgelegd en gevangen genomen. Vrouwenrechten in Iran zijn ernstig en doelbewust ingeperkt. Het regime gebruikt repressie tegen zijn eigen bevolking om de macht te behouden.

De Iraanse vrouwen en mannen die nu de straat op gaan en daarmee hun eigen veiligheid op het spel zetten, verdienen ons respect. Dat vraagt ook om een krachtig internationaal antwoord: plaats de Iraanse Revolutionaire Garde op de Europese terreurlijst, zodat de onderdrukking van het Iraanse volk niet onbestraft blijft en politiek gevangenen vrij kunnen komen. D66 steunt de democratische krachten in Iran en wij voelen ons solidair met alle Iraniërs die vreedzaam strijden voor een vrije en hoopvolle toekomst.",1,2026-01-09T11:19:24.000Z
"Maduro was een wrede dictator. Hij stortte zijn land in de afgrond, verloor de verkiezingen en bleef onrechtmatig aan de macht. Veel Venezolanen zullen opgelucht zijn dat hij weg is. 

Tegelijkertijd geldt: dit is niet de manier. De bombardementen op Caracas, het gevangennemen van Maduro en zijn vrouw en het overnemen van een landsbestuur staan haaks op het internationaal recht. Een precedent met grote risico’s voor de rest van de wereld. 

De-escalatie en gericht werken aan vreedzame oplossingen is nu cruciaal. Nederland en de EU moeten daarbij hun rol pakken. Lees mijn volledige verklaring:",0,2026-01-03T17:47:17.000Z
"Onaanvaardbaar om hulporganisaties vanaf morgen te weren uit Gaza en de Westbank, terwijl zoveel mensen afhankelijk zijn van levensreddende hulp.

De internationale gemeenschap moet nu maximale druk uitoefenen en aandringen op onmiddellijke terugdraaiing. Deze hulp moet doorgaan. ",0,2025-12-31T10:10:19.000Z
"Diep geschokt door het verschrikkelijke geweld in Suriname, waarbij ook kinderen om het leven zijn gekomen.

Mijn gedachten zijn bij de slachtoffers, hun families en iedereen die hierdoor is geraakt. Ik wens hen alle kracht en steun toe in deze onvoorstelbaar moeilijke tijd. ",1,2025-12-28T14:04:49.000Z
"Heftige berichten uit Nunspeet. Mijn gedachten zijn bij de slachtoffers en hun families. Veel dank en respect voor de hulpdiensten die nu alles op alles zetten om de best mogelijke zorg te verlenen.
",1,2025-12-22T18:53:08.000Z
"Een historisch moment: vandaag is de vernieuwde Embryowet aangenomen. Een belangrijke stap voor tienduizenden Nederlanders met een erfelijke aandoening, en voor mensen met een kinderwens die extra hulp nodig hebben.

Complimenten aan Jan Paternotte (D66) en Harry Bevers (VVD) voor hun zorgvuldige werk. Dank aan andere fracties voor hun steun en het respectvolle debat.",1,2025-12-16T14:49:37.000Z
Een eer dat president Zelensky vandaag onze Staten-Generaal toesprak. Juist nu is blijvende steun van Nederland en Europa aan Oekraïne van levensbelang. Vrede kan alleen bestaan als een akkoord recht doet aan de Oekraïners zelf. Hun strijd voor vrijheid is ook die van ons. ,1,2025-12-16T13:08:07.000Z
"Een afschuwelijke aanslag in Australië. Wat een viering van het licht had moeten zijn, werd een nachtmerrie. Mijn gedachten zijn bij de slachtoffers, hun dierbaren en de Joodse gemeenschap. Joden moeten overal vrij en zonder angst hun geloof kunnen vieren. ",1,2025-12-14T11:16:31.000Z
"Wat een verwerpelijke actie. Waar haal je het lef vandaan om gekozen volksvertegenwoordigers thuis op te zoeken en te intimideren? Je laat politici met rust. Veel steun aan de Statenleden in Brabant die gewoon hun werk voor onze samenleving willen doen.

",0,2025-12-11T21:21:11.000Z
"Morgen zal ik de Tweede Kamer voorstellen om Rianne Letschert te vragen de nieuwe fase van de formatie te leiden.

Rianne is een inhoudelijk sterke bestuurder met gezonde afstand tot de Haagse politiek. Zij kan helpen om met rust en tempo verder te bouwen aan een nieuw kabinet. ",1,2025-12-09T17:06:38.000Z
"Nederland verdient geen impasse, maar beweging. Wij willen tempo maken. Daarom kiezen we nu voor de volgende stap in de kabinetsformatie. Zodat we zo snel mogelijk oplossingen kunnen presenteren waarmee ons land weer vooruit kan.

Lees mijn hele reactie: ",1,2025-12-08T17:00:04.000Z
"Vandaag presenteren D66 en CDA onze positieve agenda voor Nederland. Met keuzes die te lang zijn uitgesteld: meer woningen, investeren in onderwijs en innovatie, koersvast klimaatbeleid en een sterke defensie. 

Dit is geen eindpunt, maar een uitnodiging: 
",1,2025-12-02T16:24:52.000Z
"Arie Griffioen heeft een zorgvuldige afweging gemaakt, gedreven door zijn overtuiging dat hij alleen vanuit een plek die past bij zijn waarden het verschil kan maken.

D66 staat voor een politiek waarin respect voor de rechtsstaat, een open blik op de wereld en echte vooruitgang centraal staan. Iedereen die zich daarin herkent, is van harte welkom om zich aan te sluiten.",1,2025-11-28T09:41:42.000Z
Een laffe daad. Laat politici en partijmedewerkers met rust. Mijn steun gaan uit naar alle mensen die op het partijkantoor van de @VVD werkzaam zijn. Iedereen die zich inzet voor onze democratie moet hun werk in veiligheid kunnen doen. ,0,2025-11-27T20:33:10.000Z
"Volstrekt onacceptabel dat burgemeesters beveiligd moeten worden omdat zij hun werk doen. Bedreigingen en intimidatie horen nooit thuis in ons land, niet online en niet offline. Bestuurders en politici moeten veilig hun werk kunnen doen. Punt.
",0,2025-11-26T19:19:47.000Z
"50 jaar Srefidensi. Een dag die herinnert aan strijd, veerkracht en de kracht van de Surinaamse gemeenschap in Suriname én hier. Het is een dag van reflectie, van erkennen, en van waardering. 

Gefeliciteerd met 50 jaar onafhankelijkheid. Srefidensi de wan bigi dei. 🇸🇷 ",1,2025-11-25T09:27:28.000Z
"Vanavond mocht ik de Thorbeckeprijs 2025 in ontvangst nemen. Een enorme eer en een steun in de rug om te blijven werken aan positieve politiek die verbindt: stevig op de inhoud, respectvol in het gesprek en gericht op vooruitgang voor iedereen. ",1,2025-11-24T20:59:09.000Z
"Groots dromen, groots doen. Curaçao wordt het kleinste land ooit op een WK. Van harte gefeliciteerd met deze wereldprestatie. Pabien Kòrsou! ",1,2025-11-19T06:52:36.000Z
Van harte gefeliciteerd @ThomvCampen met de verkiezing tot voorzitter van de Tweede Kamer. Ik wens je veel succes bij deze belangrijke verantwoordelijkheid.,1,2025-11-18T19:01:25.000Z
De aardbeving van vannacht heeft veel Groningers met schrik wakker laten worden. Ondertussen onderweg naar Zeerijp om met bewoners te spreken en te luisteren naar wat zij nodig hebben. Hun veiligheid en zekerheid verdienen onze volle aandacht. ,1,2025-11-14T14:47:54.000Z
"Helaas heeft Hans Wijers moeten besluiten zijn taken als informateur neer te leggen. Ik dank hem voor zijn inzet en beschikbaarheid. Om geen tijd te verliezen in dit proces heb ik de Voorzitter van de Tweede Kamer voorgesteld om, binnen de opdracht van de Kamermotie, verder te gaan met Sybrand Buma als informateur.",0,2025-11-14T12:50:54.000Z
"D66 voelt een grote verantwoordelijkheid. Niet alleen voor onze eigen kiezers, maar voor alle Nederlanders die willen dat ons land weer vooruitgaat. Daarom zetten wij samen met CDA een stap vooruit, zodat de formatie weer in beweging komt en we aan de slag gaan met oplossingen. ",1,2025-11-13T11:46:15.000Z
"13 november 2015. Een dag die voor altijd in ons geheugen staat gegrift.

Vandaag herdenken we de slachtoffers van de verschrikkelijke aanslagen in Parijs. Onze gedachten zijn bij allen die werden vermoord en bij hun dierbaren. We dragen hun herinnering met ons mee. 🕯️ ",1,2025-11-13T08:33:32.000Z
"Vandaag werd de nieuwe D66 Tweede Kamerfractie beëdigd, de grootste ooit!Trots op dit team dat klaarstaat om Nederland vooruit te brengen. Aan de slag! ",1,2025-11-12T15:26:02.000Z
"Een stabiel, ambitieus kabinet dat snel aan de slag gaat voor alle Nederlanders. Dat is onze inzet. 

Dank aan de verkenner voor zijn advies. D66 &amp; CDA zetten nu een stap vooruit: aan het werk richting oplossingen die op brede steun kunnen rekenen en ons land in beweging brengen. ",1,2025-11-11T18:37:15.000Z
"De Kiesraad heeft het officieel bevestigd: D66 heeft de meeste stemmen gekregen. Een ongelooflijk gevoel van trots. 

En nee, er waren geen ‘containers vol verdwenen stemmen’ of andere spannende complotten. Wel waren er duizenden mensen meer die kozen voor vooruitgang, voor optimisme, voor samen. Dank aan iedereen. En nu aan de slag voor iedere Nederlander!",1,2025-11-07T11:29:48.000Z
"Suriname herdenkt voormalig president Ronald Venetiaan. Een leider die werd gerespecteerd om zijn eenvoud, rust en inzet voor herstel van de economie. Mijn medeleven gaat uit naar zijn nabestaanden en de Surinaamse gemeenschap. ",1,2025-11-05T19:46:21.000Z
"Nederlanders verwachten nu dat de positieve krachten de handen ineenslaan. Dat vraagt om een stabiel kabinet dat met breed draagvlak en lef aan de slag gaat. Een kabinet van doorbraken is nodig.

Lees hier mijn brief aan de verkenner: ",1,2025-11-05T09:18:19.000Z
Dank voor al jullie vertrouwen. We zijn de grootste partij van Nederland! Nu gaan we aan het werk voor álle Nederlanders. ,1,2025-10-31T12:58:05.000Z
"De grootste D66 uitslag ooit én dat hebben we gevierd! Wat een avond. We wachten in spanning op de definitieve uitslag, maar één ding weten we zeker: wij willen onze positieve missie voortzetten en het beste in elkaar naar boven halen voor álle Nederlanders! ",1,2025-10-30T17:26:06.000Z
"De positieve krachten hebben gewonnen! Ik wil voor alle Nederlanders aan de slag, want dit is het land van ons allemaal! ",1,2025-10-29T22:09:55.000Z
"We kunnen geschiedenis schrijven! Het is tijd om de positieve krachten weer de koers van ons land te laten bepalen. Daarvoor moet iedereen gaan stemmen. Jij en ik. Met vrienden, familie en collega’s. Want als alle positieve krachten zich verenigen, zetten we een punt achter het tijdperk Wilders. 

Voor betaalbare huizen, een slimme groene economie en een land van ons allemaal. Stem D66. Het kan wél",1,2025-10-29T13:55:22.000Z
"Morgen kunnen we kiezen. Voor nog meer chagrijn en haat, óf voor hoop, samenwerking en vooruitgang. Het is tijd om de bladzijde-Wilders om te slaan. Ga morgen stemmen want samen laten we zien: het kan wél! ",1,2025-10-28T21:35:54.000Z
"Israël voert zware luchtaanvallen uit op Gaza met mogelijk opnieuw onschuldige slachtoffers. We moeten hervatting van deze vreselijke oorlog voorkomen. Laat Europa, de VS en Arabische landen druk zetten op snelle de-escalatie en bescherming van álle burgers in Palestina en Israël ",0,2025-10-28T19:17:38.000Z
Iedere acht dagen wordt er in Nederland een vrouw vermoord. Acht dagen. Dat mag nooit normaal worden. Daarom vind ik het onbegrijpelijk dat juist Wilders - als enige partijleider - zijn handtekening niet zette onder het stembusakkoord tegen femicide. Laat de politiek nú in actie komen tegen vrouwengeweld. Onze aanpak ligt klaar om uitgevoerd te worden.,0,2025-10-27T19:58:16.000Z
"Over 2 dagen zullen we met alle positieve krachten Wilders verslaan! Het kan wél, dus ga stemmen! ",1,2025-10-27T18:43:35.000Z
"Twee PVV-Kamerleden die met nepbeelden een politieke tegenstander aanvallen en de waarheid verdraaien om anderen te beschadigen. Het is verwerpelijk en ondermijnend. 

Wilders, neem hier afstand van en grijp in.
",0,2025-10-27T07:03:33.000Z
"Vrijwilligers die flyers uitdelen voor hun partij, horen veilig te zijn. Punt. Een politiek debat voer je met woorden, nooit met geweld.

",1,2025-10-25T20:22:50.000Z
"Wilders kwam er gisteren veel te makkelijk mee weg. Want Wilders kan makkelijk praten als niemand hem echt tegenspreekt. Met mooie woorden los je geen problemen op.

In de volgende debatten zal hij moeten laten zien wat zijn plannen écht waard zijn. Want mensen met zorgen verdienen concrete oplossingen in plaats van geschreeuw.

Ik ben er klaar voor om die strijd aan te gaan. En te laten zien hoe het wél kan.",0,2025-10-24T09:33:52.000Z
"Tilburg krijgt met Fleur Gräper een fantastische burgemeester. Een loyale, harde werker met een bak aan ervaring en een hart van goud. 

Tilburg, gefeliciteerd en Fleur, veel succes! ",1,2025-10-23T20:01:26.000Z
"Johan Derksen als de dood voor D66? 😉

Vanavond was ik te gast bij @vandaaginside. Een tafel vol stevige meningen vaak anders dan die van mij, maar precies daarom is het belangrijk en leuk om in gesprek te zijn. En wat bleek? Ook hier vinden we raakvlakken. Het kan wél! Ook met de mannen van VI 😉

#VandaagInside #VI",1,2025-10-20T21:53:47.000Z
"Johan Derksen als de dood voor D66? 😉

Vanavond was ik te gast bij @vandaaginside. Een tafel vol stevige meningen vaak anders dan die van mij, maar precies daarom is het belangrijk en leuk om in gesprek te zijn. En wat bleek? Ook hier vinden we raakvlakken. Het kan wél! Ook met de mannen van VI 😉",1,2025-10-20T21:51:21.000Z
Wilders de grootste? Dat ga ik niet laten gebeuren! Sluit je aan bij D66 en doe mee met de positive krachten. Het kan wél! ,1,2025-10-19T21:56:53.000Z
"Ik wil Wilders verslaan met hoop, met energie en met de kracht van samen. Te vaak zijn we toeschouwers van angst en verdeeldheid. Maar dat tijdperk is voorbij. Want Nederland is groter dan de schreeuwers, sterker dan het cynisme en beter dan stilstand.

Het is tijd voor de positieve krachten om te winnen. Het kan wél!

",1,2025-10-18T15:04:57.000Z
"Juist de positieve krachten kúnnen samen aan de slag om Nederland vooruit te brengen, met daadkracht en ambitie.

En terwijl ons land vraagt om landsbelang boven partijbelang, komt Yesilgöz wederom met eisen en blokkades. Zo zet zij de VVD steeds meer buitenspel. Onverstandig. ",0,2025-10-16T16:39:49.000Z
737 dagen sinds 7 oktober 2023. 737 dagen waarop gijzelaars en familieleden hebben moeten wachten om elkaar weer in de armen te sluiten. Een intens emotioneel moment. En hopelijk een belangrijke stap op weg naar duurzame vrede voor Israeli en Palestijnen. ,1,2025-10-13T05:59:02.000Z
"Smoesjes, mevrouw Yesilgöz. Smoesjes. Wat het vredesproces niet helpt, is dat er straks misschien helemaal niets meer te erkennen is.

#rtlverkiezingsdebat #gaza ",0,2025-10-12T21:18:59.000Z
"100.000 woningen per jaar. Als de politiek blijft doen wat ze altijd al deed, gaat het niet lukken. Juist daarom geloof ik: het kan wél!

#rtlverkiezingsdebat #wonen ",1,2025-10-12T20:54:49.000Z
"Geen enkele politicus hoort belaagd te worden. Zo gaan we niet met elkaar om in Nederland. Gedraag je gewoon, ook wanneer je het met iemand oneens bent.

",0,2025-10-12T17:13:34.000Z
"Verkiezingen is democratie. Ik ben het in alles met Wilders oneens, maar ik zal zijn vrije woord altijd verdedigen. Sterkte aan hem en hoop dat hij zich veilig weet.",1,2025-10-10T12:23:17.000Z
Een verijdelde aanslag op de Belgische premier. Dit had heel anders kunnen lopen als de politie niet tijdig had ingegrepen. Jihadistisch extremisme lijkt hier de drijfveer en blijft een serieus gevaar in Europa. Onze zuiderburen verdienen alle steun. ,1,2025-10-09T20:26:04.000Z
"In mijn Nederland kunnen Sylvana Simons, Fleur Agema en ik samen aan tafel zitten. Fel in het debat, maar met respect voor elkaar. 

De Nederlandse vlag is niet van één partij, maar van iedereen die vooruit wil. Het kan wél! ",1,2025-10-09T06:40:46.000Z
"Na twee jaar terreur, oorlog, honger, dood en ellende lijkt er nu een bestand tussen Hamas en Israël.

Nederland en Europa moeten nu alles doen wat ze kunnen om vrede te bevorderen. En veel meer noodhulp moet vandaag nog Gaza in. ",1,2025-10-09T05:21:57.000Z
"Demonstreren is een recht, maar het spoor is nooit een plek voor protest. Breng reizigers, treinmedewerkers en jezelf niet onnodig in gevaar met dit soort gevaarlijke acties. Goed dat de politie direct ingrijpt. ",0,2025-10-08T19:07:05.000Z
"Vandaag herdenken we alle slachtoffers van de 7 oktober terreuraanval van Hamas. En we denken aan de familieleden die wachten op de terugkeer van gijzelaars. 🕯️

7 oktober. Een dag om te herdenken. En een dag om een streep te trekken. De oorlog moet stoppen. Lees mijn hele verklaring ⤵️

",1,2025-10-07T07:01:18.000Z
"Het échte Nederland is van de mensen die vooruit willen. Die bouwen aan vertrouwen, vrijheid en verbondenheid.

Van de positieve krachten die niet blijven hangen in angst of ruzie, maar samen werken aan wat beter kan.  Want samen kunnen we geschiedenis schrijven voor onszelf, voor onze kinderen, voor de toekomst van Nederland. Het kan wél.
#D66 #D66congres #HetKanWél",1,2025-10-04T17:07:42.000Z
"Noem mij een optimist. Noem mij een wensdenker. Maar ik zie nog veel meer kansen om te verbinden. Om de ruziemakers te stoppen en de positieve krachten te bundelen.

Lees hier mijn hele speech: ",1,2025-10-04T12:48:12.000Z
Vandaag is ons verkiezingscongres. Samen met alle positieve krachten werken we aan de doorbraken die Nederland verbinden en vooruit brengen. Het kán wél. Volg het congres live via: ,1,2025-10-04T08:27:38.000Z
"Vreselijk nieuws uit Manchester: een aanslag op een synagoge waarbij twee doden zijn gevallen. Mijn gedachten zijn bij de slachtoffers, hun naasten en de Joodse gemeenschap.

Antisemitisme en haat mogen nooit een plek krijgen. ",0,2025-10-02T11:47:47.000Z
"Goed dat het kabinet eindelijk gehoor geeft aan de lange roep vanuit de Kamer om ernstig zieke kinderen uit Gaza op te nemen. Menselijkheid hoort voorop te staan, altijd. Zeker wanneer het gaat om kwetsbare kinderen. ",1,2025-10-02T08:00:17.000Z
"VVD en BBB hebben Wilders niet eens nodig om in Europa de kant van Viktor Orbán te kiezen.

Terwijl Oekraïeners vechten voor Europese vrijheid en veiligheid, slaat Nederland een pleefiguur door een stap naar toetreding van Oekraïne te blokkeren. ",0,2025-10-02T06:13:43.000Z
"D66 groeit. Sluit je aan bij de positieve krachten. Word lid van de grootste liberale partij van Nederland:
",1,2025-09-29T20:51:14.000Z
"Ons land ís niet van de extremen, meneer Wilders. Maar van de miljoenen mensen die elke dag voor elkaar klaarstaan. Die verschillen overbruggen, in plaats van ze continu uit te vergroten.

Dat is wél ons land. Het land van de positieve krachten. En daar blijf ik voor opstaan. ",1,2025-09-25T12:33:19.000Z
"Mensen bekogelen met glaswerk, stenen en vuurwerk is volstrekt ontoelaatbaar. Hoe onsmakelijk of provocerend je een actie van een ander ook vindt. In ons mooie Nederland gebruik je woorden, geen geweld. ",0,2025-09-25T05:48:00.000Z
Woede én strijdbaarheid. Dat is wat bij mij overheerst na gisteren. Wij laten ons niet intimideren door extremisten. Zij zijn niet Nederland. Ons land en onze democratie zijn van de positieve krachten. Daar blijf ik - samen met hen - voor strijden! ,1,2025-09-21T11:44:39.000Z
"Onze D66-vlag wappert trots. En laat één ding duidelijk zijn: dat zal hij blijven doen. Want wij weten: de meeste Nederlanders hebben helemaal níets met de schreeuwers en relschoppers die vandaag de boventoon voerden. De positieve krachten zijn in de meerderheid. Wij zijn in de meerderheid. Dit is het moment om op te staan. Voor óns land en voor ónze democratie. En dat zullen we samen doen.

beelden & nieuwsitem: @RTLnieuws",1,2025-09-20T19:11:49.000Z
"Tuig. Je blijft van politieke partijen af.

Als je denkt dat je ons kan intimideren, dikke vette pech. Wij laten ons mooie land nooit afpakken door extremistische relschoppers. ",0,2025-09-20T13:47:56.000Z
"Tuig. Je blijft van politieke partijen af.

Als je denkt dat je ons kan intimideren, dikke vette pech. Wij laten ons mooie land nooit afpakken door extremistischte relschoppers. ",0,2025-09-20T13:44:31.000Z
"Walgelijk hoe deze hooligans agenten aanvallen, brandstichten, de snelweg blokkeren en wapperen met prinsenvlaggen, het symbool van de NSB.

En dat alles in de naam van 'wij zijn Nederland'. Nee. Dit heeft niets met Nederland te maken. Het is pure intimidatie. Laat de schreeuwers niet winnen. Het zijn de positieve krachten die bouwen aan een beter land.

Respect voor politie en hulpdiensten.",0,2025-09-20T12:43:14.000Z
Wie van u blokkeert een stevige vuist tegen Israël en humanitaire hulp voor gewonde kinderen? #APB2025 ,0,2025-09-18T16:19:07.000Z
"D66 in de lift! Sluit je aan bij de positieve krachten en doe mee. Vooruitgang zit in ons DNA, wij bepalen zélf onze toekomst. Het kan wél! 💚 ",1,2025-09-17T20:31:33.000Z
Laten we het nu al eens worden over een Noodwoonwet. Om op korte termijn meer dan 200.000 Nederlanders aan een woning te helpen. Het kan wél. Dus laten we dat nu met elkaar besluiten. #APB2025 ,1,2025-09-17T20:29:01.000Z
"Onbegrijpelijk dat sommige politici blijven zitten als Wilders urenlang haat predikt. Ik zal wél altijd opstaan, om te laten zien dat Nederland niet van de ruziemakers is, maar van de positieve krachten.
#APB2025 ",0,2025-09-17T16:03:29.000Z
"Kom mij niet aan met praatjes, meneer Wilders

#APB2025 ",0,2025-09-17T12:23:50.000Z
"Kom mij niet aan met praatjes, meneer Wilders ",0,2025-09-17T12:16:21.000Z
"In plaats van verbinding zoeken, zoals de Koning gisteren vroeg, is Wilders weer terug bij zijn agenda van uitsluiting en verdeeldheid.

Maar dat is niet het echte Nederland. Nederland zit vol mensen die elke dag samenwerken en aantonen dat het wél kan. Dát is ons land! #APB2025 ",0,2025-09-17T10:34:07.000Z
"Dit kabinet haalt opnieuw het klimaatdoel niet. Slecht nieuws voor de planeet en de energierekening van mensen en ondernemers. 

VVD en BBB houden ons vast in vervuiling en afhankelijkheid. Maar Nederland liet eerder zien dat het wél kan. Daadkracht en samenwerking zijn nu nodig. ",0,2025-09-16T14:08:24.000Z
"Lees hier mijn reactie op de Troonrede:
",1,2025-09-16T12:18:34.000Z
"Een afschuwelijke politieke moord op Charlie Kirk. In een vrije democratie is geen enkele plek voor geweld. Dat Amerika nu opnieuw wordt geconfronteerd met een moordaanslag die een stem in het publieke debat smoort, is een klap voor eenieder met een democratisch hart. Mijn gedachten gaan uit zijn naar zijn nabestaanden.",0,2025-09-11T06:41:12.000Z
"Aanval van Netanyahu op Qatar? Wilders op X.

Aanval van Poetin op de NAVO? Wilders muisstil.",0,2025-09-10T15:29:54.000Z
"Dat Polen Russische drones moet neerhalen is een ongekende escalatie. Poetin terroriseert Oekraïne en test nu ook het NAVO-bondgenootschap. 

Deze agressie mag niet beloond worden. Meer steun voor Oekraïne én sterkere Europese defensie zijn nodig! ",0,2025-09-10T05:55:01.000Z
"Plannen voor een autobom bij de woning van burgemeester Buma. Ongekend en diep verontrustend. 

Steun voor Sybrand en z’n familie. En waardering voor het snelle optreden van politie en OM.  ￼

",0,2025-09-09T18:53:57.000Z
"Goed nieuws uit de Kamer: er komt een verbod op ‘homogenezing’. Dank aan @wiepau die hier keihard voor gestreden heeft. Vandaag zegt de politiek duidelijk: je hoeft niet te genezen van wie je bent. 

",1,2025-09-09T15:13:07.000Z
"Abortus leidt jaarlijks tot tienduizenden slachtoffers door onveilige ingrepen. Dat is onmenselijk. Daarom wil D66 dat de toegang tot abortuszorg vastligt als mensenrecht in internationale verdragen zodat veilige zorg en zelfbeschikking de norm zijn. Een toekomst waarin dat overal vanzelfsprekend is; dát is waar we voor gaan.

Het kan wél

",1,2025-09-08T16:33:35.000Z
"Nederland is het land van vrijheid en vooruitgang. Maar de politiek blijft hangen in stilstand. Ruziemakers bepalen de toon.

Met dit programma willen wij aan de slag voor alle positieve krachten in ons land. Met grote doorbraken voor Nederland. Het kan wél!

",1,2025-09-05T11:13:28.000Z
"Nederlanders snakken naar samenwerking en stabiliteit. Maar Yesilgöz levert opnieuw verdeeldheid en onbestuurbaarheid.

De VVD laat zich onder haar leiding steeds verder meeslepen richting de extremen. Dan kies je bewust voor polarisatie in plaats van vooruitgang. ",0,2025-09-02T11:46:25.000Z
"Morgen ben ik bij de opening van het parlementaire jaar. Ik vertel wat voor D66 belangrijk is: samen met alle positieve krachten de mouwen opstropen en aan de slag.

Kijk om 09:00 uur live mee via NPO Politiek, bij Stichting Machiavelli vanuit Nieuwspoort. 

",1,2025-09-01T20:29:55.000Z
"Dank voor de input, Henri! ",1,2025-08-28T12:56:20.000Z
"We mogen niet vergeten dat deze politieke crisis is ontstaan omdat de VVD al maanden weigert alles te doen om het leed in Gaza en op de Westoever te stoppen. Ze doen alsof ze bewegen, maar stemmen steeds tégen. Wij blijven ons uitspreken en er alles aan doen om dit verschrikkelijke leed te stoppen.",0,2025-08-27T19:24:41.000Z
"Op 29 oktober kan Nederland kiezen voor de positieve krachten in plaats van de ruziemakers.

Wij komen op voor alle mensen die vooruit willen, samen de mouwen opstropen en zeggen: het kan wél! ",1,2025-08-27T14:32:50.000Z
"Veel steun voor het voorstel van D66 voor een nationaal eenheidskabinet, blijkt uit onderzoek van RTL. Mensen zijn de chaos en het geruzie zat en vragen om een stabiel en degelijk landsbestuur. Laten we als positieve krachten nu samenwerken en een stap vooruit zetten. ",1,2025-08-27T12:59:19.000Z
"Elke 8 dagen wordt in Nederland een vrouw vermoord. Maar toen Wilders écht actie kon ondernemen voor de veiligheid van vrouwen door onze voorstellen te steunen, gaf hij niet thuis. Nu probeert hij er valse politiek mee te bedrijven, puur en alleen voor eigen gewin. ",0,2025-08-27T10:15:52.000Z
"Mannen van Nederland, dit is ons probleem. Niet het probleem van vrouwen. Wij moeten ons uitspreken. Totdat vrouwen, altijd, zonder nadenken naar huis kunnen fietsen. ",1,2025-08-26T21:44:11.000Z
"Leiderschap is verantwoordelijkheid nemen. Wilders deed het tegenovergestelde.

Hij benoemde Faber tot minister, loste 0 beloftes in en liep uiteindelijk bang weg.

En terwijl de positieve krachten in ons land vooruit willen, blijft hij zelfs nu hangen in geruzie en eigenbelang. ",0,2025-08-26T07:27:20.000Z
"Mensen zijn het ruziemaken beu. Nederland heeft behoefte aan stabiliteit, zonder crisis en chaos.

Laten we nu met alle positieve krachten het landsbelang voorop stellen. Het is tijd voor een kabinet van nationale eenheid met gedegen bestuurders:
",1,2025-08-26T05:25:50.000Z
"Het is wederom een politieke puinhoop in Den Haag, veroorzaakt door steeds dezelfde ruziemakers. Ik maak me daar grote zorgen over. Laten wij juist nu de rust bewaren en een verstandige weg vooruit vinden. Voor de uitdagingen in Nederland en voor onze rol in een onrustige wereld.",0,2025-08-22T20:58:50.000Z
"Elke dag worden in Gaza onschuldige mensen verdreven, uitgehongerd en vermoord. Maar de VVD van Dilan Yesilgöz offert liever minister Veldkamp op dan ook maar één stap extra te zetten om genocide te helpen stoppen.

De lafheid regeert. ",0,2025-08-22T18:20:37.000Z
Zin om met deze fantastische mensen aan de slag te gaan voor jou! ,1,2025-08-22T09:13:13.000Z
"De beelden uit Gaza snijden dwars door je ziel. Kinderen, zieken en hele families worden de dood ingejaagd. De invasie van Gaza-stad is een nieuw dieptepunt. 

Voor D66 is de maat vol: als minister Veldkamp vandaag geen extra sancties aankondigt, zegt D66 het vertrouwen in hem op. Nederland moet stoppen met wegkijken om levens te redden.",0,2025-08-21T06:46:38.000Z
"Op 15 augustus herdenken we het einde van de Tweede Wereldoorlog in Nederlands-Indië en alle slachtoffers die vielen in de oorlog tegen Japan en tijdens de wrede Japanse bezetting. 

Velen moesten hun land verlaten en in Nederland, vaak in stilte, een nieuw bestaan opbouwen.

Dat Indisch zwijgen heeft ervoor gezorgd dat veel verhalen nooit of pas veel later verteld zijn. Toch zijn ze van onschatbare waarde. Ze leren ons over veerkracht, over onrecht, en over hoe oorlog generaties kan tekenen.

Vandaag luisteren we naar die verhalen, spreken we de namen hardop uit, en eren we iedereen die getroffen werd. Zodat dit niet vergeten wordt. 

#indiëherdenking #15augustus",1,2025-08-15T07:59:35.000Z
Onwijs veel zin om met dit geweldige team te gaan knokken voor Nederland 🇳🇱💚 ,1,2025-08-06T14:01:19.000Z
"Trots dat Nathalie van Berkel onze nummer 2 is op de advies-kandidatenlijst voor D66. Met jaren ervaring en haar enorme drive om een betere overheid voor mensen te organiseren, maakt ze het verschil.

Dit is nog maar het begin. Morgen komt de rest van de D66-lijst. Een team dat klaar is om de handen uit de mouwen te steken.",1,2025-08-05T13:10:28.000Z
"Derk Sauer, een man die zijn stem gebruikte om anderen een stem te geven. Die vocht voor het vrije woord, juist daar waar dat het meest onder druk stond.

Sterkte gewenst aan iedereen die hem liefhad en met hem werkte.

",1,2025-07-31T18:39:10.000Z
"Na Frankrijk is ook het Verenigd Koninkrijk bereid om Palestina als onafhankelijke staat te erkennen. D66 roept het kabinet op: zet ook als Nederland deze stap. Alleen met twee soevereine staten komt er duurzame vrede, veiligheid en perspectief voor zowel Israëli’s als Palestijnen.",1,2025-07-29T16:34:07.000Z
"De maatregelen tegen Israël die het kabinet-Schoof heeft afgekondigd, zijn onvoldoende om het bloedvergieten te stoppen en meer humanitaire hulp te leveren aan onschuldige burgers die doodgaan door een gebrek aan voedsel en water.

De Tweede Kamer komt terug van zomerreces voor een debat. Nu is er wel steun voor het verzoek van SP, @D66 en GLPvdA.",0,2025-07-29T15:42:39.000Z
"De maatregelen tegen Israël die het kabinet-Schoof heeft afgekondigd, zijn onvoldoende om het bloedvergieten te stoppen en meer humanitaire hulp te leveren aan onschuldige burgers die doodgaan door een gebrek aan voedsel en water.

De Tweede Kamer komt terug van zomerreces voor een debat. Nu is er wel steun voor het verzoek van @D66 en GLPvdA.",0,2025-07-29T15:42:05.000Z
Het Nederlandse kabinet neemt eindelijk wat stappen richting Israël. Maar om tienduizenden mensen van de hongerdood te redden is veel meer echte druk nodig. 🧵⤵️ ,0,2025-07-29T07:28:16.000Z
"Premier Schoof, VVD en NSC kunnen een voorbeeld nemen aan Parijs.

Niet wegkijken van alle ellende in Gaza en op de Westbank, maar pal staan voor humaniteit en het internationaal recht. ",1,2025-07-24T21:01:34.000Z
"Een historische uitspraak: landen zijn verplicht om klimaatschade te voorkomen.

Laat dit politici wereldwijd aanmoedigen om vol overtuiging door te pakken. Investeren in schone energie en groene banen is investeren in veiligheid en welvaart. Het kan wél.

",1,2025-07-23T17:16:53.000Z
"11 jaar lang met pijn in onze harten. Veel sterkte aan alle nabestaanden. We zullen jullie geliefden nooit vergeten.

#MH17 ",1,2025-07-17T11:35:50.000Z
"Honderdduizenden onschuldige mensen uit hun huizen verdrijven en opsluiten in een kamp. Dat is geen ‘humanitaire stad’, dat is etnische zuivering. Hoeveel oorlogsmisdaden mag Netanyahu nog begaan voordat het kabinet serieus ingrijpt?
",0,2025-07-09T17:47:25.000Z
"Elf jaar geleden kwamen 298 mensen nooit meer thuis, onder wie 196 Nederlanders. Kinderen, ouders, geliefden. 

Zelden werden zoveel Nederlanders slachtoffers van een terreurdaad. MH17 liet lege stoelen achter aan eettafels, stilgevallen telefoons, eindeloos gemis.

Vandaag is opnieuw uitgesproken wat nabestaanden al zolang weten: Rusland is verantwoordelijk. Deze uitspraak betekent erkenning voor nabestaanden, maar zal de pijn nooit wegnemen.",1,2025-07-09T11:47:24.000Z
"Mensen snakken naar een betaalbaar huis, maar de woningmarkt zit muurvast. Zolang politici geen lef tonen, groeit het tekort.

De tijd van halve maatregelen is voorbij. D66 kiest voor echte doorbraken: 10 nieuwe steden, sneller bouwen en slimmer doorstromen. Doe jij mee?
",1,2025-07-08T07:26:10.000Z
"Dit kabinet heeft de klimaatkoers losgelaten. Afspraken sneuvelen, investeerders haken af en bedrijven blijven in onzekerheid. Terwijl de klimaatcrisis niet wacht. Wij kiezen voor doorbraken die wél werken.

Lees het hele interview: 
",0,2025-07-02T09:23:42.000Z
"Vreselijk, Douwe Bob moet vluchten met zijn gezin. @DilanYesilgoz beschuldigde hem zonder de feiten te kennen. Ze kreeg meermaals de kans haar woorden terug te nemen. Maar dat deed ze niet.

Met deze hijgerige politiek wakkert Yesilgöz haat, verdeeldheid en wantrouwen aan. Ons land verdient beter. Laten we kiezen voor een politiek die verantwoordelijkheid neemt en mensen bij elkaar brengt.",0,2025-07-01T19:51:09.000Z
"Vreselijk, Douwe Bob moet vluchten met zijn gezin. @DilanYesilgoz beschuldigde hem zonder de feiten te kennen. Ze kreeg meermaals de kans haar woorden terug te nemen. Maar dat deed ze niet.

Met deze hijgerige politiek wakkert Yesilgöz haat, verdeeldheid en wantrouwen aan. Ons land verdient beter. Laten we kiezen voor een politiek die verantwoordelijk neemt en mensen bij elkaar brengt.",0,2025-07-01T19:46:26.000Z
"Goed onderwijs is geen bijzaak. Dankzij ons initiatief met brede steun lijkt de bezuiniging op de onderwijskansenregeling van tafel. Minder kinderen in de knel, meer leraren voor de klas. Zo zie je, met goed samenwerken kan het wel! Nu strijden wij door tegen de andere bezuinigingen.

",1,2025-07-01T15:18:18.000Z
"Vandaag liepen 200.000 mensen mee in de Budapest Pride. Niet als feest, maar als protest. Tegen autocratische leiders. En voor veiligheid en vrijheid voor iedereen!

Trots dat @MpanzuBamenga en het Pride66-netwerk van @D66 meeliepen in de mars. Erg teleurstellend dat staatssecretaris Paul dat niet deed namens het Nederlandse kabinet.",1,2025-06-28T19:11:08.000Z
"We kunnen Wilders opnieuw jarenlang de discussie over migratie laten bepalen. Of we kunnen als partij in het midden een stap naar voren zetten en kijken hoe het wél kan. Met een nieuw migratiemodel. Snel, strikt en rechtvaardig. 

Wij hebben een plan: ",1,2025-06-27T12:08:10.000Z
"De Nederlandse NAVO-top gaat de geschiedenisboeken in, met een eensgezinde hogere inzet voor veiligheid en vrijheid. Indrukwekkend hoe tienduizenden agenten, militairen en hosts dit mogelijk maakten. Nu is het tijd voor daadkracht: niet achterover gaan leunen, maar investeren in een gezamenlijke Europese krijgsmacht.",1,2025-06-25T13:31:55.000Z
"Het huidige migratiesysteem is compleet vastgelopen. Dat is slecht voor Nederlanders én voor mensen op de vlucht. Ik wil het debat niet langer laten kapen door de extremen, of ingegraven standpunten op links en rechts. Laten we aan de slag gaan met voorstellen die wél werken.

Lees meer: ",0,2025-06-23T06:17:49.000Z
"Het huidige migratiesysteem is compleet vastgelopen. Dat is slecht voor Nederlanders én voor mensen op de vlucht. Ik wil het debat niet langer laten kapen door de extremen, of ingegraven standpunten op links en rechts. Laten we aan de slag gaan met voorstellen die wél werken.

Lees meer: D66 verandert standpunt over asiel en wil ‘Canadees model’: ‘Het huidige systeem is stuk’ ",0,2025-06-23T06:17:19.000Z
"Een grote eer om kandidaat-lijstrekker te zijn voor D66. Nederland heeft te lang stilgestaan. We snakken naar vooruitgang vanuit het midden. Met doorbraken voor betaalbare woningen, kortere wachtlijsten in de zorg en toponderwijs voor kinderen. Ik weet: het kan wél. Doe jij mee? ",1,2025-06-20T15:45:01.000Z
"Dit maakt me niet alleen woedend, het maakt me ook verdrietig. In een stad die bekendstaat om vrijheid worden homojongeren bedreigd, uitgescholden, en klein gemaakt. Dit is geen toeval of “mening”. Dit is het gevolg van haat, zwijgen, en wegkijken. Als je denkt dat dit normaal is: jij bent onderdeel van het probleem! Liefde is geen bedreiging. Intolerantie wél. Hoog tijd voor een hardere aanpak van dit soort huftergedrag.",0,2025-06-19T14:36:48.000Z
"Goed onderwijs is geen kostenpost, maar de beste investering in onze toekomst. D66 blijft samen met andere partijen strijden tegen deze kortzichtige bezuinigingen op leerlingen en studenten. VVD, NSC en BBB: grijp deze kans om jullie fout te herstellen.

",0,2025-06-18T18:36:02.000Z
"Bezuinigen op de toekomst van scholieren en studenten is niet alleen hard, het is kortzichtig. Want als zij afhaken, betaalt de hele samenleving de prijs. 

Samen met andere partijen dienen we vandaag een voorstel in om de geplande bezuinigingen van tafel te krijgen. Want elk kind verdient een eerlijke start. Wij zullen altijd blijven strijden voor beter onderwijs.",0,2025-06-18T13:25:31.000Z
"Niet bezuinigen op lezen, schrijven, rekenen en MBO-stages. We kunnen het vandaag regelen met het voorstel van D66, CDA, CU, SGP en JA21. Doen jullie mee VVD en NSC? ",1,2025-06-18T07:03:29.000Z
"Leerlingen die moeite hebben met taal. Studenten die al stress hebben over hun toekomst. En dan wil het demissionaire kabinet nu 407 miljoen bezuinigen op onderwijs?

Dat voelt oneerlijk. En dat ís het ook. Samen met andere partijen komen we vandaag met een voorstel om dit tegen te houden. Omdat elk kind en elke student het verdient om vooruit te komen.

Lees hier het hele artikel: ",0,2025-06-18T06:02:00.000Z
"Een duidelijk signaal van de kiezer. Het enorme tekort aan woningen houdt mensen in de houdgreep.

Met de woondoorbraken van D66 kan het wél. Met een bouwbaas, noodwoonwet, meer doorstroming en 10 nieuwe steden. Ik nodig alle partijen uit: doe mee. Nederlanders verdienen het. ",1,2025-06-14T11:00:26.000Z
"Zeer zorgwekkende berichten uit het Midden-Oosten, waar een nieuwe oorlog dreigt te ontketenen. Grootschalige aanvallen van zowel Israël als Iran kennen niets dan verliezers. Laat de internationale gemeenschap nu zo snel mogelijk in actie komen om te de-escaleren. ",0,2025-06-13T06:27:02.000Z
"Laten we de stilstand doorbreken en met elkaar bouwen aan vooruitgang. Want ik voel: het kan wél!

Ik stel me met veel plezier opnieuw kandidaat als lijsttrekker voor D66. Doe je mee met de campagne? ",1,2025-06-12T17:16:29.000Z
"De politiek heeft veel tijd verloren, maar met de val van het kabinet liggen er volop kansen om mensen weer vooruit te helpen. Échte doorbraken zijn nodig — voor meer woningen, goed onderwijs en een nieuwe economie. Ik sprak erover met BNR's Big Five:

",1,2025-06-12T13:22:42.000Z
"Wat een hartverscheurend bericht uit Oostenrijk. Jongeren en leraren op brute wijze vermoord op school, een plek die veilig hoort te zijn. Mijn gedachten zijn bij de slachtoffers, hun families en bij iedereen die nu met verdriet achterblijft.

",1,2025-06-10T10:14:52.000Z
"Delft krijgt met Alexander Pechtold een gepassioneerde, ervaren en betrokken burgemeester. Een geweldige match voor deze prachtige en innovatieve stad met zoveel historie. ",1,2025-06-05T20:44:54.000Z
Het experiment met Wilders is faliekant mislukt. Maar mevrouw Yesilgöz is er trots op - en zou het morgen weer doen. Hoelang blijft zij de deur nog openzetten voor Wilders? ,0,2025-06-04T13:01:42.000Z
"Het doek is gevallen voor het kabinet van PVV, VVD, NSC en BBB. Dat is geen verrassing. De keuze van de VVD om in zee te gaan met de PVV was onverantwoord – na maanden van chaos zien we nu het resultaat.

Nederland stond ooit bekend als het land van vooruitgang – maar twee jaar lang stond Nederland stil. Terwijl mensen snakken naar oplossingen. D66 wil zo snel mogelijk aan de slag met doorbraken voor meer huizen, betere gezondheid en het beste onderwijs voor hun kinderen.",0,2025-06-03T08:13:10.000Z
"Iedereen die zich herkent in de waarden van D66 — democratie, rechtvaardigheid en vooruitgang — is welkom. Robert heeft zich weloverwogen gemeld bij onze Eerste Kamerfractie en we zien uit naar zijn bijdrage binnen D66. Lees hier de volledige verklaring: ",1,2025-06-02T14:19:57.000Z
Kat in het nauw ⤵️ ,1,2025-05-26T14:06:15.000Z
"De wachtlijsten lopen op, mensen krijgen niet op tijd hulp en zorgverleners raken overwerkt. Daarom presenteren wij vandaag doorbraken voor gezondheid. Meer lezen: ",0,2025-05-24T10:24:29.000Z
"Hoeveel beelden uit Gaza moeten er nog volgen voordat dit kabinet opstaat en zegt: deze verschrikking moet NU stoppen?

Tijdens de demonstratie vorige week stonden 100.000 mensen van alle achtergronden schouder aan schouder om te zeggen: genoeg is genoeg. Wacht niet langer met actie.",0,2025-05-23T17:33:27.000Z
"Het kortetermijndenken van politiek Den Haag houdt ons land in de wurggreep. Nederland snakt naar doorbraken. Daarom zeg ik: haal de bezem door de overheid.

Met studenten sprak ik erover tijdens het Congres der Bestuurskunde. Lees mijn hele boodschap: ",0,2025-05-23T12:36:17.000Z
"Oorlog brengt niets anders voort dan dood en verderf. Dat verspreidt zich over de wereld, zoals nu met deze vreselijke moord op twee Israëlische diplomaten in de V.S. De oorlog in Gaza moet stoppen. Het vergif dat haat en antisemitisme voortbrengt moet uit de samenleving. ",0,2025-05-22T08:07:05.000Z
"De regering-Netanyahu overschrijdt alle grenzen. In Gaza, op de Westbank en nu ook bij diplomaten. Dat is volstrekt onaanvaardbaar. Een simpel verzoek om opheldering van de minister is echt onvoldoende. Ontbied vandaag nog de Israëlische ambassadeur.

",0,2025-05-21T16:37:26.000Z
Verschrikkelijk. Rust zacht Jeffrey en Emma. Veel sterkte aan familie en vrienden 🤍 ,1,2025-05-21T08:53:30.000Z
"Woningbouwprojecten liggen stil, bedrijven sluiten, boeren lijden onder onzekerheid. Werkgevers en provincies slaan terecht alarm.

De oplossing is voorhanden. Hoelang houden BBB en VVD ons land en onze economie nog in de wurggreep? Aan de slag!

",0,2025-05-21T06:01:48.000Z
"Hans Wiegel was een markant en invloedrijk politicus. Een scherp debater, een man met humor en flair, én iemand die de democratie diende met overtuiging. Ik wens zijn familie, dierbaren en de VVD veel sterkte met dit verlies.

",1,2025-05-20T09:55:59.000Z
"Wilders heeft altijd de mond vol van ‘wat de Nederlander wil’. Totdat diezelfde Nederlander zich massaal uitspreekt tegen Wilders.

Stop met onzinnige verdeeldheid zaaien. 100.000 mensen demonstreren vandaag tegen het onmenselijk leed dat onschuldige Palestijnen wordt aangedaan. ",0,2025-05-18T15:40:52.000Z
"Samen trekken we de rode lijn. 🚩
Kippenvel. Vandaag liepen meer dan 100.000 mensen mee in de protestmars in Den Haag. Mensen van alle leeftijden, achtergronden en overtuigingen verenigd door één dringende boodschap aan het kabinet:

Doe alles wat in je macht ligt om Israël te stoppen met het uithongeren en doden van onschuldige Palestijnen.

Wat in Gaza en de Westbank gebeurt, tart elke vorm van menselijkheid. Het is aan ons, als samenleving en als politiek leiders, om te laten zien dat we niet wegkijken.

Dit moet stoppen. Nu.
Kom in actie.🕊️",1,2025-05-18T14:24:22.000Z
"Met groot verdriet nemen we afscheid van Jan Terlouw. Voor mij, net als voor vele anderen, is Jan een symbool van moed en vooruitgang. Met zijn verhalen en liefdevolle aandacht wist hij ons te raken. Zijn leven is een onmisbaar hoofdstuk in de geschiedenis van D66 en een blijvende inspiratie. Met de stem en de idealen van Jan in onze gedachten, blijven we strijden voor wat hem zo dierbaar was: zorg voor de aarde en zorg voor elkaar, in het belang van generaties die na ons komen. We zullen Jan missen.

Mijn gedachten gaan uit naar zijn geliefde, zijn kinderen, familie en allen die Jan dierbaar waren. Ik wens hen veel sterkte met dit grote verlies.",1,2025-05-16T09:22:22.000Z
"Steeds meer onderwijs en onderzoek staat op de rand van de afgrond door de krankzinnige bezuinigingen van PVV, VVD, NSC en BBB.

Ook in Wageningen - bij een van de belangrijkste universiteiten ter wereld. Een klap voor studenten en onze ondernemers. D66 blijft hiertegen strijden. ",0,2025-05-15T16:08:35.000Z
"Onderweg naar Amsterdam voor het Landelijk Congres der Bestuurskunde, waar ik zal spreken over hoe het in de politiek muur en muurvast zit: besluiten blijven liggen, verantwoordelijkheden worden doorgeschoven. Regels die bedoeld waren om ons land schoon te houden, zijn nu de regels die de komst van schone energie tegenhouden. En regels die mensen woonplezier moesten geven, hinderen nu de bouw van nieuwe huizen. Alle logica is zoek. Iedereen zit elkaar in de weg. Tijd voor doorbraken. Een frisse wind en een stevige bezem door overheid. #LCB2025",0,2025-05-12T12:36:31.000Z
"Vandaag vieren we 80 jaar vrijheid. Terwijl wij vrijheid herdenken en vieren, worden in Oekraïne en het Midden-Oosten nog elke dag onschuldige mensen getroffen door oorlog.

Vrijheid vraagt om bescherming. Om een sterk Europa - met een Europese krijgsmacht - dat de vrede bewaakt. ",1,2025-05-05T06:29:54.000Z
Vandaag sta ik stil bij allen die hun leven gaven voor onze vrijheid. We herdenken de slachtoffers van de Tweede Wereldoorlog en van oorlogen en vredesmissies daarna. Hun offers en moed blijven ons inspireren en verplichten hun idealen levend te houden. ,1,2025-05-04T05:27:46.000Z
"Indrukwekkend gesprek met Hanneke Gelderblom-Lankhout. Als Joods meisje overleefde zij de oorlog in onderduik. Haar vader werd onderweg naar Auschwitz vermoord.

Na de oorlog werd Hanneke politiek actief namens D66. Zij is 80 jaar na de bevrijding nog altijd een inspiratiebron.

",1,2025-05-02T08:34:57.000Z
"Het voedsel in Gaza is vandaag op. Uithongering inzetten als wapen is een oorlogsmisdaad, en toch doet Netanyahu precies dat. 

Nederland mag niet stil blijven bij zulk onrecht. Laat de regering eindelijk een lijn trekken en overgaan tot harde sancties om serieus druk te zetten. ",0,2025-04-28T09:59:06.000Z
"Terwijl doorbraken nodig zijn, schiet de klimaataanpak van het kabinet nog altijd tekort. Dat verrast niet, maar stelt wel teleur. Niet de belofte van groene groei, maar grijze krimp heeft zo de overhand.

Als voormalig klimaatminister weet ik dat we het wél kunnen. Lees hier mijn hele reactie: ",0,2025-04-25T13:59:28.000Z
"Scholen en scholieren pikken niet langer dat het kabinet met de sloopkogel door het onderwijs raast.

Triest dat het zo ver moet komen. Maar bovenal is het onbegrijpelijk dat dit kabinet het zo gemunt heeft op onze kinderen. Zij verdienen deze kaalslag niet. D66 wil een debat. ",0,2025-04-24T12:34:09.000Z
"In 2019 waarschuwde D66 voor de schade aan woningbouw en economie. Nu erkennen ook dit kabinet en de BBB dat ingrijpen nodig is.

Ja, het geld voor een oplossing hebben ze afgeschaft en ja, de aanpak gaat nog te traag. Dus maak haast: want hoe langer je wacht, hoe harder de klap. ",0,2025-04-23T21:39:44.000Z
"Te veel levens staan op pauze omdat mensen geen huis kunnen vinden. Het is code rood voor woningzoekenden, dus tijd voor doorbraken om de woningmarkt weer te laten werken voor mensen.

Lees hier het vandaag gepresenteerde totaalplan van D66: ",1,2025-04-22T12:04:53.000Z
"Te veel levens staan op pauze omdat mensen geen huis kunnen vinden. Het is code rood voor woningzoekenden, dus tijd voor doorbraken om de woningmarkt weer te laten werken voor mensen.

Lees hier het vandaag gepresenteerde totaalplan van @D66: ",1,2025-04-22T12:03:26.000Z
"Terwijl honderdduizenden Nederlanders op zoek zijn naar een huis, maakt de coalitie er een nog grotere bende van. Zo kan het niet langer.

Morgen 10.00u presenteert D66 tientallen doorbraken voor de woningmarkt. Stay tuned!

",0,2025-04-21T18:21:44.000Z
"Paus Franciscus gaf een nieuwe stem aan de katholieke kerk. Met zijn pleidooi voor compassie, gelijkwaardigheid en zorg voor onze planeet bracht hij vooruitgang naar het Vaticaan. Hij zal door velen gemist worden.

",1,2025-04-21T09:20:15.000Z
"Dank Pieter, voor je jarenlange inzet voor Nederland. Je was een gedreven parlementariër met een scherp oog voor rechtvaardigheid en controlerende macht. Het ga je goed. ",1,2025-04-18T17:47:16.000Z
"De voorjaarsnota die het kabinet vandaag presenteert, is een gemiste kans. Terwijl ons land snakt naar grote doorbraken, kiest dit kabinet voor korte termijnpolitiek en bezuinigingen die ons duur komen te staan.

Lees mijn volledige reactie via LinkedIn:
",0,2025-04-18T14:16:57.000Z
"Wat een gemiste kans. Terwijl ons land nu al wordt geplaagd door droogtes en overstromingen, plundert het kabinet het geld voor verduurzaming van huizen en bedrijven. En dat alles in ruil voor een habbekrats van een paar euro.

Politieke kortzichtigheid in optima forma. ",0,2025-04-17T16:48:33.000Z
"Te veel mensen zetten hun levens op pauze omdat zij geen huis kunnen vinden. Tegelijkertijd zet de coalitie een rode streep door de bouw van tienduizenden huizen.

Nederland verdient beter. D66 lanceert dinsdag doorbraken voor de woningmarkt. Wij gaan de hele boel aanpakken. ",0,2025-04-17T12:14:14.000Z
"Je zou kunnen kiezen voor tien nieuwe steden.. Maar de coalitie kiest voor rampzalige plannen voor woningzoekenden én huiseigenaren:
🔴 170.000 minder nieuwbouwwoningen
🔴 1,4 miljoen mensen met een te hoge energierekening

Mensen worden door dit stilstand-kabinet gedwongen hun leven op pauze te zetten. Dit kan zo niet langer.

Als het kabinet het niet doet, doen wij het zelf wel. D66 komt dinsdag met doorbraken voor de woningmarkt.",0,2025-04-16T13:06:41.000Z
"Wekenlang spraken coalitiepartijen over de voorjaarsnota. Nu zetten zij hun plannen in de etalage, en dat is hun goed recht. Maar ze zwijgen over waar zij de rekening neerleggen.

Wat wel duidelijk is: defensie en de energierekening komen er bekaaid vanaf. En terwijl échte doorbraken nodig zijn, kiest de coalitie voor uitstel op klimaat, stikstof en meer woningen. Toon daadkracht.",0,2025-04-16T11:49:50.000Z
"Iedereen verdient regie over hun levenseinde. Maar voor mensen met dementie is het nu vaak te lastig om euthanasie te krijgen.

D66 wil een doorbraak. Om mensen met dementie meer zekerheid te geven over hun wens, en artsen de ruimte die in te willigen.

",1,2025-04-16T05:20:22.000Z
"Europa is nu gemiddeld 2,5 graad warmer dan begin vorige eeuw. Met meer extreem weer en overlast tot gevolg. Beter klimaatbeleid is hard nodig om ons veilig te houden.

",0,2025-04-15T05:29:00.000Z
"Het kortetermijndenken houdt Den Haag in de wurggreep. Laten wij het lef en leiderschap tonen om wél aan de slag te gaan. Met grote doorbraken voor een nieuwe economie, meer woningen en een schone toekomst.

Lees mijn hele speech:
",1,2025-04-13T13:12:17.000Z
"VVD-leider Yesilgöz verbond haar lot aan de PVV en gaf Wilders de hoofdrol in ons landsbestuur. Hun experiment is faliekant mislukt.

Wat Nederland nu nodig heeft is serieuze politiek en constructieve samenwerking. D66 wil vooruitgang en werken aan grote doorbraken voor ons land. ",0,2025-04-12T16:40:07.000Z
"Het kabinet is alleen maar bezig met geruzie en het land is nog geen meter opgeschoten. Als oppositiepartij stropen we de mouwen op en komen we zelf met plannen. Meer daarover vandaag op het D66 congres. Zie ik jou daar ook?

Lees mijn interview in Trouw:
",0,2025-04-12T06:10:36.000Z
"Opnieuw blijkt dat Netanyahu allesvernietigend en roekeloos handelt. De wereld staat erbij, kijkt ernaar en zorgt dat de straffeloosheid regeert. En het Nederlandse kabinet? Dat is te beroerd om Israël ook maar een strobreed in de weg te leggen. ",0,2025-04-07T18:04:21.000Z
"Wat een indrukwekkend en dapper stuk van @MarijkeSynhaeve in Trouw. Ze laat haarscherp zien hoe digitale intimidatie, deepfakes en haatcampagnes worden gebruikt om vrouwen in de politiek klein te krijgen. Dat hoort nooit ‘bij het vak’. Het is mensonterend en ondermijnt onze democratie. Goed dat Marijke hier zo duidelijk de vinger op legt.

",1,2025-04-03T13:19:05.000Z
"De huren, de boodschappen, de energierekening. Het wordt allemaal duurder. Toch blijft dit kabinet mensen op kosten jagen. Na de btw-verhoging, nu ook de zorgpremie met €200 (!) per jaar.

D66 waarschuwt al langer. Kom bij de begroting tot inkeer. Nederlanders verdienen beter. ",0,2025-04-03T12:30:56.000Z
"Een minister die haar plicht verzaakt en haar ambt te schande maakt, verdient geen vertrouwen. Dat VVD &amp; NSC zóveel incompetentie gedogen, is onvoorstelbaar. Het is tijd dat Faber vertrekt. ",0,2025-04-02T14:22:35.000Z
"Een debat over de eenheid van kabinetsbeleid die ver te zoeken is, waar de premier niet wil komen. Ironischer kan niet. ",0,2025-04-02T06:49:42.000Z
"Mevrouw Faber, een grove schande voor het ministerschap. Hoog tijd dat de premier uitleg komt geven over haar walgelijke gedrag. ",0,2025-04-01T15:36:41.000Z
"Fijn voor de mensen die alsnog een welverdiend lintje krijgen. Gênant en teleurstellend dat het zo moet. De premier maakt een knieval voor Faber en Wilders.

Een minister die haar middelvinger opsteekt naar vrijwilligers tolereer je niet, dat corrigeer je. ",0,2025-03-31T16:07:24.000Z
"Het amateurisme. De chaos. Het gebrek aan resultaat. Het is gekmakend. Kabinet en coalitie: Nederlanders hebben hier helemaal niets aan.

Laat de premier een van zijn ministers zo tegen hem tekeer gaan in de media? Premier Schoof, treed op. ",0,2025-03-28T11:11:11.000Z
"Vreselijke berichten uit Amsterdam vandaag. Mijn gedachten zijn bij de slachtoffers van deze afschuwelijke steekpartij, en bij hun families en geliefden.

Het is nu belangrijk dat politie en OM hun werk zorgvuldig kunnen doen om duidelijkheid te krijgen over wat er is gebeurd.",1,2025-03-27T17:53:14.000Z
"Dit nieuws betekent een bom onder de onderwijsbegroting en een gamechanger voor studenten, docenten, onderzoekers en ondernemers.

Het kabinet mag deze onderwijsbezuinigingen niet met oogkleppen op blijven doorduwen. De Eerste Kamer kan het tij nog keren. ",1,2025-03-27T15:10:51.000Z
"Hoelang is het nog verantwoord om PVV en BBB aan de knoppen van ons veiligheidsbeleid te laten? We staan internationaal voor joker. Bedankt @DilanYesilgoz, voor het toelaten van deze partijen tot ons landsbestuur. ",0,2025-03-20T08:00:13.000Z
"Nederlanders zijn het zat, die coalitie van boekhouders en ruziemakers. 

Het vertrouwen in Wilders op een dieptepunt vanwege zijn pro-Trump en anti-Oekraïne koers.

Hoe lang blijft Yesilgöz het land uitleveren aan PVV en BBB?

",0,2025-03-19T06:59:43.000Z
Hoe lang blijft @DilanYesilgoz het land uitleveren aan Wilders en Van der Plas? Met een veto op Europees- en veiligheidsbeleid. Terwijl nú daadkracht en leiderschap nodig is voor onze vrijheid en veiligheid. ,0,2025-03-18T20:22:43.000Z
"Naast het afknijpen van hulp en nutsvoorzieningen aan honderdduizenden onschuldige mensen, heropent Netanyahu nu de oorlog in Gaza met mogelijk opnieuw vele doden. 

De internationale gemeenschap moet alles op alles zetten voor het beëindigen van deze spiraal van geweld. ",0,2025-03-18T05:48:33.000Z
"""Democratie breekt niet in één klap af, maar door kleine scheurtjes. En ik heb het gevoel dat we natte voeten krijgen."" – @Sneller

De rechtsstaat is geen speeltje voor politici. D66 werpt de dam op tegen politieke bemoeienis met rechtspraak. Lees over onze initiatiefwet:

",0,2025-03-17T13:42:17.000Z
"Nederland liep altijd voorop in Europese samenwerking. Maar PVV, NSC en BBB plaatsen ons nu in een isolement. 

In tijden van crisis, waarbij heel Europa in actie komt om ons continent te beschermen, kiest Nederland ervoor om dwars te liggen. Zelfs Hongarije was voor. Schoof staat in z’n hemd. 

Ons land zit opgescheept met een coalitie die speelt met onze veiligheid en positie. Hoe lang kan de VVD dit nog verantwoorden?",0,2025-03-11T14:42:17.000Z
"Wie denkt dat onderwijs duur is, begrijpt niet wat domheid kost.

Vandaag in Leiden bij de start van de estafetteweek met acties voor het onderwijs in het hele land. Hoog nodig, want de bezuinigingen van PVV, VVD, BBB en NSC hakken erin: banen verdwijnen, onderzoek stopt, innovatie stagneert.

De wereld staat in de fik. Dat vraagt niet alleen om militaire kracht, maar ook een economisch sterk Nederland.  D66 vecht voor beter onderwijs en gelijke kansen. Begin april stemt de Eerste Kamer – dit is hét moment om in actie te komen.

Laat van je horen: Handen af van ons onderwijs!",1,2025-03-10T18:35:54.000Z
"Wie denkt dat onderwijs duur is, begrijpt niet wat domheid kost.

Vandaag in Leiden bij de start van de estafetteweek met acties voor het onderwijs in het hele land. Hoog nodig, want de bezuinigingen van PVV, VVD, BBB en NSC hakken erin: banen verdwijnen, onderzoek stopt, innovatie stagneert.

De wereld staat in de fik. Dat vraagt niet alleen om militaire kracht, maar ook een economisch sterk Nederland.  D66 vecht voor beter onderwijs en gelijke kansen. Op 1 april stemt de Eerste Kamer – dit is hét moment om in actie te komen.

Laat van je horen: Handen af van ons onderwijs!",1,2025-03-10T18:35:15.000Z
"Trump keert Oekraïners de rug toe, maar Europa blijft vastberaden doen wat nodig is. Wij zullen ons niet laten gijzelen door types als Wilders en Orbán.

Want één ding is duidelijk: Europa steunt het Oekraïense volk in hun strijd tegen Poetin en in hun verlangen naar vrede 🇪🇺🇺🇦 ",1,2025-03-06T21:23:15.000Z
"Er is oorlog op ons continent. Onze voornaamste bondgenoot is een pyromaan. Maar de coalitiepartijen creëren chaos.

Ze zijn verdeeld over steun aan Oekraïne — en over de belangrijkste Europese defensie doorbraak van deze eeuw.

Deze tijd vraagt om leiderschap, niet om geruzie. ",0,2025-03-06T19:50:18.000Z
"Hoop dat je er vanavond nog van kan slapen, @henkvermeer! Oekraïners hebben niets aan mooie loze woorden van de BBB.

Laat eens écht zien dat je de veiligheid van Oekraïne, Europa en Nederland serieus neemt. En steun onze plannen voor direct meer hulp aan Oekraïne. ",0,2025-03-05T22:13:34.000Z
"Wil dit kabinet echt iets betekenen voor Oekraïne en onze veiligheid, laat dan niet Wilders en de BBB het tempo bepalen. We hebben geen tijd te verliezen. De Kamer en het land zijn verenigd. Dus doe wat nodig is! ",1,2025-03-05T19:56:45.000Z
"Europa heeft een keuze: afwachten of actie ondernemen. Terwijl Trump dreigt met torenhoge tarieven die Nederlanders raken in hun portemonnee kunnen we als Nederland slimmer zijn. 

Het handelsverdrag met Zuid-Amerika biedt nieuwe kansen, minder afhankelijkheid en economische groei. Wij zeggen: Doorpakken, nu! Lees ons opiniestuk hier: ",1,2025-03-04T13:10:31.000Z
"Oekraïners vechten voor vrijheid, maar Trump steekt een mes in hun rug. Een laffe en roekeloze daad. Poetin juicht.

De offers van Oekraïense mannen, vrouwen en kinderen zijn niet voor niets geweest.

Europa en het kabinet, treuzel geen dag langer. Kom nú met extra noodsteun. ",0,2025-03-04T06:42:19.000Z
"Een grote meerderheid in Nederland en in de Tweede Kamer wil meer steun voor Oekraïne en meer investeren in onze veiligheid.

Maar het kabinet wil de PVV en Trump tevreden houden.

In crisistijd ga je niet eindeloos vergaderen, maar toon je leiderschap. Kabinet, doe wat nodig is! ",0,2025-03-03T18:42:46.000Z
"Gebrek aan Nederlands leiderschap wordt pijnlijk. Veel landen kondigen vandaag belangrijke stappen aan voor Oekraïne en Europese veiligheid. Premier Schoof: “Ik heb niets concreets toegezegd.”

Dit kabinet lijkt aan de ketting van Wilders te liggen. 

Tijd om kleur te bekennen. ",0,2025-03-02T19:31:15.000Z
"De man die Oekraïne te vuur en te zwaard heeft verdedigd, wordt ordinair beledigd door Trump en Vance. Een nieuw dieptepunt in deze onzekere wereld.

Europese leiders en ons kabinet komen nu niet weg met gratuit woorden. Actie is nodig voor Oekraïne en Europa’s veiligheid. ",0,2025-02-28T18:47:12.000Z
"Steeds meer Nederlanders steunen een Europees leger 🇪🇺

Als we ons eigen continent willen beschermen, kunnen we dat samen doen. Met één sterk Europees leger in plaats van een tiental losse systemen. Toon nu daadkracht en wacht niet af tot het misgaat. Deze tijd vraagt om actie! ",1,2025-02-26T08:57:04.000Z
De coalitie verliest 24 zetels in deze peiling. Nederland snakt naar een nieuwe koers. D66 groeit. Wij kiezen voor serieuze oplossingen en echte vooruitgang. Voor alle Nederlanders. Steeds meer mensen sluiten zich bij ons aan. Kunnen we ook op jouw steun rekenen? ,1,2025-02-25T12:50:10.000Z
Slava Ukraini 💙💛 ,1,2025-02-24T09:23:10.000Z
"""Sommige mensen denken dat je sterk bent als je met een dictator praat. Maar je bent pas sterk als je opstaat tegen een dictator, zoals Oekraïne al 3 jaar doet"".

Goede teksten van de minister. Laten we nu vaart maken: meer steun aan Oekraïne en fors meer geld naar defensie 🇺🇦🇪🇺 ",1,2025-02-23T19:17:08.000Z
"Felicitaties aan Friedrich Merz en CDU/CSU. De redelijke krachten hebben gewonnen. Een stabiele regering in Duitsland is in het belang van Nederland en Europa. Laten we samen aan de slag gaan voor steun aan Oekraïne, Europese veiligheid en een groene, sterke economie.",1,2025-02-23T18:06:49.000Z
De minister is een nuttige idioot van het Kremlin en ik hou haar in het zadel. ,0,2025-02-22T19:44:29.000Z
Hoelang blijven VVD en NSC nog accepteren dat deze PVV-minister Faber in de regering zit? ,0,2025-02-22T10:35:56.000Z
"De Poetin-propaganda zit in Nederland gewoon aan tafel in de ministerraad. Levensgevaarlijk voor Oekraïne en ons eigen land.

D66 wil een debat over deze uitspraken van Faber. Hoe lang blijft het voor VVD en NSC acceptabel dat zij in het kabinet zit? ",0,2025-02-21T18:03:36.000Z
"Trump noemt Zelensky een dictator, terwijl Poetin applaudisseert. Europa mag dictators als Poetin niet laten winnen. Alleen een sterk Europa garandeert onze vrijheid en veiligheid. ",0,2025-02-19T20:48:23.000Z
"Wat een bedrog, wat een amateurisme. Duizenden boeren zijn onterecht blij gemaakt met het nieuws over soepeler stikstofnormen. Maar nu blijkt het een goedkoop politiek vluggertje, uitgemolken door BBB en nergens op gebaseerd. BBB-minister Wiersma draait boeren een rad voor ogen. ",0,2025-02-19T06:30:38.000Z
"Dit kabinet heeft de volle steun van het parlement om zo snel mogelijk een alliantie vóór Oekraïne te vormen. Dat is goed nieuws voor de veiligheid van Oekraïne, Europa en Nederland.

@geertwilderspvv heeft dan wel een grote mond, maar doorbijten doet hij niet. ",1,2025-02-18T18:52:33.000Z
"De Amerikanen en Russen zitten al aan tafel in Riyad. Die gesprekken raken direct aan de veiligheid in Oekraïne en Europa. Maar Europa loopt vast in vergaderen en tussenstapjes. 

Hoogste tijd om door te pakken:
1) meer steun aan Oekraïne
2) minstens 3% defensie uitgaven
3) serieuze Europese defensie 🇪🇺🇺🇦",1,2025-02-18T10:02:48.000Z
Frits Bolkestein was een messcherpe intellectueel die zijn stempel drukte op de Nederlandse politiek. Als klassiek rechtse liberaal stond hij mede aan de basis van het Paarse kabinet met sociaaldemocraten en sociaalliberalen. Gecondoleerd en sterkte aan zijn familie en dierbaren. ,1,2025-02-18T09:32:19.000Z
"Trump ligt op koers om Poetin een droomdeal te gunnen en dat ondermijnt direct onze veiligheid en vrijheid. Dit is geen tijd voor kleine stapjes. Het is tijd voor een Nieuw Europa: sterk, verenigd en klaar voor de uitdagingen van deze eeuw.

",0,2025-02-18T08:10:11.000Z
"Wilders danst naar de pijpen van Trump en Poetin. Daarmee gokt hij niet alleen met de Oekraïense veiligheid, maar ook met de Nederlandse belangen, waar hij altijd zo voor zegt op te komen. ",0,2025-02-17T12:59:29.000Z
"Bezuinigen op onderzoek naar kanker en parkinson, ontslagen in Twente &amp; Zeeland en het verdienvermogen van NL afbreken. Niemand wil dit.

De grootste onderwijsbezuinigingen van deze eeuw zijn dom, dom, dom. Doe het niet!

",0,2025-02-17T08:08:05.000Z
"Nu Trump de Oekraïners in de steek laat, moeten we snel handelen voor onze vrijheid en veiligheid.

Terecht pleit Von der Leyen voor meer geld voor Europese defensie en snelle toetreding van Oekraïne tot de EU. Dinsdag in het debat verzoek ik kabinet én coalitie om dit te steunen.",1,2025-02-14T15:23:21.000Z
Trump heeft in een ding gelijk: het is bizar dat Europa zijn eigen continent niet veilig kan houden. Nederland moet de leiding nemen op weg naar een Europees leger en de steun aan Oekraïne moet geïntensiveerd worden. ,0,2025-02-14T13:08:33.000Z
"Respect dat Ingrid Coenradie zich niet laat intimideren door @geertwilderspvv, maar moeilijke keuzes durft te maken om problemen op te lossen. Een bewindspersoon die staat voor haar zaak. Mijn steun heeft ze. ",1,2025-02-11T22:15:31.000Z
"Respect dat Ingrid Coenradi zich niet laat intimideren door @geertwilderspvv, maar moeilijke keuzes durft te maken om problemen op te lossen. Een bewindspersoon die staat voor haar zaak. Mijn steun heeft ze. ",1,2025-02-11T22:08:55.000Z
"Na maanden zwoegen, onderhandelen en nachten doorwerken met de slimste PVV-koppen bij elkaar, komt het kabinet nu eindelijk met een asielplan.

Het resultaat: geen lagere instroom.

Wie echt minder migratie wil, is maanden voor de gek gehouden door dit kabinet. ",0,2025-02-10T11:44:25.000Z
"Den Haag heeft als zetel voor internationale instituties en gerechtshoven de bijnaam ‘stad van vrede en recht’. Dat moeten we met hand en tand verdedigen.

De regelrechte aanval daarop ‘betreur’ je niet, die landen roep je op het matje. Slappe hap. ",0,2025-02-07T07:37:17.000Z
"Wilders ging door de pomp door te tekenen voor de klimaatdoelen.

Maar nu sputtert hij weer tegen. Dit voorjaar moet het kabinet leveren, dus luister naar de samenleving, ondernemers en boeren die actie willen. Geert, wees een vent en sta voor je woord. ",0,2025-02-06T09:40:51.000Z
"Een krachtig signaal van talloze boeren, ondernemers en natuurorganisaties. Nederland dreigt achterop te raken door getreuzel en gesteggel van het kabinet.

De keuzes die de komende maanden voorliggen zijn bepalend. Het kabinet moet met de billen bloot. Aan het werk!

",0,2025-02-04T17:05:33.000Z
"Tijdens de Holocaust werden miljoenen Joden, Roma, Sinti en andere mensen vermoord door de Nazi’s. Een gruwelijk hoofdstuk in ons verleden dat ons blijft waarschuwen. Onze gedachten zijn bij alle slachtoffers #HolocaustMemorialDay ",1,2025-01-26T12:45:40.000Z
"Tijdens de Holocaust werden miljoenen Joden, Roma, Sinti en andere mensen vermoord door de Nazi’s. Een gruwelijk hoofdstuk in ons verleden dat ons blijft waarschuwen. Onze gedachten zijn bij alle slachtoffers #HolocaustMemorialDay 🕯️ ",1,2025-01-26T12:44:09.000Z
"Beste Caroline, je hebt miljarden van de boeren afgepakt. Maandenlang hard werk van provincies voor het landelijk gebied in de prullenbak gekieperd. Deze stikstof-uitspraak is simpelweg de consequentie van falende BBB-keuzes. Niet van de doelen. ",0,2025-01-22T14:10:06.000Z
"Als we echt zo snel mogelijk meer huizen willen bouwen en boeren écht willen helpen, dan is het onvermijdelijk: de veestapel dient te worden gehalveerd. 

Deze coalitie zag de muur staan en reed er blind op af. De rekening is voor boeren, woningzoekenden en de natuur. ",0,2025-01-22T10:42:35.000Z
"Na maanden van intens verdriet en bloedvergieten eindelijk een staakt-het-vuren. Een klein lichtpunt dat hopelijk leidt tot meer vrede en veiligheid. Teveel onschuldige levens zijn verloren, families verscheurd en gemeenschappen verwoest. We zijn nog ver weg tot Palestijnen en Israëliërs hun levens weer kunnen oppakken.",1,2025-01-15T20:01:56.000Z
"Terwijl de wereld in de fik staat, wakkert Wilders wezenloos het vuur aan. Deze Voorjaarsnota wordt een kantelpunt voor de veiligheid van ons continent en ons klimaat. Verstopt Nederland zichzelf nu nog dieper achter de dijken, of tonen we leiderschap? ",0,2025-01-14T15:30:43.000Z
Betere ivf-zorg voor vrouwen en wensouders. Dat is het doel van onze gezamenlijke initiatiefwet om beter embryo-onderzoek mogelijk te maken. Zodat meer mensen de kans krijgen om hun kinderwens in vervulling te laten gaan. ,1,2025-01-13T08:10:49.000Z
"Moedig dat coalitiepartij NSC erkent dat het kabinet afstevent op gedwongen krimp door een gebrek aan visie. Terwijl BBB miljarden voor boeren weggaf in de kabinetsformatie.

Het is tijd voor keuzes en duidelijkheid! Voor een duurzame landbouw met minder dieren. ",0,2025-01-11T09:01:49.000Z
"We willen niets liever dan een schone, gezonde en veilige wereld doorgeven aan onze kinderen. Als we nu snel en daadkrachtig ingrijpen, kúnnen we het lot van hun toekomst veranderen.

Er zijn politici - ook in Nederland - die liever op de rem trappen met onze klimaataanpak. Maar deze tijd vraagt om leiderschap en verantwoordelijkheid. Voor iedereen.",1,2025-01-10T07:13:57.000Z
"Agenten die met gevaar voor eigen leven aan het werk gaan. Hun familie die zich angstig afvraagt of zij heelhuids thuiskomen. Deze ellende moet stoppen.

Agenten en hulpverleners verdienen onze volledige steun, maar het kabinet keert hen de rug toe. Dat vraagt om verantwoording in de Kamer.",0,2025-01-06T15:17:54.000Z
"Afschuwelijke beelden van de aanslag in Maagdenburg. Mijn gedachten gaan uit naar de slachtoffers, hun dierbaren en alle mensen die betrokken zijn.

",0,2024-12-20T22:37:04.000Z
"Goed dat CDA, JA21, CU en SGP de bezuiniging op het onderwijs iets hebben verzacht. Samen kregen we al de langstudeerboete van tafel. Nog altijd gaat dit kabinet veel te veel bezuinigen. Kansarme leerlingen, studenten, wetenschappers en innovatieve bedrijven zijn de dupe. D66 zal blijven knokken voor beter onderwijs en onze kenniseconomie.",0,2024-12-11T21:47:07.000Z
"Wilders zet het kabinet voor joker. Hij speelt een paar dagen premier in Israël. Hij schudt de hand van Netanyahu, tegen wie een arrestatiebevel is uitgevaardigd. Hij bezoekt illegale nederzettingen en pleit tegen de tweestatenoplossing.

Wilders zet Nederland, de minister van Buitenlandse Zaken en de @MinPres internationaal in hun hemd. VVD en NSC, hoe lang pikken jullie dit nog?",0,2024-12-10T11:15:21.000Z
"Bedroefd door het overlijden van Erwin Nypels. Erelid, medeoprichter, voormalig Tweede Kamerlid en minister namens D66. Als bevlogen liberaal en onvermoeibaar voorvechter van onze idealen liet hij een onuitwisbare indruk achter. Zijn idealen en toewijding leven voort. Mijn gedachten gaan uit naar zijn familie, vrienden en naasten.

",1,2024-12-09T17:07:12.000Z
"Syriërs gingen veertien jaar geleden de straat op tegen dictator Assad. Nu is na 54 jaar het brute regime eindelijk gevallen.

Het is de hoop voor Syriërs dat er ook echt rust, vrede en democratie komt, voor álle groepen in Syrië. Laat de internationale gemeenschap haar verantwoordelijkheid pakken om het land vooruit te helpen.",1,2024-12-08T08:24:53.000Z
"De rillingen lopen over je lijf bij het zien van de ravage in Den Haag. Er is nog veel onduidelijk. Ik wens alle familie, vrienden en buurtbewoners veel sterkte. Dank aan alle hulpverleners die alles op alles zetten om mensen te redden.",1,2024-12-07T09:00:42.000Z
"Waarom D66 de bezuinigingen op onderwijs en onderzoek wil tegenhouden, met ons monsterverbond met CDA, JA21, ChristenUnie en de SGP. ",1,2024-11-29T09:35:09.000Z
"Waarom D66 de bezuinigingen op onderwijs en onderzoek wil tegenhouden - met ons monsterverbond met CDA, JA21, ChristenUnie en de SGP. ",1,2024-11-29T09:34:42.000Z
Heb je een uitnodiging gehad voor het Nationaal Burgerberaad Klimaat? Dan kan je met 175 mensen uit heel Nederland een advies uitbrengen over de klimaataanpak van Nederland. Meld je aan t/m 1 december. ,1,2024-11-29T05:50:52.000Z
"Dit staakt-het-vuren is voor het eerst sinds 7 oktober een stap terug in de geweldsspiraal. Het is een minuscuul lichtpunt.

Het is nu aan de regering en Europa om meer druk te zetten op een staakt-het-vuren op meer plekken en uiteindelijke vrede in het Midden-Oosten. ",0,2024-11-26T19:00:21.000Z
"Studenten, docenten, wetenschappers en CEO's voeren al wekenlang actie tegen de bezuinigingen van dit kabinet op onderwijs en innovatie. Vandaag was ik bij het protest.

D66 werkt in de oppositie samen aan een alternatieve begroting om de bezuinigingen te stoppen. Want wie denkt dat kennis duur is, weet niet wat domheid kost!",1,2024-11-25T16:44:41.000Z
"De coalitie holt van chaos naar chaos. Er is nog niets gepresteerd.

Daarom zeg ik tegen Wilders, Yesilgöz en Omtzigt: de problemen van Nederland wachten niet tot jullie zijn uitgeruzied. Neem de zorgen van mensen nu eindelijk eens serieus. Ga aan de slag, of ga aan de kant!

Lees hier mijn speech tijdens het D66 congres: ",0,2024-11-23T16:15:39.000Z
"Vandaag is het 120e D66-congres in ‘s-Hertogenbosch! Kan je er niet bij zijn? Geen zorgen, alles is te volgen via een liveblog, inclusief mijn speech! Ik heb er zin in! Wie zie ik daar? #d66congres

",1,2024-11-23T09:49:49.000Z
"1000 dagen geleden veranderde de wereld. Rusland viel Oekraïne nog verder binnen, een brute aanval op vrijheid en democratie. Sindsdien zien we hoe Oekraïners vechten met ongelooflijke moed. Voor hun land, hun toekomst – én voor de waarden die ook ons verbinden: vrijheid, rechtvaardigheid en vrede. Juist nu, met de wereld in beweging en nieuwe onzekerheden zoals een terugkeer van Trump, is een sterk en verenigd Europa belangrijker dan ooit.

Ik roep het kabinet van PVV, VVD, NSC en BBB én Europa op: blijf Oekraïne steunen, zonder terughoudendheid. Zet door, blijf solidair, want de strijd van Oekraïne is ook onze strijd. Rusland moet stoppen met deze oorlog. Laten we samen blijven bouwen aan een rechtvaardig, sterk en vreedzaam Europa.",1,2024-11-19T13:32:48.000Z
Kabinet in chaos. Het valt te prijzen dat Achahbar haar rug recht houdt. Racistische teksten horen absoluut niet thuis in het hart van ons landsbestuur. Over zo’n fundamentele aantijging verdient Nederland openheid van zaken. Daarom wil ik openbaarmaking van deze notulen en debat met de @MinPres.,0,2024-11-15T12:41:10.000Z
"Fantastisch nieuws! Het kabinet bezwijkt onder de druk van de oppositie. Tot het laatste moment streed D66 tegen de btw-verhoging. In een tijd waarin veel mensen geldzorgen hebben, is het ronduit onverstandig om de prijzen voor sport, boeken, kranten en cultuur te verhogen.

Dank aan iedereen die met ons tegen deze btw-verhoging opstond. Samen voeren we constructieve oppositie voor Nederland!",1,2024-11-14T12:11:50.000Z
"Het antisemitisch geweld in Amsterdam en alle gebeurtenissen van afgelopen week maken mij en veel mensen boos en verdrietig. In het debat spreek ik mij vandaag uit over wat zich heeft afgespeeld.

Deze tijd vraagt om verantwoordelijk leiderschap. Ik roep politici op om het vuur niet verder op te stoken, maar de rust terug te brengen. Geef niet gehele gemeenschappen de schuld van het crimineel gedrag van enkelen. Lees mijn inbreng ⤵️

",0,2024-11-13T14:04:14.000Z
"D66 heeft zich maandenlang ingezet tegen de btw-verhoging op sport, boeken, kranten, muziek, festivals en musea.

De tussenstand? De voltallige oppositie verzet zich als één blok tegen dit onnozele plan van het kabinet. De coalitie kan dit niet langer negeren. Werk aan de winkel. ",0,2024-11-12T21:27:33.000Z
"Afschuwelijk dat vannacht mensen zijn aangevallen, simpelweg omdat ze Israëlisch zijn. Wat je ook van de oorlog vindt, deze aanvallen op voetbalsupporters zijn een schande.

In Nederland moet je vrij en veilig kunnen zijn. Wie je ook bent, waar je ook vandaan komt. Je blijft met je poten van een ander af. Voor antisemitisme mag geen plek zijn.",0,2024-11-08T07:24:15.000Z
"Trump, een veroordeelde crimineel, wordt president van de VS. Een vrouwenhater die verworven vrijheden, zoals abortus, weer wil afnemen. Een man die openlijk flirt met dictators. Wat voor ons ligt, zijn jaren van chaos, verdeeldheid en roekeloosheid.

Deze verkiezingsuitslag legt een onmiskenbare verantwoordelijkheid op onze schouders. Dat maakt mij strijdbaar. Het is nu aan Nederland en Europa om niet achterover te leunen of interne verdeeldheid te zaaien, maar om eensgezind een stap naar voren te zetten. In het belang van onze veiligheid, vrijheden, handel en klimaat. 

Nu is het moment om samen op te staan tegen populisten en onze liberale waarden te beschermen.",0,2024-11-06T07:45:40.000Z
"Hé, de BBB springt in de bres voor onze Nederlandse kunst en cultuur. Dus @lientje1967, D66 kan op jullie steun rekenen om de gehate btw-maatregelen van dit kabinet van tafel te halen? ",1,2024-11-02T21:53:41.000Z
"Niemand wil deze belastingverhoging. Het is slecht voor Nederlanders en ondernemers. En toch gaan PVV, VVD, NSC en BBB ermee door.

Maandag vóór het debat voeren bekende sporters, acteurs en schrijvers actie in de Tweede Kamer. D66 blijft zich met jullie tegen dit plan verzetten. ",0,2024-11-01T13:41:26.000Z
Geschokt door het hartverscheurende leed in Spanje. Mijn gedachten zijn bij alle slachtoffers en hun nabestaanden. Belangrijk dat ook Nederland hulp aanbiedt en paraat staat om reddingswerkers te ondersteunen. ,1,2024-10-30T16:20:20.000Z
"Het kabinet is vanochtend keihard gezakt voor haar examen. Normaal trek je dan een been bij, om het in de herkansing alsnog te halen. Maar wat doet BBB? Ze steken de kop in het zand.

Wat een enorme bende. Hier heeft Nederland helemaal niets aan. D66 wil keuzes vóór het klimaat en een schoon, welvarend land.",0,2024-10-24T10:14:00.000Z
"Het kabinet van PVV, VVD, NSC en BBB kiest niet voor groene groei, maar voor grijze krimp. Hun klimaataanpak krijgt een forse onvoldoende.

Dat is zonde. D66 liet zien dat het wél kan. Minister Hermans, pak de leiding en ga aan de slag. Nederlanders en ondernemers hebben niets aan dit gestuntel en gezwabber.",0,2024-10-24T08:35:27.000Z
"Vier maanden hebben PVV, VVD, NSC en BBB verspild aan proefballonnen, chaos en amateurisme. Nu hakt de coalitie de knoop door: ze kiezen voor de nette weg en omzeilen niet het parlement via het staatsnoodrecht.

Was al dat theater nou nodig? Gaat het kabinet nu eindelijk aan het werk?",0,2024-10-23T15:30:03.000Z
"De CEO’s van tientallen bedrijven spreken zich in een brandbrief uit tegen het kabinetsbeleid. Hun boodschap is glashelder: bezuinig niet op onderzoek, innovatie en onderwijs.

D66 steunt hun oproep en laat zien dat het anders kan. ",1,2024-10-23T13:21:36.000Z
"De CEO’s van tientallen bedrijven spreken zich in een brandbrief uit tegen het kabinetsbeleid. Hun boodschap is glashelder: bezuinig niet op onderzoek, innovatie en onderwijs. ",0,2024-10-23T13:20:52.000Z
"Ongekend dat het kabinet onderwijs, onderzoek en innovatie kapot bezuinigt. Niet voor niets spreken zoveel CEO’s zich uit.

De coalitiepartijen, met VVD voorop, kunnen niet zwijgzaam toekijken en dit signaal negeren. Ik wil een debat met de @MinPres. D66 heeft een alternatief. ",0,2024-10-23T05:00:48.000Z
"Niemand wil die btw-verhogingen. Toch zet het kabinet halsstarrig door.

Het resultaat? Chaos.
•⁠  ⁠Nederlanders boos
•⁠  ⁠ondernemers boos
•⁠  ⁠de Eerste Kamer boos

Wat een enorme bende. Wanneer gaat dit kabinet die sloophamer neerleggen en eindelijk eens luisteren? ",0,2024-10-22T20:50:10.000Z
Gaan we van dit kabinet weer een hele week theaterspel zien? ,0,2024-10-21T17:02:59.000Z
"Vanmiddag kwamen studenten in actie tegen de ongekende onderwijs bezuinigingen van dit kabinet. D66 steunt hen in deze strijd. 

Laten we die kortzichtige plannen stoppen. Wij hebben een keurig gedekt voorstel om de onderwijsbegroting aan te passen. Coalitie, doen jullie mee? ",1,2024-10-18T15:05:30.000Z
"Goed dat D66 en de @VVD de handen ineenslaan voor dit belangrijke voorstel!  Zo zorgen we ervoor dat de kinderopvang een veilige plek blijft. 

",1,2024-10-18T11:53:57.000Z
"Denemarken en het VK hebben dit al geprobeerd. Het resultaat? 0 mensen gingen naar Afrika. Opnieuw een totaal onhaalbaar en ondoordacht plan van deze regering, die alleen maar symboolpolitiek bedrijft en problemen niet oplost. ",0,2024-10-16T15:51:18.000Z
"Al meer dan 4000 nieuwe leden dit jaar. Daar kan de PVV, met slechts één lid, alleen van dromen. Mensen worden massaal lid om een sterk tegengeluid te laten horen. En voor alle teleurgestelde PVV-kiezers die graag lid worden van een democratische partij 👉 ",1,2024-10-09T13:02:43.000Z
"Wilders, de leider van de grootste regeringspartij, schoffeert de burgemeester van onze hoofdstad en eist haar ontslag.

De coalitie van VVD, NSC &amp; BBB staat erbij en kijkt ernaar. Is die basislijn eigenlijk nog wat waard, of is het een gebroken belofte? Tijd voor een debat. ",0,2024-10-08T21:58:18.000Z
"We gaan op TikTok om extreem-rechts te verslaan.

",1,2024-10-08T16:46:07.000Z
Goed dat minister-president Schoof vandaag de kant kiest van Halsema en afstand neemt van de uitspraken van @geertwilderspvv. ,1,2024-10-08T10:56:25.000Z
"Wilders wil Nederlanders en de burgemeester van onze hoofdstad het land uit. Yesilgöz blijft stil, Van der Plas blijft stil, Van Vroonhoven blijft stil. Staat de @MinPres voor onze burgemeesters? D66 heeft mondelinge vragen aangemeld. ",0,2024-10-08T08:07:00.000Z
Vaarwel Johan ,1,2024-10-07T13:57:42.000Z
Onverstandige woorden van Yesilgoz gisteren. NS-medewerkers keerden zich terecht tegen haar verwijten. Goed dat ze haar woorden terug neemt. Laten we vandaag - op deze moeilijke dag van rouw - elkaar in waarden laten. Juist politici moeten dan het goede voorbeeld geven. ,0,2024-10-07T13:48:02.000Z
"Het is een jaar na de gruwelijke aanval van terreurgroep Hamas op Israël. Alle diplomatieke druk is nodig voor een onmiddellijk staakt-het-vuren en voor vrijlating van de gijzelaars. Het leed van deze oorlog moet stoppen.

Lees mijn volledige reactie: ",1,2024-10-07T05:17:25.000Z
"Een belachelijk statement, bedoeld om op te hitsen. Klinklare onzin bovendien. Het resultaat: burgemeesters boos &amp; NS boos.

Nederland heeft politici nodig die rust en leiderschap tonen, in plaats van olie op het vuur gooien.

",0,2024-10-06T14:12:43.000Z
"'Kankerpatiënten de dupe van plannen kabinet-Schoof.' 

Dat is de harde conclusie van @kwf_nl. Kankerpatiënten worden geraakt door de grootste bezuiniging op kennis en innovatie van deze eeuw. 

PVV, VVD, NSC en BBB: doe het niet. D66 wil een debat. Nederland verdient beter. ",0,2024-10-04T12:02:33.000Z
"Het lijkt onschuldig, maar NSC zet bewust het recht op euthanasie onder druk. We vochten er jaren voor, en stap voor stap wil Rosanne Hertzberger dit recht afbreken. Ze zal D66 op haar pad vinden. ",0,2024-10-04T08:09:00.000Z
"“Ik ben beleid.” 

Is het een artikel in @DeSpeld? Nee, het zijn uitspraken van PVV-minister Faber die haar beleid bij elkaar hallucineert. De coalitie staat erbij en kijkt ernaar. Ga nou eens serieus aan het werk. ",0,2024-10-04T06:57:49.000Z
"Politiek op haar lelijkst. Met gevaar voor eigen leven beschermenden deze mensen onze Nederlandse militairen. En nu breekt het kabinet met de belofte om hen diezelfde dienst te bewijzen. Het toonbeeld van een onbetrouwbare overheid. En een nieuwe, smakeloze knieval voor de PVV. ",0,2024-10-03T20:45:29.000Z
,1,2024-10-02T09:05:52.000Z
"Wilders gooit olie op het vuur. De PVV regeert niet, maar vernedert. De VVD duikt.

Coalitie, stop met bekvechten en elkaar bestoken. Los de problemen in Nederland op. ",0,2024-10-01T15:52:15.000Z
"En wéér is dit kabinet een week verder. De vaart zit er lekker in… not. 

In plaats van reisjes naar Polen en schijnbewegingen met noodwetten moet Faber gewoon aan het werk met fatsoenlijke wetten die problemen ook echt oplossen. ",0,2024-10-01T11:59:14.000Z
"Het Midden-Oosten krijgt geen vrede door meer oorlog. Na de dood van de Hezbollahleiders vragen Europa en Amerika een staakt-het-vuren, maar Netanyahu kiest voor escalatie. Zoals @JeanineHennis zegt: “Er is geen militaire oplossing waar één van beide kanten veiliger van wordt.”",0,2024-10-01T05:31:05.000Z
"In Nederland lopen 3.445 veroordeelde criminelen vrij rond. D66 pleit voor enkelbanden als alternatief voor korte celstraffen. Dan kunnen zware misdadigers die cellen in. Zo ontloopt niemand zijn straf.

",0,2024-09-30T16:10:19.000Z
"Het kost een paar jaar hard werken en veel grijze haren, maar dan heb je ook wat 😉 Laten we onze groene inzet nu niet verslappen.

",1,2024-09-27T08:49:03.000Z
"Een belangrijke oproep van Telegraaf hoofdredacteur @KamranUllah. De belastingverhoging op kranten zet de journalistiek onder druk. Een kwart miljoen huishoudens zou hun abonnement opzeggen. Als het aan D66 ligt, komt die btw-verhoging op kranten, dagjes uit en boeken er niet. ",1,2024-09-26T06:48:11.000Z
"Het is totaal ongepast dat een bewindspersoon de strafbare ‘minder minder’-uitspraak van Wilders verdedigt. 

Bedroevend dat het tot tweemaal toe nodig is, maar goed dat minister-president Schoof een streep trekt en PVV-staatssecretaris Jansen terugfluit.
",0,2024-09-25T18:43:58.000Z
"Hulde aan deze topsporters om zich openlijk uit te spreken tegen de btw-verhogingen op sport.

Niemand in Nederland zit te wachten op een hogere prijs voor sport, cultuur of boeken. Kabinet, doe het niet! D66 heeft een alternatief.

#Eva #EvaJinek ",1,2024-09-23T18:06:01.000Z
"De grootste onderwijsbezuiniging van deze eeuw. Een kapitale fout. Nederland verdient beter. Hoog tijd dat de coalitie dat ook inziet. 

Samen met de oppositie laten wij zien dat er een alternatief is. Bekijk onze moties ⤵️ ",0,2024-09-19T22:17:41.000Z
"Wat dit debat aantoont, is dat niet de minister-president de baas is, maar de PVV. Sta je echt voor goed bestuur? Passeer dan niet het parlement.

#APB24 #DEBAT ",0,2024-09-19T20:56:32.000Z
"Goede geluiden uit de coalitie. D66 heeft een alternatief. Laten we het vandaag nog regelen! #geenhogerebtw #algemenebeschouwingen

",1,2024-09-19T06:51:48.000Z
"Nederlanders willen geen belastingverhoging op sport, boeken, kranten en cultuur. De coalitie zelf ook niet, blijkt na vandaag.

D66 heeft gedekte voorstellen om die btw-verhogingen te schrappen. Laten we zakendoen @geertwilderspvv, @DilanYesilgoz, @Nvanvroonhoven, @lientje1967. ",1,2024-09-18T21:38:56.000Z
"Waarom verhoogt Wilders de belasting op alles waar mensen plezier uit halen? Waarom pakt de PVV bij mensen geld uit hun portemonnee?

Nederlanders willen dit niet. Laten we die btw-verhogingen op sport, boeken en cultuur nog deze week terugdraaien. #AlgemeneBeschouwingen ",0,2024-09-18T13:22:29.000Z
"In deze Troonrede sprak de koning vooral over de problemen in ons land, maar de oplossingen van dit kabinet om ons land verder te brengen blijven uit. Lees mijn volledige reactie hier: ",0,2024-09-17T12:13:35.000Z
"Vandaag vorm ik met @Marit_B @SplinterChabot en @hannaverboom een front tegen de btw-boete van dit kabinet op boeken, kranten, sport, festivals, musea, voorstellingen, concerten en nog meer.

Een maatregel waar geen Nederlander op zit te wachten. #geenhogerebtw ",0,2024-09-17T09:34:40.000Z
"De grootste onderwijsbezuiniging van deze eeuw? Een btw-boete op boeken, sport en cultuur? Niet als het aan D66 ligt! 

Deze week ga ik er tijdens de Algemene Beschouwingen voor strijden om deze kortzichtige maatregelen van tafel te halen. Oppositievoeren voor Nederland. ",0,2024-09-16T21:41:17.000Z
"Gehakketak op twitter, terwijl het land vraagt om oplossingen. Dit is waar Nederlanders zo klaar mee zijn. Coalitie en kabinet, ga gewoon serieus aan het werk. ",0,2024-09-16T17:13:29.000Z
"Dit kabinet voert een boete op bewegen in. Onverstandig, als je gezondheid op één wilt zetten. Daarom slaan @HenriBontenbal en ik de handen ineen.

Laten we er als Tweede Kamer voor zorgen dat die btw-verhoging op sport nog deze week van tafel gaat.

",0,2024-09-16T04:59:54.000Z
"10 maanden na de verkiezingen is er een regeerprogramma. Met focus op de korte termijn, maar zonder visie voor de toekomst van Nederland. In plaats van investeren in oplossingen die ons land verder brengen, kiest dit kabinet voor tijdelijke lapmiddelen. De rekening volgt later.",0,2024-09-13T12:58:14.000Z
"Het lijkt erop dat dit kabinet de grote noodzakelijke stappen zet om de veestapel drastisch terug te dringen. Dat is verstandig en dapper. Laat er nu snel en eindelijk duidelijkheid voor boeren komen, zodat zij weten waar ze aan toe zijn en ons land weer van het slot kan. ",1,2024-09-12T14:08:09.000Z
"Hans, van harte gefeliciteerd met deze meer dan verdiende onderscheiding! Tegen de stroom in bracht jij politiek terug naar de mensen. Door oprecht te luisteren, te staan voor je woord en beloftes waar te maken. Dank voor jouw tomeloze inzet voor de mensen in Groningen. ",1,2024-09-11T16:29:27.000Z
"Gezondheid is altijd belangrijker dan politiek. Sterkte met je herstel, @PieterOmtzigt. ",1,2024-09-11T13:59:04.000Z
"Wat u de komende periode van D66 kunt verwachten? Slechte plannen van dit kabinet zullen wij stoppen, goede plannen zullen wij steunen. 

Daarnaast komen wij zelf ook met voorstellen voor het klimaat, goed onderwijs en betere zorg. Als redelijk alternatief in de oppositie. ",1,2024-09-08T12:50:32.000Z
Lees hier mijn lezing van vanmiddag terug: ,1,2024-09-05T15:27:00.000Z
"Vanmiddag open ik om 16:00 het Academisch Jaar in Leeuwarden, waar ik niet alleen zal spreken over onze plannen voor studenten en het onderwijs, maar ook over de inzet van D66 richting Prinsjesdag. Mijn lezing is live te volgen via: ",1,2024-09-05T13:15:22.000Z
"Deze coalitie bezuinigt 1,8 miljard op het onderwijs en maakt boeken duurder. Zó simpel liggen de feiten in dit land, @PieterOmtzigt. Misschien helpt het om je eigen coalitieakkoord nog eens begrijpend te lezen? ",0,2024-09-02T19:48:32.000Z
"Dit kabinet maakt sporten, lezen en een gezellig dagje uit voor mensen fors duurder. Dat is een kortzichtige en domme keuze. Tijdens de Algemene Politieke Beschouwingen zal D66 laten zien hoe het anders kan.

",0,2024-08-29T08:56:34.000Z
Heel Nederland staat achter jullie. Zet ‘m op @TeamNLtweets! 🧡 ,1,2024-08-29T06:03:38.000Z
"Vandaag op 15 augustus herdenken we alle slachtoffers van de Japanse bezetting in Nederlands-Indië en staan we stil bij het einde van de Tweede Wereldoorlog in het Koninkrijk der Nederlanden. We eren hun moed, herdenken hun leed, en koesteren hun verhalen. #ikherdenk ",1,2024-08-15T12:19:10.000Z
"Een simpele vraag aan alle kabinetsleden en coalitiepolitici die de gouden medailles van #TeamNL bejubelen: Wil je dat Nederland ook in de toekomst zo goed presteert? Zullen we dan die BTW-verhoging op sport schrappen? 

Geen boete op bewegen als het aan D66 ligt.",1,2024-08-11T10:26:14.000Z
Hele diepe buiging 🥇🥉🥉 ,1,2024-08-11T08:32:43.000Z
"In het regeerakkoord staat dat iedereen het recht moet hebben om zich één keer te vergissen. Dat mag het nieuwe kabinet met een premier die zelf fanatiek sportfan is dus ook 😉

Maar de vergissing moet wel op Prinsjesdag worden hersteld: draai de btw-boete op sport terug! ",1,2024-07-30T09:12:45.000Z
Kabinet zwicht voor Wilders. Waar de Europese Commissie en veel lidstaten de bijeenkomsten in Hongarije boycotten gaat Nederland gezellig naar Poetin-vriend Orbán. Om je kapot te schamen. ,0,2024-07-18T20:43:04.000Z
17 juli 2014. Vandaag tien jaar geleden werd vlucht MH17 neergehaald. 298 onschuldige mensen kwamen daarbij om. Een hartverscheurende ramp die diep in ons geheugen staat gegrift. Vandaag zijn mijn gedachten bij de slachtoffers en hun nabestaanden. ,1,2024-07-17T05:18:07.000Z
"Alle lopers van de Vierdaagse: veel succes op weg naar de Via Gladiola 💚🧡

#NijmeegseVierdaagse",1,2024-07-16T02:09:32.000Z
"De geweerschoten zijn een vreselijke aanslag op de Amerikaanse democratie. Het onderstreept eens te meer dat democratie en vrijheid niet vanzelfsprekend zijn, en we die elke dag dienen te beschermen.",0,2024-07-14T05:28:05.000Z
"Gelijke rechten voor paren van hetzelfde geslacht, nu ook op Aruba 🇦🇼 en Curaçao 🇨🇼.

Veel dank aan al die dappere mensen die hier jarenlange hard voor hebben gestreden. #lovewins ",1,2024-07-12T14:10:29.000Z
"Meneer @geertwilderspvv, u bent hypocriet. ",0,2024-07-04T18:20:24.000Z
"Terwijl de premier de Kamer te woord staat, twittert PVV-vicepremier Agema er achter zijn rug op los. Chaos volgt. Help de PVV in het zadel en dit is wat je krijgt. ",0,2024-07-04T14:50:13.000Z
"De leider van ons land moet niet alleen maar uitvoeren wat Wilders bedenkt, maar ook zelf zeggen: hier trek ik een grens. ",0,2024-07-04T10:03:01.000Z
Nederlandse boeren hebben niets aan Haagse trucjes. ,0,2024-07-03T20:02:07.000Z
"Je kunt je geschiedenis niet wegpoetsen, je draagt je geschiedenis met je mee. Er zitten PVV-ministers in ons landsbestuur die ranzige extreemrechtse complottheorieën aanhangen en antisemitische uitingen hebben gedaan. Dat Wilders dat goed praat, is laf leiderschap. ",0,2024-07-03T11:39:11.000Z
"Kamerlid Vijlbrief en Kamerlid Jetten groeten u!

Het was voor ons een eer om minister en staatssecretaris te zijn. Maar vanaf vandaag wordt het nog leuker! Als Tweede Kamerleden voor @D66. ",1,2024-07-02T11:01:44.000Z
"Met een indrukwekkende Keti Koti viering in Amsterdam sluiten we het Herdenkingsjaar Slavernijverleden af, maar onze gezamenlijke opdracht gaat door. 

Laten we leren van onze gedeelde geschiedenis om onze samenleving nu sterker en vrijer te maken.

©️Babs Gons ",1,2024-07-01T15:28:40.000Z
"Wilders shopte bij het CDA voor een nieuwe premier, maar Van Rij zei ‘nee’.

Een man met een ruggengraat. Die vasthield aan zijn eigen waarden van ‘harmonie, respect voor de rechtsstaat en de kracht van internationale samenwerking’. 

Zo kan het dus ook.

",1,2024-06-28T07:14:03.000Z
"‘Nederlanders weer op één’

Maar niet bij de Olympische Spelen, in de Tour, op het EK of in de amateursport. Want met deze massabezuiniging van het kabinet gaat onze sport kopje onder en worden sportscholen en sporttickets onbetaalbaar. Doe het niet!

",0,2024-06-28T06:20:31.000Z
Het ware gezicht van Geert ‘voor alle Nederlanders’ Milders. ,1,2024-06-26T17:04:34.000Z
"Felicitaties aan Mark Rutte met zijn benoeming als nieuwe secretaris-generaal van de NAVO. 

Rutte heeft zich als premier onmiskenbaar ingezet voor de steun aan Oekraïne en zich bewezen op het internationale toneel. Voor Nederland en Europa heeft hij veel betekend. (1/2)",1,2024-06-26T09:00:45.000Z
"Luid gejuich op de publieke tribune. Een grote groep ongedocumenteerde Surinaamse Nederlanders krijgt na jarenlange strijd en onzekerheid eindelijk zicht op een verblijfsvergunning.

Een brede Kamermeerderheid maakt vandaag een einde aan dit grote onrecht. Een historisch moment.",1,2024-06-25T13:47:32.000Z
"Zojuist mijn laatste Kamerdebat gehad als minister voor Klimaat &amp; Energie: 122 in totaal.

Dank aan alle Kamerleden voor de mooie debatten de afgelopen 2,5 jaar. En vooral veel dank aan alle medewerkers van de Tweede Kamer en @MinisterieEZK voor de fantastische ondersteuning.",1,2024-06-24T16:26:27.000Z
"PVV-minister bagatelliseert ranzige nazi complottheorieën.

NSC-minister in reactie daarop: “Stijlverschillen mogen er zijn”.

Nederland verdient beter. Er is een alternatief.

",0,2024-06-22T06:41:30.000Z
"In plaats van haar woorden terug te nemen, gooit beoogd PVV-minister Klever er vandaag nog een schep bovenop.

En waar Pieter Omtzigt beloofde ‘niet te zullen zwijgen’, kijkt zijn NSC-minister lijdzaam toe hoe een nazi-theorie normaal wordt gemaakt. Gaat lekker zo! ",0,2024-06-21T15:59:27.000Z
"Nederland zet de knop om 💚

Sinds 2000 gebruiken we 500% meer hernieuwbare energie en in totaal 17% minder energieverbruik. Goed voor een lagere energierekening én goed voor het klimaat. 

",1,2024-06-21T06:24:39.000Z
"Goed nieuws voor boeren, economie en natuur. Europa staat naast al die mensen die willen dat er iets overblijft van ons mooie land.

Met @Gerbrandy gaat D66 knokken voor Europese bescherming. Laat ook het nieuwe kabinet voortvarend aan de slag gaan. Het is hard nodig. ",1,2024-06-17T10:19:08.000Z
"Elke gram legaal verkocht, is een gram waarvan de opbrengst niet bij een criminele organisatie terecht komt.

#wietproef ",1,2024-06-17T07:12:34.000Z
"Wat een baas.

",1,2024-06-16T20:05:24.000Z
"Wilders is de baas en de VVD heeft het nakijken. Die basislijn voor de rechtsstaat blijkt op deze manier helemaal niets waard.

Nederland verdient beter. ",0,2024-06-14T16:58:13.000Z
"Eén minister alweer teruggetrokken, een bestuurder van Ongehoord Nederland, een verkondiger van omvolkingscomplotten. Allemaal goedgekeurd door VVD &amp; NSC.

Zeg @DilanYesilgoz @PieterOmtzigt, dat ‘stabiliteit brengen’ en ‘goed bestuur’ leveren gaat nog niet van een leien dakje hè?",0,2024-06-14T07:00:03.000Z
“Wat een bende. Wat een enorme bende.” ,0,2024-06-13T18:06:17.000Z
"Geld verbrassen aan nieuwe ministeries en visitekaartjes, terwijl hardwerkende ambtenaren worden ontslagen. Wat een onzinnige en onverantwoorde besluiten. ",0,2024-06-12T20:30:42.000Z
"Er komen drie nieuwe ministeries. Dat betekent drie extra secretariaten, drie keer extra topambtenaren, drie keer extra woordvoerders en drie keer extra beleidsmedewerkers.

Die 22% bezuinigen op ambtenaren gaat vast wel lukken zo! 😉",1,2024-06-12T11:53:46.000Z
"Door deze coalitie zou de zon weer gaan schijnen, maar voorlopig hangen er alleen maar boetes in de lucht.

Na de boete op boeken, festivals en sportscholen volgt ook een straf op studeren. D66 zal samen met studenten opstaan tegen deze #langstudeerboete.

",0,2024-06-10T14:31:11.000Z
"D66 haalt definitief 3 zetels (+1) voor het Europees Parlement. Daarmee gaat een uitstekend team naar Brussel. Zij zullen zich daar hard maken voor een Sterk Europa, voor Nederland. 🇳🇱🇪🇺",1,2024-06-09T21:42:23.000Z
"De positieve, liberale Europese krachten winnen ook in Slowakije. 

Big congratulations to @progresivne_sk with this amazing result. @RenewEurope ",1,2024-06-09T10:09:38.000Z
Luchtkastelen op financieel drijfzand ,0,2024-06-07T11:41:52.000Z
Bedankt voor je stem op een sterk Europa voor Nederland. Nu gaan wij Nederland en Europa laten zien wat wij waard zijn. ,1,2024-06-06T20:23:55.000Z
"Stem voor een Sterk Europa, voor Nederland. Voor onze veiigheid, voor onze economie en voor het klimaat. Vandaag kan jij het verschil maken. Ga stemmen. Stem D66. ",1,2024-06-06T08:51:57.000Z
"Wil je Poetin écht een slechte dag geven? Stem dan op liberalen met een ruggengraat. 

Echte liberalen helpen de PVV niet in het zadel, Mark. Stem D66. ",0,2024-06-05T15:10:37.000Z
Morgen stemmen we voor Europa. Bij Goedemorgen Nederland vertelde ik waarom het zo belangrijk is dat jij naar de stembus gaat. 👇 ,1,2024-06-05T07:21:23.000Z
"Een meer dan terechte oproep vandaag in de kranten aan PVV, VVD, NSC en BBB: draai die onbenullige btw-verhoging terug!

Laat mensen gewoon een boek lezen, een festival of theater bezoeken, of naar de sportwedstrijd of sportschool gaan. ",0,2024-06-03T05:08:45.000Z
"Het is zorgelijk dat conservatieve partijen bereid zijn om extreme politici in het zadel te helpen. Zij willen Europa van binnenuit afbreken.

Kies je voor onze veiligheid, voor grip op migratie en voor het klimaat? Kies dan op 6 juni voor een sterk Europa voor Nederland #stemD66 ",0,2024-06-02T12:41:39.000Z
"Als je Nederlanders op één zet, zet je een sterk Europa op één. Stem 6 juni D66. ",1,2024-05-30T08:40:26.000Z
"Populistische partijen willen onze Europese kracht van binnenuit kapotmaken. Dat is funest voor onze portemonnee, funest voor het klimaat en het speelt Poetin in de kaart.

Er is een alternatief. Kies voor een sterk Europa voor Nederland. Stem 6 juni D66.

",0,2024-05-27T17:08:11.000Z
"PVV, VVD, NSC en BBB maken niet alleen boeken, concerten en theaters fors duurder, maar zetten ook de aanval in op onze sport. 

Waar hebben Nederlanders dit allemaal aan te danken? Laat hen gewoon vrij sporten en genieten van onze sporthelden.

",0,2024-05-23T20:58:07.000Z
"Ik ben erbij! En laten we inderdaad die onzinnige btw-verhogingen op boeken, theaters, festivals en sportwedstrijden stoppen. ",1,2024-05-23T12:13:38.000Z
"Iedereen heeft het recht zich te vergissen, zelfs deze nieuwe coalitie. De btw-verhoging op boeken, kranten en tijdschriften moet van tafel. Dit is de kans voor PVV, VVD, NSC &amp; BBB om hun vergissing terug te draaien. Stem voor onze motie! ",0,2024-05-22T19:17:59.000Z
"Dit is een kwartetkabinet. Het grote probleem van een kwartetkabinet is dat niemand het geheel in handen krijgt. Onderwijs, gezondheid, klimaat. Ze liggen op de stapel van ongebruikte kaarten. 

Nederland verdient beter. ",0,2024-05-22T17:08:20.000Z
"De coalitie van PVV, VVD, NSC en BBB wil kranten, magazines en boeken voor mensen duurder maken.

Ik kan natuurlijk niet anders dan aan de hand van een stapel leesvoer vertellen waarom deze boete-op-boeken morgen nog van tafel moet. 📚 ",0,2024-05-21T18:46:10.000Z
"Gebakken lucht houdt Nederland niet veilig. Zorg dat agenten hun werk kunnen doen!

De nieuwe coalitie trekt €400 mln te weinig uit voor de politie. Morgen komen wij met een voorstel om dat te repareren. Ik verwacht van de VVD &amp; PVV dat ze hun beloftes nakomen. Doe wat nodig is. ",1,2024-05-21T06:25:12.000Z
"Deze coalitie kiest voor de grootste onderwijsbezuiniging van de eeuw. Nederland verdient beter.

Er is een alternatief. Stem 6 juni D66. ",0,2024-05-18T15:00:51.000Z
"Toen ik gisteren het nieuwe akkoord las, moest ik goed zoeken naar de echte keuzes om de uitdagingen van ons land aan te gaan.

Spoiler: die keuzes staan er dus niet in 👀 Wat er wel in staat? Een hoop luchtkastelen op financieel drijfzand. Toon daadkracht! ",0,2024-05-17T07:53:55.000Z
"Deze coalitie kiest ervoor om 1,5 miljard te bezuinigen op het onderwijs en de wetenschap. Dat is de grootste bezuiniging op onderwijs van de afgelopen eeuw.  

Een kapitale fout. ",0,2024-05-16T13:35:11.000Z
"PVV, VVD, BBB en NSC sluiten een akkoord voor het kabinet Wilders-1. Een akkoord vol met luchtkastelen gebouwd op financieel drijfzand. Met bezuinigingen op onderwijs en klimaat. En zonder echte keuzes voor zorg en woningbouw.

Lees hier mijn reactie ⤵️
",0,2024-05-16T08:07:07.000Z
"Geschokt door het nieuws over de laffe aanval op premier Fico van Slowakije. Dit is niet alleen een aanslag op een regeringsleider. Dit is een aanslag op de democratie. 

Laten we gezamenlijk hopen op een snel herstel. ",0,2024-05-15T13:34:20.000Z
"De verwoesting in Gaza maakt veel mensen boos. Mij ook. De oorlog in Gaza moet stoppen. Een staakt-het-vuren is dringend nodig.

Veel mensen gaan de straat op om te demonstreren. En dat mag, altijd. Demonstreer met woorden. Niet met vernieling en geweld.",0,2024-05-09T08:40:02.000Z
"Het enige juiste besluit. En dat op de vooravond van de Russische Overwinningsdag.

Het is in het belang van de vrijheid én van onze veiligheid dat Poetin deze oorlog niet wint. Laat dat ook de opdracht zijn aan het nieuwe kabinet. Blijf Oekraïne steunen.

",1,2024-05-08T15:59:53.000Z
"Vandaag vieren we onze vrijheid. Ik wens iedereen een mooie Bevrijdingsdag toe. 

We mogen de vrijheid niet voor lief nemen. Om in vrijheid te blijven leven, moeten we haar beschermen. Ik sta vandaag daarom ook stil bij alle mensen die op dit moment strijden voor de vrijheid. ",1,2024-05-05T06:58:38.000Z
"Vandaag herdenken we iedereen die tijdens de Tweede Wereldoorlog en daarna in oorlogssituaties en vredesoperaties is omgekomen of vermoord.

Samen staan we stil bij de mensen die hun leven gaven en geven voor onze vrijheid. We eren hun moed en nagedachtenis.",1,2024-05-04T07:09:32.000Z
"Een duidelijke boodschap van boeren aan het nieuwe kabinet. Goed klimaatbeleid is een pure noodzaak.

Niet alleen voor de voedselvoorziening van Nederland, maar ook voor de portemonnee van boeren. Zij zien de oogst mislukken en hun inkomsten verdampen.

",1,2024-05-03T11:55:10.000Z
Trots op Mpanzu. Zijn jarenlange strijd brengt gerechtigheid. ,1,2024-04-26T16:31:30.000Z
"Wilders zegt er te zijn voor 'zijn Nederlanders'. Ondertussen heeft hij een onderonsje met Kremlinfan Orbán en negeert hij de dreiging van Poetin.

Geert, als je echt Nederland op 1 zet, sta je op tegen deze gevaarlijke politici. Verdedig onze waarden én de grenzen van Europa. ",0,2024-04-26T13:41:29.000Z
"Er zijn allerlei oorlogen gaande, mensen maken zich druk over het vinden van een betaalbaar huis, of er nog een leraar voor de klas van je kind staat. En dan zie je formerende politici die druk zijn met elkaar aanvallen via X.

Lees mijn AD-interview hier:
",0,2024-04-26T07:38:17.000Z
"Met moed, bedachtzaamheid en doorzettingsvermogen lukte het Pia Dijkstra in 2016 om als Kamerlid van D66 de donorwet te wijzigen.

Met een geweldig resultaat: het aantal mensen dat actief een keuze heeft gemaakt is fors gestegen.

",1,2024-04-25T17:51:21.000Z
Goed bestuur. Een tweeluik. 🥴 ,1,2024-04-25T06:57:24.000Z
"Gisteravond is Pesach begonnen. Deze dagen viert de Joodse gemeenschap het vertrek uit Egypte en de vrijheid na slavernij.

Ik wens iedereen Chag Pesach sameach. We denken extra aan de mensen die nog altijd gegijzeld worden door Hamas. ",1,2024-04-23T07:13:49.000Z
"Als VVD'er waarschuwen voor het cadeau aan Poetin als Wilders de macht grijpt. Maar zelf wel een kabinet Wilders-I vormen… snap jij het nog?

Dit is alsof je waarschuwt voor een verwoestende bosbrand terwijl jij de pyromaan lucifers gaf.

",0,2024-04-22T09:18:28.000Z
"Als we vol inzetten op duurzame energie, kunnen we dit aan. Maar niet als partijen klimaatactie vertragen of door de ‘shredder’ gooien.

Dan betaalt iedereen de rekening van schade aan huizen, waterschaarste en hoge energiekosten. Dat helpt niemand.

",0,2024-04-22T07:38:18.000Z
Jouw stem is nodig voor een sterk Europa. 🗳️ ,1,2024-04-21T10:10:18.000Z
"Ongelooflijk trots op deze fantastische man die toevallig ook een briljant hockeyer is.

",1,2024-04-20T06:56:29.000Z
"Ik kan deze oproep alleen maar onderschrijven. Blijf af van mensen die gewoon hun werk doen.

In het vrije Nederland waar ik van houd, gaan we respectvol met elkaar om. #stopdeagressie ",1,2024-04-19T10:45:06.000Z
"Wat een lage uitspraak van Wilders. VVD-collega Eric van der Burg werkt al 2,5 jaar dag en nacht op één van de zwaarste posten van het kabinet. Die man verdient niets dan respect. ",0,2024-04-18T06:08:44.000Z
"Een man een man, een woord een woord. Hans Vijlbrief komt zijn belofte na.

Ook de Eerste Kamer stemde vanavond vóór het sluiten van de Groningse gasputten. Zo komt er eindelijk een definitief einde aan de jarenlange onzekerheid voor Groningers. ",1,2024-04-16T20:42:43.000Z
"Nederland staat voor grote uitdagingen. Met deze plannen helpen we Nederland vooruit. En dat alles binnen de internationale Europese begrotingsafspraken.

We zetten in op het vergroenen van vervuilende bedrijven, een veiliger Europa en op herstel van Groningen. (1/4) ",1,2024-04-15T13:17:43.000Z
"Nog nooit nam de CO2-uitstoot van de grootste vervuilende bedrijven zo hard af.

Nu moeten we doorzetten. Toch dreigen de partijen in het nieuwe kabinet de klimaataanpak te vertragen. Dat helpt niemand. Durf onverdeeld te kiezen voor minder fossiele en meer duurzame energie. ",1,2024-04-15T08:58:44.000Z
"Deze Iraanse aanval is roekeloos en gevaarlijk. De schade en slachtoffers in Israël lijken gelukkig mee te vallen. 

Om erger leed in de regio te voorkomen, is de-escalatie nu cruciaal. Evenals een staakt-het-vuren in Gaza.",0,2024-04-14T07:34:30.000Z
"Zolang dit kabinet er is zal Nederland alle steun geven aan Oekraïne. In het belang van de vrijheid én van onze eigen veiligheid. Onze premier en ministers lopen hiermee voorop, dat leiderschap is hard nodig.

",1,2024-04-12T20:45:19.000Z
"Terecht veel boze reacties op deze ‘grap’. Puur racisme op nationale tv. 

Habtamu de Hoop is een oer-Hollands parlementslid. En een strijder voor de trotse Friese taal en cultuur. ",0,2024-04-10T08:07:07.000Z
"Lekker thee drinken met Poetin-vriend Orban en de persvrijheid aan banden leggen.  

Fijn die basislijn van kabinet Wilders-1. ",0,2024-04-09T18:11:44.000Z
"Nu is niet het moment om het klimaatbeleid te vertragen. Nu is het moment om te kiezen voor een groene economie. 

Zodat we er geld aan verdienen, tienduizenden extra banen creëren en de energierekening verlagen. Goed voor de portemonnee van Nederlanders! ",1,2024-04-09T07:17:39.000Z
Er is maar één echte partij voor de vrijheid. En dat is D66. ,1,2024-04-08T18:02:15.000Z
"Wilders wil weer met de sloopkogel door onze eigen club. On-Nederlands en anti-Nederlands.

Wil je de grenzen beschermen? Zet Europa op één.
Wil je meer geld en betere banen? 
Zet Europa op één.
Wil je schone lucht en mooie natuur?
Zet Europa op één.

",0,2024-04-08T13:08:30.000Z
"Weg met die bescheidenheid. Samen maken we Europa vrijer, gelijker en democratischer. Eén Europa, Europa op één! 🇪🇺
#D66Congres ",1,2024-04-06T13:09:51.000Z
"Congresdag! Ik heb er zin in. ⚡️
 
Straks zit deze zaal vol met D66-leden. Om 11.45 uur spreek ik over het belang van een sterk, onverdeeld en modern Europa. 

Kijk je mee? 👇🏽 

",1,2024-04-06T08:52:04.000Z
"Als je Nederlanders op één wilt zetten, dan zet je Europa op één.

Stem D66 op 6 juni. Europa eerst!

#ep2024 #EP #StemD66 ",1,2024-04-04T06:24:41.000Z
"Zalig Pasen!
En hele fijne Paasdagen gewenst.",1,2024-03-31T05:41:04.000Z
"Held. 

",0,2024-03-30T08:21:55.000Z
"Blijf van onze Joden af! Een landgenoot die wordt aangevallen om wie hij is. Dat is volstrekt verwerpelijk.

Spreek je uit tegen Jodenhaat. In ons land moet iedereen zich veilig kunnen voelen. ",0,2024-03-29T17:27:11.000Z
"Geld voor onderwijs en woningen in deze slimme regio. Omdat ASML goed is voor banen en de economie. 

Intussen praten VVD, NSC, BBB en PVV over minder talent uit het buitenland en minder internationaal onderwijs. Zorgelijk, want dat is slecht voor de portemonnee van Nederlanders. ",1,2024-03-28T14:20:57.000Z
"Schandalige vertoning in ons eigen parlement. Zowel tijdens als buiten het debat. Goed dat de voorzitter Baudet op het matje roept.

",0,2024-03-27T21:06:32.000Z
"Hierdoor worden vooral ouderen, (zwangere) vrouwen, mensen met een migratieachtergrond en mensen met een beperking benadeeld bij sollicitaties. Veel talent blijft onbenut: slecht voor sollicitanten én slecht voor onze economie. 

D66 blijft zich wel inzetten voor gelijke kansen. ",0,2024-03-26T20:27:38.000Z
"Oud-Oranjeleeuwin @Jeanetvdlaan gaat recht op haar doel af. Zo ken ik haar. 💪🏽

Zet ‘m op! ⚽️

",1,2024-03-26T08:01:58.000Z
"Eindelijk stemt de VN-veiligheidsraad voor een onmiddelijk staakt-het-vuren. Stop het immense leed in Gaza.
",0,2024-03-25T15:16:02.000Z
"Geraakt door de beelden van de laffe terreuraanslag in Moskou op onschuldige burgers. Het Russische volk wordt in het hart geraakt. Mijn gedachten zijn bij de gewonden, de slachtoffers en de nabestaanden.",0,2024-03-23T11:02:21.000Z
"Het is vier maanden na de verkiezingen. Formerende partijen: toon lef, maak vaart! ",1,2024-03-21T10:50:23.000Z
"Na vier maanden sjansen hebben PVV, VVD, NSC en BBB eindelijk de knoop doorgehakt: kabinet Wilders 1 gaat er komen.

Over het wat en het hoe is nog steeds veel onduidelijk. Dus snel aan de slag met de inhoud en tempo maken. Het onderwijs, klimaat en de economie wachten niet! ",1,2024-03-20T17:02:57.000Z
"Tja, 114 dagen na de verkiezingen is het hoge woord er dan eindelijk uit: PVV, VVD, NSC en BBB gaan onderhandelen over ""een kabinet"". Over het wat en het hoe is nog steeds veel onduidelijk. Dus snel aan de slag met de inhoud.",1,2024-03-14T15:28:31.000Z
"Hollands glorie in Hollywood! Ooit afgewezen door de Filmacademie en nu bekroond met de belangrijkste prijs in de filmwereld. Wat een verhaal, wat een vakmanschap.

Van harte gefeliciteerd Hoyte van Hoytema!

",1,2024-03-11T07:01:33.000Z
‘Gezellig’ ,1,2024-03-08T22:01:07.000Z
"Gemiste diagnoses, verkeerde behandelingen: we weten te weinig over de gezondheid van vrouwen. Daardoor worden zij niet altijd goed geholpen.

Zorgminister Pia Dijkstra trekt daarom op Internationale Vrouwendag extra geld uit voor onderzoek 👏🏽 
",1,2024-03-08T09:01:51.000Z
Echte mannen spreken zich uit vóór vrouwen! ✊ ,1,2024-03-08T08:00:05.000Z
"Steeds meer elektriciteit in Nederland is duurzaam opgewekt. En de uitrol van wind op zee en zon op dak gaat ondertussen in volle vaart door. We zijn hard op weg naar een schone, onafhankelijke en betaalbare energiemix. Voor een mooier Nederland. #klimaat #energie ",1,2024-03-07T06:14:05.000Z
"I approve this message! 🇪🇺
",1,2024-02-29T16:16:44.000Z
"Walgelijk en bizar. Blijf van onze volksvertegenwoordigers af!

",0,2024-02-28T15:31:46.000Z
"Prima en kort gesprek bij de informateur. Mijn boodschap was simpel: Na de soap van afgelopen maanden, moeten de rechtse partijen nu een serieuze poging tot coalitievorming doen. (1/2) ",0,2024-02-26T16:55:33.000Z
"Vandaag 2 jaar geleden, op 24 februari 2022, viel Rusland Oekraïne binnen. Een illegale invasie en grote escalatie van de oorlog die begon in 2014.

Ik roep alle partijen op: laat Oekraïne niet vallen. Zet de veiligheid van Europa niet op het spel.

Slava Ukraini!",0,2024-02-24T07:30:07.000Z
"“We kunnen ons niet terugtrekken achter de dijken. Ik vind het echt onverantwoord om te suggereren dat het wel prima is dat anderen Oekraïne helpen, maar dat wij alleen maar dingen voor onszelf moeten doen.” 

Defensieminister @KajsaOllongren in Trouw 👇
",1,2024-02-23T08:45:29.000Z
Onacceptabel gedrag. Veel sterkte aan agenten en omwonenden. ,0,2024-02-18T08:05:05.000Z
"Wat een stomp in de maag. Deze ongekend dappere man staat voor alles waar Poetin bang voor is: waarheid, moed, vrijheidszin. Daarom heeft zijn moorddadige regime Aleksej Navalny omgebracht. 

Onze opdracht is helder. Rusland moet de oorlog verliezen. ",0,2024-02-16T11:53:43.000Z
"Hele bijzondere onderscheiding van president Zelensky voor voormalig D66-Kamerlid @swsjoerdsma, vanwege zijn steun aan Oekraïne.

""Als je staat voor internationaal recht en mensenrechten, dan kun je simpelweg niet anders.""

Hun strijd, is onze strijd.

",1,2024-02-15T08:28:43.000Z
"Extraparlementair, meerderheidskabinet, minderheidskabinet… volgt iemand het nog? 

Kom er samen uit, of niet. Maar stop de chaos. ",0,2024-02-14T15:25:34.000Z
"Wilders: “Ik respecteer de rechtsstaat.”  

Ook Wilders: “Iedereen past zich aan onze dominante cultuur aan. Wie dat niet doet, is hier over twintig jaar niet meer. Die wordt het land uitgezet.”  

Waardeloze beloftes. VVD+NSC lieten zich met een kluitje het riet in sturen. ",0,2024-02-14T11:09:03.000Z
"Het verslag roept bij mij één vraag op: wat hebben PVV, VVD, BBB en NSC de afgelopen 83 dagen eigenlijk gedaan? Ze zijn amper opgeschoten. Nederlanders wachten op een nieuw kabinet dat keuzes maakt. Wilders en Yesilgöz moeten in het debat woensdag duidelijk maken hoe nu verder. ",0,2024-02-12T16:08:20.000Z
"Dries van Agt was een premier die bruggen wist te slaan in economisch moeilijke tijden, bevriend raakte met zijn ideologische tegenpool Jan Terlouw en zich tot op late leeftijd inzette voor mensenrechten. 

Ik wens zijn dierbaren veel sterkte met dit verlies. ",1,2024-02-09T10:37:43.000Z
Onze vragen aan de informateur. 👇🏽 ,1,2024-02-08T14:24:13.000Z
"Tien jaar geleden werd Els Borst op gewelddadige wijze vermoord. Borst was arts in de politiek, bevlogen D66’er en een voorbeeld en inspiratiebron voor velen.

Lees hier een uitgebreide ode aan Els Borst van de Mr. Hans van Mierlo Stichting: ",1,2024-02-08T07:09:54.000Z
"Elk kabinet krijgt vroeg of laat te maken met financiële uitdagingen. Dat kan toch geen reden zijn om geen nieuwe regering te vormen?

Nederlanders verwachten van politici dat ze problemen oplossen. Niet dat ze weglopen als het een beetje moeilijk wordt.",0,2024-02-06T19:23:20.000Z
"Nou, succes jongens 😜👍🏽 ",1,2024-02-05T20:37:04.000Z
"Ha collega, heb ik gister al gedaan. Nu ik je toch spreek, waar is jouw veroordeling van de FDF intimidatie? Heb ik er overheen gekeken? 

",0,2024-02-03T13:10:27.000Z
"Snelwegen blokkeren, brand stichten, politici intimideren, het past niet bij Nederland. Zwak dat Van der Plas dit niet veroordeelt. 

Boeren hebben behoefte aan duidelijkheid. Daar is politieke moed voor nodig. Hak knopen door in de formatie! Maak tempo. ",0,2024-02-03T06:55:53.000Z
"Als Tweede Kamerlid heeft Pia Dijkstra zich jarenlang met hart en ziel ingezet voor de zorg, de mensen die daar werken en alle patiënten.

Ik ben trots dat zij met al haar ervaring nu aan de slag wil als demissionair minister voor Medische Zorg. 

Pia, welkom en heel veel succes!",1,2024-02-01T13:24:25.000Z
"How it started, how it’s going 👀

De formatie hoefde niet heel lang te duren, schreef Ronald Plasterk direct na de verkiezingen.

70 dagen later zitten we nog in de eerste fase van de formatie. Stop met ruziën en ga aan het werk. ",0,2024-02-01T08:44:16.000Z
"Vier jaar geleden stapte het Verenigd Koninkrijk uit de EU. Inmiddels zijn de Brexitbeloftes gebroken: het leven is nóg duurder geworden, immigratie is meer dan verdubbeld en de zorg ligt op z’n gat. Niet voor niets hebben de meeste Britten nu spijt van hun stem. ",0,2024-01-31T15:35:10.000Z
"Dit is gewoon angst tegen zwarte mensen zaaien. Onverhuld racisme.

Voor Thierry Baudet een lolletje, voor onze samenleving funest als we dit normaal gaan vinden. 

Walgelijk. ",0,2024-01-23T17:10:27.000Z
"Goed dat de Eerste Kamer akkoord is. Dit is het beste voor Nederland. Zo kunnen we mensen eerlijker verdelen en netter opvangen. 

Veel waardering voor staatssecretaris Eric van der Burg die hier zo hard voor heeft gewerkt. 
",1,2024-01-23T14:06:47.000Z
"Het is alweer bijna 60 dagen na de verkiezingen. Uitdagingen genoeg. Benieuwd naar de uitkomst van de gesprekken tussen PVV, VVD, NSC en BBB. 🍿 ",0,2024-01-21T12:31:33.000Z
"Terwijl de fysieke oorlog al aan de grenzen van Europa woedt, is de retorische oorlog - de strijd van taal en ideeën, de strijd hoop geven tegen angst zaaien - nog maar net begonnen. Het is nu aan ons, liberalen en progressieven.

Mijn Europa-speech 👇
",1,2024-01-20T13:55:05.000Z
Europa is onze toekomst. 🇪🇺 Vandaag geef ik mijn eerste grote internationale speech als partijleider over onze plannen voor Europa. Zin in! ,1,2024-01-20T10:30:13.000Z
"Het beste voor het land.

",1,2024-01-16T19:24:30.000Z
"Dank Ernst, voor je inzet en deskundigheid. Met al jouw ervaring in de zorg was je aanwinst voor ons D66-team in het kabinet. Mede door jouw ambitieuze agenda zijn stappen gezet naar betere patiëntenzorg en gaan professionals weer met meer plezier naar hun werk. Het ga je goed! ",1,2024-01-10T15:18:46.000Z
"Sigrid Kaag wordt Humanitair en Wederopbouw Coördinator voor Gaza namens de Verenigde Naties. Deze rol past haar als gegoten, al ga ik haar enorm missen. Hopelijk kan zij een bijdrage leveren aan het verlichten van het lijden in Gaza.

Lees mijn reactie: ",1,2023-12-26T18:29:16.000Z
"Na een jaar met oorlogen, tegenstellingen en spanningen, wens ik iedereen dagen gevuld met warmte, liefde en gezelligheid. 

Laten we kracht putten uit deze tijd met dierbaren. En inspiratie om in 2024 de verbinding te blijven zoeken met elkaar. 

Het is de enige weg vooruit. 🫶🏽",1,2023-12-25T13:20:08.000Z
"Ik ben Samira zeer dankbaar voor haar jarenlange inzet voor een socialer en eerlijker Europa. Ik ben blij dat ze tot juli voor D66 onze stem in Europa blijft. Ze zal buiten het EP doorgaan met haar strijd voor gelijke rechten, eerlijke handelsverdragen én daar succesvol in zijn. ",1,2023-12-21T14:21:21.000Z
Een sterk Europa is het enige antwoord op de grote uitdagingen van nu. Met dit team heb ik het volste vertrouwen in een goed resultaat. ,1,2023-12-21T13:46:23.000Z
Wat een bijzondere dag voor alle nabestaanden van de Decembermoorden. Na ruim 41 jaar zorgt deze veroordeling van de hoogste Surinaamse rechter voor gerechtigheid. Eindelijk. ,1,2023-12-20T15:55:38.000Z
De Eerste Kamer heeft net ingestemd met het klimaatfonds! Goed nieuws! Keiharde knaken voor ondernemers en Nederlanders om te verduurzamen en zo de energierekening omlaag te brengen.,1,2023-12-19T21:11:24.000Z
"Vandaag een jaar geleden maakte het kabinet excuses voor het slavernijverleden. Een historische stap op weg naar herstel voor heel veel Nederlanders. Nu deze woorden zijn uitgesproken, moeten daden volgen. Geen punt, maar een komma. Daar blijft D66 zich voor inzetten.",1,2023-12-19T16:37:51.000Z
"Ik wens Martin Bosma veel succes met het voorzitterschap van de Tweede Kamer. Een belangrijke en verantwoordelijke klus, voor democratie en parlement. Wij zullen je kritisch blijven volgen.",1,2023-12-14T18:05:40.000Z
De scherven bij elkaar vegen na staatsrechtelijk vandalisme. Wat een afgang. ,0,2023-12-14T16:22:04.000Z
"Geert Wilders praat dan wat milder, kiest lievere woorden, maar een premier voor alle Nederlanders zal hij nooit zijn. ",0,2023-12-13T11:40:44.000Z
"Van harte gefeliciteerd met het fractievoorzitterschap van de SP @jimmydijk! Een mooie en belangrijke klus, ik zie uit naar onze samenwerking.",1,2023-12-13T09:23:02.000Z
"Een belangrijke stap in de wereldwijde strijd tegen klimaatverandering! Voor het eerst spreken 198 landen gezamenlijk uit dat we het gebruik van fossiele brandstoffen willen afbouwen.

De toekomst is schoon. 🌍",1,2023-12-13T09:02:26.000Z
Vanmiddag beëdigd in de Tweede Kamer: @TjeerdD66 en @MarijkeSynhaeve! Geweldig dat jullie onze fractie versterken nu @IlanaRooderkerk en @hannekevdwerf nog even met zwangerschapsverlof zijn. We gaan ervoor! 💚 ,1,2023-12-12T16:22:59.000Z
"Dank Lilian, voor je noeste parlementaire arbeid voor een socialer Nederland. Je strijdvaardigheid in het debat ga ik missen. Het ga je goed! ",1,2023-12-09T12:55:13.000Z
"Chanoeka sameach aan iedereen die het feest van de lichtjes viert. 🕎

Chanoeka wordt gevierd in uitzonderlijke tijden. Laat de oorlog in het Midden-Oosten ons niet uit elkaar drijven. Juist in ons eigen land moeten we ons blijven uitspreken tegen antisemitisme. Hoop boven haat.",1,2023-12-07T20:00:32.000Z
"De nieuwe fractie van D66 is vandaag beëdigd en kan aan de slag! Voor het onderwijs, het klimaat en een eerlijke economie. De taakverdeling is rond. Dit zijn de nieuwe woordvoerders en hun onderwerpen:👇🏽 ",1,2023-12-06T13:52:19.000Z
"Morgen wordt @svanweyenberg beëdigd als demissionair staatssecretaris van Cultuur en Media. Een heel ervaren en gedegen kracht, met een groot hart voor cultuur en media. Steven, veel succes! ",1,2023-12-05T08:21:15.000Z
"Opnieuw zegt Wilders dat hij geen steun voor Oekraïne wil. Onbestaanbaar! Als we Poetin zijn gang laten gaan, eindigt het niet bij Oekraïne. Dit gaat ook over onze veiligheid.

Ik roep alle andere partijen op: laten we vol staan voor steun aan Oekraïene. ",0,2023-12-04T10:43:05.000Z
"Helaas geen 10 maar 9 zetels. Felicitaties aan de SP voor de laatste restzetel. Elke stem telt, want het scheelde maar 160 stemmen! 😱

Wij blijven strijdbaar de komende tijd. Voor meer klimaatactie en beter onderwijs!",1,2023-12-01T10:25:37.000Z
"D66 staat voor een Nederland waarin we elkaar met open vizier tegemoet treden. Een land met een weerbare en veerkrachtige democratische rechtsstaat. Wij gaan niet deelnemen aan een kabinet waar de PVV onderdeel van uitmaakt. 

Lees mijn brief aan verkenner Plasterk hier. ",1,2023-11-30T09:41:01.000Z
"Bedankt Gunay, voor al jouw belangrijke werk! Met al je ervaring in het veld wist je de culturele sector weer de waardering te geven die zij verdient. 

D66 bouwt daarop voort en zal snel een vervanger voordragen. ",1,2023-11-30T09:22:57.000Z
"Deze uitslag laat zien dat onze strijd nodig is. Voor vrijheid, voor tolerantie, voor de rechtstaat. Dat is waar D66 voor staat, dat is waar ik voor vecht en dat gevecht geven wij nooit op. ",1,2023-11-23T16:11:19.000Z
De stembussen zijn gesloten. Veel dank aan alle kiezers die hun vertrouwen in D66 hebben uitgesproken. En aan alle vrijwilligers: wat hebben we samen een geweldige campagne gevoerd.⚡️ ,1,2023-11-22T20:00:52.000Z
"Zeteltjes winnen over de rug van mensen die anders zijn, daar pas ik voor.  

Vandaag kunnen we samen extreemrechts buiten de deur houden. Wij zijn het antwoord voor het klimaat, voor het onderwijs, voor Europa. Voor een politiek van verbinding.   

Stem daarom: D66! ",1,2023-11-22T07:55:23.000Z
"Kies met je hart: voor het onderwijs, het klimaat, de toekomst.

Kies met je hoofd: alleen een sterk D66 kan een extreem kabinet over rechts voorkomen. ",1,2023-11-22T07:42:16.000Z
"Eindelijk een staakt-het-vuren en vrijlating van gijzelaars. Het werd de hoogste tijd.

Maar er is veel meer nodig: massieve hulp voor Gaza, een permanente wapenstilstand en diplomatieke druk om te komen tot blijvende vrede en veiligheid voor Israëli’s en Palestijnen. ",1,2023-11-22T07:27:32.000Z
"Miljoenen Nederlanders worden weggezet door de intolerante politiek van Wilders. Ik zal me daar altijd tegen verzetten.

Ik sta voor een Nederland waarin iedereen mee mag doen en we mensen beoordelen op hun daden. 

Stop de haat. 
Stem morgen D66. ",0,2023-11-21T21:34:20.000Z
"Het klimaat heeft bondgenoten nodig in woord én daad.

#NederlandKiest ",1,2023-11-21T20:46:16.000Z
"Aha. Nu komt de aap uit de mouw! Mevrouw Yeşilgöz wil regeren met Wilders, maar dan moet ze wel zélf de premierspost krijgen. Mensen zien hier doorheen. 

Maak D66 groot. Optimistisch aan de slag voor het klimaat, onderwijs en een land waar iedereen thuis is. ",1,2023-11-21T12:09:55.000Z
"Verschrikkelijke berichten over mijnramp in Suriname. Veel sterkte aan alle slachtoffers en nabestaanden. 

Als Nederland ergens kan helpen dan moeten we dat doen. ",1,2023-11-21T06:47:41.000Z
"Geen gepraat, maar resultaat mevrouw @DilanYesilgoz.

Er is geen asielcrisis. Nederland heeft te maken met een VVD-crisis. ",0,2023-11-20T19:53:49.000Z
"Dit staat er op het spel bij de verkiezingen. 

Voorkom een extreemrechts kabinet dat stopt met klimaatbeleid en zich van Europa afkeert en de grenzen sluit. 

Maak D66 groot. ",0,2023-11-20T18:38:18.000Z
Speciaal voor alle kiezers onder de achttien! 😜 ,1,2023-11-19T19:38:01.000Z
"Omtzigt en Yeşilgöz gaven Wilders vleugels. Het maakt mij niet uit wie premier wordt van zo’n Wilderskabinet, ik wil dit onzalige avontuur voorkomen. 

Daarom: maak D66 groot. Er is geen linkse meerderheid, alleen een sterk D66 kan een rechts en extreemrechts kabinet stoppen. ",0,2023-11-19T17:26:19.000Z
"Veel partijen praten al jaren over meer grip op migratie, maar als ze er wat aan kunnen doen, lopen ze ervan weg.

Gebruik je stem verstandig. Stem op een partij die niet alleen praat, maar het ook doet. Stem D66. ",0,2023-11-19T15:09:17.000Z
"Stop de gekte. Nederland wordt niet beter van experimenten over rechts. Gebruik je stem verstandig. 

We hebben nog vier dagen om het midden groot en sterk te maken. Geef D66 de sleutel in handen. ",1,2023-11-18T21:19:46.000Z
Beter krachtvoer voor een debat bestaat niet. Klaar voor het Zuiden! ,1,2023-11-18T17:50:49.000Z
"Het Dilan Yesilgöz-effect: de PVV kan de grootste worden.

De enige manier om een Wilders-kabinet te voorkomen is om het midden sterk te maken. Stop de chaos. Kies voor progressieven met een ruggengraat. Stem D66. ",0,2023-11-18T17:14:05.000Z
Natuurlijk zet ik m’n handtekening onder het regenboogakkoord. ✅ ,1,2023-11-18T11:09:38.000Z
"Wilders in het kabinet? Slecht voor onze economie en Nederlandse waarden. Toch zet Yesilgoz de deur open voor samenwerking met de PVV. 

Liberalen hebben een keuze: extremisme of  een groen en progressief kabinet, met een open blik naar buiten.  Ik weet het wel, jij ook?
#beau ",0,2023-11-15T22:37:44.000Z
"Na de koerswijziging van Yesilgöz ligt de weg voor een kabinet met Wilders weer open. 

Volgende week hebben liberalen een keuze. Een stem op D66 houdt extremisme buiten de deur.

",0,2023-11-15T16:50:36.000Z
"Onderschat de stille liefde tussen Wilders en Yesilgöz niet. 

Wilders geeft met veel theater “ministerie van de-islamiseren” op maar hij wil nog steeds uit de EU, het klimaatbeleid afschaffen en discrimineert structureel.

Desastreus voor Nederland.

",0,2023-11-15T08:54:10.000Z
“1000 dagen niets gedaan” 😉 ,0,2023-11-14T18:57:44.000Z
"Zeer eens. Maar wat blijkt uit de plannen van de VVD? Werken wordt mínder aantrekkelijk, omdat je méér belasting gaat betalen over je inkomen. 

Wie hard werkt moet daar juist meer aan overhouden. Wij hebben daar de doorgerekende plannen voor. ",1,2023-11-13T20:25:17.000Z
"Onwijs leuke traditie: in de aanloop naar de verkiezingen mogen partijen voor één keer zelf een pagina maken voor de Telegraaf. Zo was ik naast lijsttrekker, ook hoofdredacteur-voor-een-dag.

Het resultaat staat vandaag in de krant. Wat vind je ervan? En van de muziekkeuze? 😅 ",1,2023-11-13T10:16:00.000Z
"Wat een dag in Amsterdam! Tienduizenden mensen gingen de straat op voor het klimaat. Een krachtig signaal aan de politiek.

Nu moeten politici leveren. Van drammen naar doen. @D66 wil keihard door met klimaatactie. Zo hard dat we er geld aan gaan verdienen! #klimaatmars ",1,2023-11-12T18:07:21.000Z
"Frans, is het lastig te erkennen dat een andere lijsttrekker ook iets goed heeft gedaan? 

Bijvoorbeeld:
✅ Binnen 1 jaar onafhankelijk van Russisch gas
✅ Klimaatdoelen 2030 binnen bereik
✅ Lagere energierekening door isolatie
✅ Kampioen zonne-energie van Europa

Fijne zondag! ",1,2023-11-12T10:33:29.000Z
"Volle steun voor alle vrouwen die vandaag de straat op gaan voor hun vrijheid en recht. 

Nederland staat op 22 november voor een keuze. Laat politici niet bepalen over jouw lichaam en leven. ",1,2023-11-11T11:58:18.000Z
"Wat een geweldig nieuws!

Een pro-Europese coalitie staat klaar om Polen te gaan regeren. De rechts-conservatieve PiS-partij die vrouwenrechten inperkt, anti-Europa is en de rechtsstaat ondermijnt, krijgt hopelijk snel een goede opvolger.

",1,2023-11-10T20:55:43.000Z
"Sterkte, Tjeerd. ",1,2023-11-10T15:45:10.000Z
Kent u die grap over die politicus die altijd transparantie eist? ,0,2023-11-09T18:28:44.000Z
"Kwalijk van SGP-leider @chris_stoffer om intimidatie bij abortusklinieken aan te moedigen.

Vrouwen kunnen heel goed zelf beslissen. Laat politici ver uit de buurt blijven van de weloverwogen persoonlijke keuzes van mensen. ",0,2023-11-09T17:12:13.000Z
"Omtzigt zou een feitenrelaas vragen over ontbrekende doorrekeningen, afgezegde debatten en missende premierskandidaten. 

Ik zeg nogmaals: laten we het debat aangaan. Dat doe ik ook graag één-op-één. Ik regel een zaal in Groningen. Hebben we toch nog een Debat van het Noorden. ",0,2023-11-09T06:43:47.000Z
"We kunnen veel als we willen. Het is aan politici om keuzes te maken voor de toekomst van ons land. Dus handen uit de mouwen en aan de slag voor het onderwijs, het klimaat en een eerlijke economie.

Lees hier interview in AD 👇🏼

",1,2023-11-08T13:30:29.000Z
Een mooie dag om eerlijk en open je keuzes te laten zien. De onafhankelijke rekenmeesters zijn helder: D66 is de beste partij voor het onderwijs en het klimaat. (1/2),1,2023-11-08T11:11:02.000Z
"Jammer dat de heer Omtzigt niet in een groep wil debatteren, ik vind dat altijd wel een mooie democratische traditie in campagnetijd. Maar ik pak de handschoen graag op om één-op-één in debat te gaan. Mijn team neemt contact op met dat van u, @PieterOmtzigt. ",0,2023-11-07T14:41:37.000Z
"Het afgelopen jaar heeft D66-Kamerlid @Annemarijke hard gewerkt aan de wet 'Voltooid Leven'.

Vandaag presenteert ze het verbeterde wetsvoorstel waarmee we ouderen meer zelfbeschikking over het levenseinde willen geven 👇🏽

",1,2023-11-07T07:22:07.000Z
Ook dan geen gratis bier. 🍺 ,0,2023-11-06T21:47:39.000Z
.. niet door álle politici 😘 ,1,2023-11-04T13:07:59.000Z
"Je kunt roeptoeteren vanaf de zijlijn, of verantwoordelijkheid nemen. Wij kiezen altijd dat laatste. 

Daarom hogere salarissen voor leraren. Daarom zijn de klimaatdoelen binnen bereik. ",1,2023-11-03T19:44:07.000Z
"Een goede leraar voor de klas. Knopen doorhakken voor het klimaat. Zorgen dat jij een woning kan vinden en de rekeningen kan betalen. Daar gaan deze verkiezingen over.

Ik wil eerlijke keuzes maken, voor nu en later. ",1,2023-11-03T15:01:53.000Z
"Er is geen plek voor Jodenhaat in Nederland. Er is geen plek voor moslimhaat in Nederland.

Ons land is zoveel sterker als we elkaar de ruimte geven en bereid zijn naar elkaar te luisteren. Laten we daar met alles wat we in ons hebben aan werken. Geef haat geen stem. ",1,2023-11-02T19:50:12.000Z
"Gister debat met Baudet. Ik heb er slecht van geslapen. Zo veel haat richting jonge mensen die gewoon veilig en vrij willen zijn. Daar zal ik me altijd tegen verzetten. 

Aan alle dappere jongeren: ga zo door. Laat je niet klein maken. Jij mag er zijn. En gebruik je stem. 🗳️ ",0,2023-11-02T07:48:52.000Z
Vrijheid van meningsuiting ≠ vrijbrief voor haat verspreiden. ,0,2023-11-01T20:25:20.000Z
"Beangstigende beelden uit Dagestan. Verschrikkelijk om te zien hoe er wordt gejaagd op mensen die niets met de oorlog in Gaza te maken hebben. We moeten wereldwijd om Joodse mensen heen gaan staan, hen beschermen en Jodenhaat tegengaan. ",0,2023-10-29T21:00:31.000Z
Deze verkiezingen vragen om een keuze: gaat dit land een conservatieve koers varen of houden we ook dat progressieve Nederland vast? Ik kies het laatste. 🌈 ,1,2023-10-28T11:47:56.000Z
"Niet praten, maar doen! #D66 ",1,2023-10-28T09:21:05.000Z
"Partijen die zeggen op te komen voor de regio, kunnen dat simpel bewijzen: behandel de spreidingswet in de Eerste Kamer.

Zodat we de opvang voor asielzoekers eerlijk verdelen over het land in plaats van de grensregio en armste gemeenten er altijd voor laten opdraaien. ",1,2023-10-28T09:15:48.000Z
"Onderweg naar Amsterdam voor het COC-debat! De voortekenen zijn gunstig, als je het mij vraagt .. 

#regenboog #klimaatministerie ",1,2023-10-27T15:56:41.000Z
"Nederlanders in het buitenland: Potlood of pen in de aanslag! De stembussen in het buitenland zijn geopend. 

Je kunt nu je stembrief insturen. Doe het gelijk, zodat je het niet vergeet. Kies voor dé partij die opkomt voor jouw belangen: @D66 

#stemmenvanuithetbuitenland #TK2023 ",1,2023-10-27T14:31:21.000Z
Geweld gebruiken is nóóit het antwoord. Van volksvertegenwoordigers blijf je af. ,0,2023-10-26T19:42:03.000Z
"Zoals we rouwen om vermoorde Iraëli’s, zo rouwen we om vermoorde Gazanen. Een mens is een mens.

Zoals we terecht luidkeels Hamas veroordelen, zo mogen we niet zwijgen als Israël schendingen van het internationaal recht begaat. ",0,2023-10-26T08:05:00.000Z
"De oorlog zorgt ook bij veel Nederlanders voor gevoelens van verdriet en onmacht.

We mogen ons niet uit elkaar laten spelen door die gevoelens. Laten we elkaar, met respect en fatsoen, de ruimte geven voor emotie. Dat is de enige weg vooruit. ",1,2023-10-25T19:36:11.000Z
We moeten het hebben over de zorg 👇🏼 ,1,2023-10-24T10:10:09.000Z
"Deze oorlog brengt gevoelens van verdriet en onmacht. Gevoelens van onveiligheid, van een verlies van vertrouwen in de mensheid. Laten we elkaar, met respect en fatsoen, de ruimte geven. Dat is de manier waarop we begrip kweken en de eenheid bewaken. Het is de enige weg vooruit. ",1,2023-10-22T10:41:24.000Z
"Verschrikkelijke en veronrustende berichten over honderden onschuldige burgerslachtoffers bij ziekenhuis in Gaza. 

Dit geweld kent alleen maar verliezers. Een staakt-het-vuren is dringend nodig. Ook voor alle noodzakelijke humanitaire hulp.",0,2023-10-17T19:29:43.000Z
"Beste boswachters, dank voor het geweldige werk dat jullie doen voor de natuur. 

Jullie hebben gelijk. Mooie woorden zijn niet genoeg. Het is tijd voor moeilijke keuzes. D66 wil die maken: minder vleesindustrie voor de export, meer gezonde natuur. ",1,2023-10-17T06:18:34.000Z
"Vandaag hebben we de Europese inzet voor de VN Klimaattop vastgesteld. 

Extra actie voor minder CO2-uitstoot, het afbouwen van fossiele subsidies, meer schone energie, betere adaptatie op extremer weer en eerlijke compensatie van klimaatschade. 

Voor onze toekomst 🌍🇪🇺 ",1,2023-10-16T21:42:12.000Z
"Een ongekende humanitaire catastrofe in de Gazastrook. De internationale gemeenschap moet er alles aan doen om erger te voorkomen. 

Lees hier mijn gedachten 👇🏽
",1,2023-10-16T05:03:07.000Z
"Grote zorgen over Gaza. Daar dreigt een ongekende catastrofe.

Daarom roepen we regering Israël op: hervat water, voedsel en electriciteit en bescherm onschuldige Palestijnse burgers, die net als Israëli’s slachtoffer zijn van de terreur van Hamas. 

Lees: ",1,2023-10-13T15:48:45.000Z
"Kinderen die niet naar school kunnen uit angst voor het geweld van volwassenen. Het is ondraaglijk en woestmakend. 

Joden in Nederland en in de hele wereld hebben onze steun nodig. Laat de haat niet winnen. ",1,2023-10-12T19:16:12.000Z
"Van het vieste jongetje van de klas naar Europees kampioen zonnepanelen! 

We hebben laten zien dat het kan. Zo lang we samen onze schouders eronder zetten en het gewoon doen. 💪 ",1,2023-10-12T18:45:58.000Z
"Conversietherapie is wreed, traumatisch en totaal onnodig voor de jonge mensen die het mee moeten maken. Iedereen mag zichzelf zijn. 

Dankzij het werk van @Jeanetvdlaan is er nu een wetsvoorstel ingediend om ‘homogenezing’ te verbieden. 👏
#D66 #comingoutday ",1,2023-10-11T14:39:18.000Z
"Voor de tweede keer in een paar dagen is #Afghanistan geraakt door een verschrikkelijke aardbeving. Met duizenden slachtoffers en vele verwoeste dorpen en steden is de schade onvoorstelbaar. 

Mijn gedachten zijn bij de slachtoffers en hun families. 

",1,2023-10-11T07:05:24.000Z
"Voor het eerst zijn de klimaatdoelen binnen bereik. 'Een groen 'Wirtschaftswunder', schrijft @decorrespondent. 

Nu doorbijten. 22 november staat het klimaat op het stembiljet. Stem dan op de klimaatpartij die levert.

",1,2023-10-10T15:13:59.000Z
Hoe haal je het in je hoofd iemand zo te bedreigen? Laten we nou eens normaal gaan doen. Laat Nederland weer een land zijn waar je niet wordt bedreigd als je een mening hebt. ,0,2023-10-10T06:37:03.000Z
"De gevolgen van klimaatverandering voor Nederland zijn groot. Maar het KNMI zegt óók: de mate waarin, hangt af van keuzes nu.

Aan de slag dus! We hebben de klimaatdoelen dankzij de inzet van vele Nederlanders binnen bereik. Nu volhouden en doorgaan.
",1,2023-10-09T13:37:26.000Z
"Verschrikkelijke aanvallen op Israëlische burgers door terreurgroep Hamas. Weerzinwekkend geweld. 

Mijn gedachten zijn bij de slachtoffers en nabestaanden.

",0,2023-10-07T07:20:48.000Z
"Vrouwen. Leven. Vrijheid.

Een terecht eerbetoon voor de dappere en gevaarlijke strijd van alle Iraanse vrouwen (en mannen) voor gelijke rechten.

Iraanse activiste Narges Mohammadi krijgt Nobelprijs voor de Vrede.
",1,2023-10-06T10:51:15.000Z
"D66 is een partij die niet alleen over verandering praat, maar ook verandering brengt.

Dat zeg ik tegen al die mensen die nog twijfelen over hun stem op 22 november.👇 ",1,2023-10-06T08:51:42.000Z
Khalid &amp; Sophie drijft met mij de campagne-spot. 🥸 ,1,2023-10-05T19:33:55.000Z
"Goed onderwijs geeft ieder kind gelijke kansen. Leraren staan aan die basis!

Vandaag is het #DagvandeLeraar. Een uitstekende dag om stil te staan bij het fantastische werk van onze leraren. Ik bezocht basisschool De Abeel in Den Haag. ",1,2023-10-05T09:17:59.000Z
"Kies voor goed onderwijs! Zonder goed onderwijs valt alles stil. 

Heel terecht punt van @AObtweets: over onderwijs wordt deze verkiezingen veel te weinig gesproken. Kom in actie en deel deze belangrijke boodschap van de lerarenbond. Zet onderwijs op 1!

",1,2023-10-05T06:01:09.000Z
"Geen punt, maar een komma. Dat was de belofte van het kabinet na de excuses voor het slavernijverleden. 
Op Curaçao zet @AvHuffelen een historische stap door de verzetsheld Tula in ere te herstellen. De man die zijn leven gaf in opstand tegen de slavernij.
",1,2023-10-03T15:34:10.000Z
Sigrid Kaag zorgde als VN-gezant in opdracht van de Veiligheidsraad ervoor dat Hezbollah raketten op Israël stopte. In één week heeft ze meer voor de veiligheid van Israël betekend dan Wilders ooit zal doen. Wat Wilders wél goed kan: haat aanwakkeren en nepnieuws verspreiden. ,1,2023-10-03T11:58:24.000Z
"Nederlanders sporten minder sinds corona. Terwijl sport en bewegen niet alleen leuk en gezond is, het brengt mensen bij elkaar.

Trouw legde 14 verkiezingsprogramma's naast elkaar. Wat blijkt:

D66 is het meest ambitieus.🥇
PVV besteedt er geen letter aan.
",0,2023-10-03T06:57:36.000Z
"The time for climate-dramming is over; the time for climate-doen is now!

",1,2023-10-02T15:54:49.000Z
"Wilders wil geen geld voor klimaat. BBB wil liever geen windmolens. PvdD wil geen CO2-opslag. En PvdA/GL geen kernenergie.

We hebben niet de tijd en luxe om schone technieken uit te sluiten. D66 zet alles op alles op klimaatverandering een halt toe te roepen. ",0,2023-09-30T08:23:53.000Z
"Omwonenden van Chemours en Tata zijn vaker ziek dan gemiddeld. Het is volstrekt logisch dat de ziekmaker dan betaalt. 

Daarmee maken we ons land schoner, gezonder en houden we de zorg toegankelijk en betaalbaar. ",1,2023-09-29T12:53:16.000Z
Verschrikkelijk nieuws uit #Rotterdam. Heel veel sterkte aan nabestaanden en betrokkenen.,1,2023-09-28T16:26:04.000Z
"Na zestig jaar draaien we eindelijk de Groningse gaskraan dicht. 

De gasopslagen zijn gevuld en we zetten vol in op groene alternatieven. Want in Groningen moeten mensen veilig kunnen wonen. Net als in de rest van Nederland.
",1,2023-09-28T09:54:24.000Z
"Niks hiervan in Nederland. We liggen nu voor het eerst op koers om de klimaatdoelen te halen. Dat kan en moet mét mensen en mét ondernemers. 

Geen tijd om te vertragen, dit is het moment van doen. 
",1,2023-09-28T06:59:17.000Z
"D66 heeft een nieuwe lijsttrekker voor het Europees Parlement: Gerben-Jan @Gerbrandy! 🇪🇺

Met hart voor het Europese ideaal en 10 jaar ervaring in het Europees Parlement, weet hij als geen ander wat er nodig is voor een sterk, verenigd en groen Europa. Gefeliciteerd! 1/5",1,2023-09-27T19:24:17.000Z
"PrEP speelt een belangrijke rol in het terugdringen van hiv en voorkomt daarmee veel leed.

Mede door de jarenlange strijd van oa @PrEPnuNL &amp; @Aidsfonds heeft @ministerVWS besloten het middel breed beschikbaar te maken. Een mijlpaal in de strijd tegen hiv! ",1,2023-09-26T08:53:29.000Z
"Mbo-studenten zijn de vakmensen van morgen. Onze economie kan niet zonder! 

Stagelopen is waardevol en leerzaam voor de student, maar hard werk mag ook worden beloond. D66 wil dat alle mbo-studenten een stagevergoeding krijgen. ",1,2023-09-25T09:31:20.000Z
"Sommige politici denken dat het vroeger allemaal beter was. Dat als we niks doen, niks verandert. Maar als we een eerlijke, sterke en schone toekomst willen, kunnen we nu niet achteroverleunen. Dan zullen we dappere keuzes moeten maken.

Onze plannen 👉",1,2023-09-23T08:13:45.000Z
"Hans en Fleur, bedankt voor het verkiezingsprogramma! D66 wil meer klimaatactie, het beste onderwijs en een eerlijke economie.

Benieuwd naar onze progressieve plannen? Lees ze hier 🔗",1,2023-09-22T09:40:18.000Z
Zin in de campagne met dit ijzersterke team! 💪 ,1,2023-09-21T08:38:00.000Z
"Erwin Olaf was niet alleen een groot fotograaf en kunstenaar, maar ook een iconisch voorvechter voor de LHBTI+-gemeenschap. 

Wat een gemis. ",1,2023-09-20T16:51:09.000Z
"Nieuwe tijd, nieuwe trui.  

Doe mee en bestel ‘m hier 👉 ",1,2023-09-20T06:42:15.000Z
What she said 👇 ,1,2023-09-19T15:56:18.000Z
"Wilders wil de klimaatcrisis oplossen met een dijk. Goed tegen een stijgende zeespiegel. Maar hoe gaan we dan extreme droogte, bosbranden of heftige regenval bestrijden?

Laten we vooral ook investeren in betere isolatie zodat de energierekening van mensen fors naar beneden kan! ",0,2023-09-16T11:13:36.000Z
"Ik zei het afgelopen weekend en ik zeg het opnieuw: fossiele subsidies moeten worden afgebouwd. 

Zo nemen we afscheid van de oude economie en geven we ruimte voor nieuwe banen en welvaart.

#D66 #klimaatactie ",1,2023-09-15T18:06:02.000Z
"Na jarenlange inzet van D66 gaat het nu eindelijk gebeuren: een proef met legale wiet. 

Beter voor de volksgezondheid. Effectief in de strijd tegen georganiseerde misdaad.
",1,2023-09-15T13:02:35.000Z
Respect voor het besluit van Yesim. Een vrouw die op allerlei manieren werkt aan gelijke kansen. Dat gaat ze vast en zeker op een andere manier voortzetten. Ik wens haar daarbij veel succes. ,1,2023-09-13T15:37:00.000Z
"Europa kan de rest van de wereld laten zien dat het kan: het klimaat redden én nieuwe, goedbetaalde banen scheppen voor mensen. 

Een beter klimaat, een sterkere economie. Nederland zal daarin vooroplopen.

",1,2023-09-13T10:18:00.000Z
"Het werk van leraren en ondersteuners in het basis- en voortgezet onderwijs is onbetaalbaar. Daarom is het zeer terecht dat zij meer loon krijgen.

Een mooie toekomst begint bij het beste onderwijs. Leraren en ondersteuners zijn daarvoor onmisbaar!

",1,2023-09-12T14:41:57.000Z
"D66 is klaar voor de verkiezingen! Met deze nieuwe generatie D66’ers bouwen we voort op resultaten en brengen we verandering.

Samen met nieuwe energie voor Nederland. Veel vertrouwen in dit mooie team.👇
",1,2023-09-12T08:47:57.000Z
"Dank voor je geweldige inzet om Nederland in de groene stand te krijgen. Met een ambitieus doel in de Klimaatwet &amp; meer klimaatactie als resultaat. 

Ook in Europa is nog veel werk te verzetten. Veel succes! We blijven samen strijden, mijn steun heb je. ",1,2023-09-10T20:30:19.000Z
"We hebben niet veel tijd. Laten we alles op alles zetten om onze economie te vergroenen en te verduurzamen. Bedrijven die dit ook willen gaan we helpen. Zij zorgen voor banen en met het geld dat wordt verdiend, kunnen we investeren in het onderwijs en goede zorg. ",1,2023-09-10T16:02:07.000Z
"Ik werk elke dag aan wat XR terecht vraagt: afbouwen van alle fossiele subsidies. Ik deel ook de zorgen van de politie. Snelwegen blokkeren, agenten van hun werk houden? Dat moet anders kunnen. 

Graag ga ik straks in gesprek rondom de steundemonstratie op de toegestane locatie. ",1,2023-09-09T09:53:18.000Z
"Groene bedrijven lopen tegen grenzen op en vertrekken. Zo lopen we klimaatkansen en banen mis.

Daarom wil D66 elk jaar 1 miljard extra investeren. Tegelijk moeten we duidelijk zijn naar vervuilende bedrijven. Ons land is klein, we moeten keuzes maken.
",0,2023-09-09T07:54:58.000Z
"Hartverscheurende berichten.

Ik denk aan alle mensen in het aardbevingsgebied en aan alle mensen die zich nu zorgen maken om kennissen, vrienden of familie in Marokko. Heel veel sterkte. 

",1,2023-09-09T05:42:02.000Z
"Hans zette Groningers op één en laat zien hoe je als overheid weer samen met mensen kan werken aan vertrouwen. 

Zijn werk voor Groningen is nog niet af, daarom stelt hij zich kandidaat als Kamerlid. Mijn steun heb je, Hans! ",1,2023-09-08T07:26:17.000Z
"We zijn nog lang niet klaar. De eerste grote stappen zijn gezet. 

Nu de volgende grote sprong: alle fossiele subsidies afschaffen. ",1,2023-09-05T14:13:25.000Z
"We hebben nu een unieke kans voor verandering. Voor meer klimaatactie, het beste onderwijs voor ieder kind en een eerlijke economie. 

Dit is het moment voor doorbraken. Met een nieuwe generatie kan dat. Lees hier mijn toespraak in Zwolle.👇
",1,2023-09-02T15:29:35.000Z
Kom maar door 🙃 ,1,2023-08-31T09:23:24.000Z
"Waar vorige winter de angst was om door onze gasvoorraden te geraken, hebben we deze nu tot 95% aangevuld. 

Dat is goed voor Nederlandse huishoudens en bedrijven. En voor eens en altijd zijn we onafhankelijk van Russisch gas. ",1,2023-08-29T14:17:54.000Z
"Wat een race 🧡🔥 

#teamNL ",1,2023-08-27T20:05:48.000Z
"De eerste schoolweek zit erop voor Midden-Nederland! Een hectische week voor leerlingen, leraren en ouders. 

Ik was op bezoek bij de Van Ostadeschool in de Haagse Schilderswijk. Prachtig hoe alle leraren hier alles op alles zetten om hun leerlingen de beste kansen te bieden. ",1,2023-08-25T07:48:14.000Z
"Wat een geweldige prestatie, wat een topatlete. Femke, gefeliciteerd!

👏🏽🇳🇱🧡 #teamnl ",1,2023-08-24T20:06:40.000Z
"Lieve Vera, veel dank voor al jouw werk en inzet voor D66. Je was een gewaardeerd Kamerlid en voorzitter van onze Tweede Kamer. We gaan je missen. ",1,2023-08-24T12:52:27.000Z
De plannen en het geld om de klimaatcrisis aan te pakken liggen er. Daarom mijn oproep aan linkse én rechtse partijen: dit is je kans om te laten zien dat je het echt opneemt voor het klimaat. We moeten het nu gewoon doen. ,1,2023-08-23T18:58:57.000Z
"Door de val van het kabinet dreigt er nu stilstand. En hoewel we het ons niet kunnen permitteren, stopt nu de aanpak van de klimaatcrisis. Daarom doe ik vandaag een oproep aan de Tweede Kamer: verklaar het klimaatbeleid niet controversieel. (1/2)",0,2023-08-23T14:51:32.000Z
"Gefeliciteerd met de oprichting van NSC, @PieterOmtzigt. Ik zie uit naar een respectvolle ideeënstrijd in de campagne. Succes!",1,2023-08-21T06:00:45.000Z
Welkom president Zelensky! Europese en Nederlandse steun voor Oekraïne blijft cruciaal. Zijn bezoek onderstreept dat. Ik hoop dat veel andere EU-landen samen met 🇳🇱 en 🇩🇰 de F16's gaan leveren die Oekraïne nodig heeft. Zij bevechten hun vrijheid en verdienen onze steun. ,1,2023-08-20T14:41:27.000Z
Rutte was hier 10 jaar lang glashelder over: met partijen die de Nederlandse kernwaarden afwijzen en de democratische rechtsstaat ondermijnen stap je niet in een coalitie. Dilan Yesilgöz kiest nu met de VVD helaas een andere weg. ,0,2023-08-18T13:33:28.000Z
"Enorm verdrietig dat het leven van Gerard plotseling ten einde is gekomen. Dankbaar voor zijn achttien jaar lange inzet voor Midden-Groningen als raadslid.

Mijn gedachten gaan uit naar de nabestaanden.

",1,2023-08-17T09:55:54.000Z
"Gefeliciteerd Hans @StasMijnbouw, geniet van je verjaardag. Voor eeuwig 40 jaar jong! #60ishetnieuwe40 ",1,2023-08-17T07:17:25.000Z
Ik mag aan de slag als lijsttrekker voor D66. Bedankt voor het vertrouwen! ,1,2023-08-12T05:27:52.000Z
"Jullie hebben gevochten als leeuwinnen.

Trots op wat de Nederlandse vrouwen hebben neergezet! 🦁🧡 ",1,2023-08-11T07:07:13.000Z
"Beste @svanweyenberg, dank voor alles wat jij de afgelopen jaren hebt gegeven als Kamerlid, staatssecretaris en D66-verenigingsman. Met geduld en doorzettingsvermogen altijd gericht op het resultaat voor mensen. ",1,2023-08-11T06:47:12.000Z
"In Rotterdam begint vandaag het EK voor parasporters. Zo’n 1500 atleten strijden voor Europese titels. Succes aan alle sporters! 💪

",1,2023-08-08T06:12:33.000Z
"Veel dank Sjoerd voor je inzet voor D66 en voor de fijne samenwerking als collega’s in de Kamer. Ik heb je leren kennen als een scherp en inhoudelijk gedreven Kamerlid, altijd met de blik op zaken die er toe doen: mensenrechten en internationale solidariteit. Het ga je goed! ",1,2023-08-07T12:23:51.000Z
Heerlijke wedstrijd! Nu op naar de kwartfinale tegen Spanje. Kunnen we hebben 🔥💪🏽 ,1,2023-08-06T04:02:50.000Z
"Vanavond hernieuwd digitaal ‘kennisgemaakt’ met leden van @D66. 

Als aanvoerder van onze partij wil ik met nieuwe energie aan de slag voor Nederland. 

Doe je mee? Je kan me nog steunen via ",1,2023-08-03T20:28:08.000Z
Bedankt Boris! 🙏🏽 (aan die bril te zien is het tijd voor een nieuwe foto!) ,1,2023-08-03T19:58:26.000Z
D66’ers! De stemming voor het lijsttrekkerschap is geopend. Ik hoop op jullie steun om de kar te mogen trekken! Stemmen kan via MijnD66. #D66,1,2023-08-02T12:48:51.000Z
Heerlijk! 🔥🦁#VIENED ,1,2023-08-01T09:13:56.000Z
Hoppa! De eerste 3 punten zijn binnen. Het WK is nu écht begonnen! 🦁 #NEDPOR ,1,2023-07-23T09:58:36.000Z
"Kiesdrempel gehaald. Wat gaaf dat zoveel D66-leden in zo’n korte tijd hun steun hebben uitgesproken voor mijn kandidatuur voor het lijsttrekkerschap! 💪🏽💚

Binnenkort volgt de e-voting, mogelijk met meerdere kandidaten. Zin in! #D66 ",1,2023-07-18T12:29:55.000Z
Leden van D66 kunnen vanaf nu mijn kandidatuur voor het lijsttrekkerschap formeel ondersteunen via ,1,2023-07-18T11:02:25.000Z
Ik zal voor deze ene keer een nieuwtje van Ajax delen 😉 Succes Lucas! ,1,2023-07-14T17:21:46.000Z
"Nieuwe energie voor Nederland. Ik ga ervoor en stel me kandidaat als lijsttrekker voor D66 ✊🏽

Samen problemen oplossen?
Gewoon doen! ",1,2023-07-14T03:41:05.000Z
"Lieve Sigrid, bedankt voor alles!

Knotsgekke jaren, een historische uitslag en elke dag genoten van onze samenwerking.

Er zijn maar weinig mensen die zoveel geven voor hun land. Diep, diep respect.

@SigridKaag ",1,2023-07-13T04:55:58.000Z
"Het vertrek van premier Rutte markeert het einde van een tijdperk.

Beste Mark, dank voor je optimisme en je onvermoeibare inzet voor Nederland. Bovenal: veel dank voor onze intensieve samenwerking.",1,2023-07-10T13:49:55.000Z
"Het was eervol om namens D66 minister voor Klimaat en Energie te zijn. Ik ben trots op het ambitieuze klimaatbeleid dat we hebben ingezet.

Het klimaat kan niet wachten. Ik zal me ook demissionair keihard blijven inzetten om Nederland te voorzien van nieuwe energie.",1,2023-07-07T20:36:26.000Z
"Vandaag herdenken we de slachtoffers van de Tweede Wereldoorlog én van oorlogssituaties en vredesoperaties daarna.

Opdat we niet vergeten dat anderen hun leven gaven én geven voor onze vrijheid.

#4mei",1,2023-05-04T06:32:38.000Z
"Mijn oude spoorhart bloedt bij het zien van de beelden van het vreselijke treinongeluk bij Voorschoten. Sterkte aan alle nabestaanden, slachtoffers en betrokken spoormedewerkers.",1,2023-04-04T06:05:32.000Z
"Ga stemmen!

Voor de natuur, meer klimaatactie en betaalbare huizen.

Stop stilstand, stem vooruit.
Kies @D66.
&amp; @WaterNatuurlijk. ",1,2023-03-15T09:44:40.000Z
"Maak gebruik van je demonstratierecht, maar doe dat met respect voor elkaar en voor de veiligheid van anderen.👇 ",1,2023-03-11T10:19:48.000Z
"We werken dag en nacht om de ambtieuze klimaatdoelen uit het regeerakkoord te halen. Iedereen moet aan de bak. Zonder taboes op noodzakelijke maatregelen.

Fijn dat ik voor klimaatactie op steun van Pvda en GL kan blijven rekenen, want er is nog veel te doen. ",1,2023-03-07T07:30:23.000Z
"Veel dank aan @gertjansegers voor de hele fijne samenwerking in onze tijd als fractievoorzitters en tijdens de formatie. Op veel thema’s werkten we intensief samen en als we het ergens oneens over waren, waren onze discussies altijd stevig maar met respect en begrip voor elkaar. ",1,2023-01-13T05:43:02.000Z
"De gasprijs is hoog door minder leveringen vanuit Rusland. Desondanks verloopt de vulling van de gasopslagen volgens planning.

Wil je energie besparen? Check ",1,2022-07-29T08:00:11.000Z
"Prachtig interview met @LisaGinneken over haar eigen transitie, angst voor het debat over genderidentiteit en het belang van verdraagzaamheid tussen mensen.

Lieve Lisa, wat geweldig dat jij lid bent van onze Tweede Kamer. ",1,2022-07-23T07:54:01.000Z
Energie besparen? Check ,1,2022-07-22T08:58:57.000Z
"Het prachtige Sint Eustatius heeft al een groot zonnepark met batterij opslag. Samen met regeringscommissaris Alida Francis werk ik aan een aantal concrete acties om snel nog meer duurzame en betaalbare energie voor het eiland te realiseren.

Samen één sterk Koninkrijk! #Statia ",1,2022-06-21T15:42:21.000Z
"Gefeliciteerd @denieuwewinkel! Nergens kunnen ze groenten zo bijzonder en lekker bereiden als in jullie keuken. Die extra ster is dan ook meer dan terecht. 

",1,2022-05-30T12:58:15.000Z
"Bloed- en plasmadonatie door mannen die seks hebben met mannen wordt vanaf volgend jaar mogelijk. Niet langer is je geaardheid maar eventueel risicogedrag bepalend. 

Een einde aan discriminatie. Een belangrijke mijlpaal waar jarenlang voor is gestreden.

",1,2022-05-25T08:20:19.000Z
"Nederland gaat voor groen 💚 Meer duurzame energie is goed voor ons klimaat en maakt ons minder afhankelijk van import (uit Rusland) en fossiele energie.

De komende tijd zetten we fors in op nog meer energie uit wind, zon, geothermie en waterstof. ",1,2022-04-10T16:27:23.000Z
Saba is een van de mooiste plekken van ons Koninkrijk. Het beschermen van de natuur en een schone leefomgeving is erg belangrijk. Het eiland is al hard op weg naar klimaatneutraliteit. Met het eilandsbestuur werk ik de komende jaren aan het ophogen van de schone energieproductie. ,1,2022-03-31T10:46:51.000Z
"Trahando huntu pa mas energia duradero i pa baha e kosto nan di energia! 

Samen met Bonaire en staatssecretaris Van Huffelen werk ik de komende jaren aan meer duurzame energieproductie op het eiland en lagere kosten voor de energierekening. ",1,2022-03-22T11:38:57.000Z
"Nederland gaat voor groen! 

Het kabinet stelt 13 miljard euro beschikbaar aan subsidies voor duurzame projecten. Zo verminderen we onze CO2-uitstoot en ondersteunen we innovatie en investeringen in schone technieken. 

",1,2022-03-18T16:17:29.000Z
Een verdubbeling van wind op zee! Een belangrijke stap om onze klimaatdoelen te halen en minder afhankelijk te worden van energie uit het buitenland. ,1,2022-03-18T16:14:17.000Z
"Snel minder Russisch gas kan hand-in-hand met onze klimaatambities en een lagere energierekening. Daarom gaan we:

- verminderen in gasverbruik met meer isolatie huizen en bedrijven;

- versnellen met schone energie;

- voorbereiden op de winter met extra LNG en gasopslag ",1,2022-03-15T07:16:10.000Z
"De stembussen voor een nieuwe gemeenteraad zijn geopend!

Zojuist heb ik in Groesbeek mijn stem uitgebracht samen met de net 18-jarige first time voter én kandidaat voor @D66BergenDal Amerins Huck.

Ga ook stemmen! 14-15-16 maart

#GR2022 #D66 @D66 ",1,2022-03-14T10:12:23.000Z
"Op campagne in Nijmegen, onze mooie stad aan de Waal. Ga 14-15-16 stemmen! 

@D66Nijmegen @lusannebouwmans ",1,2022-03-12T20:28:41.000Z
"Vandaag beginnen drie Kamerleden officieel aan hun nieuwe periode voor de D66 Tweede Kamerfractie. 

Ik wil @Fonda_Sahla, Sjoerd Warmerdam en in het bijzonder @svanweyenberg - waar ik jaren fijn mee heb samengewerkt - ontzettend veel succes en plezier wensen!",1,2022-01-18T08:27:30.000Z
Van harte @jpaternotte! De afgelopen jaren ben ik met veel plezier Fractievoorzitter van D66 geweest. Een mooie taak in een geweldig team. Veel succes!,1,2022-01-11T11:33:29.000Z
"Steeds vaker zien we cynisme in de samenleving en de verharding van het maatschappelijk debat. 

Het kabinet moet nu aan de slag. Het is onze taak om alle plannen snel uit te voeren. Ik zie het hiernaast ook als onze plicht om ons tegen die groeiende verharding uit te spreken. ",1,2022-01-10T21:29:12.000Z
Een ongelofelijke eer om vanochtend beëdigd te zijn tot minister voor Klimaat en Energie. Vanaf nu houd ik jullie zowel via dit account als via @MinisterKenE op de hoogte van mijn werkzaamheden. ,1,2022-01-10T15:35:18.000Z
"Demonstrant? Intimiderend tuig!

Blijf weg bij huizen van politici.

Hoe ver moeten we het laten komen in Nederland?

",0,2022-01-05T21:24:14.000Z
"Groot compliment voor de mensen van @GGDGM en @Defensie op de vaccinatielocatie in Duiven. Meer dan 5.000 prikken per dag: soepel en goed georganiseerd. 

Ook ik heb mijn booster nu gehad als bijdrage aan een zo hoog mogelijke bescherming tegen het coronavirus voor iedereen.",1,2022-01-03T16:31:37.000Z
Zeer vereerd dat Sigrid Kaag mij namens D66 voordraagt als beoogd minister voor Klimaat &amp; Energie. Er ligt een enorme opgave voor de verduurzaming van Nederland. Ik zal me daar met hart en ziel voor inzetten. ,1,2022-01-02T12:17:49.000Z
Fijne feestdagen! 🎄 ,1,2021-12-25T09:25:09.000Z
Ik kan dit bericht bevestigen noch ontkennen. ,0,2021-12-23T14:35:18.000Z
"“Het coalitieakkoord zet historisch hoge ambities neer voor het verbeteren van de leefomgevingskwaliteit in Nederland.” 

Mooie reflecties PBL. Nu snel aan de slag! 

",1,2021-12-23T09:39:55.000Z
"Medische ethiek is een belangrijk thema. Tegelijkertijd begrijpen we dat dit veel losmaakt in de politiek en in de samenleving.

Laten we het er daarom over hebben. Met respect voor elkaars standpunt. En met vrijheid voor elk Kamerlid om een eigen, zorgvuldige afweging te maken. ",1,2021-12-17T17:10:59.000Z
"Vanaf 16.00 ga ik samen met Sigrid in gesprek met onze leden. 

En vanaf 18.00 kan je meedoen aan de verschillende subsessies over het akkoord. Op ",1,2021-12-17T13:08:17.000Z
"Om 21.30 zit ik samen met @hermans_sophie bij @Nieuwsuur om te praten over het vandaag gepresenteerde akkoord.  

Kijk mee via NPO2! 📺",1,2021-12-15T20:04:38.000Z
"Deze foto-opzet herken ik ergens van 😉

Inderdaad een mooie overwinning! Nu aan het werk. ",1,2021-12-15T15:44:33.000Z
"Een mega ambitieus klimaatakkoord. Voor deze klimaatdrammer een droom die uitkomt. Een winstpunt, waar hard voor onderhandeld is. Maar vooral een punt van pure noodzaak. Hier lees je alles over onze plannen: ",1,2021-12-15T14:12:30.000Z
Kijk zo mee naar de presentatie van het akkoord! ,1,2021-12-15T12:55:31.000Z
Gefeliciteerd @MpanzuBamenga. Wat een mooie en terechte erkenning van al je harde werk! ,1,2021-12-10T11:09:25.000Z
"Van harte! Vandaag bestaat het @COCNederland 75 jaar. Een mooie én belangrijke mijlpaal. In al die jaren is er al veel bereikt, maar we zijn er nog niet. Samen met het COC blijft D66 zich inzetten voor de rechten van LHBTI'ers, in Nederland en daarbuiten. #loveislove",1,2021-12-07T08:16:44.000Z
Go Fonda! 🔥 ,1,2021-12-03T11:33:54.000Z
"Iedereen verdient een waardig levenseinde. Juist ook de patiënten die al lange tijd lijden. Artsen willen daar op een verantwoorde manier aan bijdragen, deze verruiming biedt hen meer mogelijkheden om dat te doen. ",1,2021-12-01T20:36:23.000Z
"Weer een kolencentrale eerder dicht. Een overwinning voor het klimaat en voor de mensen die hier zo hard voor hebben gewerkt. En nu snel door, want er ligt genoeg werk op ons te wachten.

",1,2021-11-30T14:58:47.000Z
"Dit weekend hielp ik een handje met de campagne, maar vandaag komt het er echt op aan. In Land van Cuijk, Dijk en Waard en Purmerend sluiten de stembussen. Succes aan alle lokale D66'ers. Zet 'm op! ",1,2021-11-24T08:54:21.000Z
"Heerlijk om weer campagne te voeren en op straat in gesprek te gaan over belangrijke onderwerpen als klimaat, onderwijs en wonen. Succes aan alle D66’ers in Land van Cuijk, Purmerend en Dijk en Waard de komende dagen. De stembussen zijn geopend! ",1,2021-11-22T08:33:54.000Z
Bemoedigend dat de marechaussee tóch besluit te stoppen met etnisch profileren. Wat mij betreft de enige juiste beslissing. Veel dank aan D66-raadslid @MpanzuBamenga voor de jarenlange strijd die hij hiervoor heeft geleverd. ,1,2021-11-19T12:40:00.000Z
"Cool! Het klinkt futuristisch, maar is hier straks toch echt werkelijkheid. 3D-geprint vegetarisch vlees. 

Juist met zulke innovatieve oplossingen komen we verder. Een mooie ontwikkeling, die hopelijk nog vele andere ontwikkelingen doet volgen. 

",1,2021-11-16T14:34:20.000Z
"Zonde dat een van oorsprong Hollands bedrijf naar het VK vertrekt.

Waar het hoofdkantoor ook staat: belangrijk dat Shell een stevige bijdrage levert aan het voorkomen van de gevaarlijke opwarming van onze aarde. In Nederland én wereldwijd.
",0,2021-11-15T13:07:32.000Z
"Vandaag is @JanTerlouw 90 jaar geworden. Een bijzondere leeftijd voor een bijzondere man. Altijd voorop in de strijd voor een leefbare aarde. De allereerste klimaatdrammer. Jan, van harte gefeliciteerd! ",1,2021-11-15T12:45:47.000Z
"Vandaag is het #D66congres. Fysiek samenkomen met ruim 3.000 congresgangers kan helaas niet, maar online weten we elkaar vanmiddag toch te vinden. Kijk jij vanmiddag ook live mee? Vanaf 15.00 via ",1,2021-11-13T12:45:39.000Z
"D66 heeft een nieuwe partijvoorzitter: Victor Everhardt, van harte gefeliciteerd en veel succes!

Compliment aan Victor en @janarthanan voor een mooie en inspirerende campagne.

En veel dank aan het harde werk van @AMSpierings. 💚",1,2021-11-11T16:40:22.000Z
"Ha Jesse, weet je dat de wet van minister Ollongren het juist mogelijk maakt dat gemeenten dit doen? #aanmodderen #scorebordpolitiek ",0,2021-11-10T10:15:38.000Z
"Nederland tien plekken gestegen op de Climate Change Performance Index 2022.

Groene aanpak werkt 💪🏽
En nu door! ",1,2021-11-10T07:32:25.000Z
"Balen! Ik kan er niets anders van maken. Net als ruim 3.000 D66-leden had ik enorm veel zin in het congres dit weekend. Maar voorzichtigheid blijft belangrijk, zeker met de oplopende besmettingen. Hopelijk tot snel op een fysiek congres!",1,2021-11-09T19:57:18.000Z
"Yes! Beter ten halve gekeerd dan ten hele gedwaald. 

Nederland voegt zich eindelijk bij de klimaatkopgroep om een eind te maken aan fossiele investeringen. We zijn er nog lang niet, maar hier is een cruciale slag geleverd. En nu door. #COP26 
",1,2021-11-08T10:17:08.000Z
"Morgen verschijnt de biografie van Els Borst. Een inspirerende, krachtige vrouw, die zich altijd heeft ingezet voor zelfbeschikking van iedere Nederlander. Een politieke en persoonlijke inspiratiebron voor mij. Ik kijk er naar uit de biografie te lezen! 

",1,2021-11-04T08:41:37.000Z
"Teleurstellende opstelling van Rutte. Als je Olympisch Kampioen Klimaat wilt worden, moet je hieraan meedoen.

Deze weigering staat ook haaks op belofte kabinet aan Kamer om mee te doen met dit soort kopgroepen. 

Hierover is het laatste woord niet gezegd! ",0,2021-11-03T20:55:20.000Z
Lachen om een voetballer met een hartstilstand. Baudet zinkt steeds dieper. ,0,2021-11-02T12:42:04.000Z
Vandaag is de begrafenis van Elida Tuinstra. Mede dankzij haar werd Nederland een progressief baken in de strijd voor zelfbeschikking. D66 is dankbaar voor haar buitengewone inzet voor ons land en voor onze partij.,1,2021-11-02T11:21:11.000Z
Vandaag start de klimaattop in Glasgow. Met dit filmpje legt de VN de vinger nog een keer op de zere plek. Hoog tijd voor actie. #COP26 ,1,2021-10-31T15:03:44.000Z
In 1988 gaf Thatcher haar beroemde anti-Europese rede in Brugge. Nu is het Europa College podium voor een vurige pro-Europese speech van De Croo. Blij met een regeringsleider die ons ideaal van een ever closer union hoog houdt. Daar hebben we meer van nodig! ,1,2021-10-28T11:18:33.000Z
Welkom @Fonda_Sahla ! ,1,2021-10-27T12:55:18.000Z
"“All I wanna do is play football, and be treated equally. I’m tired trying to perform and live this double life.”

Geraakt door deze openhartige coming-out van profvoetballer Cavallo. Een voorbeeld voor vele jonge voetballers. Zo belangrijk! #loveislove 

",1,2021-10-27T07:41:19.000Z
"Het KNMI drukt ons opnieuw keihard met de neus op de feiten. Als we de uitstoot van broeikasgassen niet snel verminderen, stijgt de zeespiegel aan het eind van deze eeuw in het zwartste scenario tot wel 2 meter.

Dat mogen we niet laten gebeuren. We moeten het tij keren. ",0,2021-10-25T15:12:32.000Z
"Gisteren samen met @jesseklaver de Televizier-Ster voor ‘beste online videoserie’ uit mogen reiken aan @LindaHakeboom. Haar serie, over de strijd tegen kanker, is zeer indrukwekkend. Linda, deze prijs heb je meer dan verdiend!  👏🏽

📸: AVROTROS/Nathan Reinds ",1,2021-10-15T12:17:54.000Z
"D66 is jarig! Al 55 jaar zijn we aanjagers van vooruitgang en vernieuwing. Ooit opgericht vanuit een groep bezorgde burgers en nog altijd bezig Nederland iedere dag beter te maken. 

Vier je onze verjaardag mee op 13 november tijdens het #D66congres? 

",1,2021-10-14T08:13:12.000Z
Het is vandaag #ComingOutDay. Een dag die symbool staat voor zijn wie je wilt zijn. Dit levert soms de nodige problemen op binnen gezinnen. Praat erover en gun elkaar de tijd. Zodat iedereen zichzelf kan zijn. #loveislove,1,2021-10-11T10:06:06.000Z
Hoe vaak vraag jij aan je naasten hoe het met ze gaat? Vandaag op #WorldMentalHealthDay staan we stil bij het belang van mentale gezondheid. Laten we het taboe doorbreken en wat meer omkijken naar elkaar. Praten helpt!,1,2021-10-10T10:35:45.000Z
"Dit is ronduit walgelijk. In ons land is altijd ruimte voor tegengeluid, maar wel binnen de grenzen van fatsoen. Bedreigingen als deze gaan alle perken te buiten. Veel sterkte @sharon_dijksma. ",0,2021-10-06T17:09:17.000Z
"Te vaak schiet de overheid tekort met transparantie en het openbaar maken van stukken. De vandaag aangenomen Wet Open Overheid gaat de broodnodige verandering brengen. Veel dank aan collega's @Sneller, @bartsnels en iedereen die hier aan gewerkt heeft! 
",1,2021-10-05T14:26:48.000Z
Heel goed nieuws voor al die mensen op de wachtlijst! Mede dankzij het belangrijke werk van oud D66-Kamerlid @piadijkstra. Steeds meer mensen geven hun keuze door sinds de donorwet. Registreer jij je ook als donor? ,1,2021-10-05T09:11:16.000Z
Het is de dag van de leraar! Een mooie dag om stil te staan bij het fantastische werk van onze leraren. Maar ook zeker een dag om te kijken naar hoe we hen daarbij kunnen helpen. Voor het beste onderwijs. Benieuwd naar de plannen van D66? Kijk op 👇🏽 ,1,2021-10-05T06:58:21.000Z
"Lang leve de Nederlandse film! 🎥

Met burgemeester @sharon_dijksma te gast bij het Gouden Kalveren Gala van het @Nedfilmfestival.

#goudenkalf #redcarpet #utrecht
📷 Edwin Smulders ",1,2021-10-01T18:32:47.000Z
Ik ga me maar eens aanmelden voor de opleiding gebarentolk @HU_Utrecht ,1,2021-09-30T18:49:31.000Z
De afgelopen dagen zijn er veel ontwikkelingen geweest in de formatie. Voor D66 staat voorop dat er nu echt iets moet gebeuren. Nederland snakt naar vooruitgang. Lees hier de hele verklaring van @SigridKaag 👇🏽 ,1,2021-09-30T11:28:14.000Z
"Vrouwenrechten zijn mensenrechten. Goed dat San Marino, waar vrouwen eerst tot 3 jaar (!) gevangenisstraf konden krijgen, nu abortus legaliseert. In een tijd waarin rechten juist vaker ingeperkt worden is dit een stap in de goede richting.

",1,2021-09-27T06:16:47.000Z
"Wat een enthousiasme tijdens de speech van @SigridKaag vanmiddag! Tijd om de impasse in de formatie te doorbreken, wij zetten de eerste stap. Hier lees je haar hele speech terug 👇🏽

",1,2021-09-26T17:10:45.000Z
"Het slavernijverleden en excuses daarvoor blijven voor velen een lastig onderwerp. Zo ook in de Tweede Kamer. Maar wie zijn wij, als witte mensen, om te oordelen over de pijn van anderen. Vandaar mijn oproep: bied excuses aan. Maak een begin met het helen van de wonden. #apb21 ",1,2021-09-24T07:09:25.000Z
"Goed onderwijs biedt ieder kind gelijke kansen. Goede leraren staan aan de basis. 

We zetten weer een stap in de juiste richting: leraren op de basisschool gaan meer verdienen. Dat is de investering van 500 miljoen per jaar dubbel en dwars waard. #apb21 ",1,2021-09-23T21:56:51.000Z
De woningnood is hoog. Starters kunnen tegenwoordig nog amper een huurhuis vinden. Met 500 miljoen per jaar geven we woningcorporaties meer ruimte om in nieuwe woningen te investeren. Woningen die broodnodig zijn. #apb21,1,2021-09-23T21:48:34.000Z
"Goed nieuws! Druk vanuit andere landen helpt. Een motivatie voor ons allen om niet stil te blijven. Iedereen moet zichzelf kunnen zijn. In de EU en ver daarbuiten. #loveislove 

",1,2021-09-23T07:38:31.000Z
Lees hier mijn bijdrage tijdens de Algemene Politieke Beschouwingen 👇🏽#apb21 ,1,2021-09-22T18:46:18.000Z
Een anti-abortusorganisatie krijgt – tegen de adviezen van ambtenaren in – jarenlang een voorkeursbehandeling van het ministerie van VWS. Om hoeveel extra subsidie gaat het precies? En waarom werd de Kamer niet geïnformeerd? Zojuist Kamervragen gesteld met @CorinneEllemeet.,0,2021-09-20T15:44:44.000Z
Een dapper besluit van @SigridKaag . Ze heeft vanavond écht verantwoordelijkheid genomen. Gelukkig blijft ze D66-partijleider en fractievoorzitter. En blijven we samen met de gehele fractie werken aan het beste voor Nederland.,1,2021-09-16T18:53:02.000Z
Zojuist is @SigridKaag afgetreden als minister. Lees hieronder haar hele verklaring 👇🏽 ,1,2021-09-16T18:17:11.000Z
Schokkend nieuws. Een kwart van de LHBTI-jongeren zegt te worden gepest door hun docent of ander onderwijspersoneel. Juist deze groep is extra kwetsbaar en heeft behoefte aan (en recht op) een veilige omgeving op school. Collega @Paul_van_Meenen gaat hierover snel in debat. ,0,2021-09-16T10:02:11.000Z
"Vandaag reikten groep 7 leerlingen uit Rotterdam Prinsjesdag koffertjes uit aan Kamerleden. Met de koffertjes kunnen basisscholen in het hele land alles leren over verkiezingen, het parlement en de begroting.

Leuk dat jullie er waren en veel plezier met de lessen! ",1,2021-09-14T15:57:02.000Z
"Historische uitspraak van de rechter op Curaçao 🇨🇼 

Love is love, overal in het Koninkrijk ❤️ ",1,2021-09-14T12:19:22.000Z
"Laten we lessen trekken uit Duitsland, zodat we straks weer kunnen genieten van het Nederlandse nachtleven! ",1,2021-09-14T10:33:38.000Z
Partijen als FvD komen vaak alleen op voor homo’s als ze er moslims mee kunnen bashen. Ondertussen kent de homohaat van Thierry Baudet geen grenzen… ,0,2021-09-12T19:45:26.000Z
"In 2001 zat ik urenlang vol ongeloof naar de tv te staren, kort na de aanslagen van 9/11. De wanhoop in deze foto van Richard Dew is 20 jaar later nog altijd even beangstigend. We staan vandaag stil bij de pijn die nabestaanden nog iedere dag voelen. 

",1,2021-09-11T08:09:52.000Z
"Historische en bevlogen toespraak van president Santokhi in de Ridderzaal. “Een nieuw begin voor Suriname. Een nieuw begin voor de vriendschap tussen Nederland en Suriname.” 🇸🇷🇳🇱 

#Suriname ",1,2021-09-09T08:33:23.000Z
"Inspirerende woorden van @SigridKaag tijdens de HJ Schoo-lezing. Over nieuwe politiek en verantwoordelijkheid durven nemen. 

Heb je de lezing gemist? Hier kijk je deze terug 👇🏽

",1,2021-09-06T19:13:03.000Z
Gelukkig Joods Nieuwjaar aan iedereen die het viert. Gezond en zoet Shana Tova 5782! Maak er een mooie dag van.,1,2021-09-06T12:31:41.000Z
Studenten hebben er lang naar uitgekeken en vandaag is het dan zover: eindelijk weer terug de collegebanken in. Fijn dat het weer kan. Heel veel plezier en succes toegewenst allen!,1,2021-09-06T10:56:21.000Z
"Nederland moet van ver komen, maar dit is een eerste mijlpaal. Politieke keuzes doen ertoe. Drammen helpt. 

Nu is het tijd voor nieuwe grote keuzes. Want we zijn er nog lang niet, willen we de klimaatdoelen halen. Dit is van levensbelang. ",1,2021-09-03T08:12:19.000Z
Mooi nieuws! @Annemarijke gaat binnenkort als Kamerlid aan de slag bij de D66 fractie als opvolger van @svanweyenberg. ,1,2021-09-02T16:39:11.000Z
Bedankt voor al je harde werk als Kamerlid @svanweyenberg. We zullen je missen in de fractie! ,1,2021-09-02T08:14:31.000Z
"Mannen met een vaste mannelijke bedpartner mogen vanaf vandaag ook bloed doneren. Een mooie stap!

Wat @D66 betreft pakken we nu door en gaan we zo snel mogelijk kijken naar wat écht telt: de vraag of iemand veilige seks heeft. Geaardheid doet er niet toe. ",1,2021-09-01T08:10:29.000Z
"Tijdens de Syrië-crisis ving Nijmegen honderden vluchtelingen op bij Heumensoord. Alles behalve luxe, maar met honderden Nijmeegse vrijwilligers wel een gastvrije plek. Fijn te zien dat Nijmegen opnieuw haar sociale gezicht laat zien voor de Afghanen. ",1,2021-08-24T17:08:51.000Z
"Echt gelijke kansen vragen om ongelijk ingrijpen. Kansarme leerlingen hebben onderwijs het hardste nodig en het werk voor leraren is intensiever. 

Leraren op scholen met achterstanden verdienen daarom meer salaris. Niet tijdelijk, maar altijd.
",1,2021-08-24T09:28:19.000Z
"Mede-Feyenoorder Paul richtte kort geleden ‘De Roze Kameraden’ op, omdat voetbal voor iedereen is. 

Vannacht hebben onverlaten zijn sportschool beklad met walgelijke teksten en brand gesticht. Onacceptabel. Er is nog een lange weg te gaan.

Sterkte Paul. ",0,2021-08-22T15:13:37.000Z
"Veel Afghanen lopen gevaar nu de Taliban aan de macht is. We moeten niet alleen tolken, maar ook andere Afghanen die Nederland hebben gediend in veiligheid brengen. 

Het D66-voorstel van @SalimaBelhaj kreeg gisteren ruime meerderheid. #Afghanistan 
",1,2021-08-19T07:00:08.000Z
"Rechters op non-actief zetten of minder salaris geven als ze kritisch zijn, de Poolse rechtsstaat wordt afgebroken. Het is ontzettend slecht voor de democratie.

Dit is een eerste, kleine stap vooruit, dankzij ingrijpen van Europa.
",0,2021-08-17T09:30:01.000Z
"Heel bijzonder om vandaag bij de Nationale Indië Herdenking te zijn. Zoals mevrouw Van den Hemel, die naast mij zat, vertelde: je kan vergeven, maar we mogen de geschiedenis nooit vergeten. Zo blijven we leren van onze geschiedenis en hoe fragiel vrijheid kan zijn. ",1,2021-08-15T12:34:14.000Z
"Heel terecht. Voor mensen die vluchten voor oorlog en geweld is hier een veilig thuis.
",1,2021-08-11T08:45:38.000Z
"Een schokkend rapport dat ons eigenlijk vertelt wat we al wisten. Als we niets doen tegen klimaatverandering, komt er meer extreem weer en stijgt de zeespiegel verder.

Hoog tijd voor drastische maatregelen, wereldwijd en in Nederland. Noodzaak en een kans voor de economie. #IPCC ",0,2021-08-09T08:40:39.000Z
Wat een SENSATIONELE zilveren plak voor de 4x400m mannen 🥈 ,1,2021-08-07T13:10:13.000Z
"SIFAN!!! 🥇 Genieten, wat een geweldige atlete!",1,2021-08-07T11:19:43.000Z
"Heel mooi nieuws. Juist op school moet iedere leerling zich veilig voelen. Geen gescheld met ‘homo’ of ‘flikker’, geen gepest, maar juist respect voor iedereen, wie je ook bent of op wie je verliefd wordt. 
#PrideWeek #loveislove ",1,2021-08-03T09:15:15.000Z
Sifan🥇 ,1,2021-08-02T20:39:36.000Z
"Je wil dat je kind gelukkig is, maar Marjolein en Mariette verdienen niet de schoonheidsprijs voor de reactie op de coming-out van hun kinderen.

Dit is een steun in de rug voor alle lhbti’ers en ouders die denken dat ze alleen zijn in hun gevoelens:
",1,2021-08-02T07:55:00.000Z
"Verschrikkelijk. Iedereen moet de vrijheid krijgen om zichzelf te kunnen zijn, zonder verantwoording daarover af te leggen aan anderen. Ook Frédérique. Wat dapper dat Frédérique nu nog dit verhaal vertelt!

",1,2021-07-27T08:38:40.000Z
"Mestreech, Haw pin! 
#wateroverlast #Limburg

",0,2021-07-15T20:42:06.000Z
"Veel sterkte, Limburg! ",1,2021-07-14T20:43:02.000Z
"Het kabinet krijgt 3 tijdelijke bewindspersonen vanwege enkele wisselingen en werkdruk.

Veel succes @DennisWiersma (staatssecretaris SZW), @svanweyenberg (staatssecretaris I&amp;W) en Tom de Bruijn (minister Buitenlandse Handel en Ontwikkelingsssamenwerking)

",1,2021-07-14T12:57:41.000Z
"Na een spannende EK-finale worden Engelse voetballers opnieuw geconfronteerd met onversneden racisme. Walgelijk en ontzettend pijnlijk.

Goed dat de Engelse voetbalbond dit gedrag direct heeft afgekeurd. We moeten ons blijven uitspreken tegen racisme. Het is nodig. #SayNoToRacism ",0,2021-07-12T10:35:20.000Z
"Nooit vergeten - Nikad ne zaboraviti

#Srebrenica ",0,2021-07-11T18:20:50.000Z
"Dank @SvVeldhoven voor de fijne samenwerking en je jarenlange inzet voor een groener en schoner Nederland 💚 Veel succes bij het World Resources Institute! 

",1,2021-07-09T15:17:42.000Z
"Afschuwelijk…

Laten we hopen dat hij dit overleeft. Gedachten gaan uit naar familie en vrienden. #PeterRDeVries ",1,2021-07-06T18:50:43.000Z
"Nijmegen is al vele jaren een Shelter City waar mensenrechtenverdedigers van over de hele wereld even op adem kunnen komen zodat ze daarna hun werk in eigen land nog beter kunnen voorzetten.

Vandaag halen we met een wandeling geld op voor dit goede doel. ",1,2021-07-03T11:38:27.000Z
"Een nieuwe provinciebestuur van Limburg met een ambitieuze en groene agenda.

Succes aan het nieuwe team en in het bijzonder aan D66’er Maarten van Gaans die teruggaat naar zijn Limburgse roots.
",1,2021-07-02T15:04:31.000Z
"Het klimaat wacht niet langer. De rechter heeft gesproken om mensen te beschermen. Dan is het aan de politiek om te luisteren.

D66, GL en PvdA zeggen: sluit nog dit jaar een kolencentrale. En kom met een plan om de klimaatdoelen van #Urgenda te halen.
",1,2021-07-02T08:37:24.000Z
"Morgen herdenken we een van de zwartste bladzijden in onze geschiedenis. We staan stil bij en vieren de afschaffing van de slavernij.

Het is tijd dat #KetiKoti een nationale feestdag wordt. Daarmee erkennen we ons verleden en doen we recht aan het leed van veel mensen. ",1,2021-06-30T14:10:28.000Z
Prachtig en openhartig interview van collega @wiepau over haar ervaringen als covid-patiënt en het belang van goede (na)zorg ⤵️ ,1,2021-06-30T10:49:37.000Z
"De Turkse autoriteiten laten zich van hun slechtste kant zien met een onacceptabel ingrijpen tijdens #IstanbulPride.

Duizenden mensen zijn daar vandaag zo dapper om op te komen voor vrijheid en gelijke rechten #Pride2021  #loveislove ",0,2021-06-26T22:11:56.000Z
"Gevaccineerd! Dank aan Karin en alle andere medewerkers van de GGD Haaglanden voor de goede zorgen op de vaccinatielocatie bij het ADO Den Haag stadion.

Fijn dat we dankzij de wetenschap vaccins hebben waarmee we deze pandemie kunnen overwinnen. ",1,2021-06-24T18:00:19.000Z
"Kijk, dit is een helder statement van Oranje. Go @GWijnaldum! ✊🏽 
#loveislove 
",1,2021-06-22T18:22:54.000Z
"Verschrikkelijk, de Hongaarse premier Orbán wil voorlichting over homoseksualiteit en transseksualiteit verbieden.

Ook als Europa moeten we een vuist maken. Teken de petitie van @AldeParty om lhbti-rechten in Europa te beschermen:
",0,2021-06-15T15:27:43.000Z
"""Het kabinet is demissionair, maar klimaatverandering is dat niet.’’ Duidelijke woorden van D66-Kamerlid @RaoulBoucke. Hoog tijd voor actie! Goed dat het kabinet nu ook stappen gaat zetten om aan het Urgenda vonnis te voldoen.

",1,2021-06-10T07:58:59.000Z
"YES, in de collage van @jpaternotte! Dat is niet alleen een grote eer, maar ook goed nieuws: mijn geboortejaar is aan de beurt voor vaccinatie. Ik ga snel een afspraak maken. ",1,2021-06-08T09:21:15.000Z
"De musea zijn weer open!

Samen met goede vriendin en lokale lijsttrekker @lusannebouwmans meteen op bezoek bij @DeBastei. Een prachtig museum aan de Waal over de cultuurhistorie en natuur van #Nijmegen ",1,2021-06-05T13:28:29.000Z
"Heterogenezing?

We zouden allemaal zeggen: dat is belachelijk. Toch gebeurt dit bij homo’s nog steeds. Homogenezing is namelijk niet strafbaar in Nederland. Dat willen wij veranderen.

Goede actie van de @JongeDemocraten! ",1,2021-06-04T14:45:33.000Z
"Er is in Nederland geen plek voor ‘homogenezing’. In dit land moet iedereen zichzelf kunnen zijn.

Dus als het kabinet het niet kan, maakt de Kamer zelf wel een wet om deze onzin te verbieden. @D66 @VVD @PvdA @GroenLinks #PrideMonth ",0,2021-06-04T06:28:47.000Z
"Bedankt voor het stemmen allemaal, zeer vereerd! En @jesseklaver bedankt voor het trainingspak 😎 ",1,2021-06-03T19:51:59.000Z
Prachtige maidenspeech van collega @romkedejong. Van ondernemend ijscoman tot Fries Kamerlid #teamD66 ,1,2021-06-03T12:44:46.000Z
"Prachtige performance van @JeanguMacrooy met een waardevolle boodschap aan iedereen die het horen wil: “je kunt mij niet breken”

Geen plek op het erepodium, maar wel in het hart. Trots op de Nederlandse inzending! 🇳🇱 🇸🇷 #BlackLivesMatter 

",1,2021-05-23T08:35:32.000Z
Het songfestival is niet alleen een heerlijk liedjesfestijn waar iedereen een mening over heeft. Vaak bevatten optredens ook een (subtiele) politieke boodschap die mensen kan inspireren. ,1,2021-05-21T18:56:37.000Z
Morgen is het zover: de ‘grand final’ van het Songfestival! Ik heb de grote eer om er bij te mogen zijn. Vanavond alvast wat voorpret bij @devooravondtv! ,1,2021-05-21T14:20:48.000Z
"De bibliotheken zijn weer open! 📚

Samen met @Fonda_Sahla was ik bij de bibliotheek in Transvaal. Een mooie dag voor de medewerkers van de bibliotheek, maar natuurlijk vooral voor de buurtbewoners die de bibliotheek zo gemist hebben. 

📷 Arnaud Roelofsz ",1,2021-05-20T12:22:28.000Z
Blij met deze nominatie! Kan ik op je stem rekenen? #TheBestSocialAwards ,0,2021-05-19T10:01:55.000Z
"Laten we vandaag op de internationale dag tegen Homo-, Lesbo-, Bi-, Trans-, en Interseksefobie opstaan tegen gescheld, opstaan tegen haat.

Woorden doen pijn. Besef wat je zegt. Stop met schelden. Stop met haat. #LoveIsLove 🌈 ",1,2021-05-17T06:05:56.000Z
Alvast een fijn Suikerfeest gewenst aan iedereen! #EidMubarak ,1,2021-05-12T21:02:07.000Z
Zorgelijke ontwikkelingen in Israël en Palestina. Lees hier het draadje van D66-buitenland woordvoerder @swsjoerdsma 👇🏽 ,1,2021-05-11T16:47:31.000Z
"Mooie en ontroerende woorden van André van Duin tijdens de Nationale herdenking. 

Het Homomonument tekent de vrijheid die we in Nederland hebben. Vrijheid die we niet voor lief moeten nemen. Vrijheid die we moeten doorgeven aan de toekomstige generatie. #dodenherdenking",1,2021-05-04T18:36:42.000Z
"Vandaag herdenken we.
Opdat wij nooit vergeten.

Saskia is een van de vrijwilligers van ‘Faces to Graves’. Zij plaatsen foto’s bij de graven van gevallen soldaten op de Canadese begraafplaats in Groesbeek. Zo kunnen we hun verhalen nog beter doorgeven. Mooi initiatief! ",1,2021-05-04T15:46:57.000Z
"In veel EU-lidstaten waren er de laatste tijd grote zorgen over de LHBTI-emancipatie. 

Gelukkig vandaag goed en historisch nieuws uit Tsjechië. 🌈 #loveislove ",1,2021-04-30T10:13:38.000Z
"Wat een onverwacht en droevig nieuws. Ik wens de familie, vrienden en collega’s bij de VVD veel sterkte toe.

Ik denk met plezier terug aan onze samenwerking binnen de Europese liberale partij en Hans’ eindeloze inzet daarvoor.

",1,2021-04-30T08:29:22.000Z
"Lees hier mijn inbreng tijdens het #notulendebat

",1,2021-04-29T17:39:28.000Z
"Dank Dick voor je mail. 

Goede reminder om dit soort drek nooit te normaliseren of accepteren. 

#stophomohaat
#StopAsianHate ",1,2021-04-29T17:17:45.000Z
Geen woorden hiervoor. Bizar. En vooral ontzettend triest. ,1,2021-04-26T08:24:42.000Z
"De verplichte denkpauze van vijf dagen bij abortus is onnodig en betuttelend. Vrouwen kunnen samen met een arts heel goed zelf beslissen hoeveel bedenktijd nodig is. 

Vandaag dien ik een initiatiefwet in die voortbouwt op het werk van @piadijkstra.

",0,2021-04-20T05:33:56.000Z
Voor veel mensen staat de komende periode in het teken van de ramadan. Ik wens iedereen die gaat vasten een fijne en inspirerende tijd. Maak er wat bijzonders van met elkaar! #RamadanMubarak,1,2021-04-12T20:17:17.000Z
"Voor racisme, in welke vorm dan ook, is geen plek in Nederland. 

Heel goed dat mensen hun stem laten horen tegen anti-Aziatisch racisme. Spreek je ook uit. Sta op tegen haat! #StopAsianHate  ",1,2021-04-10T15:01:55.000Z
"Gefeliciteerd @Vera_Bergkamp met het voorzitterschap van de Tweede Kamer! Ik ken je als een bevlogen en betrokken Kamerlid en heb er alle vertrouwen in dat je het fantastisch gaat doen. Heel veel succes!

En veel dank aan @khadijaArib voor al het goede werk in de afgelopen jaren.",1,2021-04-07T17:05:10.000Z
"Krachtige oproep van @ALBredenoord . Het komt er nu op aan. Hoe sneller we vaccineren hoe eerder we ons leven terug hebben. 

",1,2021-04-07T14:50:15.000Z
"“Na Stille Zaterdag volgt op paas­ochtend een wonderlijke boodschap: De dood heeft niet het laatste woord. Het laatste woord is aan liefde, aan zorg en betrokkenheid. Na de crisis is er nieuwe hoop. Een nieuwe kijk op wat goed leven is.” (@Roselaers)

Zalig Pasen allemaal!",1,2021-04-04T06:58:25.000Z
Vandaag opnieuw beëdigd tot lid van de Tweede Kamer. Een enorme eer om nog een periode volksvertegenwoordiger te mogen zijn! Naast mijn huidige onderwerpen ga ik me ook inzetten voor medisch-ethische thema's. Trots dat ik het belangrijke werk van @piadijkstra voort mag zetten! ,1,2021-03-31T12:29:42.000Z
"Vandaag nemen we afscheid van veel collega's, ook van 9 D66'ers. Dank voor al jullie inzet en de fijne samenwerking. Onze fractie gaat jullie missen! ",1,2021-03-30T15:44:20.000Z
"Subh Holi!

Ik wens iedereen een mooi en kleurrijk lentefeest #holi ",1,2021-03-29T06:59:17.000Z
"Elke leerling in Nederland heeft recht op een veilige school waar je als jongere zichtbaar jezelf kunt zijn.

Zo dapper en belangrijk dat enkele leerlingen hun ervaringen delen.

Verdrietig, boos en strijdbaar werd ik tijdens het lezen van dit stuk: ",1,2021-03-27T07:28:57.000Z
"Voor iedereen die de komende dagen het Pesach-feest viert: 

Chag #Pesach Sameach ",1,2021-03-26T21:39:32.000Z
"Elke prik telt in de strijd tegen #corona en helpt om onze vrijheden sneller terug te krijgen. 

Daarnaast vraagt het hoge aantal ziekenhuisopnames om toch een één-prik-strategie te overwegen.

Steun van Tweede Kamer voor twee voorstellen van @D66 ",0,2021-03-24T21:47:24.000Z
"Mensen anders behandelen op basis van ras, afkomst, geslacht, geloof en handicap is verwerpelijk, maar aan de orde van de dag.

Check deze video ⤵️ van @samiraraf en de plannen van @D66 tegen racisme en discriminatie: ",0,2021-03-21T11:37:18.000Z
"Wat een avond! 

Met plezier en trots zojuist de voorzittershamer overgedragen aan Sigrid Kaag. Ik ga aan de slag als vice-fractievoorzitter. ",1,2021-03-18T11:42:57.000Z
"Ga stemmen!
#stemD66 #ikstem ",1,2021-03-17T08:22:56.000Z
"Goed dat #nederlandkiest ook gaat over #loveislove. Hoewel NL relatief tolerant is, is er nog altijd een wereld te winnen. Elke dag kunnen vele homo's, lesbiennies, dragqueens en transgenders niet zichtbaar zichzelf zijn. Ik blijf knokken voor de lhbti-gemeenschap.

#stemD66 ",1,2021-03-16T20:51:38.000Z
"Het ging deze campagne weinig over Europa. Zonde, want Europa biedt kansen voor Nederland.

Om onze economie te versterken, het klimaat aan te pakken &amp; vanwege de geopolitiek met oog op China en Rusland. Zonder Europa zijn we veel slechter af.

#nederlandkiest #EUolifant #stemD66 ",0,2021-03-16T20:34:13.000Z
"“Ik accepteer dit niet. Dit was een opdracht in landsbelang, meneer Wilders. U moet er nog eens een keer van leren.”

Hoog tijd voor het leiderschap van @SigridKaag.
#stemD66 #nederlandkiest ",0,2021-03-16T20:19:43.000Z
"Heb je dit ‘debat’ tussen Rutte en Wilders ook al zoooo vaak gezien?

In 1 minuut zie je hoe het anders kan. Stem morgen voor het nieuwe leiderschap van @SigridKaag.

#stemD66 #nederlandkiest ",1,2021-03-16T20:10:58.000Z
"Verfrissend nieuw leiderschap van @SigridKaag vs een grijs gedraaide plaat: ""Meneer Wilders, u beledigt mensen op basis van hun geloof. U heeft in 20 jaar niets bijdragen en radicaliseert alleen maar. Ik wil iedere Nederlander met respect behandelen.""

#nederlandkiest #stemD66",1,2021-03-16T19:51:38.000Z
"Wauw, +5 zetels voor D66. Maak ons groot! 
#hupKaag #stemD66 ",1,2021-03-16T15:59:14.000Z
#HupKaag voor Europa. 🇪🇺 ,1,2021-03-16T13:04:52.000Z
"Zet Rutte de deur weer op een kier voor de PVV? 

Stem voor nieuw leiderschap.
#hupKaag #D66 ",0,2021-03-15T21:09:47.000Z
"Een luxeprobleem Claudia, zeker waar! In de strijd om de eindoverwinning tussen VVD/PVV enerzijds en D66 anderzijds is @SigridKaag een verstandige keuze 😉 ",1,2021-03-15T15:54:49.000Z
Stem voor nieuw leiderschap! #stemD66 ,1,2021-03-15T06:37:43.000Z
#klimaatalarm #twinningiswinning ,1,2021-03-14T14:45:42.000Z
"Europa? JA! Want alleen samen kunnen we de grote uitdagingen als klimaatverandering, migratie en veiligheid aan. Maken we een vuist tegen grootmachten als China, Rusland en techreuzen.

Er valt iets te kiezen! Doorbreek de conservatieve golf en #stemD66. ",1,2021-03-14T14:27:16.000Z
"Boeren maken zich zorgen. En terecht. 

De hoogste rechter van NL heeft in mei 2019 uitgesproken dat we de natuur beter moeten beschermen. De stikstofaanpak werd afgeschoten. 

De rechter heeft nu ook een streep getrokken door uitbreiding van stallen, waar VVD &amp; CDA voor pleiten. ",0,2021-03-14T11:17:45.000Z
"D66 kan de conservatieve golf breken! #progressievegolf #stemD66 
",1,2021-03-14T09:41:57.000Z
"Als je meer van hetzelfde wil, moet je VVD of CDA stemmen. Als je een echte koersverandering wil, stem je D66.

Sterk interview met @SigridKaag. 
#tijdvoornieuwleiderschap 
",1,2021-03-13T09:00:47.000Z
"Groen is het nieuwe goud. 
Grijs is oud. 

D66 kan de conservatieve golf breken. En dat is hard nodig voor het klimaat.
#stemD66 ",1,2021-03-12T13:24:49.000Z
"Zo LIVE: het Debat van het Oosten. D66 steunt natuurlijk de Akte van Oost, waarin we opkomen voor de belangen van Oost-Nederland. 

Kijk hier mee 👇🏽
",1,2021-03-11T18:29:00.000Z
"Weer een stap verder. Homoseksuele mannen met een vaste partner mogen ook bloed doneren.

Voor D66 is het nog niet genoeg. Selecteer bij bloeddonatie op risicogedrag, niet op geaardheid. #loveislove
",1,2021-03-11T16:33:05.000Z
"De VVD liet hun klimaatplannen niet doorrekenen. Nu weten we waarom. Ze halen de klimaatdoelen niet en laten ondernemers in de steek.

Rutte maakt verkeerde keuzes. Tijd voor leiderschap dat echt kiest voor het klimaat. Want groen is het nieuwe goud! ",0,2021-03-11T14:14:00.000Z
"Weerzinwekkend grof geweld tegen agenten die in ons aller belang steden en straten veilig houden en de coronamaatregelen handhaven.

Mijn gedachten zijn bij de agent en zijn   dierbaren.

",0,2021-03-11T13:43:45.000Z
"D66 wil dat mensen met een test- of vaccinatiebewijs meer vrijheden kunnen krijgen. We snakken er allemaal naar.

En waar @SigridKaag tijdens het RTL-debat als enige op de groene knop drukte bij de stelling hierover, zie ik nu ook beweging bij anderen.
#coronadebat ",1,2021-03-10T15:11:01.000Z
"Goede oproep van Ernst Kuipers bij technische briefing in de Tweede Kamer: ‘Hou de vaccins niet op de plank.'

Sneller prikken = meer mensen beschermd en minder druk op de zorg. ",1,2021-03-10T10:10:36.000Z
"Een ledenrecord voor D66! 
Sluit je ook aan via ",1,2021-03-10T07:01:19.000Z
"Wat een verademing, het debat tussen Sigrid Kaag en Lilianne Ploumen bij #Op1 #Pauw. 

Respectvol en verbindend, maar stevig op de inhoud als het moet.",1,2021-03-08T21:47:55.000Z
"Juist de gunstige #Euro maakt Nederland een wereldwijde handelsmacht. Populisten zetten miljoenen banen - die afhankelijk zijn van ondernemen over de grens - op de tocht. Wie dat nóg niet snapt: kijk eens naar de andere zijde van het kanaal #kopinhetzand

",0,2021-03-08T13:59:19.000Z
"‘Tante Sigrid’. 

Van je collega’s moet je het hebben. #internationalevrouwendag ",1,2021-03-08T08:29:53.000Z
Juist op #internationalevrouwendag moeten mannen zich uitspreken. Samen zeggen we NEE tegen seksisme. Ik daag jullie allemaal uit. Doe mee. #HeforShe ✊🏽 ,1,2021-03-08T06:53:04.000Z
"Een vaccin neem je niet alleen voor jezelf, maar ook om anderen en kwetsbaren te beschermen. Thierry Baudet heeft daar geen boodschap aan. ",0,2021-03-07T18:13:13.000Z
"#HupKaag 
",1,2021-03-06T12:50:00.000Z
"De VVD laat klimaatplannen niet doorrekenen, wil er zelfs op bezuinigen. En reageert niet op vragen. 

Het klimaat is niet veilig bij de VVD.

Wil je echte actie voor het klimaat? Dan stem je D66. ",0,2021-03-05T13:02:42.000Z
"Met massaal gratis testen en sneller vaccineren krijgen mensen hun vrijheid sneller terug.

We leveren al een jaar onze vrijheid in om het coronavirus te stoppen, maar de rek is eruit. Laten we nu kijken hoe we mensen veilig en verantwoord meer ruimte kunnen geven. ",1,2021-03-05T09:30:35.000Z
"Door VVD en CDA-beleid zijn er de helft minder boeren en is de prijs voor hun voedsel nog steeds laag.

Geen halve oplossingen meer. Met duurzame landbouw krijgen boeren een eerlijke prijs voor hun voedsel met minder impact op klimaat en natuur.

Wie boeren wil helpen, stemt D66. ",1,2021-03-05T07:15:45.000Z
"Mensen snakken naar perspectief. Het kan. Met veel meer gratis sneltesten en sneller vaccineren.

Met een negatief testbewijs of een vaccinatiebewijs kunnen mensen veilig en verantwoord hun vrijheden terugkrijgen.

Zometeen meer bij #Jinek. ",1,2021-03-04T20:20:47.000Z
"""Leiderschap is niet: achter de troepen aanlopen als er draagvlak is. Leiderschap is zeggen: dit is de beste manier. 

Niet langer doorkabbelen, maar bouwen aan een Nederland waarin iedereen kan dromen en kan worden wat hij of zij wil.""
@SigridKaag 👏🏽
",1,2021-03-04T08:25:39.000Z
"Als de VVD de verkiezingen verliest, wat betekent dat voor het onderwijs?

👨🏻‍🏫 Een extra leraar tegen het lerarentekort.
💶 Miljarden extra aan investeringen.

#onderwijs #D66 

",1,2021-03-03T18:34:46.000Z
"Laten we nou eens kijken wat wél kan, @gertjansegers. Voor jongeren op zoek naar perspectief én voor eenzame ouderen.

Geef mensen met een negatieve gratis sneltest of een vrijwillig vaccin precies dezelfde vrijheden. Zo kan onze samenleving veilig en verantwoord van het slot. ",1,2021-03-03T11:30:39.000Z
"Zichtbaar jezelf kunnen zijn en een Tweede Kamer die er voor iedereen is. Bij @D66 kan het!

Check dit mooie interview met @LisaGinneken die een inspiratiebron is voor transgender mensen over de gehele wereld. ⤵️ ",1,2021-03-03T08:51:33.000Z
"Eat, zoom, sleep, repeat. Bij iedereen is de rek er na een jaar wel uit. 

Laten we de lockdown doorbreken. Met sneller vaccineren en gratis sneltesten kiezen we voor verstandige vrijheid voor iedereen.

#RTLdebat #hupKaag ",0,2021-02-28T22:29:58.000Z
"De plannen van de VVD zijn al doorgerekend?! 

Nee, Mark Rutte is niet mans genoeg om de VVD-plannen voor het klimaat onafhankelijk te laten beoordelen. 

#RTLdebat ",0,2021-02-28T21:34:31.000Z
"Sigrid Kaag tegen Geert Wilders🔥 

'Dit is discriminerende politiek. Dan komt u weer met die zielige zwarte piet van u. Dat racisme van u bestrijdt mijn partij altijd.'

#HupKaag 
#RTLdebat",0,2021-02-28T21:28:38.000Z
#hupKaag! ,1,2021-02-28T19:47:08.000Z
"Voor D66 geldt:
Mensen die vluchten voor oorlog en geweld bieden we hier een veilige plek. 

Voor de VVD geldt:
Vluchtelingen die op eigen houtje naar Europa komen, worden direct teruggestuurd.

Dat is onmenselijk.
Weet wat je stemt op 15, 16 en 17 maart. #stemD66 ",0,2021-02-28T18:21:22.000Z
"Wat is er toch mis met de VVD plannen voor het klimaat? Kunnen ze al die dure kerncentrales niet betalen? Of halen ze de klimaatdoelen niet?

Door de plannen niet te laten doorrekenen, zitten ze nu met de klimaatontkenners van de PVV in het kamp.

Lees:
",0,2021-02-28T11:05:18.000Z
"Je kan niet de mond vol hebben dat de aanpak van de klimaatcrisis 'haalbaar en betaalbaar' moet zijn en vervolgens je plannen niet laten doorrekenen.

Kiezers hebben recht op het eerlijke en volledige verhaal. Wat heeft de VVD te verbergen?
",0,2021-02-28T08:51:41.000Z
"Dit is nieuw leiderschap! Mensen hebben perspectief nodig. Deze nieuwe fase van de coronacrisis vraagt een nieuwe blik.

Met gratis sneltesten en zelftesten kunnen hoger onderwijs, stadions, cafés, restaurants en winkels weer veilig open. 
",1,2021-02-27T16:13:31.000Z
"Voor het #D66congres ging ik in gesprek met Kaja Kallas, de eerste vrouwelijke premier van Estland. 🇪🇪

In haar eerste maand als premier laat ze zien wat nieuw leiderschap oplevert. Kijk het hele gesprek hier terug:
",1,2021-02-27T15:04:24.000Z
"Het #D66congres begint zo. Ik ga in gesprek met de eerste vrouwelijke premier van Estland, @kajakallas. En natuurlijk een speech van @SigridKaag! 

Kijk je mee?
",1,2021-02-27T13:58:36.000Z
"Rutte in 2018:
Er is geen alternatief, we moeten in actie komen voor het klimaat.

Rutte in 2021:
Klimaatcrisis? Mwah, wij laten onze plannen echt NIET doorrekenen door de planbureaus hoor.

Waarom niet? Omdat de VVD-plannen niet groen genoeg zijn?! ",0,2021-02-26T09:56:15.000Z
"We mogen niet stil zijn.

De mishandeling van de Oeigoeren door China krijgt vandaag een naam: genocide.
",0,2021-02-25T16:04:14.000Z
"Vandaag stemmen we over de @D66 initiatiefwet om de EU op te nemen in de Grondwet. @VNONCW &amp; @MKBNL steunen het plan voor extra waarborgen tegen een ondoordachte #Nexit. De EU is namelijk onmisbaar voor onze welvaart en veiligheid, toch @cdavandaag @VVD?! ",1,2021-02-25T11:48:06.000Z
"Goed dat middelbare scholieren en MBO-studenten vanaf maart weer fysiek onderwijs kunnen volgen.

Dat moet met extra maatregelen ook voor hogescholen en universiteiten mogelijk zijn. @gertjansegers en ik vragen kabinet en onderwijs tot afspraken te komen. ",1,2021-02-24T09:40:32.000Z
"Heropvoedingskampen, gedwongen arbeid, verkrachtingen, martelingen, mensen die spoorloos verdwijnen. We mogen niet stil zijn.

D66 wil dat Nederland zich aansluit bij Canada en de VS en de Chinese aanpak van de Oeigoeren bestempelt als genocide. ",0,2021-02-23T19:20:57.000Z
"Goed nieuws voor jongeren dat de middelbare scholen en mbo's weer open kunnen. D66 wil dat het kabinet ook kijkt hoe hoger onderwijs weer fysiek kan. 

En er komt meer ruimte om te sporten in teamverband. Een belangrijke uitlaatklep voor veel mensen! #persconferentie",1,2021-02-23T18:33:07.000Z
"Om 14u is er de hoorzitting met onze sociale rekenmeesters over de gevolgen van de coronacrisis voor jonge mensen, eenzame ouderen, ondernemers in nood.

Zou goed zijn als een traditie is geboren. Naast het OMT-advies moet de politiek de maatschappelijke gevolgen zwaarder wegen. ",0,2021-02-23T10:36:17.000Z
"Vandaag luiden om 13.28u de kerkklokken van Nijmegen. Op dat tijdstip op 22 februari 1944 begon het verwoestende bombardement op de stad. De historische binnenstad werd verwoest. Minstens 800 mensen dood.

We herdenken.
Opdat wij niet vergeten.
#Nijmegen

",1,2021-02-22T07:50:02.000Z
"In de Corona-aanpak vanaf nu naast de medische crisis net zoveel aandacht voor de sociale en economische crisis: voor eenzame jongeren en ouderen, voor ondernemers.

Dus: met @gertjansegers wil ik deze week naast het OMT ook ‘n hoorzitting met de directeuren van drie planbureaus. ",1,2021-02-21T10:30:08.000Z
"VVD-lijsttrekker: het is tijd voor nieuw leiderschap.

#D66 #Kaag ",1,2021-02-20T08:39:38.000Z
"Kinderen en studenten mogen nooit de dupe zijn van de coronacrisis. Toch lopen velen vertraging op, zonder dat ze er iets aan kunnen doen.

Deze miljarden euro’s voor zomerscholen, bijles en minder collegegeld voor studenten zijn heel goed nieuws!
",1,2021-02-17T13:52:52.000Z
"De eerste stem is binnen! 
Bijzonder gevoel dat mensen aan de andere kant van de wereld hun stem aan mij toevertrouwen. Dank.

Ik zal met D66 blijven strijden voor een open blik van Nederland op de wereld en voor de belangen van NL’ers in het buitenland! #D66 ",1,2021-02-17T07:21:40.000Z
"Dit zijn onze plannen voor het klimaat en de natuur! 
- Stop met subsidie op fossiele industrie
- Sluit kolencentrales eerder dan 2030
- Halveer de veestapel en stop met bio-industrie
- Investeer in zon en wind

Dit is nieuw leiderschap.
#teamD66 #trots ",1,2021-02-13T12:44:12.000Z
"D66 zet vól in op klimaat, de toekomst is groen! 🌳

Benieuwd naar onze plannen? Straks om 12.00 uur trappen wij onze campagne af.

@SigridKaag spreekt over onze klimaatplannen en ik ga in gesprek met #teamD66 in het land. Kijk mee:
",1,2021-02-13T10:34:07.000Z
"Het mag niet gebeuren dat het opleidingsniveau van je ouders, je wijk of je achternaam je toekomst bepaalt. Daarom: onderwijs, onderwijs, onderwijs.

Juist deze crisistijd neemt de ongelijkheid meer toe. Dat vraagt om grote keuzes. D66 maakt die.
",1,2021-02-12T08:35:38.000Z
"Er zijn flinke stappen gezet om de klimaatcrisis aan te pakken, maar de grootste uitdaging van deze tijd vraagt om meer.

De vervuiler moet een eerlijke prijs gaan betalen. De veestapel moet inkrimpen. En de trein moet een goed alternatief bieden voor vliegen. #klimaatdrammer ",1,2021-02-10T20:36:51.000Z
"Volg zometeen het debat van de Jonge Klimaatbeweging over een van de grootste uitdagingen van dit moment: de klimaatcrisis. 

Vanaf 18.30 uur LIVE op:
",1,2021-02-10T16:48:17.000Z
"Racisme, homofobie, vrouwen- en jodenhaat. Allemaal in de appwisselingen van Baudet en z’n kameraden.

VVD en CDA zitten ondertussen vrolijk met Forum voor Democratie in de coalitie in Brabant. Daarmee krijgen racisme en discriminatie legitimiteit. ",0,2021-02-09T13:25:23.000Z
Blij met zoveel steun voor een snelle treinverbinding van het Noorden naar de Randstad! #noordelijklijsttrekkersdebat ,1,2021-02-08T16:21:35.000Z
"Regels van de overheid over sneeuwballen gooien. Een verbod op sleeën. 😳

Zullen we in deze zware lockdown-tijd blijven kijken naar wat buiten wél verantwoord kan? Veilig schaatsen op natuurijs. Langlaufen in het bos. Sneeuw en ijs geven veel mensen juist nu het nodige plezier. ",0,2021-02-08T12:42:49.000Z
"Er is grote behoefte aan een snelle treinverbinding tussen het Noorden en de Randstad.

Dat is goed voor voor de economie, voor de verbinding tussen mensen en voor het klimaat. Laten we vandaag afspreken: die Lelylijn komt er! #pactvanhetnoorden 
",1,2021-02-08T07:59:02.000Z
"Zalvende woorden van Wopke Hoekstra. Hopelijk ook daden.

Want waar was CDA toen de Kamer stemde over een actieplan tegen anti-lhbti geweld?

Waar was CDA toen we stemden over discriminatierechercheurs?

Waar was CDA toen we stemden over meer voorlichting op scholen?

#cocdebat ",0,2021-02-05T21:02:52.000Z
"Het is eigenlijk bizar dat we het nog hebben over discriminatie en geweld tegen lhbti'ers. Maar helaas maak ik het zelf ook mee.

Dit is onacceptabel. Daarom:
- Meer voorlichting op scholen
- Speciale discriminatierechercheurs 
- Roze in Blauw ingebed bij de politie
#cocdebat ",1,2021-02-05T20:44:50.000Z
"Zometeen begint hét debat over lhbti-rechten. Zo belangrijk om hier ook in 2021 nog over te spreken, want onze emancipatie is nog lang niet af. #cocdebat #loveislove 

Kijk vanaf 20.30 uur mee! 👇🏽
",1,2021-02-05T18:52:29.000Z
"Een ‘homo-Jetten’ mailadres aanmaken en dan je bagger uitstorten. Voor wie dacht dat het wel klaar is met homohaat in 2021...

Je begrijpt, mij hoef je niet te motiveren voor het COC-debat. Laten we ons altijd uitspreken tegen homohaat en vóór lhbti-rechten.
#loveislove #cocdebat ",0,2021-02-05T08:28:17.000Z
"Studenten hebben het deze coronatijd zwaar. Geen fysiek onderwijs, geen stage. En daar komt de stress van studievertraging bovenop.

Voorstel met @jesseklaver om studenten met vertraging komend jaar geen collegegeld te laten betalen krijgt een meerderheid!
",0,2021-02-04T16:55:36.000Z
"Heel goed nieuws van @SvVeldhoven! Eindelijk komt er een einde aan een discussie van ruim 20 jaar. Dit scheelt ieder jaar meer dan 25 zwembaden (!) vol met blikjes in onze natuur. ♻️ 
",1,2021-02-03T11:10:57.000Z
"Heel fijn dat de scholen weer opengaan. Zo belangrijk om te voorkomen dat kinderen teveel vertraging oplopen.

Belangrijk om nu met een voorspelbare routekaart ook meer perspectief te bieden. Snel proeftuinen voor evenementen, snel meer vaccineren.
#persconferentie",1,2021-02-02T19:11:08.000Z
"Een bijzondere fiets- en wandelbrug, vernoemd naar een bijzondere burgemeester die veel te jong overleed. 

De Pieter Smitbrug tussen Winschoten en Blauwestad is met 800 meter de langste fiets- en voetgangersbrug van Europa 🚲 ",1,2021-02-01T22:13:28.000Z
"Kinderen mogen weer naar school of kinderopvang! Een grote opsteker voor onze jongste generatie, en hun ouders.

De leraren zullen ze met warmte en plezier verwelkomen. Laten we zorgen dat zij hun vak veilig kunnen uitoefenen! ",1,2021-01-31T17:57:46.000Z
"Dit is nou wat je noemt: perspectief! Komende maand beginnen de proeven met congressen, concerten en sportwedstrijden met publiek, op initiatief van D66. Zodat zodra het veilig is, er snel meer open kan.
",1,2021-01-27T07:29:20.000Z
"Nederland is vandaag leider en initiatiefnemer in de wereld. Zo zie ik het graag! 
",1,2021-01-25T14:45:37.000Z
"Diep triest gedrag in Eindhoven, Urk en Amsterdam. Respectloos en roekeloos. Hard aanpakken dit tuig.
",0,2021-01-24T19:24:28.000Z
"We hebben allemaal behoefte aan perspectief. Wat zou het fijn zijn om in de zomer naar een festival te gaan!

Met dit extra geld kan de organisatie van sport- en muziekevenementen gewoon beginnen. Als het toch niet door kan gaan, staat de overheid garant.
",1,2021-01-22T09:12:05.000Z
"De Britse variant van het coronavirus baart het OMT en andere deskundigen grote zorgen.

Er is reden om nu ongeruster te zijn dan voorheen. De vraag is of het reden genoeg is voor een avondklok. Met die vraag worstelen wij. #coronadebat ",0,2021-01-21T11:51:08.000Z
"Geschrokken van het plotse en veel te vroege overlijden van Hans de Boer.

Ik denk met plezier terug aan onze stevige gesprekken en humorvolle ontmoetingen. Een pittige discussie werd steevast afgesloten met een gulle lach.

Ik wens zijn vrouw en kinderen heel veel sterkte. ",1,2021-01-18T11:30:55.000Z
"Een avondklok? Doe het nu niet.
#coronadebat ",0,2021-01-13T15:59:48.000Z
"We moeten nog even volhouden. En dat is pittig. Maar de cijfers laten een voorzichtige daling zien in het aantal besmettingen.

Samen kunnen we dit! Houd je aan de regels. Dan genieten we straks allemaal sneller van onze vrijheden. 
#persconferentie",1,2021-01-12T18:32:16.000Z
"Kabinet komt vandaag terug op voornemen om IC-protocol van artsen en deskundigen te overrulen. Heel verstandig.

Als zwarte scenario ooit nodig zou zijn, is het goed dat de politiek ook dan vertrouwen heeft in artsen. Zij doen hun werk zorgvuldig en in samenspraak met de patiënt. ",1,2021-01-11T16:38:13.000Z
"Een boete voor mensen in de bijstand die een fout hebben gemaakt? Dat is een overheid die straft in plaats van mensen helpt. 

D66 en CDA willen snel van deze boete af. De overheid moet vertrouwen, niet wantrouwen. ",0,2021-01-08T13:43:41.000Z
"Terwijl gewelddadige idioten - opgestookt door Trump - het Amerikaanse parlement bestormen, retweet Baudet vanaf z’n zolderkamer zijn droom over diezelfde Trump als ideale leider voor het gehele Westen. 

De weg kwijt. ",0,2021-01-06T20:47:19.000Z
De weg naar een land waar iedereen zichzelf mag zijn is lang. Mooi stuk van @LisaGinneken! 🌈 ,1,2021-01-06T16:39:10.000Z
"De eerste vaccinatie is een feit. Wat een prestatie van de wetenschap!

In #DBunked meer over de feiten en fabels over het coronavaccin. Dit vaccin is goed getest. Veilig. En het is ook voor jonge mensen belangrijk om zich te laten vaccineren. 

Meer:
",1,2021-01-06T09:57:42.000Z
"Meerderheid Kamer is duidelijk: Geef vertrouwen aan artsen en ethici die samen met de inspectie, patiëntenorganisaties en ouderenbonden tot afspraken kwamen in geval van extreme schaarste op de IC. Zij begrijpen hun werk beter dan politici in Den Haag #coronadebat ",0,2021-01-05T20:54:23.000Z
Artsen en ethici zijn al tot een zorgvuldige norm gekomen. Zij kunnen dit beter overzien dan politici. Dus is het onze politieke keuze het vertrouwen te geven aan mensen die er verstand van hebben. Geen steun van D66 voor deze wet. #coronadebat ,0,2021-01-05T10:44:03.000Z
"Afgelopen jaar stond natuurlijk volledig in het teken van corona. Maar er was meer.

De resultaten van D66 in 2 minuten. Ik heb het als Matthijs van Nieuwkerk geprobeerd. Bijna binnen de tijd! 😉 ",1,2020-12-29T07:39:00.000Z
Zalig Kerstfeest en hele fijne dagen! #kerst ,1,2020-12-25T07:48:17.000Z
"Een zeer passend besluit. Met extra aandacht voor ouders die recht hebben op meer compensatie. #kinderopvangtoeslagaffaire

Goed dat er ook hulp komt voor kinderen van de gedupeerden. Hun toekomst mag niet nog meer worden geschaad door dit overheidsfalen.
",1,2020-12-22T18:21:45.000Z
"Bewondering voor het werk van abortusactivist Rebecca Gomperts.

Jammer dat ze in @nrc onjuiste dingen zegt over de progressieve inzet van D66. 

Wij zijn voor de abortuspil bij de huisarts.
Wij zijn voor abortus uit het strafrecht.

Zie hier ons verkiezingsprogramma ⤵️ ",0,2020-12-19T12:25:39.000Z
"Verschrikkelijk. Hier worden rechten van mensen afgepakt. 

Op ons vrije continent moeten we staan we voor onze rechtsstaat en gelijke rechten. Europa moet deze rechten beschermen en kúnnen beschermen. 
#loveislove
",0,2020-12-15T20:31:11.000Z
"Groot compliment voor alle leraren in deze coronacrisis! Zij zetten alle zeilen bij om kinderen goed onderwijs te geven.

Om groeiende ongelijkheid te voorkomen wil D66 dat -als het veilig kan- basisscholen een week eerder weer opengaan. Voor een kind telt elke week.
#coronadebat ",1,2020-12-15T19:23:00.000Z
Mooi! Juist ook in de coronacrisis mogen we de klimaatcrisis niet uit het oog verliezen. ,1,2020-12-15T13:47:52.000Z
"Het is helaas nodig dat de maatregelen strenger worden. Voor veel mensen valt dat juist in deze feestelijke maand extra rauw op het dak.

Houd je dus aan de regels en wees voorzichtig. En wees er voor elkaar. Samen kunnen we dit!
#persconferentie",1,2020-12-14T18:25:46.000Z
Mooi! 💪🏽 De EU kiest voor een ambitieus klimaatdoel. Want de klimaatcrisis houdt zich niet aan grenzen. Dat moeten we samen in Europa aanpakken. ,1,2020-12-11T08:14:38.000Z
"De klimaatcrisis wacht niet langer. Het is zaak dat we in Nederland en Europa werk maken van het aanpakken van klimaatverandering.

Hopelijk nemen de lidstaten tijdens de Europese top het juiste besluit tot stevige verhoging van het klimaatdoel voor 2030.
",1,2020-12-10T17:12:57.000Z
"De stikstofuitstoot moet flink omlaag, want het is slecht voor de natuur. 

We zetten opnieuw een stap om onze planten en bomen beter te beschermen! En hierdoor kunnen we veel meer betaalbare, duurzame huizen bouwen. Dat is hard nodig. ",1,2020-12-10T14:48:35.000Z
"Europa wil Polen en Hongarije korten op de begroting omdat ze de rechtsstaat afbreken. Heel goed! Maar juist zij blokkeren nu die begroting.

En wat doet de PVV? Niets. Zij juichen voor Orbán. De man van het inperken van vrije pers, ontslaan van rechters, moslimhaat en homohaat. ",0,2020-12-09T12:20:26.000Z
"Blij met deze steun voor het wetsvoorstel van @KeesVee en mij om ons EU-lidmaatschap in de Grondwet te verankeren.

Baanverlies en onzekerheid zijn de gevolgen van een chaotische Brexit. Dat mogen we hier niet zomaar laten gebeuren. 
",1,2020-12-09T09:03:44.000Z
"De coronacijfers vallen tegen. Houd je alsjeblieft aan de regels!

Laten we ook stap voor stap kijken wat wél kan.
- Proeftuinen voor horeca, cultuur &amp; evenementen om weer verantwoord open te kunnen
- Meer fysiek onderwijs op mbo's en hoger onderwijs
#perspectief #persconferentie",1,2020-12-08T18:15:59.000Z
"De horeca, cultuur en evenementen waar we allemaal zo van genieten moesten door corona twee keer dicht. 

Het is tijd om voorzichtig en veilig te openen. Laten we nu met proeftuinen beginnen. Vrijheid en perspectief zijn nodig om veiligheid te garanderen.
",1,2020-12-03T07:58:53.000Z
Blij met het vertrouwen van de leden om op nummer 2 te staan voor de komende verkiezingen. Veel zin om met #teamD66 en alle vrijwilligers een geweldige campagne neer te zetten! ,1,2020-12-02T12:09:54.000Z
"De onafhankelijkheid van Poolse rechtbanken wordt bedreigd. Het recht op een eerlijk proces staat onder druk.

Als de Europese Commissie niet doorzet, dan doen we het zelf. Vandaag stemt de Tweede Kamer over voorstel van D66, CDA en GroenLinks om Polen aan te pakken. ",0,2020-12-01T09:41:38.000Z
"Het is tijd voor nieuw leiderschap. Voor iedereen in Nederland.

Prachtig #D66congres vandaag! 👏🏽 ",1,2020-11-28T16:19:41.000Z
"Kijk nu LIVE mee naar het #D66congres! Ik schuif aan in een talkshow over het belang van diversiteit, om 15.30 uur sluit @SigridKaag af met haar plannen voor Nederland.
",1,2020-11-28T12:55:00.000Z
"Een prettige onafhankelijkheidsdag! 
Mi wins joe wang swit srefidensi! ",1,2020-11-25T13:34:33.000Z
"We kunnen veel meer huizen bouwen, banen redden en onze natuur beschermen! Dan hoeven we maar enkele industriële megastallen te helpen stoppen. Met een nette regeling.

Kabinet, haal Nederland van het slot en ga met deze stikstofuitstoters aan tafel.
",1,2020-11-25T10:45:21.000Z
"Weer krijgt een politicus onaangekondigd bezoek thuis. Dit keer van een journalist en live op nationale radio. Kap daar eens mee! Val politici niet thuis lastig. Ook publieke personen hebben recht op hun privéleven.
",0,2020-11-24T13:18:17.000Z
"Duidelijke plannen uit Europa: veel meer wind ver op zee. Goed voor het klimaat en we creëren nieuwe, duurzame banen.

Dankzij het Klimaatakkoord gaat Nederland hier al volop mee aan de slag. Goed dat Europa volgt.
",1,2020-11-20T12:45:35.000Z
"In Nederland hebben transpersonen 7 keer vaker dan anderen te maken met misbruik of geweld. Dat moet stoppen! 

Kijk de boodschap van kandidaat-Kamerlid voor D66 Lisa van Ginneken ⤵️

#transgender #TDOR ",1,2020-11-20T08:12:48.000Z
"Onze D66 kandidaten en vrijwilligers wachten vol spanning en goede hoop op de uitslagen van de verkiezingen in Oisterwijk, Boxtel, Vught en Eemsdelta. 

Via zoom iedereen gefeliciteerd met een geweldige campagne! En uitslagen van de eerste stembureaus zien binnenkomen. Spannend! ",1,2020-11-18T22:37:43.000Z
"De komende verkiezingen #TK2021 moeten politieke partijen laten zien dat ze willen samenwerken. Bereid zijn om compromissen te sluiten.

En bovendien: luisteren naar mensen. Niet alleen een boodschap zenden, maar met mensen in gesprek gaan. ",1,2020-11-18T11:44:15.000Z
"Woon je in Vught, Oisterwijk, Boxtel of Eemsdelta? Vandaag kan je stemmen voor de lokale verkiezingen. Doe dat! Dit gaat over het groen, het onderwijs, betaalbare huizen en de jeugdzorg in jouw wijk en buurt.

#stemD66 #herindelingsverkiezingen",1,2020-11-18T08:12:21.000Z
"Dit kleine stapje biedt weer een beetje perspectief.

Maar het blijft zwaar. Zeker voor veel jongeren, blijkt uit cijfers.

Het is hoog tijd dat we veel meer gaan testen, zodat we meer van onze vrijheden terugkrijgen. Van groot belang, zeker voor jonge mensen.
#persconferentie",1,2020-11-17T18:39:18.000Z
"Polen en Hongarije slopen hun rechtsstaat. Universiteiten worden gesloten. Rechters ontslagen. De persvrijheid ingeperkt.

Eindelijk kunnen we deze landen korten op Europees geld. Maar nu blokkeren ze de nieuwe Europese begroting.

Rutte, houd uw rug recht. ",0,2020-11-17T16:23:51.000Z
"Dit is te gek voor woorden. Zullen we allemaal een mooie reactie achterlaten voor deze jongen op de Facebookpagina van Bol? 
",1,2020-11-17T13:35:16.000Z
"Cultuur en kunsten geven het leven kleur. Wie geniet er tijdens een lockdown niet van een boek, muziek, film of (online) theaterstuk?

Belangrijk dat het kabinet de #cultuur sector steunt in deze moeilijke tijd. ",1,2020-11-17T08:24:29.000Z
Gefeliciteerd Sjoerd &amp; Pieter! ,1,2020-11-16T19:47:17.000Z
"Vier je vandaag het Lichtjesfeest?
Subh Divali! #Divali ",1,2020-11-14T16:28:16.000Z
"Dit is geen ludieke actie. 
Dit is pure intimidatie.

Je mag in dit land demonstreren, maar bij het privé domein van anderen blijf je weg! ",0,2020-11-14T16:23:14.000Z
Goed nieuws voor het klimaat! ,1,2020-11-12T20:34:46.000Z
"Een enorme eer om als nr 2 achter @SigridKaag op de kandidatenlijst van D66 te staan. En wat een geweldig, divers team met ervaring én nieuw talent. #teamD66 ",1,2020-11-11T14:11:26.000Z
"Ik kwam zelf in mijn middelbare schooltijd uit de kast. Dat was heel spannend.

Hoe is het dan als je als jongere worstelt met je geaardheid en jouw eigen school bij aanmelding om een verklaring vraagt waarin je ouders homoseksualiteit afkeuren?!

Hier moet een einde aan komen. ",0,2020-11-10T20:41:55.000Z
"Terecht, dit voortschrijdende inzicht van @arieslob. Een antihomo-verklaring om tot een school te worden toegelaten is onacceptabel.

Verwacht na deze woorden ook actie: voer het voorstel van SP, PvdA, GL en D66 om hiermee te stoppen nu echt uit.
",1,2020-11-10T15:12:40.000Z
"Uuuuh, minister Slob? 
Meten met twee maten?

En zullen we er ASJEBLIEFT voor zorgen dat elk kind op elke school zichzelf kan zijn!? Een ‘veilig leerklimaat’ waar je hele zijn wordt afgekeurd bestaat niet. ",0,2020-11-09T21:54:39.000Z
"Al die klassieke gezinnen die worden uitgescholden, bespuugd of geslagen omdat ze hand in hand over straat lopen! ",0,2020-11-09T15:47:34.000Z
Dit is zo mooi. Amerika kan na vandaag weer ademen. Go Joe! Go Kamala! ,1,2020-11-07T17:01:04.000Z
Prachtige openhartige brief van burgemeester Onno van Veldhuizen van Enschede die herstellende is van corona. Beterschap Onno! ,1,2020-11-07T08:26:26.000Z
"We moeten nog maanden met het corona virus leven. Daarom is dit de belangrijkste taak voor het kabinet: perspectief bieden!

Met sneltesten kunnen cruciale werknemers in oa zorg en onderwijs veilig hun werk doen. 
Hopelijk ook snel beschikbaar voor cultuur, evenementen en horeca. ",1,2020-11-05T19:42:17.000Z
"Maandenlange discussie in parlement gehad over de corona-noodwet. Zeer belangrijk element: Kamer moet betrokken zijn bij Coronamaatregelen.

En dan een avondklok - de meest vrijheidsberovende maatregel tot nu toe - willen instellen buiten het parlement om? Dacht het niet!",0,2020-11-05T11:11:04.000Z
"Bibliotheken en buurthuizen moeten de komende twee weken open kunnen blijven voor het uitlenen van boeken en georganiseerde activiteiten. 

D66 steunt uiteraard het voorstel van GroenLinks.
#coronadebat",1,2020-11-04T21:40:13.000Z
"Een avondklok? Ben totaal niet overtuigd van de noodzaak. Dat een overheid tegen mensen zegt: u mag niet naar buiten.

Het kabinet weet ook niet wat het effect is op het aantal besmettingen. En handhavers zeggen: als we 's avonds meer moeten doen, dan overdag minder.
#coronadebat ",0,2020-11-04T19:38:51.000Z
"Op 17 maart is het aan ons. En je kan nu al iets doen! Kies voor een land van hoop, niet van haat. Waar we naar elkaar luisteren. Word lid. ",1,2020-11-04T13:21:43.000Z
"Opnieuw een stap terug, hopelijk de laatste. 

Echt nodig? Dat heb ik me ook afgevraagd. De cijfers tonen dat het goede kant op gaat. Dat geeft hoop.

Toch moet dit. Om de druk op de zorg te verlichten. Dus voor iedereen de komende weken nog even doorbijten.
#persconferentie",1,2020-11-03T18:40:51.000Z
"Uden - de plek van mijn jeugd &amp; familie - is zwaar getroffen door corona. Ziekenhuis Bernhoven draait overuren, veel mensen raakten besmet, veel dierbaren zijn overleden. Afscheid nemen is lastig.

Hartverwarmend om met Allerzielen bij hen stil te staan. 

",1,2020-11-01T20:29:52.000Z
"Heftige beelden van zware aardbeving! Heel veel sterkte aan de Turken en de Grieken, en alle anderen die getroffen zijn. #Izmir 
",1,2020-10-30T16:49:07.000Z
"Duidelijke opdracht. Er moet een schep bovenop voor het klimaat.

Juist in deze coronacrisis kunnen we niet verslappen. Juist op dit moment kunnen we onze economie opnieuw inrichten. De klimaatdoelen gaan we samen halen. Geen tijd te verliezen.
",1,2020-10-30T14:00:46.000Z
"Gisteravond kwamen er vijf mannen, lid van Farmers Defence Force, onverwachts een voedselpakket brengen bij mij thuis.

Een aardig gebaar, maar toch bekroop me ongemak. Ik vind dat actiegroepen politici niet thuis moeten opzoeken.

Lees mijn reactie:
",0,2020-10-28T07:17:21.000Z
"Ik ben positief getest op corona. Ontzettend balen!

Uiteraard blijf ik de komende dagen thuis in quarantaine. Gelukkig heb ik alleen milde klachten. Ik voel me verder fit en werk dus gewoon door. ",0,2020-10-27T08:28:33.000Z
"Door corona zijn voorlopig alleen noodzakelijke reizen naar het VK mogelijk, maar als fan van de trein én van de Britse hoofdstad is dit heel goed nieuws voor de toekomst! ",1,2020-10-26T08:35:51.000Z
"Wat @D66 betreft heeft het Gemeenschappelijk Landbouwbeleid alleen zin als het bijdraagt aan de omslag naar duurzame landbouw en daarmee een beter klimaat en herstel van natuur en biodiversiteit.

Wat er nu ligt, is onvoldoende! ",0,2020-10-23T10:24:10.000Z
"Wit-Russische oppositie krijgt de #Sacharov prijs. Zeer terecht. Samen met duizenden en duizenden dappere mensen die elke week de straat opgaan, strijden zij voor vrijheid en democratie #Belarus ",1,2020-10-22T14:13:22.000Z
"Om 14.00 uur begint het online Europacongres van D66. Ik mag een rondetafelgesprek leiden over liberale waarden in tijden van corona.

Kijk je mee?
",1,2020-10-17T11:21:46.000Z
"Blijf met je tengels van journalisten af. Journalisten controleren namens ons allemaal de macht en brengen ons soms in moeilijke omstandigheden iedere dag het nieuws.

Die mensen moet je niet bedreigen, laat ze hun werk doen. ",0,2020-10-15T16:17:55.000Z
"Miljoenen huizen opknappen. Voor een lagere energierekening, meer wooncomfort en minder CO2-uitstoot.

De sociale en groene revolutie gaan hand in hand!
",1,2020-10-15T08:04:48.000Z
"Mooi! Als mannen mogen voetballen in de Eredivisie, dan de vrouwen ook. Blij dat het kabinet terugkomt op de gekke beslissing om de vrouwen Eredivisie stil te leggen. 
#coronadebat #vrouwenvoetbal",1,2020-10-14T20:27:14.000Z
"Niet uit te leggen dit!

Sari van Veenendaal moet hetzelfde worden behandeld als Andre Onana! #anno2020 #voetbal ",1,2020-10-14T16:45:19.000Z
"Dit is een klap die ons allemaal hard raakt. Maar het aantal besmettingen loopt alleen maar op. Het kan niet anders.

Deze stap terug doet wat met mensen. En juist daarom is perspectief zo belangrijk. Wanneer krijgen we weer meer vrijheid?
#persconferentie",0,2020-10-13T18:24:46.000Z
"Beste Geert,

Feit ís dat veel mensen (nog) geen Nederlands spreken. Expats, oorlogsvluchtelingen, toeristen, arbeidsmigranten, internationale studenten.

Daar kun je op schelden. Of je kunt meedenken over hoe we álle mensen goed bereiken. Want dat is nodig tegen #corona! ",1,2020-10-11T14:04:54.000Z
"Kap eens met die tegen-elkaar-opzetten-tweets, @geertwilderspvv!

Doe je mee met ‘n oplossing? Deze week samen kabinet oproepen tot meer doelgroepcommunicatie in bv stadswijken en religieuze instellingen? In vele talen: Nederlands, Pools, Arabisch. Wat maar nodig is tegen Corona! ",0,2020-10-11T12:22:28.000Z
"Jammer dat @klaasdijkhoff stopt! Slimme politicus en gewoon een fijne vent om mee samen te werken.

Ik denk in het bijzonder terug aan hoe we samen een klimaatakkoord bouwden. En Klaas, nog bedankt voor die geuzennaam #klimaatdrammer

Nog even liberale eindsprint tot maart? 💪🏽😉 ",1,2020-10-09T20:19:52.000Z
"Gefeliciteerd, Jonge Klimaatbeweging! Jullie zijn het levende voorbeeld hoe we klimaatverandering écht aanpakken. Niet alleen, maar samen.

Blijf doorgaan met jullie mooie en belangrijke werk! #duurzame100  
",1,2020-10-09T10:45:03.000Z
NU live over de coronacrisis. Kijk mee via YouTube. 👇🏽 ,1,2020-10-08T14:04:31.000Z
"👏🏽 Dit is de toekomst! Afval als grondstof gebruiken voor een elektrische auto. Goed voor het klimaat en tegen de enorme plastic soep.

Complimenten voor de studenten van @TUeindhoven!
",1,2020-10-08T08:15:35.000Z
"Het klimaatprobleem houdt zich niet aan landsgrenzen. Europese actie tegen de klimaatcrisis is keihard nodig.

Met een nieuwe klimaatwet wil het Europees Parlement de ambities nog verder opschroeven. Goed voor onze toekomst én voor onze economie!
",1,2020-10-07T09:16:58.000Z
"Stemmen is belangrijk om je toekomst te bepalen. Om de opkomst bij de #TK2021 hoog te krijgen, moet de drempel laag zijn.

Daarom moeten mensen in maart al eerder kunnen stemmen. Zo heeft iedereen de kans om veilig zijn of haar stem uit te brengen, ook deze coronacrisis. ",1,2020-10-07T06:17:35.000Z
"Als sommige theaters de deuren sluiten, studenten al maandenlang geen college kunnen volgen en horecaondernemers om 22.00 uur de deuren dichtdoen...

Ook van kerken verwacht ik dat ze hun verantwoordelijkheid nemen voor de gezondheid van ons allemaal.
",0,2020-10-06T15:27:03.000Z
"Zorgelijk. Ondanks harde werk in ziekenhuizen wordt steeds meer reguliere zorg uitgesteld. We moeten oppassen voor grote impact op kanker-, long- en hartpatiënten.

Wat is na motie D66-CDA gedaan om reguliere zorg beter te regelen voor tweede golf? Ga kabinet om uitleg vragen. ",0,2020-10-06T07:09:29.000Z
"Een hashtag kapen en zorgen dat die niet over haat, maar juist over liefde gaat. Daar doe ik graag aan mee! 🌈 #ProudBoys #loveislove 
",1,2020-10-05T07:51:41.000Z
"Vele kerken, moskeeën en synagoges nemen hun verantwoordelijkheid in de coronacrisis. Deze kerk niet. Onbegrijpelijk. 

Laat minister Grapperhaus - verantwoordelijk voor kerkdiensten - zo snel mogelijk in Staphorst een indringend gesprek voeren.
",0,2020-10-04T13:23:24.000Z
"De afgelopen maanden kreeg ik honderden, al dan niet duizenden mails over de corona noodwet. D66 wil een goede wet, die de Tweede Kamer meer democratische controle geeft.

Kamerlid Maarten @GroothuizenD66 praat je zo bij. Stel je vragen in de YouTube comments! ",1,2020-10-01T10:39:25.000Z
"Een crimefighter die zich met ziel, zaligheid én succes inzet voor de rechtsstaat, rechtspraak, sociale advocatuur en aan de basis stond van het Kinderpardon. 

En: maatje uit Nijmegen, samen in 2017 begonnen in Den Haag. Huisgenoot in een onooglijke flat ;)

We gaan je missen! ",1,2020-09-30T20:25:09.000Z
"Wel of geen mondkap? Het was voor veel mensen onduidelijk. En je wil het niet overlaten aan winkeliers.

Goed dat kabinet nu één advies kiest voor het gebruik van mondkapjes. Zo voorkomen we strengere maatregelen. Niet denken in lockdowns, maar in slimme vrijheden.
#coronadebat ",1,2020-09-30T15:54:37.000Z
"Wat we nog misten in de corona-aanpak: voorspelbaarheid. Wanneer moeten we meer doen, wanneer minder?

Perspectief is essentieel voor mensen. En dus voor het succes van de crisisaanpak.

Kabinet werkt nu aan een nieuwe routekaart dankzij D66-voorstel. #coronadebat ",1,2020-09-30T11:03:33.000Z
"In Den Haag en Utrecht kan het culturele leven door, in Amsterdam nog niet. Hoe zit dat?  

Theaters hebben de afgelopen maanden ontzettend veel coronamaatregelen genomen. Laat kabinet samen met burgemeesters snel zorgen dat mensen veilig kunnen genieten van kunst &amp; en cultuur. ",0,2020-09-30T09:39:44.000Z
"Gefeliciteerd @alexanderdecroo! 🇧🇪 Buurland België heeft hiermee een echte sociaal-liberale premier. En bovendien een Europeaan in hart en nieren. Veel succes!

Ps: deze foto is van voor corona. ",1,2020-09-30T08:54:33.000Z
"Dit is balen, maar wel nodig om te voorkomen dat de IC’s volraken én we weer in lockdown terechtkomen.

Ik heb wel een stevige opdracht voor het kabinet: neem mensen meer mee. Wees duidelijk. Dat vergroot het draagvlak en begrip.
#persconferentie",1,2020-09-28T17:24:14.000Z
"D66 staat open voor kernenergie, mits duurzaam, betrouwbaar en betaalbaar. Maar voer het debat op basis van goed onderbouwde feiten. 

Dit rapport van minister Wiebes lijkt meer op VVD-campagne. Hoeveel heeft dit de belastingbetaler gekost? Dinsdag opheldering!

Leestip ⤵️ ",0,2020-09-25T12:10:06.000Z
"Ik begrijp dat het moeilijk is. Ik begrijp dat het lang duurt. Maar dit kan niet. We moeten samen volhouden en onze ouderen beschermen.

Als iedereen zich nu aan de regels houdt, kunnen we straks allemaal weer naar feestjes en voetbalstadions. ",1,2020-09-25T09:18:41.000Z
Dapper. En goed. Nu weer allemaal moedig - op 1.5 meter - voorwaarts! #ikdoewelmee ,1,2020-09-23T20:59:12.000Z
"""Eet voedsel als medicijnen, anders eet je straks medicijnen als voedsel."" Het is hét motto van Sehzad. Hij geeft jonge kinderen uit wijken met een uitdaging sportles en lessen over gezond eten.

D66 wil meer geld naar initiatieven zoals deze. Lees:
",1,2020-09-23T16:51:22.000Z
"#ikdoewelmee, omdat het coronavirus nog steeds meedoet. Ik was daarom mijn handen, houd afstand en blijf thuis bij klachten.

Gebruik je gezond verstand.
#coronadebat ",1,2020-09-22T18:35:42.000Z
"Vorig jaar kreeg ik in de trein een briefje:
""Hey, beetje gek om zo te schrijven, maar de erkenning van de gebarentaal is wel mega belangrijk. Groetjes, Sabien.""

Vandaag is het zover! Fantastisch dat de Tweede Kamer voor de wet stemde om gebarentaal officieel te erkennen. ",1,2020-09-22T14:15:25.000Z
Betaal maar terug. Of liever: geef het aan een goed doel. #ikdoewelmee ,0,2020-09-22T11:53:16.000Z
"Pia, je hebt in die 10 jaar fantastisch werk verricht namens D66. Altijd op een waardige manier het debat gevoerd over moeilijke onderwerpen als abortus, de donorwet en een waardig levenseinde.

Veel dank en fijn dat we nog een half jaar mogen samenwerken.
",1,2020-09-22T08:41:56.000Z
"Ik snap de frustratie best, maar ik snap niks van deze oproep. Kritische vragen stellen mag, maar beïnvloed mensen niet met deze verkeerde boodschap.

Voor iedereen geldt: houd je aan de regels. Dan kunnen we straks allemaal weer naar optredens of de kroeg.
#ikdoewelmee ",0,2020-09-21T20:35:06.000Z
"Een rijke schooldag met naast goed onderwijs ook aandacht voor sport, cultuur, huiswerk én een gezonde lunch. Dat is een van de vele onderwijsplannen in het verkiezingsprogramma van D66.

Limburg laat zien hoe het kan!
",1,2020-09-21T16:14:32.000Z
"- Échte actie voor het klimaat
- 1 miljoen (!) extra huizen
- GEEN plaats voor racisme en discriminatie
- Veel geld naar het onderwijs

Het is nog maar een greep uit de plannen van D66 voor #TK2021. Trots dat we hier de campagne mee ingaan.

Lees meer:
",1,2020-09-20T16:45:08.000Z
Iedereen die vandaag het Joods nieuwjaar viert: Shana Tova! #shanatova ,1,2020-09-18T19:32:55.000Z
"Blij met bijna Kamerbrede steun voor ons voorstel om mensen die diep in de schulden zitten eerder en beter te helpen om van die schulden af te komen.

We helpen hen hiermee aan nieuw perspectief.
#APB2020 ",1,2020-09-17T18:52:07.000Z
"Europa krijgt geen grip op migratie.

Blij dat de premier zich wil inzetten voor een Europese oplossing. We mogen ons niet laten gijzelen door Hongarije of Polen.

Werk in Europa samen aan beleid dat werkt en humaan is, met een goede verdeling van vluchtelingen.
#APB2020 ",0,2020-09-17T16:08:38.000Z
"Vlak voor de coronacrisis overleed mijn oma. Ik zat een paar dagen aan haar bed. Een pijnlijke lijdensweg. Dat verdient niemand.

Mensen verdienen naast een waardig leven ook de kans op een waardig en zorgvuldig levenseinde.
#APB2020 ",1,2020-09-16T18:11:27.000Z
"Ik wil samen met Jesse Klaver de klimaatdoelen aanscherpen. Laten we in Nederland het goede voorbeeld geven. Goed voor de toekomst én de economie.

Klaas @dijkhoff, kan ik opnieuw op je steun rekenen voor deze klimaatwet?
#APB2020 ",1,2020-09-16T15:09:34.000Z
"Orban een geweldig politicus?!
❌ Lapt democratische principes aan zijn laars.
❌ Legt vrije pers aan banden.
❌ Pakt universiteiten aan.
❌ Heeft een LHBTI-vijandelijke agenda. ",0,2020-09-16T09:30:45.000Z
"De grijze plaat van de heer Wilders over corruptie in Nederland draait weer op volle toeren. Feit is:
Wij zijn een democratische rechtsstaat.
Rechters zijn hier onafhankelijk.

In welk land wil hij dan wel wonen? Ik denk dat ik het wel weet. #APB ",0,2020-09-16T09:29:34.000Z
"De klimaatcrisis wacht niet. Er is nu actie nodig. Voor toekomstige generaties.

Dat deden we al met een historische klimaatwet. Maar we moeten nog een stevig been bijtrekken. Samen met @jesseklaver wil ik een stap verder gaan en de klimaatwet aanscherpen.
",1,2020-09-16T07:59:53.000Z
💅🏻 ,1,2020-09-15T13:31:09.000Z
"‘Over de crisis heen de toekomst blijven zien.’ Mooie woorden van de koning.

Die toekomst begint nu. Dus investeren we in aanpak van de klimaatcrisis, in betaalbare woningen.

Met dit verhaal werken we aan perspectief na een moeilijke tijd. Zeker ook voor jongeren. #prinsjesdag",1,2020-09-15T12:52:20.000Z
"20 miljard om het verdienvermogen van Nederland te versterken voor de volgende generatie. 

Dat is investeren in duurzaamheid, kennis, innovatie en (OV-) infrastructuur voor nieuwe banen en werkgelegenheid. ",1,2020-09-07T11:41:01.000Z
"Wat een steun voor @SigridKaag als nieuwe lijsttrekker van D66! 

Heel veel zin om samen haar de campagne in te gaan. Want het is tijd voor nieuw leiderschap, voor iedereen in Nederland. ",1,2020-09-04T14:36:44.000Z
"Vorig jaar kreeg ik in de trein dit briefje:
""Hey, beetje gek om zo te schrijven, maar de erkenning van de gebarentaal is wel mega belangrijk. Groetjes, Sabien.""

En Sabien heeft hartstikke gelijk. Deze wet gaat over de gelijkwaardigheid van de Nederlandse dovengemeenschap. ",1,2020-09-01T15:45:23.000Z
Heute war Mitglied des Bundestages @Otto_Fricke zu Besuch ins Parlament. Die politischen Beziehungen zwischen unseren Ländern und liberale Parteien sind wichtig für eine führende Rolle in der EU. Vielen Dank für Ihren Besuch. ,1,2020-09-01T10:07:28.000Z
"Goed dat cultuurmakers en cultuurinstellingen de extra steun krijgen die ze hard nodig hebben. Cultuur geeft het leven kleur, juist in deze coronacrisis.

Met dit geld helpen we heel veel makers, theaters, poppodia en lokale musea.
",1,2020-08-28T14:00:02.000Z
"Vandaag herdenken we de bevrijding van Nederlands-Indië op 15 augustus 1945.

Het betekent het einde van de Tweede Wereldoorlog voor het Koninkrijk der Nederlanden. 
#ikvlag #75jaarvrijheid ",1,2020-08-15T09:58:49.000Z
"Waarom mogen studie- en sportverengingen wel activiteiten organiseren, maar een studentenvereniging niet?

Als je in een nieuwe stad aan een nieuwe studie begint, verdien je een 'zachte landing'. Geef universiteiten, hogescholen en steden daar de ruimte voor! #coronadebat ",0,2020-08-12T11:15:24.000Z
"Dit komt beetje paniekerig uit de lucht vallen. 

Gaat dreigen met boetes mensen verleiden tot beter meewerken aan bron- en contactonderzoek? Lijkt me eerder omgekeerd.. En hoe dit te handhaven?

Eerst eigen zaken op orde, dus voldoende capaciteit. 

Meer testen. Minder stoerheid ",0,2020-08-11T19:57:14.000Z
"Iedereen weet inderdaad dat mannen met hun hersens stemmen, maar vrouwen met hun vagina! 😳🤯

Ik zou bijna zeggen: wat een gelul.

",0,2020-08-07T08:42:06.000Z
Verschrikkelijke explosie in Beirut. In gedachte bij alle slachtoffers. #Beirut ,0,2020-08-04T19:09:50.000Z
"Vandaag een grote sprong voorwaarts in de Europese integratie. Een historisch akkoord waarmee we antwoord geven op de economische impact van de coronacrisis. En een tastbaar bewijs van nut en noodzaak van een sterk Europa: wie in nood zit wordt geholpen.

",1,2020-07-21T09:26:32.000Z
Zonder Europees herstel geen Nederlands herstel. Van D66 krijgt de premier daarom alle ruimte om in Brussel de Nederlandse én de Europese belangen te dienen. Blij te zien dat hij van plan is die ruimte te nemen. ,1,2020-07-18T07:58:57.000Z
"Bij D66 kun je gelukkig wél lid worden en dat al vanaf 1 euro per maand. Houden we zat geld over om ook in Nederland te investeren. 

",1,2020-07-14T13:58:46.000Z
"Overdonderd door alle positieve reacties op onze plannen voor het onderwijs. Van links tot rechts.

Nu is het een kwestie van doen. Dat zal niet makkelijk zijn. Maar ik schrap met liefde het D66-logo van onze plannen als we dit samen kunnen doen. ",1,2020-07-09T08:52:42.000Z
"Voor ieder kind tot 18 jaar een complete schooldag, met onderwijs, sport, muziek en bijles, en een warme lunch.

Minder opgelegd vanuit Den Haag, meer ruimte voor leraren, leerlingen en ouders. Het is tijd voor fundamenteel andere keuzes in het onderwijs.
",1,2020-07-08T05:47:03.000Z
"Met 150 tractoren naar iemands huisadres om te laten zien “dat we weten waar hij woont”. Onacceptabele intimidatie.

Respect dat Vollenbroek het gesprek aangaat.

",0,2020-07-07T20:49:28.000Z
"Ik ben het ook bijna altijd oneens met Geert Wilders. En ik werp zijn suggestie van politieke invloed op de rechterlijke macht verre van mij.

Maar zullen we nu gewoon eens kappen met het bedreigen van politici, alleen maar omdat ze een mening hebben die niet de jouwe is?! ",0,2020-07-07T19:16:54.000Z
"Duizenden jongeren vragen om concrete actie van de politiek tegen racisme en discriminatie.

Racisme komt voor. Bewust of onbewust. Door je huidskleur of je naam vind je minder snel een baan of een huis.

D66 doet voorstellen. Wat doet Wilders? Schreeuwen. Zo komen we er nooit. ",0,2020-07-01T18:06:12.000Z
"Het is tijd voor excuses van de regering voor het slavernijverleden.

Slavenhandel behoort tot de meest pijnlijke herinneringen in onze geschiedenis. Laten we het leed erkennen en onze excuses aanbieden voor ons eigen handelen.

Voorstel met @gertjansegers
",1,2020-07-01T12:53:57.000Z
"Herdenk de slavernij. Vandaag op #KetiKoti. En in de toekomst! 

D66 en GroenLinks willen dat 2023, 150 jaar na de definitieve afschaffing van slavernij in ons Koninkrijk, een speciaal herdenkingsjaar wordt. Om recht te doen aan het leed én om in gesprek te blijven over racisme. ",1,2020-07-01T05:53:00.000Z
"Door ons toeslagenstelsel zitten duizenden mensen onterecht in de schulden. Het moet anders. Het kan anders. Met een belastingkorting voor iedereen en gratis kinderopvang.

Dít is politiek: vooruitkijken en muren afbreken.

Goed werk van @svanweyenberg!
",1,2020-06-29T07:31:20.000Z
"Dit weekend heeft @SigridKaag zich gekandideerd voor het lijsttrekkerschap van D66. Ik steun haar kandidatuur met heel m’n hart. Zelf zal ik me dus niet kandideren. Maar ik ga met veel plezier door in de politiek. Uiteraard!

Lees meer:
",1,2020-06-23T04:31:35.000Z
"Met Anton de Kom in onze canon komt er meer aandacht voor racisme en kolonialisme in het onderwijs. Heel goed! Onze geschiedenis leeft. 
",1,2020-06-22T09:55:05.000Z
#teamVirgil ,1,2020-06-19T18:12:24.000Z
"Het antwoord is ja. Ik heb inderdaad gefaald. Als leider van de PvdA (want dat zijn de sociaal-democraten). Sorry, PvdA! 😉

#sociaalliberaal #telegraaf #watuzegt ",0,2020-06-19T14:29:44.000Z
"Generatiegenoot @jesseklaver zit vandaag alweer 10 jaar in de Kamer, gefeliciteerd! Dat is natuurlijk reden voor taart. 🎂 ",1,2020-06-17T13:06:56.000Z
"Het is onacceptabel dat kinderen in grote steden achterstanden oplopen omdat er een lerarentekort is.

Goed onderwijs is de basis voor een goede start voor ieder kind. Dit extra geld voor meer leraren is keihard nodig!
",1,2020-06-16T19:44:29.000Z
"Fijnbesnaarde bijdrage van Forum voor Democratie aan het debat over racisme.

Goed weekend Theo! #BlackLivesMatter ",1,2020-06-13T21:34:19.000Z
"Knap werk van akkoordenbouwer @wkoolmees!

Hiermee wordt jouw pensioen persoonlijker. En is er meer kans op een goed pensioen. Wel zo eerlijk.
",1,2020-06-12T17:08:30.000Z
"Nee Chris, dit is inderdaad niet hét antwoord. Dit is een deel van het antwoord. Het is tijd voor politieke actie. Onze plannen lees je hier: ",0,2020-06-08T10:24:17.000Z
"Het plaatje links doet de ronde.
Het plaatje rechts is mijn reactie.

Korte samenvatting: ik laat me deze onzin niet aanpraten! #BlackLivesMatter ",0,2020-06-03T15:14:42.000Z
"Veel mensen keken met open mond naar een uitpuilende Dam. Zij vragen zich af: waren mijn opofferingen dan voor niks?

Demonstreren is een grondrecht. Maar de overheid moet erop toezien dat we ons aan de regels houden. Regels die voor velen letterlijk van levensbelang zijn. ",0,2020-06-02T16:00:11.000Z
"Demonstreren is een grondrecht. Dat is belangrijk. Ook in deze tijd. Maar belangrijk zijn ook de gezondheid en veiligheid van mensen. 

Het is ieders verantwoordelijkheid zich bij een demo aan de coronaregels te houden. Als dat massaal niet gebeurt, moet de overheid ingrijpen. ",1,2020-06-01T19:31:25.000Z
"Racisme in Amerika is dodelijker dan hier, maar niet fundamenteel anders. Het is het gif dat mensenlevens verziekt.

Het tegengif zijn wij. Als we luisteren. Als we vreedzaam de straat op gaan. Als we anders denken en anders doen. #BlackLivesMatter ",1,2020-06-01T10:47:10.000Z
"Vandaag nog Sjavoeot, morgen Pinksteren. Het joodse en het christelijke verhaal over de enorme kracht van een nieuw begin en nieuwe ideeen. Inspirerend essay van vrijzinnige dominees @roselaers en @advannieuwpoort 👇🏼 ",1,2020-05-30T07:14:49.000Z
"De coronacrisis legt pijnlijk bloot wat we al veel langer wisten: de ongelijkheid in Nederland neemt toe.

Tijd om muren te slopen. Koers zetten naar een land waar iedereen vrij is. Waar we niemand laten vallen.

Hoe? Dat schreven D66 en @VMStichting in een discussiestuk.",1,2020-05-29T13:05:52.000Z
"‘Je kunt ook zeggen [...] waar het op neerkomt: dat dit handelsland eenvoudig een te groot belang bij de EU heeft om elk onvermijdelijk compromis te behandelen als ondermijning van de natie.’

",0,2020-05-28T07:22:45.000Z
"Banen en inkomens redden we alleen samen. Een economische ramp in Zuid-Europa bedreigt ook onze welvaart.

Nu zaak dat Nederland de belangen dient van onze mensen, onze banen, onze bedrijven. Het Europese belang is het Nederlandse belang. Dus: samenwerken en knopen doorhakken! ",1,2020-05-27T15:54:56.000Z
Dacht je dat homohaat de weekenden vrij nam? ,0,2020-05-24T19:21:03.000Z
Voor iedereen die in deze bijzondere tijd heeft meegedaan aan de Ramadan: #EidMubarak! ,1,2020-05-22T21:13:19.000Z
"Hoort u het ook eens van een ander! 😉
",1,2020-05-22T11:40:11.000Z
"Een krachtige Merkel: “Het zal Duitsland alleen goed gaan als het Europa ook goed gaat.“ 

Vervang Duitsland door Nederland en je hebt ook voor ons land een waarheid als een koe. ",1,2020-05-20T11:08:04.000Z
"Kankerhomo. Achterlijke flikker. Vieze pisnicht.

Sommige mensen vragen zich af of zo’n internationale dag tegen homofobie echt nodig is. Oordeel zelf. #IDAHOT #loveislove ",0,2020-05-17T07:47:00.000Z
"Op belangrijke momenten in onze geschiedenis durfden Europese landen elkaar te vertrouwen: hechtere samenwerking trok ons uit diepe dalen.

Ook na de coronacrisis moeten we Europa versterken. Dat is in het Nederlandse belang.

D66 doet 5 voorstellen. 👇🏽
",1,2020-05-16T07:04:02.000Z
"De coronacrisis mag geen voedingsbodem zijn voor meer ongelijkheid.

Docenten houden het onderwijs draaiende, maar toch zijn er kinderen die achterstanden oplopen. Of studenten bij wie studievertraging onvermijdelijk is.

Dit geld is een investering in onze toekomst. ",1,2020-05-15T13:29:35.000Z
"Twee jongens die verliefd zijn op elkaar en hand in hand over straat lopen zijn aangevallen. Discriminatie tegen LHBTI'ers neemt nog steeds toe (check ook de reacties op mijn tweets).

We mogen onze ogen hier nooit voor sluiten. Homogeweld en discriminatie zijn onacceptabel. ",0,2020-05-13T10:14:47.000Z
"Een Nederlands meisje met Marokkaanse achtergrond en een transgender meisje zeiden allebei: ""Wij pikken die discriminatie niet langer. Geef ons de vrijheid onszelf te zijn.""

Onlangs sprak ik op een MBO met studenten over vrij zijn. Toen gebeurde er iets bijzonders.
#DitisM ",1,2020-05-13T06:25:00.000Z
"Geweldig dit! Onze verenigingsmedewerker @mbordewijk knapte oude laptops op voor kinderen die thuis geen laptop hebben. Zo kunnen ook zij gewoon thuisonderwijs volgen. 

Lees het verhaal over deze hartverwarmende actie  👇🏽
",1,2020-05-12T16:28:20.000Z
"Krijg tijdens het debat de vraag: wat draag jij op je pak?!

Ik draag de Melati. De Indische jasmijnbloem die symbool staat voor het einde van Tweede Wereldoorlog in NL-Indië op 15 augustus 1945 #ikherdenk #75jaarvrijheid ",1,2020-05-07T13:57:55.000Z
"Na het gedoe met de app nu verwarring over gebruik van telecomdata. Autoriteit Persoonsgegevens (AP) fluit minister hard terug. 

Zie hier de teksten van De Jonge en de AP. Hoe kan dit? Hoe zit het?#coronadebat ",0,2020-05-07T11:38:09.000Z
"Meer denken in vrijheden, in wat wél kan. Goed dat kabinet die nieuwe koers kiest!

Hier hadden veel mensen behoefte aan. Fijn dat het nu ook kan. Gerichte versoepeling waar dat veilig en verantwoord is.

Nu blijven nadenken over meer ademruimte voor de samenleving!",1,2020-05-06T18:01:18.000Z
"In onze fractie vinden een aantal wisselingen plaats. 

@RensRaemakers keert terug na zijn ziekteverlof. Hij is helemaal uitgerust en voldoende hersteld om aan de slag te gaan. Fijn!",1,2020-05-06T16:16:29.000Z
"'Ook na 75 jaar mogen we niet vergeten. Niet onverschillig worden. We hebben gezien wat de consequentie kan zijn van antisemitisme, xenofobie en racisme.
Nooit mogen we dit bagatelliseren.
Nooit mogen we dit legitimeren.'

Prachtige lezing van @SigridKaag:
",1,2020-05-05T11:41:26.000Z
"‘We kunnen niet wegkijken. Niet goedpraten. Niet apart zetten.

Laten we onze vrije, democratische rechtstaat koesteren en verdedigen. Want alleen die biedt bescherming tegen willekeur en waanzin.’

Indringend pleidooi van de Koning op een lege Dam. #4mei
",1,2020-05-04T19:01:57.000Z
"Iedere steen vertelt een dapper, maar tragisch verhaal.

De Groesbeekse oorlogsbegraafplaats, vlak bij mijn huis, ligt er nu uitgestorven bij. Toch fijn om er op deze dag even te zijn. In stilte herdenken we al die mensen die vochten voor onze vrijheid. #dodenherdenking #4mei ",1,2020-05-04T17:22:48.000Z
"We moeten leren van de Q-koortsepidemie. Vooruitkijken. Mensen helpen met het leven na corona.

Straks in EenVandaag: samen terug naar Brabant met @MarijnissenL 👇🏽
",1,2020-05-03T15:33:01.000Z
Wat mij betreft onthoudt Rutte vooral hoe tienduizenden Nederlandse banen en bedrijven afhankelijk zijn van Spanjaarden en Italianen die onze producten kopen. ,0,2020-04-30T07:23:18.000Z
"Vrij zijn is niet gratis. Daarom schiet de overheid te hulp.

Negen weken van het ouderschapsverlof worden straks deels betaald. Zo kunnen ouders makkelijker de zorgtaken verdelen en genieten van hun kind.
",1,2020-04-29T09:27:09.000Z
"De klimaatdoelen voor 2020 worden gehaald. Welkom nieuws, ook in deze moeilijke tijd.

We hebben nog een lange klimaatweg te gaan. Maar deze stappen waren broodnodig. De toekomst zit vol kansen!
",1,2020-04-24T14:40:28.000Z
"Een gezegende Ramadan voor iedereen voor wie de vastenmaand begint! Een bijzondere periode voor veel moslims, maar in de coronacrisis misschien zwaarder dan anders. Zorg goed voor elkaar!
#RamadanMubarak",1,2020-04-24T06:39:38.000Z
"Grote ambities voor gezamenlijk herstel. De regeringsleiders zijn het eens: de Europese Commissie komt met een stevig fonds voor een ambitieuze Europese begroting. 

Samen vooruit! ",1,2020-04-23T19:41:58.000Z
"Docenten halen alles uit de kast om studievertraging te voorkomen. Ondanks dit fantastische werk lopen sommige studenten door stages of praktijkexamens risico op studievertraging. 

Daarom dit voorstel van D66 en CDA voor meer studentensteun: 
#coronadebat ",0,2020-04-22T20:44:51.000Z
"We redden banen, maar niet zonder voorwaarden te stellen aan bedrijven:
1. Geen dividend of bonussen uitkeren.
2. In goede tijden betalen bedrijven eerlijke winstbelasting.
3. Als vervuilende bedrijven méér steun willen, moeten ze voldoen aan duurzame voorwaarden.
#coronadebat ",1,2020-04-22T16:28:24.000Z
"Docenten zetten alles op alles om studievertraging bij studenten te voorkomen. Toch kan dat niet altijd, bijvoorbeeld bij praktijkexamens of stages.

We moeten de studenten die studievertraging oplopen tegemoetkomen. #coronadebat ",0,2020-04-22T15:05:33.000Z
"Wie zich aan de regels houdt, beschermt de ander. De voorzichtige versoepeling is mooi, maar vraagt ook van iedereen extra beheersing.

Het virus verslaan we niet van de ene op de andere dag, maar samen kunnen we onze vrijheden stukje bij beetje herwinnen. Hou vol!",1,2020-04-21T17:31:03.000Z
"Geweldig hoe snel leraren het thuisonderwijs vorm hebben gegeven. Toch missen ze het allerbelangrijkste nu: persoonlijk contact met de kinderen.

Als het weer veilig en verantwoord kan, laten we dan samen met docenten kijken hoe we weer onderwijs op school kunnen geven. ",1,2020-04-19T16:57:21.000Z
"Het idee dat we nog lang in een 1,5 metersamenleving zitten is heftig voor veel mensen.

Laten we serieus kijken naar veilige en geleidelijke versoepeling. Maar zo lang de druk op de zorg groot is en er geen vaccin is, zullen er maatregelen nodig zijn. 👇🏽
",1,2020-04-18T07:34:00.000Z
"Onze zorgmedewerkers hebben voldoende mondkapjes nodig. Supergoed nieuws dus dat Nederlandse bedrijven zoals Auping deze gaan produceren.

Belangrijk dan ook dat het kabinet zorgt voor snelle goedkeuring, zodat de productie snel kan beginnen. Gezondheid staat voorop! #coronadebat ",1,2020-04-16T16:33:21.000Z
"Goed begin van de dag met deze mooie brief van onze Europese vrienden. 🇪🇺
",1,2020-04-16T08:07:09.000Z
"Onze kunst- en cultuurwereld heeft het zwaar. Musea zijn dicht, concerten zijn afgelast en veel makers zitten zonder inkomsten.

Deze extra steun is heel hard nodig. Zodat we ook na het coronatijdperk kunnen genieten van musea, filmhuizen en festivals.
",1,2020-04-15T19:41:53.000Z
"Welkom terug, Kajsa!
",1,2020-04-14T07:19:28.000Z
"Normaal zitten vandaag de kerken vol. Mensen bidden de Kruisweg of luisteren de Matthäus Passion. Nu is dat anders.

Dat doet niets af aan de symboliek van Goede Vrijdag: door het lijden heen naar een nieuw begin. Een sterke boodschap vol hoop, juist in deze tijd. Fijn Pasen!",1,2020-04-10T12:52:14.000Z
"Hoopvolle signalen dat Europa zich vanavond weer verenigt. Samen solidair door deze crisis!

",1,2020-04-09T19:55:32.000Z
"De onderhandelingen over een Europees steunpakket voor de coronacrisis zitten muurvast. Nederland is de boeman. Een snelle deal is nodig, want de schade is enorm. Niet in de laatste plaats voor Nederland zelf. Draadje 👇🏽",0,2020-04-09T11:56:37.000Z
Vele mensen vieren vanaf vanavond Pesach. Helaas is het niet altijd mogelijk om dit nu samen met familie en vrienden te doen in deze zware tijd. Desondanks wens ik iedereen een fijne Pesach - פסח שמח! ,1,2020-04-08T18:36:58.000Z
"Nederland is een rijk kunstland. Maar met lege agenda’s en afgelaste festivals dreigen veel podiumkunstenaars door het ijs te zakken. Zij vallen buiten de boot van de overheidssteun.

Gaat het kabinet nu ook kijken hoe we hen kunnen steunen? #waitforit #coronadebat ",0,2020-04-08T15:47:18.000Z
"We verlangen allemaal naar echt contact met familie en vrienden. Naar een avondje uit. Naar de klank, kleur en ritme van het leven.

Dat zal niet van de een op de andere dag gaan. Daarom vraag ik om een routekaart om veilig onze vrije manier van leven te beschermen.
#coronadebat ",1,2020-04-08T13:36:25.000Z
"In minstens 900 van de 2500 verpleeghuizen zijn meldingen van corona.

Veel personeel maakt zich zorgen of er voldoende mondkapjes zijn. D66 zal er zo in het #coronadebat aandacht voor vragen. Zorgverleners moeten -juist nu- veilig hun werk kunnen doen!
",0,2020-04-08T12:12:43.000Z
Eens met Wilders. Europese solidariteit is een groot goed! ,1,2020-04-01T20:54:31.000Z
"Het draait in deze coronacrisis om solidariteit.

Uit solidariteit houden we ons aan de strenge regels.
Uit solidariteit kopen we boeken, bloemen en broodjes bij de lokale ondernemer om de hoek.
Uit solidariteit helpen ziekenhuizen, provincies en landen elkaar. 
#coronadebat ",1,2020-04-01T14:27:15.000Z
"Logisch en goed besluit. Met veel impact voor ons allemaal. Heel veel sterkte voor mensen die een dierbare hebben verloren. Voor mensen die ziek zijn. En alle kracht voor alle mensen in de zorg.

En voor de rest van Nederland: houd je taai. Samen komen we deze crisis door. ",1,2020-03-31T18:04:49.000Z
"Nederland gelukkig ‘back on track’. 

Streep eronder. Nu goede woorden van vandaag omzetten in daden van Europese solidariteit. 
",1,2020-03-31T14:53:13.000Z
"We willen graag dat Europese landen IC-bedden met ons delen. Logisch.

Maar laat Nederland dan ook solidair zijn met bondgenoten in economische nood. Dat is ook in ons belang.

Alleen samen komen we de crisis door!
",1,2020-03-31T12:24:23.000Z
"Dank voor de uitnodiging @SigridKaag! Ik nomineer @JeanguMacrooy, Soundos El Amhadi en @SplinterChabot. Koop ook een bos bloemen voor jezelf of een ander en steun zo de sierteeltsector en de lokale ondernemers. 💐
 
#flowerboostchallenge #supportyourlocals ",1,2020-03-28T13:23:16.000Z
"Uitstekend interview.

Nederland is rijk geworden van de EU. Nu in heel Europa banen en inkomens op het spel staan door de #coronacrisis mogen we onze vrienden niet laten stikken. Alleen samen redden we ons hieruit. 
",1,2020-03-27T14:27:21.000Z
"Voorkom dat het recept voor coronatests bij een privaat bedrijf, zoals Roche, op de plank blijft liggen.

We moeten testen, testen, testen. Gezondheid staat nu voorop. De regering moet er alles aan doen om voldoende testmateriaal in Nederland te krijgen. Daarom dit voorstel 👇🏽 ",0,2020-03-26T14:43:05.000Z
"Wanneer zijn er voldoende IC bedden in Nederland om ook in de komende weken de piek op te vangen?

Die vraag hadden vele collega's en ikzelf in het #coronadebat. Gelukkig kwam zojuist het verlossende antwoord: volgende week zijn er voldoende IC bedden. ",1,2020-03-26T13:40:34.000Z
"Wat zou het een mooi gebaar zijn als supermarkten nu een dikke bonus uitkeren aan alle vakkenvullers en magazijnwerkers die ons hamstergekke land deze week op de been hebben gehouden.

#ennukappen #hamsterschaamte #weeslief
",1,2020-03-23T19:41:07.000Z
"Na de volle stranden en yogagroepjes in de parken afgelopen weekend is het goed dat burgemeesters de bevoegdheid krijgen om te handhaven.

Een boete als je je niet aan de regels houdt. Afstand houden. Geen grote groepen bij elkaar. Zo moeilijk is dat niet. #weeslief",0,2020-03-23T18:55:46.000Z
"Als mensen zich niet aan de regels houden, moeten burgemeesters de bevoegdheid krijgen om te handhaven. Dan mag de politie wat mij betreft mensen gaan beboeten.
#coronavirus ",0,2020-03-23T09:16:52.000Z
"Aan iedereen die zich dit weekend niet aan de regels hield: Wanneer dringt het tot je door dat je egoïstisch bezig bent?
#coronacrisis ",0,2020-03-23T07:03:17.000Z
"Zometeen te gast bij #OP1 over de coronacrisis.

📺 NPO1
🕙 22.15 uur ",1,2020-03-22T20:54:57.000Z
"Blijf thuis als het kan. Houd 1,5 meter afstand. Doe je het niet voor jezelf, doe het dan voor al die helden in de zorg die dag en nacht keihard werken. Voor je oudere buurvrouw. Of voor je neefje met astma.

Zo moeilijk is het niet. #coronavirus ",1,2020-03-22T12:08:16.000Z
"Democratie wordt in Hongarije afgeschaft. Verschrikkelijk en onacceptabel! 

Laat Nederland het goede voorbeeld blijven geven. Democratische controle op loodzware politieke keuzes. Vertegenwoordiging van mensen. Ook in crisistijd. ",0,2020-03-22T11:15:39.000Z
"""Was dit nou een heel nare droom? Het blijkt iedere dag weer echt te zijn.""

D66-senator @Peter_vd_Voort is hoofd van de intensive care van het UMCG en werkt dag en nacht in strijd tegen corona.

Sterkte en succes voor jou en je vele zorgcollega’s!
",1,2020-03-21T12:49:46.000Z
"Verbinder in moeilijke tijden. Warme woorden van troost en waardering van onze Koning. 

Met opnieuw de terechte nadruk op de onmisbaarheid van de wetenschap en de enorme dankbaarheid voor alle mensen in de frontlinie.",1,2020-03-20T18:09:58.000Z
"Update: kwetsbare kinderen die thuis te maken hebben met psychisch of fysiek geweld, krijgen een veilige plek. Heel fijn!

Gemeenten kunnen samen met scholen, kinderopvang, Veilig Thuis en Jeugdzorg buitenshuis onderwijs en begeleiding organiseren. ",1,2020-03-20T15:43:14.000Z
"Landsbelang boven partijpolitiek. Terecht.

Met Martin van Rijn krijgt het kabinet een ervaren bestuurder met veel kennis van de zorg als opvolger van Bruno Bruins. Martin, succes!
",1,2020-03-20T12:09:32.000Z
"Heldhaftig en ongetwijfeld moeilijk besluit. Mijn bewondering en dankbaarheid is groot voor alles wat minister Bruins voor ons heeft gedaan. 

Heel veel sterkte!
",1,2020-03-19T16:41:14.000Z
"Hou op @geertwilderspvv! Stop het politiseren van de #coronacrisis.

Laat kabinet in crisistijd z'n werk doen. De IC-capaciteit uitbreiden.

Niet iedere dag een debat. Op gezette tijden doen wij onze democratische plicht. Controleren we de regering. Delen we de zorgen van mensen. ",0,2020-03-19T13:20:32.000Z
"Waar kunnen winkeliers terecht als ze problemen hebben met harteloze verhuurders? Moest even mijn frustratie kwijt, want verantwoordelijk minister Wiebes staat niet bepaald te springen.

Mail als ik kan helpen. Dan ga ik aan de slag: rob.jetten@tweedekamer.nl.
#coronadebat ",0,2020-03-18T20:12:42.000Z
Dank voor al het werk in deze acute crisis. Hopelijk ben je snel weer fit. Veel sterkte. ,1,2020-03-18T18:59:54.000Z
"Sommige kinderen hebben te maken met huiselijk geweld. Vreselijk. Zij zitten door de schoolsluiting meer thuis dan ze willen.

Laten we deze kwetsbare kinderen ook opvangen in schoolgebouwen. Kabinet, luister naar de hartenkreet van de deskundigen van Veilig Thuis. #coronadebat ",0,2020-03-18T18:12:12.000Z
"In het #coronadebat gaat het veel over de vraag: wel of geen lockdown?

In Nederland is al veel gesloten of stilgelegd. Als er verdergaande maatregelen nodig zijn, steun ik dat. Wel op basis van wetenschappelijk advies over de beste aanpak in deze hele moeilijke tijd. ",1,2020-03-18T17:27:27.000Z
"Leerkrachten en ouders zijn met man en macht bezig om leerlingen van goed thuis en online onderwijs te voorzien. Ben daar echt van onder de indruk!

Goed dat minister Slob dit jaar de eindtoets schrapt en het schooladvies leidend laat zijn bij keuze voortgezet onderwijs. ",1,2020-03-18T10:57:43.000Z
"Net in #WNL een oproep gedaan aan de verhuurders van winkelpanden: als je het kan missen, vraag dan minder huur als een ondernemer minder of zelfs geen omzet heeft.

We komen deze crisis alleen door als we het samen doen. #Coronavirus",1,2020-03-18T09:05:53.000Z
"Alles uit de kast voor ondernemers, werknemers, zzp’ers en mensen met een nul-urencontract. Heel goed!

Megacrisismaatregelen kabinet van oa vicepremier @wkoolmees. Helder doel: zoveel mogelijk mensen behouden hun baan en bedrijven komen deze moeilijke periode door.

Samen sterk!",1,2020-03-17T18:06:24.000Z
Fractievergadering 2.0 over de aanpak van de coronacrisis. Het werk gaat natuurlijk door. Samen bereiden we onder andere het coronadebat van morgen voor. #coronavirus ,1,2020-03-17T11:10:04.000Z
"Kunstenaars, musici en de techniek: in de cultuursector werkt 60% als zzp’er. Zij lopen nu veel inkomsten mis.

Terecht laat @ivanengelshoven de subsidies doorlopen en helpt ze met bijstandsverlening. Laat ze deze tijd doorkomen! #corona #droogbrood 
",1,2020-03-17T08:21:11.000Z
"Terecht dat de staatssecretaris nu kiest voor een barmhartige houding ipv kille opstelling richting mensen in nood. In ons land moet er altijd een plek zijn voor mensen op de vlucht die opvang nodig hebben, ook als we het zelf als land zwaar hebben. Kwestie van beschaving. ",1,2020-03-16T19:56:55.000Z
"Boodschap van Rutte doet recht aan de ernst van de situatie. 

Dit is geen tijd voor verdeeldheid. Dit is een tijd voor samenwerking. Voor vertrouwen in onze wetenschappers, artsen en verpleegkundigen. Voor geloof in elkaar.

Alleen samen kunnen we deze crisis aan. #coronavirus",1,2020-03-16T18:27:06.000Z
"Kan ik nog eindexamen doen? Ik werk in de horeca, wat nu? Ik ben zzp'er, wat doen jullie voor mij? Ik krijg veel vragen over de #coronacrisis. De 10 meest gestelde probeer ik zo goed mogelijk te beantwoorden.

En tot slot: niet hamsteren en wees een beetje lief voor elkaar! ",1,2020-03-16T16:26:40.000Z
"Ingrijpend maar noodzakelijk besluit. Gezondheid van mensen gaat boven alles.

Politiek moet eensgezind optreden en de wetenschap blijven volgen.
",1,2020-03-15T16:30:56.000Z
"Goed dat kabinet vandaag weer met experts om tafel zit voor verdere Corona maatregelen. 

Voor al die bezorgde ouders, leraren, leerlingen en studenten 👇🏽 ",1,2020-03-15T09:05:01.000Z
"Leraren en leraressen maken ons onderwijs. Goed dat kabinet nog beter naar ze luistert in #coronacrisis. Extra aandacht voor examenleerlingen. En voor opvang van kinderen met ouders die bv. in de zorg werken.

Kabinet, blijf iedere dag samen mét ‘t onderwijs kijken wat nodig is. ",1,2020-03-13T21:11:04.000Z
"Musea moeten dicht. Concerten gaan niet door. Dat heeft enorme impact op de cultuursector, waar veel zpp'ers werken. Daarom vroegen we het kabinet om een steunplan.

En dat komt er! Goed dat @ivanengelshoven direct met de sector om tafel gaat. Niemand mag door de bodem zakken! ",1,2020-03-13T12:11:35.000Z
Hartenkreet van een bezorgde leerkracht. Terecht. Het onderwijs is geen oppasfabriek! Het is het kloppend hart van de samenleving. #coronavirus ,1,2020-03-12T22:10:28.000Z
Klopt. Harde klap. Ik ga het kabinet vragen om een steunpakket voor de culturele sector. ,0,2020-03-12T20:47:43.000Z
"Nederland schrikt van het coronavirus. Mijn dank en waardering voor alle zorgmedewerkers die dag en nacht in touw zijn voor de gezondheid van ons land.

Wat moet er nu gebeuren? Een draadje 👇🏽",1,2020-03-12T18:51:55.000Z
"Het kabinet vaart op experts en dat steunen wij. Wat ons betreft doet het kabinet alles om alle Nederlanders te beschermen. Dus geven wij het kabinet ook de ruimte om meer te doen als dat nodig is. #coronavirus 
",1,2020-03-12T10:53:31.000Z
Walgelijk. ,1,2020-03-09T17:04:45.000Z
"Kinderen worden in het onderwijs veel te snel in een hokje gestopt. 

Geef kinderen meer tijd en ruimte om zich te ontwikkelen. Laat de citotoets minder zwaar wegen en laat leerlingen in de onderbouw vakken op alle niveaus volgen. ",0,2020-03-09T14:03:07.000Z
"De enige plek waar je gelijke kansen voor elkaar krijgt: het onderwijs. Als fractievoorzitter is dat voor mij het allerbelangrijkste onderwerp. #Buitenhof

Meepraten over de toekomst van het onderwijs? Ga mee op #Scholenreis!
",1,2020-03-08T13:44:44.000Z
"Als Europeaan schaam ik me diep. Het is 2020. We leven met bijna een half miljard mensen op het meest welvarende continent van de wereld. Maar als mensen op de vlucht voor oorlog en geweld op onze beschaving rekenen, is die ver te zoeken. 👇🏽
",0,2020-03-06T12:35:33.000Z
"Over het debat over corona 👇🏽

Het heeft geen zin om nu politieke spelletjes te spelen. Dat helpt geen virus de wereld uit.
⠀⠀⠀⠀⠀⠀⠀⠀⠀
Zullen we elkaar daarom vandaag eens een keer niet de maat nemen? De wetenschap niet politiseren? #coronvirus 
",0,2020-03-05T09:54:03.000Z
"Goed voor je portemonnee, voor onze gezondheid en voor het klimaat. #vanvroemvroemnaarzoemzoem
",1,2020-03-04T16:05:43.000Z
"Eerste resultaten zien er slecht uit voor mij. Naast de winst gegrepen in belangrijke Amerikaanse staten. 

Ondanks alle hartverwarmende steun voor de ‘homosexuals’. 👇🏽 #SuperTuesday ",1,2020-03-04T08:35:29.000Z
"Als je naar de brugklas gaat, bepaalt het slechtste vak je niveau. Oneerlijk.

De brede brugklas zorgt voor gelijke kansen. Veel kinderen zitten na 1 jaar boven niveau van hun schooladvies!

Benieuwd hoeveel leerlingen gemotiveerd raken door deze kop. 😉
",1,2020-03-03T06:52:19.000Z
"Het wordt tijd dat we één politiek front vormen tegen dit soort onacceptabele intimidatie. Dat we met 150 Kamerzetels en kabinet zeggen: “Dreigboeren, laat het CDA met rust. Wie politici bedreigt, zet zichzelf buitenspel.” ",0,2020-03-01T13:51:03.000Z
"Het grootste windmolenpark op zee ter wereld kan straks in de Noordzee staan!

Goed voor duizenden banen. Voor heel veel schone, groene waterstof. En als het waait, is er voldoende stroom voor alle huishoudens in Nederland! 💪🏽
",1,2020-02-27T10:42:03.000Z
"Teleurstellend nieuws. Grote opgaven vereisen actie en eensgezindheid.

Nederland moet de boel niet blijven blokkeren. Europa is geen huishoudboekje, het is onze beste hoop voor de toekomst. 
",1,2020-02-21T20:18:26.000Z
"Woorden doen ertoe. 
",1,2020-02-21T13:57:55.000Z
"Barbaarse aanslagen in Duitsland. Een extreem-rechtse terrorist treft onze oosterburen hard. Mijn medeleven gaat uit naar de nabestaanden en onze Duitse vrienden. #Hanau 
",0,2020-02-20T11:35:37.000Z
"Een meerderheid voor vrijhandelsverdrag tussen Canada en de EU!
- Dat is goed voor consumenten en onze bedrijven
- We maken samen een vuist in tijden van handelsoorlogen
- We strijden samen voor handel met oog voor klimaat, dierenwelzijn &amp; mensenrechten
",1,2020-02-18T16:22:28.000Z
"Handen uit de mouwen! 💪🏽 Een gloednieuwe wijk in Almere waar 50.000 mensen kunnen wonen in betaalbare, duurzame huizen.

Met dit plan kan je in één klap een deel van het woningtekort oplossen. ",1,2020-02-18T11:12:57.000Z
"De politiek moet weer groots durven denken. In Almere kunnen we de wereld laten zien hoe je betaalbaar, groen en modern kan wonen.

Met 25.000 nieuwe huizen en een razendsnelle OV-verbinding naar Amsterdam investeren we in het Nederland van de toekomst.
",1,2020-02-18T07:40:56.000Z
"Premier op de goede weg! 👍 

Hij vergeet alleen kennis en innovatie nog als belangrijk onderwerp voor toekomstige Europese investeringen. Maar daar zal D66 hem wel scherp op houden 😉 ",1,2020-02-15T19:23:10.000Z
"“Democratie verdraagt zich niet goed met internationaal recht,” dixit Baudet in #CETAdebat.

Hallo Nederland, zijn we nog wakker?",0,2020-02-12T22:45:28.000Z
"Als je de wereld groener &amp; duurzamer wil maken, moet je samenwerken. Júist met het progressieve, gelijkgezinde Canada.

Zet je je hakken in het zand, zoals Partij van de Dieren en GroenLinks doen, kom je geen steek verder. #cetadebat ",0,2020-02-12T21:21:45.000Z
"Goed hè, dat vrijhandelsverdrag tussen Canada en de EU?

Hier mijn inbreng in het debat, met dank aan Lodewijk Asscher, Frans Timmermans en Lilianne Ploumen. © ",1,2020-02-12T19:19:12.000Z
"Vandaag laat Nederland zien wat het waard is.

Gesloten en protectionistisch, of open en betrouwbaar. Tegen handel, of voor banen en ondernemers. Eenzaam in de wereld, of samen strijdend voor klimaat en sociale bescherming.

Benieuwd wat de PvdA gaat doen.
",1,2020-02-12T07:36:53.000Z
"Met een gemiddeld salaris ben je bijna kansloos op de woningmarkt.

Sociale huurwoningen zijn nauwelijks te vinden. Vrije huur is niet te betalen. Een huis kopen zonder hulp is een utopie.

Het antwoord: bouwen, bouwen, bouwen. En wel nu! 
",0,2020-02-11T12:09:11.000Z
"Waarom gebeurt dit nog in 2020? 

Onderzoek na onderzoek laat zien: je naam bepaalt veel te vaak je kansen bij een sollicitatie.

Ieder mens moet vrij zijn om te zich te ontwikkelen. Laten we discriminatie op de arbeidsmarkt hard aanpakken.
",0,2020-02-10T12:40:32.000Z
"Brabant is van ons allemaal. Van het meisje met een hoofddoekje uit Tilburg, de kenniswerker uit Eindhoven, de lerares uit Den Bosch.

Daarom gaan D66'ers vandaag de straat op. We spreken ons uit tegen racisme. En voor een provincie waar iedereen zich thuis voelt. Vrij kan zijn. ",1,2020-02-08T11:38:53.000Z
"Kabinet zet vandaag belangrijke stappen. We zijn er nog lang niet, maar het is een begin!
- Betere bescherming van de natuur.
- Boeren krijgen hulp om te stoppen of te vergroenen.
- Door met bouwen, bouwen, bouwen!  
- Alle sectoren moeten meedoen.
",1,2020-02-07T15:15:39.000Z
"Onbegrijpelijk. Doe het niet!

CDA en VVD gooien principes overboord. Juist in de week waarin Baudet honderddduizenden landgenoten, Nederlanders met een Marokkaanse achtergrond, wegzet.

Brabant verdient beter. Nederland verdient beter.
",0,2020-02-07T11:01:13.000Z
"Leraar &amp; collega @Paul_van_Meenen strijdt al jaren voor het leerrecht van ieder kind. 

Als hij het over het meervoudig gehandicapte meisje India heeft, wordt hij overmand door emotie. Paul, dank voor je strijd &amp; zet door! ",1,2020-02-06T15:09:41.000Z
"Dit weekend zijn Marokkaanse Nederlanders ernstig lastiggevallen door een populistische politicus op Twitter. Een verhaal uit je duim zuigen is natuurlijk volstrekt zinloos.

Oh Baudet! Wees geen droeftoeter, wees een vent.
",0,2020-02-03T14:55:06.000Z
"Vandaag verlaten de Britten de EU. Het is nu zaak een goede handelsdeal te sluiten. Dat is goed voor Nederland. En voor Europa. 

Dit is geen vaarwel, maar een tot ziens!

We moeten elkaar blijven opzoeken. We blijven tenslotte vrienden. We zijn samen lid van de Europese familie. ",1,2020-01-31T15:23:48.000Z
Sommige mensen lijden aan het leven. Zij willen waardig sterven. Daarom komt collega @piadijkstra binnenkort met een zorgvuldig doordacht wetsvoorstel voor stervenshulp voor ouderen die vinden dat hun leven voltooid is. ,1,2020-01-30T13:58:42.000Z
"Bij de #onderwijsstaking! De leraren verdienen meer waardering en minder werkdruk voor hun prachtige vak. Als zoon van een leraar kan ik hun oproep alleen maar steunen. 

Voor het beste onderwijs voor onze kinderen. ❤ ",1,2020-01-30T12:53:18.000Z
"Baudet kiest voor de makkelijke weg. Schoppen tegen de onafhankelijke scheidsrechter: de rechter. 

Wie de rechtsstaat aanvalt, valt de democratie aan. Ik zal dat waanidee altijd met alles wat in mij zit bestrijden. ",0,2020-01-30T08:48:35.000Z
"Baudet valt rechters aan, omdat rechterlijke uitspraken hem niet bevallen. Ik kan daar niet bij.

Rechters spreken recht met wetten en verdragen die de politiek maakt. Als de wet je niet bevalt, doe dan je werk als Kamerlid.
",0,2020-01-29T10:49:28.000Z
"Een oproep van wetenschappers aan de wereld: er zijn geen smoesjes meer om niets te doen voor het klimaat.

Klimaatverandering nú aanpakken is goedkoper dan niets doen. Nog meer reden om te blijven drammen!
",0,2020-01-28T10:13:10.000Z
"Ongehoord dat het Russische regime een Nederlands Kamerlid weigert bij een officieel bezoek van ons parlement. 

Kritiek over en weer moet altijd kunnen.
",0,2020-01-27T16:06:33.000Z
"Meer dan terecht dat kabinet deze excuses maakt. Hier is lang op gewacht door overlevenden van de gruwelijkheden van de Tweede Wereldoorlog.
",1,2020-01-26T12:22:38.000Z
Ik vier mijn verjaardag dit jaar in Tivoli Vredenburg. Je bent van harte uitgenodigd! ,1,2020-01-24T14:47:41.000Z
"Geregeld krijg ik de vraag: waar doe je dit nou allemaal voor? 

Dit is het antwoord. Dit meisje, deze school, en het recht van alle mensen - beperking of niet - om zich in vrijheid te ontwikkelen.

",1,2020-01-23T07:33:39.000Z
"We zien al 100 jaar dat de drugsaanpak van meer bestrijden en meer verbieden niet werkt. Tijd om het taboe te doorbreken! #ikmaakmedrug 

Luister terug ⤵️ ",1,2020-01-21T15:25:01.000Z
"#ikmaakmedrug De huidige drugsaanpak maakt van ons land een bende. De boel maar blijven verbieden helpt niet.

Met dit drugsmanifest willen we doen wat écht werkt. Reguleren is beter dan verbieden. En beter voor onze veiligheid &amp; gezondheid.

Teken ook! 👇🏽
",1,2020-01-20T08:23:37.000Z
"Getoeter en ophef, maar vooral goede gesprekken met protesterende boeren in het Twentse Diepenheim. Discussie voeren is vooral ook luisteren. #boerenprotest ",1,2020-01-19T21:44:47.000Z
"Ons Kamerlid @RensRaemakers heeft helaas een burn-out. Rens, we gaan je inzet, enthousiasme en betrokkenheid een tijdje missen. 

Zodra jij er klaar voor bent, ontvangen we je weer met open armen. Tot die tijd neemt @Marijke_vB het stokje over.
",1,2020-01-14T14:45:04.000Z
"Wijs dat VVD en CDA zich bij D66, CU, politie, burgemeesters en vele anderen aansluiten.

Samen onschuldig siervuurwerk afsteken kan. Hulpverleners in gevaar brengen met knallen en pijlen niet.

Kabinet moet aan de bak. D66 zal snel een voorstel indienen!
",1,2020-01-14T13:15:49.000Z
"Er is veel te doen bij de Belastingdienst. Hard aan de slag voor de gedupeerden van de toeslagenaffaire. Hervorming van het toeslagenstelsel. Belastinghervormingen, zoals de vliegtaks en de CO2-belasting.
 
Daarom komen er twee D66-bewindspersonen.
",1,2020-01-13T18:29:56.000Z
"Er zijn honderdduizenden migranten die hier werken, meedoen. Hun toekomst zien.

Maar van conservatieve politici krijgen ze te horen: 'Je hoort er eigenlijk niet bij.'

Ik ga daar niet in mee. Zij horen erbij. We pakken samen de problemen aan. En maken samen Nederland. #Jinek ",1,2020-01-11T14:54:59.000Z
"Goed dat het kabinet stappen gaat zetten, maar waar wachten ze op?

Er is steun van burgemeesters, politie, brandweer, ambulancepersoneel, oogartsen, de OVV, een Kamermeerderheid.

Kom op, luister naar de samenleving en verbied knalvuurwerk en vuurpijlen!
",0,2020-01-10T16:05:31.000Z
"Burgemeesters.
Politieagenten.
Ambulancepersoneel.
Oogartsen.
Brandweerlieden.
Onderzoeksraad Voor Veiligheid.
Meerderheid Kamerleden.

Kabinet, van wie hebben jullie nog meer steun nodig?! Tijd voor een verbod op knalvuurwerk en vuurpijlen!
",1,2020-01-06T20:27:16.000Z
"Kabinet, luister naar burgemeesters Den Haag, Utrecht, Nijmegen ea. Ga voor een veiliger jaarwisseling! En dus een verbod op gevaarlijk vuurwerk (vuurpijlen en knalvuurwerk). In lijn met de Onderzoeksraad Voor Veiligheid en de politie en met steun van D66, CU en vele anderen... ",1,2020-01-05T14:30:47.000Z
"Als we naar de cijfers kijken gaat het goed met onze integratie. Toch zijn Nederlanders met een migratieachtergrond voor veel politici de kop van jut.

Aan al die politici die mensen op basis van hun afkomst in de hoek zetten: open in 2020 de ogen! 👇🏽
",0,2019-12-30T16:53:56.000Z
"Abduls huis werd verwoest. Hij moest vluchten. Ik heb veel bewondering voor zijn optimisme. Hier wil hij een toekomst opbouwen voor zijn dochters.

Mensen die vluchten voor oorlog en geweld bieden we hier een veilige plek.

Fijne kerst, voor Abdul en jullie allemaal! 🎄 ",1,2019-12-24T10:13:08.000Z
"Van mijn oma leerde ik zonder oordeel naar andere mensen te kijken.

Juist in een tijd waar verdeeldheid de boventoon voert, ben ik blij dat zij mij dat heeft meegegeven.

Fijne feestdagen! 🎄
",1,2019-12-21T10:02:36.000Z
"Dit kan niet als een verrassing komen voor het kabinet. We moeten harder aan de slag voor een schone wereld. 

Daar is politieke moed voor nodig. Voor D66 zijn er geen taboes. Lees mijn reactie op #urgenda👇🏽
",1,2019-12-20T10:58:37.000Z
"De zin van het leven
is dat we vergaan

De wereld van iedereen
Niemand de baas

Het heden is eeuwig
Alles is waar

God of Jehova
Allah Jahweh

De één is de ander
De ander de één

Ontsteekt uw geweten
Kijkt om u heen

Het lot dat we delen
laat niemand alleen",1,2019-12-19T09:35:59.000Z
"Staatssecretaris Menno Snel treedt af. Een aderlating. Veel respect voor zijn heldere, eerlijke politieke afweging.

Zijn inzet voor de getroffen ouders in de toeslagenaffaire verdient grote waardering.

Hij hield altijd de ogen op de bal. Bewondering voor zijn deskundigheid.",1,2019-12-18T14:00:49.000Z
"Boeren ontwrichten het hele land. Eisen zendtijd. Hangen galgen op. Bizarre toestanden.

Gedraag je!

Demonstreren, prima. Maar iedereen moet bijdragen aan het terugdringen van de stikstofuitstoot, beschermen van de natuur en op gang brengen van woningbouw.
#boerenprotest ",0,2019-12-18T12:07:12.000Z
"Wat hebben de Britse verkiezingen en de klassieker Ajax-Feyenoord met elkaar te maken? ⚽

De hele uitzending van #Pauw kan je hier terugkijken 👇🏽
",1,2019-12-13T11:44:00.000Z
"31 januari 2020 is Brexit een feit. 

Dit wordt een spannende tijd voor Europa. Nu moeten we het laten zien. Er is genoeg te doen. Met of zonder de Britten.

Voor de grote problemen van deze tijd hebben we Europa nodig. Juist nu. ",1,2019-12-13T10:17:52.000Z
"De Britse verkiezingen zijn misschien wel de meest verdeelde ooit. Er miste een overtuigend Europees verhaal. 

Om 23.00 uur komen de eerste exitpolls binnen. Samen met @sybrandbuma bespreek ik ze dan direct bij #Pauw. 👇🏽
",1,2019-12-12T21:36:36.000Z
"Dit geld is hard nodig. Voor meer waardering voor leraren. En voor betere lessen voor de kinderen van alle bezorgde ouders. 

Onze strijd vóór beter onderwijs en tegen het lerarentekort gaat door. Net als onze #Scholenreis!

Praat mee 👇🏽
",1,2019-12-12T12:08:36.000Z
"Eindelijk neemt Europa het voortouw. We worden het eerste klimaatneutrale continent ter wereld. Met de kosten eerlijk verdeeld: grote vervuilers gaan meer betalen.

Tijd voor de EU om zich te bewijzen. Grote uitdagingen lossen we samen op.
#GreenDeal 
",1,2019-12-11T13:53:02.000Z
"Vlak bij Nijmegen ligt mijn favoriete natuurgebied van Nederland: de Ooijpolder. 

De natuur heeft ons nodig. Daarom strijd ik voor meer en betere natuur bij het oplossen van de stikstofcrisis. 
#mijnnatuurblijft ",1,2019-12-09T11:07:44.000Z
Je hebt en houdt natuurlijk altijd de nationale identiteit van je voorouders. Die is onveranderlijk. Goed punt van deze Fransman! ,1,2019-12-07T11:07:25.000Z
"Zo vroeg als meisjes kunnen dromen moeten ze ook zeker weten dat ze alles kunnen bereiken.

In de ideale wereld was een vrouwenquotum helemaal niet nodig. Maar dat is het wel. Broodnodig! 
",1,2019-12-03T15:35:40.000Z
"70 jaar NAVO. Een viering, maar geen feest. Ons trouwe verbond piept en kraakt. Macron prikkelt, Trump treitert, Erdogan chanteert.

We zijn pas echt veilig als we in Europa samen optrekken. Hoog tijd voor een Europese krijgsmacht. Binnen de NAVO. Lees 👇🏽
",1,2019-12-03T11:18:44.000Z
"De nieuwe Europese Commissie moet het klimaat redden. Niet met mooie woorden, maar met concrete acties, zoals een belasting op kerosine.

Geen lauwe Europakoers van dit kabinet, maar samenwerken op grote thema’s. 
",1,2019-12-02T07:40:53.000Z
"Goed nieuws voor bouwers &amp; baggeraars: veel werk kan weer doorgaan!

Met deze nieuwe, wetenschappelijk onderbouwde norm zijn niet alle problemen opgelost. Het helpt wel voor bescherming van grond &amp; natuur én biedt meer ruimte om te bouwen.

Mooi werk van minister @SvVeldhoven! 💪🏽 ",1,2019-11-29T15:03:32.000Z
"Nederlandse universiteiten behoren tot de beste van de wereld. Ongelofelijk knap!

Speciale shout-out naar het oosten. En dan natuurlijk vooral naar Nijmegen. 😉 
",1,2019-11-28T11:32:09.000Z
"Eindelijk is er een nieuwe Europese Commissie!

Geen getreuzel meer. De grote uitdagingen moeten nu worden aangepakt:
➖ Nú actie voor het klimaat
➖ Samen sterk tegen China, Rusland en te machtige bedrijven
➖Meer vrijheid voor mensen, meer vrije en eerlijke handel voor landen ",1,2019-11-27T14:03:50.000Z
"Het is hoog tijd voor een nieuwe cao voor leraren. Veel succes, @mariettehamer! 

De tijd dringt. Het extra geld voor salaris leraren en minder werkdruk is nú nodig. Zodat ouders overal in Nederland hun kinderen gewoon naar school kunnen brengen.
",1,2019-11-26T09:41:47.000Z
"Dit elftal belichaamt het beste van ons land. Vrolijk, energiek, divers. Vol vertrouwen en talent. Eensgezind en beschaafd. ❤️

Stop racisme. Nu. ",1,2019-11-19T13:04:34.000Z
"Schandalig en verdrietig. Racisme is zo lelijk en zo laag. Dit kan verdorie niet langer zo. 

Tijd om de rijen te sluiten. Spreek je uit tegen racisme. Tegen verharding. En pak de rotte appels aan die voetbal zo voor iedereen verzieken.
",0,2019-11-17T19:36:25.000Z
"Het was een eer kennis te maken met de vakmensen van @BeensGroep! Met aandacht voor bewoners en historie knappen zij de Utrechtse kades op.

Jullie bouwen de toekomst. Dank voor een goed gesprek over innovatie, duurzaamheid en ondernemerschap! #DagvandeOndernemer ",1,2019-11-15T16:31:36.000Z
"De natuur redden en huizen bouwen. Precies wat D66 wil.

Eerste middelen zijn niet mals:
- Grootste investering in natuur sinds jaren
- Uitkoop varkensboeren
- Minder hard rijden

Nu op naar de echte oplossing: duurzame landbouw en inkrimping veestapel. ",1,2019-11-13T11:18:43.000Z
"Integratie is voor mij: 
- Voor de nieuwkomer: meedoen, de taal leren, een studie of een baan zoeken.
- Voor ons: je openstellen voor de ander, geïnteresseerd zijn, een warm welkom bieden.
Hulde @SigridKaag! ",1,2019-11-11T12:33:46.000Z
"Wij willen vrij zijn. Nu en voor de toekomst.

Lees mijn speech op het #D66congres terug 👇🏽
",1,2019-11-09T17:14:07.000Z
"Alexander, van harte met het erelidmaatschap van D66. Je verdient niets minder! 

12,5 jaar knokken voor de vrijheid en kansen van ieder mens heeft ons land wezenlijk verbeterd. Ik bewonder je moed. Dank voor alles! #D66congres ",1,2019-11-09T15:54:08.000Z
"Indrukwekkende gesprekken met Syrische statushouders op het #D66congres.

Hun boodschap aan ons is duidelijk: wij willen de taal leren. Werken. Erbij horen. Laten we hen in ons hart sluiten. Samen bouwen aan de toekomst van Nederland. ",1,2019-11-09T15:17:38.000Z
"Na een jaar van resultaten en akkoorden, is het nu tijd voor grote idealen. Mijn idealisme gaat over één vraag: hoe stel je alle mensen in staat echt vrij te zijn? 

Mijn antwoord: onderwijs, onderwijs, onderwijs. De rest vind je hier ⤵️ #D66congres 
",1,2019-11-09T07:42:00.000Z
"'Er is meer nodig', zeiden veel leraren bij de #onderwijsstaking. Ze willen vrij zijn in hun vak. Vaste contracten. Kleinere klassen. Meer waardering. En ja, ook een hoger salaris. 

Beter beleid begint met goed luisteren naar de wensen van leraren. Ook na vandaag. ",1,2019-11-06T14:33:20.000Z
"Onderweg naar de #lerarenstaking. Laten we het extra geld voor leraren snel goed uitgeven. En met D66 valt altijd te praten over meer investeringen.

Oud-leraar en onderwijsexpert @Paul_van_Meenen is bij de staking in Den Haag, ik ben zelf op de Dam in Amsterdam. Tot zo! 👊🏽",1,2019-11-06T07:52:01.000Z
"Hoopgevend nieuws voor de leraren! De hartenkreet van het onderwijs is door politieke samenwerking omgezet in extra geld.

Broodnodig voor de mensen die iedere dag keihard werken voor de toekomst van onze kinderen.
",1,2019-11-01T17:47:10.000Z
"Werk aan de winkel voor het kabinet. Urgenda &amp; Parijs zijn niet onderhandelbaar. Dit gaat om schone lucht, schoon water, goud geld voor onze groene ondernemers en een planeet voor onze kinderen om op te leven.

Het is tijd voor daden. Tempo, tempo, tempo!
",1,2019-11-01T12:56:26.000Z
"Sterkte, Kajsa! Op een goed herstel en een spoedig weerzien. We gaan je missen deze herfst in Den Haag, maar je werk is in goede handen. ",1,2019-11-01T11:29:57.000Z
"Nu bij het #bouwprotest. Veel bouwprojecten liggen stil. Terwijl heel veel mensen een huis zoeken. Er moet dus zo snel mogelijk weer gebouwd worden.

Intussen mogen mensen in de bouw niet onnodig hun baan verliezen. De boeren helpen we financieel. Wat D66 betreft de bouw dan ook! ",1,2019-10-30T11:59:44.000Z
"Morgen 14.00 uur. #nieuwtje 

Volg 👉🏽 ",1,2019-10-23T17:11:21.000Z
"De schooldakrevolutie kan beginnen! 

Er zijn in Nederland maar liefst 6.300 schooldaken die geschikt zijn voor zonnepanelen, maar waar ze nog niet liggen.

@KajsaOllongren gaat samen met schoolbesturen aan de slag om veel meer ☀panelen op schooldaken te leggen. ",1,2019-10-18T13:02:39.000Z
"De nieuwe Brexitdeal is een poging om chaos te voorkomen. Europa is eensgezind, eerlijk en stevig in de onderhandelingen. Nu kijken hoe het valt in Brits Lagerhuis en Europees Parlement.

Een deal is beter dan geen deal. Maar de beste deal is nog steeds géén Brexit. #makeitstop ",1,2019-10-17T15:27:38.000Z
"Mooi! Een respectvol en inhoudelijk debat tussen boer en activist Bart Kemp en collega @TjeerdD66.

We moeten de stikstofcrisis oplossen, zodat we de natuur beschermen en huizen kunnen bouwen. Laten we met boeren werken aan perspectief, aan de omslag naar duurzame landbouw.
#Pauw ",1,2019-10-16T21:49:58.000Z
"Luguber beeld. Eerst een galg, nu een doodskist.

Jullie krijgen alle vrijheid je mening te geven. Maar gun die vrijheid ook een ander. Dus ook Jesse Klaver, Tjeerd de Groot en anderen met fundamenteel andere opvattingen. ",0,2019-10-16T10:44:15.000Z
"De burgemeester van Den Bosch kwam ter ore dat we vorige week geen echte Bossche bollen hadden toen ik precies 1 jaar fractievoorzitter was.

Dus brachten zijn medewerker en een stel jonge Bosschenaren de échte bollen van banketbakker Jan de Groot. Heerlijk! 😍 #BrabantBedankt ",1,2019-10-15T13:34:34.000Z
"Dit gaat veel en veel te ver. Ik snap dat boeren willen demonstreren, maar intimidatie en geweld zijn ontoelaatbaar. Nu is het moment dat we met 150 zetels achter onze politieagenten en lokale politici moeten staan. ",0,2019-10-14T15:05:22.000Z
"JOVD, van harte gefeliciteerd met jullie 70ste verjaardag! 🎊 

Het was een eer op jullie lustrumcongres te zijn en met jullie te spreken over de kracht van Europese samenwerking. Voor onze welvaart, vrijheid en toekomst. #liberalen ",1,2019-10-12T16:51:02.000Z
"Mooie klus! Naast het Binnenhof is er ook bij het CBR veel werk te verzetten. Alexander, veel succes!

",1,2019-10-11T15:49:44.000Z
"Politiek is voor mij de grote vragen stellen én durven beantwoorden.

Hoe ziet ons land er over 30 jaar uit?
Schiphol ligt op zee, ieder kind krijgt gelijke kansen en ieder individu kan naast waardig oud worden ook waardig sterven. 

Ik vertel er zo over bij #Pauw. ",1,2019-10-09T20:50:08.000Z
"Alweer een jaar geleden dat ik de fractievoorzittershamer in handen kreeg. Zoveel dagen als sindsdien verstreken zijn, zoveel grijze haren liggen er op mijn kussen. 😉 

Bekijk mijn verhaal &amp; blijf op de hoogte 👇🏽
",1,2019-10-09T05:06:00.000Z
"D66 wil de Hollandse natuur beschermen en snel weer huizen bouwen voor mensen. Die richting kiest het kabinet nu ook.

Deze brief is een eerste stap. Nu tempo maken!
",1,2019-10-04T15:18:12.000Z
Vandaag een indrukwekkend #boerenprotest op het Malieveld. Collega @TjeerdD66 was erbij met een heldere boodschap 👇🏽 ,1,2019-10-01T19:50:21.000Z
"Een powervrouw verlaat de Tweede Kamer. Ontzettend jammer! Een bondgenoot bovendien in de strijd voor een duurzame en groene wereld. Veel dank @mariannethieme en veel succes @estherouwehand! 
",1,2019-09-29T15:08:04.000Z
"Duizenden mensen, jong en oud en alles ertussenin, komen in actie voor onze planeet. 🌍

Indrukwekkend, inspirerend en hoopgevend. Wij gaan dit gevecht winnen! 
#klimaatstaking #climatestrike ",1,2019-09-27T14:43:22.000Z
"Wat een opkomst bij de #klimaatstaking! 💚 
#ClimateStrike ",1,2019-09-27T11:42:30.000Z
"Een kraakhelder rapport. Remkes is duidelijk: we kunnen geen dag langer wachten. D66 wil de natuur beschermen én huizen bouwen. Maar dan is het nu tijd voor scherpe keuzes. De politiek is aan zet.

",1,2019-09-25T15:54:14.000Z
"🌍 Actievoeren voor het klimaat is goed, maar heeft het zin? Moeten jongeren meer inspraak krijgen in de politiek? Dat bespreek ik zo met klimaatstaker en oprichter van @Youth4ClimateNL, Stijn!

Vanaf 18 uur LIVE 👇🏽
",1,2019-09-25T15:05:46.000Z
"Duizenden jonge mensen over de hele wereld gaan deze week de straat op voor het klimaat. Voor de bescherming van onze planeet. 🌍

Aanstaande vrijdag is de #klimaatstaking in Den Haag. Ik ben er natuurlijk bij! Jij ook? 👇🏽
",1,2019-09-23T15:58:16.000Z
"Vandaag gaan jonge mensen in de hele wereld de straat op voor de bescherming van onze planeet. 

Nederland heeft geluisterd. En nu luistert Duitsland ook. Dat is geweldig nieuws! #samensterk 
",1,2019-09-20T14:42:02.000Z
"Syrische vluchtelingen worden hier afgeschilderd als profiteurs.

@thierrybaudet, ik nodig u uit mee te gaan naar een Syrisch gezin.

Ze zullen u graag vertellen hoe het was om op een rubberbootje de zee over te steken.
Hoe het was om hier gastvrij opgevangen te worden.
#APB19 ",1,2019-09-19T14:42:43.000Z
"Over de grote vraagstukken. Over vooruitkijken. Over het Nederland van over 30 jaar. 

Lees hier mijn inbreng van de #APB19 terug 👇🏽 
",1,2019-09-18T18:51:53.000Z
"Het gaat goed met de economie. Daarom stijgen de lonen. Toch blijft de economische groei teveel plakken bij grote bedrijven. 

De lonen moeten verder omhoog. Zo niet, dan moet de belastingverlaging voor grote bedrijven van tafel. #APB19
",0,2019-09-18T13:30:22.000Z
"Als nieuwkomer wil ik niet meegaan in wat de politiek al te vaak is: eigen successen vieren, verontwaardiging over de ander, een snelle tweet, zweren bij procenten en koopkrachtplaatjes.

Mijn vooruitblik op de #APB19 👇🏽 
",1,2019-09-17T15:38:35.000Z
"Een bijzondere dag morgen. Ook voor de twaalfjarige Lars! 

Je volgt zijn #prinsjesdag via 👇🏽 
",1,2019-09-16T17:44:43.000Z
"Ik beantwoord nu al jullie vragen via @DebaterTv. Klik op onderstaande link en praat mee 💬
",1,2019-09-11T17:03:07.000Z
"Sparen is op dit moment niet aantrekkelijk. De rente is laag, de belasting hoog. Dat is oneerlijk.

Goed dat @Menno_Snel de spaartaks radicaal hervormt. Geen spaartaks meer voor 1,35 miljoen (!) spaarders en een hogere belasting voor huisjesmelkers.
",0,2019-09-06T13:45:35.000Z
"Complimenten voor een behendige politieke vondst, @hugodejonge! Maar is het nou wel/niet/nooit/ooit? 

Ik sluit niet uit dat het laatste woord hierover nog niet is gezegd. #uitsluiten #niet #onwaarschijnlijk ",1,2019-08-30T13:49:17.000Z
"Vandaag en morgen vieren we onze democratie in het mooie Nijmegen. Gaat dat zien! Er zijn toffe lezingen en workshops. Zelf was ik vanmorgen bij een lezing van @EricCorton en van de respectbeweging.

Bestel je gratis ticket via 👇🏽
",1,2019-08-30T12:19:54.000Z
"De 10 gemeenten die mogen deelnemen aan het wietexperiment zijn bekend. Een eerste stap naar gereguleerde wietteelt!

En goed nieuws: ook Nijmegen mag meedoen. Als raadslid (in een ver, ver verleden 😉) vroeg ik al om experimenten met gereguleerde wiet.
",1,2019-08-29T12:58:53.000Z
"Vandaag herdenken we het einde van de Tweede Wereldoorlog voor het Koninkrijk der Nederlanden.

Ik draag daarom de Melati, de Indische jasmijn, als symbool voor de herinnering aan het tragisch menselijk leed van de Japanse bezetting van Nederlands-Indië. ",1,2019-08-15T08:36:19.000Z
"Meer banen. Meer vacatures. Meer vaste contracten en minder flex. 

Het gaat de goede kant op met de arbeidsmarkt en onze economie. Nu nog de lonen omhoog voor al die werkenden.
",1,2019-08-14T08:49:35.000Z
"Congratulations @joswinson! With the traditional parties fleeing to the extreme ends of the ideological spectrum, this is a chance for the liberals to lead from the centre #LibDemLeadership",1,2019-07-22T20:37:32.000Z
"Van kinderpardon tot klimaatakkoord en van pensioenakkoord tot ouderschapsverlof. Dit kabinet kwam langzaam op stoom, maar begint zijn belofte waar te maken. 

Samenwerken loont. Nu niet achteroverleunen maar doorpakken!

",1,2019-07-12T10:18:01.000Z
"Onze Arubaanse zusterpartij MEP is op bezoek! Zojuist tekenden D66 en MEP een intentieverklaring voor meer samenwerking voor:
➖ Een schoner milieu
➖ Beter onderwijs
➖ Een economie werkt voor iedereen

Pa nos futuro! 🇦🇼
Voor onze toekomst! 🇳🇱 ",1,2019-07-02T09:19:25.000Z
"‘Ketie Kotie fri moe de.’

‘Verbroken ketenen, vrijheid moet er zijn.’

Vandaag herdenken we de afschaffing van de slavernij. Het is belangrijk om stil te staan bij deze zwarte bladzijden van onze geschiedenis. #ketikoti
",1,2019-07-01T06:49:57.000Z
"Docenten en studenten vragen om meer geld voor onderwijs. Hoe groot ook, de huidige investeringen blijken niet voldoende. De volgende verkiezing moet voor D66 weer gaan over beter onderwijs en gelijke kansen.

Speech bij @HetISO 👇🏽
",1,2019-06-29T19:48:57.000Z
Aan alle 110.000 Nederlandse veteranen: bedankt voor jullie strijd voor vrede en vrijheid. #Veteranendag ,1,2019-06-29T08:10:55.000Z
"Voor het aanpakken van de klimaatcrisis is er geen tijd om te dromen. We hebben even moeten drammen. Maar nu eindelijk daden!

Dit #klimaatakkoord is vast niet perfect, maar Nederland gaat de klimaatdoelen van Parijs halen. 👇🏽
",1,2019-06-28T13:09:15.000Z
"Gelukkig regeert het CDA nu met D66 en zijn dit soort waanbeelden verbannen naar de zolderkamer van Baudet.
",1,2019-06-26T12:09:13.000Z
"Wát een monstertocht, wát een prestatie van Maarten van der Weijden! 💪🏽 195 kilometer zwemmen in vier dagen met maar één doel: geld ophalen voor kankeronderzoek. 

Geld doneren voor deze fantastische actie kan nog steeds. ⤵️
#11stedenzwemtocht #swim11  
",1,2019-06-24T17:33:12.000Z
"Universiteiten zijn geen marketingmachines. Daarom veranderen we het oneerlijke systeem waarin werd gestreden om iedere student.

Het hoger onderwijs kan zich zo beter richten op waar het goed in is: hoger onderwijs. Dat is mooi nieuws voor studenten!
",1,2019-06-21T14:08:51.000Z
"In een bomvolle, bloedhete kerk met  200 jongeren verhitte politieke discussies uitvechten. Dat is een radicale daad op zich.

Maar wat is radicale politiek voor D66? En hoe gaat dat samen met gematigd handelen? Lees mijn speech bij @JongeDemocraten👇🏽
",1,2019-06-17T19:13:43.000Z
"Mooi nieuws! Zeer brede steun bij leden FNV en CNV voor #Pensioenakkoord. 

Terecht, na jaren stilstand is dit akkoord een doorbraak. Betere en meer persoonlijke pensioenen en evenwichtige afspraken over AOW en zware beroepen.",1,2019-06-15T12:37:30.000Z
"Geen negativiteit. Geen vooroordelen. Geen gedoe. Hét motto van @welcome_nl, waar nieuwkomers &amp; locals elkaar ontmoeten.

Mazen uit Sudan is hier bv pas 1,5 jaar en spreekt nu al vloeiend Nederlands!

Mijn tip: installeer die app &amp; ga 'm eens gebruiken! 👇🏽
",1,2019-06-13T15:46:16.000Z
"Eindelijk. Een langverwachte doorbraak: we hebben een pensioenakkoord! Goed voor werkenden, jonge mensen en gepensioneerden. 

Wat betekent dit akkoord voor jou? Een crash course in twee minuten 👇🏽 ",1,2019-06-05T10:11:03.000Z
"Iedereen moet de vrijheid hebben te geloven wat hij of zij wil. Laten we altijd opstaan tegen antisemitisme, in Nederland en Europa. 
#keppelop ",1,2019-05-29T14:08:27.000Z
"🙌🏽🌍 Zojuist stemde de Eerste Kamer met ruime meerderheid voor onze #Klimaatwet! Nederland is daarmee een van de eerste landen die de klimaatdoelen van Parijs wettelijk vastlegt.

Dank aan alle collega’s voor een bijzondere samenwerking, van links tot rechts. ",1,2019-05-28T12:28:55.000Z
"Wauw! 👏🏽 Rutger, Nuna en Marijn ontwierpen deze prachtige brug van herbruikbare materialen voor de Handelskade in Nijmegen.

Je kan stemmen op dit ontwerp van het ROC Nijmegen voor de wedstrijd SLIMCirculair. ⤵️
",1,2019-05-28T09:51:24.000Z
Zeven zetels voor D66 in de Eerste Kamer. Daarmee zijn we goed vertegenwoordigd! Vrijdag de definitieve uitslag.,1,2019-05-27T16:40:45.000Z
"De voorlopige uitslag valt niet mee voor D66. Twee zetels is een teleurstelling. Felicitaties natuurlijk voor de PvdA.

Het goede nieuws van vandaag: het pro-Europese geluid wint van de eurosceptici. Ik ben heel trots op de positieve campagne die D66 heeft gevoerd! ",0,2019-05-23T20:24:56.000Z
"Dankzij Europese eenwording leven we al 75 jaar in vrede en veiligheid.
En dankzij de EU kan je zonder problemen over de grens wonen, werken en studeren.

Daarom stemde ik net vlakbij de Duitse grens. Ga ook stemmen! #voorEuropa #EP2019 ",1,2019-05-23T12:59:51.000Z
"Op 300 meter van de Duitse grens (waar je dankzij onze EU zonder problemen overheen kan) heb ik net gestemd! Natuurlijk op de nummer 1 voor Europa. 🇪🇺

Ga ook stemmen vandaag. En kies voor Europa. 
#voorEuropa #EP2019 ",1,2019-05-23T08:27:51.000Z
"Er valt iets te kiezen morgen!

Zoals @SophieintVeld het vanavond zei: kies voor de partij die écht #voorEuropa staat: #D66.

🌳 Meer schone energie &amp; Europese CO2-belasting 
👮🏽‍♂ Europese krijgsmacht voor onze veiligheid 
🇪🇺 Geen Nexit
🌈 Bescherming vrouwen- en homorechten",1,2019-05-22T20:33:03.000Z
"Rutte weifelt over Europa. Hij wil geen cent extra naar de Europese begroting. Maar wel sterke controles aan onze buitengrenzen. Hoe gaan we dat betalen?

Het is tijd om kleur te bekennen. Kies voor de partij die zich écht uitspreekt #voorEuropa. 👇🏽
",0,2019-05-21T14:03:56.000Z
"Ik ken hem als een prettig, rustig en inhoudelijk sterk Kamerlid. 

Gefeliciteerd @PieterHeerma met je nieuwe functie als fractievoorzitter van het CDA! Ik heb alle vertrouwen in een goede samenwerking. We zien elkaar vast snel.",1,2019-05-21T09:53:42.000Z
"D66'ers waren vandaag in het hele land te vinden om flyers uit te delen en gesprekken te voeren op straat en aan de deur. Ik was zelf in Tilburg en Rotterdam. 

Aan iedereen die vandaag weer heeft bijgedragen aan onze campagne #voorEuropa: bedankt! 👏🏽
#EP2019 ",1,2019-05-19T15:38:29.000Z
"De terechte winnaar! Gefeliciteerd Duncan! 🎊  #ESF19
",1,2019-05-18T23:08:38.000Z
"Ik ben gedoopt en zat op een katholieke basisschool. De kerk is voor mij een fijne plek om samen te komen bij bijzondere gebeurtenissen, maar ik bid er niet tot een God.

Interview met het @ndnl over mijn Brabantse familie en het geloof (plusartikel) ⤵️
",1,2019-05-18T13:31:14.000Z
"In Nederland voeren we open het debat. Soms fel, maar altijd met respect.

Door Rutte, Klaver en mij verkrachtingen te verwijten en naar de Holocaust te verwijzen, laat Baudet zich van zijn meest misselijke kant zien. 

Rioolpolitiek. ",0,2019-05-17T20:42:16.000Z
"Tragisch om te lezen dat voetbalclubs spelers afraden om uit de kast te komen.

'Homo' is ook nog steeds een veelgebruikt scheldwoord op het voetbalveld. Laten we vechten voor een veilige omgeving voor iedereen. Om overal jezelf te zijn. 🌈
#IDAHOT 
",1,2019-05-17T12:07:10.000Z
"Gefeliciteerd @sybrandbuma met jouw prachtige nieuwe functie!

Het zal wennen zijn je niet meer bij onze wekelijkse overleggen te spreken. Vooral vanwege onze fijne samenwerking en natuurlijk je bumor.

Sybrand, heel veel plezier! Tot snel in Fryslân.

©️ANP ",1,2019-05-16T19:41:50.000Z
"Na meer dan 40 jaar in het beroepsonderwijs, gaat ons pap vandaag met pensioen! 👨🏽‍🏫 #trots #leraar #onderwijs #rocleijgraaf ",1,2019-05-16T17:48:18.000Z
"Wat is ons land zonder Ali B, Hakim Ziyech en Khadija Arib?

Hoog tijd voor de feiten: de integratie van Marokkanen in Nederland is een succes. Ondanks alle issues, vooroordelen en discriminatie.

Opinie ⤵️
",1,2019-05-15T06:05:49.000Z
"Hiermee weet ik wel raad 😉
✔ Vechten voor vrijheid &amp; gelijkheid in hele EU
✔ Klimaatcrisis aanpakken met verregaande doelen
✔ Gelijk loon voor gelijk werk
✔ Als een vd weinige voor een Europees leger
✔ Streng optreden als landen begrotingsregels overtreden
#voorEuropa #D66 ",1,2019-05-14T08:33:55.000Z
"Of je nu als homo- of heterokoppel getrouwd bent. Je wil dat jouw liefde overal in Europa hetzelfde wordt erkend. ❤ 

Toch gelden lang niet overal in Europa dezelfde rechten, terwijl we dat wel zo hebben afgesproken. Daar moet snel een einde aan komen. 
",1,2019-05-14T07:34:44.000Z
"ZOMETEEN LIVE! Ik ga koken samen met een bijzondere gast. Deze week: Splinter Chabot over de Europese verkiezingen. Op het menu: gezonde pastasalade. 🥗  

Benieuwd? Ga om 18.00 uur naar mijn Facebook &amp; praat mee! ⏰
#watzegjemenu.
",1,2019-05-13T15:49:15.000Z
"Trots op mijn pa en zijn welverdiende plek in het prachtige Elftal van de Eeuw van het 100-jarige @UDI19.

Iedereen bij UDI van harte gefeliciteerd met een zeer geslaagd eeuwfeest! ",1,2019-05-12T14:23:57.000Z
"Goed nieuws: Pro-Europese partijen slaan de handen ineen. Samen met het Franse En Marche en andere progressieve partijen maken we een vuist tegen de partijen die Europa af willen breken. Staan we op voor de zwijgende meerderheid die vóór Europa is.
",1,2019-05-12T07:54:40.000Z
"🇪🇺 Niets leuker dan op campagne in je eigen stad! In Nijmegen is Europa altijd dichtbij:

De littekens van de Tweede Wereldoorlog zijn nog altijd zichtbaar.
De stad ligt vlakbij de open grens met Duitsland.
Er studeren duizenden studenten uit heel Europa.
#voorEuropa #EP2019 ",1,2019-05-11T15:17:15.000Z
"Dank @SophieintVeld voor deze #EuropeDayChallenge! 

🤝 Beste Europese ontmoeting
🏞 Mooiste plek in Europa
🎢 Beste Europese ervaring 

🤝 Obama in Berlijn
🏞 Nijmegen, oudste stad van NL!
🎢 Nudge treinreis door Europa langs circulaire ondernemers

Ik daag @vicvandijk uit! 🇪🇺 ",1,2019-05-09T15:55:38.000Z
"🌍 De klimaatcrisis is te groot om alleen op te lossen. Goed dat Nederland en Frankrijk de handen ineenslaan. Dit is hoe Europese samenwerking hoort én werkt: samen scherpe klimaatdoelen stellen en ons daaraan houden.
",1,2019-05-09T09:19:13.000Z
"Al bijna 75 jaar hebben we in Europa vrede, veiligheid en ongekende welvaart. Die Europese samenwerking verdient een plek in onze Grondwet.

Samen met @KeesVee dien ik vandaag een grondwetswijziging in: neem het lidmaatschap van de EU op in de Grondwet.
",1,2019-05-09T05:47:37.000Z
"Fantastisch dat @WBHoekstra onze Europese plannen omarmt! Ik bied hem daarom graag een D66-cadeaulidmaatschap aan. De enige échte partij voor Europa.

Een gratis lidmaatschap, dat klinkt toch als muziek in de oren van een Minister van Financiën? 😉
",1,2019-05-07T10:03:40.000Z
"Maar liefst één miljoen (!) dier- en plantensoorten worden met uitsterven bedreigd.

Het is nú tijd voor actie, anders zijn we echt te laat. Hoog tijd voor internationaal natuurakkoord om onze prachtige natuur &amp; diersoorten te beschermen.
",1,2019-05-06T11:17:38.000Z
"We vieren vandaag bijna 75 jaar vrijheid. Het einde van de Tweede Wereldoorlog was ook het startpunt van Europese samenwerking. 

De EU is de uitkomst van het grootste vredesproject aller tijden. En nog steeds heeft Nederland een sterk Europa keihard nodig.
#Bevrijdingsdag ",1,2019-05-05T12:58:24.000Z
"👏 Felicitaties voor onze pro-Europese vrienden van de @LibDems! Bij de lokale verkiezingen in het VK behaalden zij een monsterzege met hun campagne voor Europa en tegen Brexit.

De pro-Europeanen laten zich horen. Nu in het VK en op 23 mei in heel Europa.
",1,2019-05-03T11:06:25.000Z
"Juist in een tijd van Brexit, de klimaat- en vluchtelingencrisis, Russische agressie en Chinese concurrentie hebben we een sterk Europa nodig.

Laten we vechten voor onze waarden. Voor ""an ever closer union"". Want iedere Nederlander wordt beter van Europa.
",1,2019-05-02T08:27:44.000Z
"We hebben Europa hard nodig voor onze toekomst. Daarom wil D66: 
🌍 Een wereldwijd natuurakkoord, om onze natuur en dieren écht te beschermen (dat is hard nodig!).
💶 Meer geld naar de EU, zodat we grote uitdagingen samen aanpakken.

Plan met @Gerbrandy 👇
",1,2019-04-25T11:39:33.000Z
Verdrietig wakker worden op deze Paaszondag met verschrikkelijke beelden uit Sri Lanka waar kerkgangers en hotelgasten slachtoffer zijn van laffe bomaanslagen #SriLanka 🇱🇰 ,0,2019-04-21T06:18:42.000Z
"Onwijs leuk en kritisch interview met studenten van @UvA_Amsterdam bij @Room4Discussion. Over de vrijheid om jezelf te zijn, radicale gelijke kansen en een sterk Europa voor de aanpak van klimaat en migratie ",1,2019-04-17T13:03:01.000Z
"Met 'legoblokken' van piepschuim bouwden Heikki &amp; Angela hun prachtige, duurzame huis! 👏

➖ Makkelijker dan een IKEA bouwpakket 😉
➖ Het is er altijd lekker warm
➖ De energiekosten zijn maar 80 euro per jaar (!)

Dit is het huis van de toekomst. 🏡
#klimaattoppers ",1,2019-04-12T11:30:05.000Z
"Baken van rust. Stem van rede en rechtvaardigheid.

Onze democratie verliest een indrukwekkend journalist. Maar bovenal een lief, onverzettelijk, oorspronkelijk, hoopvol en barmhartig mens.
",1,2019-04-11T13:12:24.000Z
Onwijs inspirerend om met 300 jongeren uit Europa in gesprek te gaan met President Obama tijdens de #ObamaTownHall in Berlijn. Over politiek leiderschap voor de toekomst van Europa. En staan voor je idealen met bereidheid om compromissen te sluiten #D66 @ObamaFoundation ,1,2019-04-06T16:15:09.000Z
"Homo is nog steeds een veelgebruikt scheldwoord. Terwijl veel mensen worstelen met hun geaardheid. 

Daarom vertel ik over mijn eigen coming-out. Om het dogma te doorbreken dat homo zijn 'niet mag' of 'niet kan'. 🏳‍🌈

M terugkijken 👉 ",1,2019-04-04T10:07:48.000Z
"Wat een mooi initiatief! 👏 Op dit stukje grond:
➖ Staan 43.000 (!) zonnepanelen
➖ Wordt stroom opgewekt voor een heel dorp
➖ Hoef je nooit het gras te maaien 🐑

Het zonnepark van Jos &amp; Erik van TPSolar is het landschap van de toekomst. ☀
#klimaattoppers ",1,2019-04-03T11:55:00.000Z
"Volstrekt onacceptabel om op te roepen tot geweld. Van politici blijf je af. Punt. We kunnen het in dit land fundamenteel met elkaar oneens zijn, maar dan voeren we het debat.
",0,2019-03-25T06:50:17.000Z
"✊ Wij zullen altijd strijden voor een vrije en open samenleving. Waarin het niet uitmaakt waar je vandaan komt, van wie je houdt of waar je in gelooft.

Op de internationale dag tegen racisme is het tijd om je uit te spreken. Sluit je vandaag nog aan. 👇
",1,2019-03-21T14:03:27.000Z
"Nu is het moment, meer dan ooit, voor alle mensen van goede wil om samen te komen.

Zet nu de volgende stap. Sluit je aan, word lid 👇
",1,2019-03-21T10:49:29.000Z
"Ik ben ongelooflijk trots op al onze vrijwilligers en al onze kandidaten. 

Met deze uitslag is ons politieke landschap nog meer versplinterd.
D66 zal altijd blijven samenwerken voor de toekomst. Op naar de Europese verkiezingen! #kiesvoordetoekomst ",1,2019-03-20T21:51:28.000Z
"De stembussen zijn gesloten. Bedankt voor je stem! 🙌 

En natuurlijk aan alle vrijwilligers: Dank voor jullie inzet! Jullie waren geweldig. 💚
#kiesvoordetoekomst #bedankt ",1,2019-03-20T20:00:01.000Z
"Er valt iets te kiezen vandaag. Kies voor de toekomst. Voor respect voor elkaar. En voor samenwerking. 

En belangrijker: Ga stemmen! Je hebt nog minder dan 5 uur. 🗳
#kiesvoordetoekomst #stemD66 ",1,2019-03-20T15:18:44.000Z
"Ik heb al gestemd. Voor de toekomst. Voor respect voor elkaar. En voor samenwerking. 💪
#kiesvoordetoekomst #PS2019 ",1,2019-03-20T07:22:34.000Z
"Laten we niet direct conclusies trekken die alleen maar haat en verdeeldheid aanwakkeren.

De vlag hangt halfstok en er liggen mensen in het ziekenhuis. Ons land heeft verbinding nodig. ",0,2019-03-19T14:54:17.000Z
"In overleg met andere partijen is besloten de campagne te hervatten na het verschrikkelijke schietincident in Utrecht. 

Laten we geen angst zaaien, maar verbinden. Laten we pal gaan staan voor onze waarden van vrijheid, tolerantie en respect voor elkaar. ",1,2019-03-19T09:30:01.000Z
"Met deze toppers op campagne in Leiden! 💪

Nog drie dagen tot de Provinciale Statenverkiezingen. Kies voor de toekomst! #stemD66 ",1,2019-03-17T13:32:43.000Z
"Wij gaan Parijs halen. 

Nu is het tijd voor het onderwijs. D66 investeert al 2 miljard per jaar, maar we willen meer. Voor hogere salarissen. Voor lagere werkdruk. 

Oppositie- en coalitiepartijen: doe mee!

Interview in @FD_Nieuws. 👇
",1,2019-03-16T10:09:44.000Z
"💪 Wauw, meer dan 35.000 (!) mensen waren op de been voor beter onderwijs. Precies wat D66 wil.

Dit kabinet investeert ieder jaar al 2 miljard in hogere salarissen en minder werkdruk. Maar na jarenlange kaalslag is dat niet voldoende. Wij willen meer investeren in ons onderwijs. ",1,2019-03-15T19:21:07.000Z
"Fantastisch dat zoveel duizenden mensen op de been zijn voor beter onderwijs! 💪

Bij D66 staat onderwijs altijd op één. Als het geld verdeeld wordt, staan wij vooraan voor het onderwijs. Wie voor onderwijs stemt, stemt voor D66.
#onderwijsstaking ",1,2019-03-15T13:05:00.000Z
Wat een verschrikkelijke terreurdaad in Nieuw-Zeeland. Dit is waarom we elke vorm van racisme moeten bestrijden. Haat mag geen enkele ruimte krijgen ,0,2019-03-15T07:34:14.000Z
"Klimaatverandering is een hoax. De experts leveren een flutrapport. Het kost 1000 miljard. Baudet maakt zich sterk voor ondernemers.

Wat een onzin. 👇
#kiesvoordetoekomst ",0,2019-03-14T10:12:20.000Z
"Minder kosten voor burgers. Industrie gaat meer betalen. 
Wij gaan Parijs halen!
#kiesvoordetoekomst

",1,2019-03-13T14:44:02.000Z
"Vandaag komt dan eindelijk de doorrekening van het klimaatakkoord. Een belangrijke dag voor onze toekomst.  

Wij zijn altijd duidelijk geweest over onze inzet:
✅ Klimaatdoelen van Parijs halen
✅ Eerlijke verdeling tussen mensen en bedrijven
✅ De grote vervuilers betalen ",1,2019-03-13T08:48:24.000Z
"Vijf maanden geleden mocht ik leden van de Houses of Parliament toespreken in Westminster. Mijn vraag aan de Britse politici: weten jullie het zeker? #Brexit #wewantyouback

Een vraag die ik hen vanavond weer zou willen stellen. Lees hier terug 👇

",1,2019-03-12T21:00:38.000Z
"🏳️‍🌈 Ja, in ons land zoenen vrouwen met vrouwen. En mannen met mannen.

Kies voor de liefde, niet voor uitsluiting. 💚
",1,2019-03-12T10:24:52.000Z
"Onze economie bloeit. Dat is prachtig! 

Maar teveel mensen staan onterecht langs de kant. Daarom maakt onze minister @wkoolmees solliciteren makkelijker. Voor een eerlijke kans op goed werk. 
#kiesvoordetoekomst
",1,2019-03-12T09:20:00.000Z
"Vandaag negen jaar geleden overleed Hans van Mierlo. Een D66-icoon en één van mijn politieke helden.

Iemand die voortleeft in de verbeelding van velen. Ter nagedachtenis aan Hans dopen we onze fractiekamer op deze speciale dag om tot de Hans van Mierlokamer. 👇 ",1,2019-03-11T17:20:14.000Z
"De tijd van dromen is voorbij.
Het is tijd om te drammen!

Duizenden mensen bijeen op de Dam in Amsterdam voor de #klimaatmars. Samen voor een beter klimaat 💚 ",1,2019-03-10T13:28:07.000Z
Op naar een tijdperk met minder kolen en meer zon- &amp; windenergie! Wij halen HEM WEG! #kiesvoordetoekomst #D66 ,1,2019-03-09T16:11:21.000Z
"Het is ondenkbaar dat we de Urgenda-doelen niet halen. Daarom gaat de oudste en meest vervuilende kolencentrale volgend jaar al dicht.

Op naar de volgende! Geen tijd te verliezen in de strijd voor een schone wereld. 💪
",1,2019-03-08T15:33:03.000Z
"Galant gebaar van @dijkhoff bij mijn allereerste grote tv-debat. Mooi om deze debatavond af te sluiten met een pleidooi voor samenwerking. Om zo onze idealen dichterbij te brengen. 
#rtldebat ",1,2019-03-07T22:40:37.000Z
"De komende jaren hebben we onze mede-Europeanen hard nodig. Ze bouwen huizen, plukken paprika’s en zoveel meer.

Tijd voor realistische politiek. Laten we arbeidsmigranten met open armen ontvangen. Goede huisvesting bieden. En uitbuiting keihard aanpakken.
",1,2019-03-07T07:41:31.000Z
"Dit is wat samenwerking tussen alle politieke partijen oplevert: een parlementaire enquete naar de gaswinning in Groningen. 
Terecht, want Groningers zijn te lang in de steek gelaten.
",1,2019-03-05T12:04:42.000Z
"Onze visie op de toekomst van Nederland. Over een Nederland van openheid, vrijheid en tolerantie. Met een vrij en waardig bestaan voor alle Nederlanders. 👇
#kerdijklezing 
",1,2019-03-04T19:53:40.000Z
"Goed dat de minister blijft nadenken over betere zorg. Benieuwd naar zijn voorstellen!

D66 wil: 
✅ Goede en betaalbare zorg voor iedereen
✅ Keuzevrijheid voor de patiënt
 
En niet:
❌ Lange wachtlijsten
❌ Slechte zorg
❌ Nog harder oplopende kosten
",1,2019-03-01T08:52:53.000Z
"Zondag 10 maart is het #D66congres in Taets Zaandam!

We behandelen amendementen voor het Europese verkiezingsprogramma én er zijn speeches van @KajsaOllongren, Astrid Panosyan (mede-oprichtster En Marche) en ondergetekende. 😉

Bestel snel je ticket!
",1,2019-02-28T09:32:26.000Z
"Benieuwd wat het gedachtegoed van #D66 inhoudt? Ik schreef het voorwoord bij het essay 'Wat is sociaal-liberalisme?' van Coen Brummer van de @VMStichting. Je kunt het boekje hier bestellen! 👇
",1,2019-02-25T12:01:28.000Z
"D66 en de studentenbond willen af van de selectie van masterstudenten. Geen cijferlijst, motivatiebrief, interview en referenties.

Voor een gelijke kans voor iedereen die de master wil doen waar zijn of haar ❤ ligt. Dubbelinterview met @vandenbrink_t 👇
",1,2019-02-24T09:10:42.000Z
"Roerganger Baudet corrigeert partijgenoot: Forum wil juist wél chaos, verdeeldheid, conflict, armoede, onveiligheid en onmacht. #brexit #nexit ",0,2019-02-21T14:57:01.000Z
"Deze powerbank op wielen:
➖ Rijdt 130 km/u (@VVD, kijken jullie mee?) 
➖ Weegt niets (je kan ‘m optillen)
➖ Is een vijfpersoons (!) gezinsauto
➖ Stoot niets uit

Dit is de auto van de toekomst! Ik mocht een stukje meerijden met het Solar Team Eindhoven. 👇
#klimaattoppers ",1,2019-02-21T07:19:00.000Z
"Dit is niet alleen onsmakelijk. Het is onnederlands. 

Hier wil ik geen ruimte aan bieden. Hier trek ik een streep. Ik zeg nee.

Lees 👉 ",0,2019-02-15T17:05:26.000Z
"Goed nieuws! ❤ De bloedbank gaat de regels voor bloeddonatie voor homo's versoepelen. 

Homo's mogen nu geen bloed geven bij de bloedbank. Terwijl hetero's die risico lopen gewoon welkom zijn. Selecteer op risicogedrag, niet op geaardheid. 👇
",1,2019-02-14T17:01:49.000Z
"Het is discriminatie dat ik geen bloed mag doneren bij de bloedbank omdat ik op mannen val.

Selecteer op risicogedrag, niet op geaardheid. Een heteroseksuele man met veel wisselende contacten loopt toch veel meer risico?

Mijn statement op #valentijn. ❤
",0,2019-02-14T10:43:29.000Z
"Rutte heeft gelijk: Europa moet minder naïef zijn. Minder veto’s is een goede stap. 

Maar dan moet Rutte ook minder naïef zijn: Europa moet zijn grondgebied kunnen verdedigen. Daar hoort een Europese krijgsmacht bij.
",0,2019-02-13T18:35:32.000Z
"🆕! Ik bezoek #klimaattoppers door het hele land om te zien hoe zij werken aan de oplossingen van de toekomst. 

In de eerste editie wandel ik met weervrouw @MargotRibberink langs de Waal in mijn eigen Nijmegen. Over extreem weer, hoogwater en de Spiegelwaal. 👇 ",1,2019-02-13T13:33:33.000Z
"Vandaag hoog bezoek van de #klimaatspijbelaars. Ze staan op voor hun toekomst! 🌱

Ik gaf ze nog een tip voor hun gesprek met Rutte: Even extra goed opletten als hij heel joviaal en enthousiast gaat doen. En stevig doorvragen wat de premier nu echt gaat doen aan het klimaat! 🌍 ",1,2019-02-12T20:07:36.000Z
"Vandaag canvassen met @D66DenHaag! Ieder weekend gaan zij de deuren langs, vandaag ging ik met ze mee. 💬 #ingesprekmet #D66 #kiesvoordetoekomst ",1,2019-02-09T16:06:00.000Z
"Een fantastisch initiatief: @YouthforClimate kreeg gisteren duizenden scholieren op de been! 💪

Hoog tijd dat Rutte ze uitnodigt om te praten over het klimaat. Vind jij ook dat de #klimaatspijbelaars een uitnodiging verdienen van de premier? Retweet! 
",1,2019-02-08T09:27:21.000Z
"Vandaag is het vijf jaar geleden dat Els Borst overleed. In haar geest werkt @piadijkstra nog steeds aan de vrijzinnige agenda van D66. 

Els Borst wilde euthanasie niet alleen op medische grond. Want naast waardig ouder worden, is er waardig sterven.
",1,2019-02-08T08:38:47.000Z
"Alle klimaatdrammers verzamelen! 📣

Ik hoor jullie. Ik zie jullie. Hier loopt de nieuwe generatie. Hier loopt het ‘draagvlak’. Hier loopt de toekomst!

#YouthforClimate #klimaatspijbelaars #klimaatstaking ",1,2019-02-07T12:00:30.000Z
"Els Borst zei ooit: “D66 loopt vooruit, en anderen volgen aarzelend. Dat heet politieke moed.” 

Ze liep zelf voorop. Voor de vrijheid van mensen. Vandaag herdacht het @ElsBorstNetwerk de eerste vrouwelijke vicepremier.

Lees hier de prachtige ode aan Els:
",1,2019-02-05T19:34:13.000Z
"Niemand is voor onbetaalbare klimaatplannen. Maar Nederland is nu het vieste jongetje van de klas. 

D66 wil een #klimaatakkoord met betaalbare oplossingen voor mensen en scherpe afspraken met bedrijven. “Voor een land dat we door willen geven.”
",0,2019-02-05T08:41:25.000Z
"Ik ben blij dat alle partijen wilden nadenken over nieuwe oplossingen en dat we nu samen deze stap hebben gezet. 

Het is goed nieuws dat vele kinderen nu alsnog onder het #kinderpardon zullen vallen en dus in Nederland blijven.",1,2019-01-29T22:03:47.000Z
"🇪🇺 D66 lanceert iets nieuws vandaag! Alle pro-Europeanen en mensen die vinden dat onze toekomst ín Europa ligt kunnen meedoen. 

Word Supporter van Europa. Daarmee steun je ons pro-Europese geluid. Meld je direct aan 👇
",1,2019-01-26T16:40:36.000Z
"De uitspraak van de rechter was duidelijk. We leven in een rechtsstaat, dus de overheid moet zich aan die uitspraak houden. 

Er is geen tijd te verliezen. Het kabinet moet aan de bak! #klimaatzaak
",0,2019-01-25T13:48:14.000Z
"D66 is voor een sterk Europa. Daarom organiseren we zaterdag samen met andere pro-Europese partners hét Europa event! 🇪🇺 Want onze toekomst ligt in Europa. 

🗓 Zaterdag 27 januari 
📍 BOZAR, Brussel 

Meer info &amp; laatste tickets. 👇
",1,2019-01-22T18:53:42.000Z
"Fijn nieuws! Nederland staat te springen om al dat talent en al die vakmensen die we nu keihard nodig hebben: aan het bed, in de klas en als makers van de nieuwe economie. 

D66 kiest voor de toekomst. Daarom doen we vandaag!
",1,2019-01-17T11:04:35.000Z
Dienstmededeling: Vanaf vandaag neemt @svanweyenberg het stokje als vice-fractievoorzitter over van @KeesVee én heet ik @swsjoerdsma welkom als nieuw lid in ons fractiebestuur! Kees blijft uiteraard in de fractie als onze man voor Digitalisering en Europa #D66 #TK,1,2019-01-16T14:56:43.000Z
"Deal May is weggestemd. Na een campagne met valse beloftes over #Brexit en politici die geen verantwoordelijkheid willen nemen, nu chaos en onzekerheid. Wat D66 betreft blijven de Britten welkom ín de EU.
",0,2019-01-15T20:08:32.000Z
Gratis tip: voor een sterk Europa is het beter om op een partij te stemmen die de verkiezing wel belangrijk vindt. 😉 #Europa #D66 #veiligheid #migratie #klimaat ,1,2019-01-13T13:28:48.000Z
"De aanpak van de klimaatcrisis gaat over de toekomst van onze kinderen. Daarom heb ik afspraken met de heer Dijkhoff. Halvering van de uitstoot in 2030 en een eerlijke verdeling van de lasten. Daar houd ik hem aan. Een man een man, een woord een woord.

",1,2019-01-12T08:47:14.000Z
"Met het #Klimaatakkoord zet Nederland concreet stappen richting ‘Parijs’. 

Natuurlijk is er ook kritiek. Maar sommigen geven de strijd al op voordat die begonnen is. Ik wil deze strijd wél aangaan. Dat zijn we aan onze #toekomst verplicht.

",1,2019-01-02T08:54:19.000Z
"Ik had zelf misschien een andere kop gekozen, maar ach 😉 Wát een jaar was 2018! Met @gelderlander blikte ik terug én keek ik vooruit.

Lees het hele interview ⤵️
",1,2018-12-30T08:23:04.000Z
"Dit concept-klimaatakkoord bestaat uit ruim 600 afspraken voor de toekomst. Zo is de politiek op z’n best. Als het leiderschap toont. 

Niet stilzitten, maar in actie komen. Met één duidelijk doel: een schone toekomst voor deze en volgende generaties.

👉 ",1,2018-12-21T15:29:44.000Z
Na jaren praten een belangrijke stap vooruit bij loondoorbetaling ziekte. Goed voor kleine ondernemers met behoud van de rechten van zieke werknemers. Minister @wkoolmees en de polder laten zien dat samenwerken nog altijd loont ,1,2018-12-20T12:51:28.000Z
Brede steun in de Tweede Kamer voor de #Klimaatwet. NL kiest voor 95% minder broeikasgasuitstoot en 100% CO2-vrije energieproductie in 2050. Trots op dit resultaat en de samenwerking met #teamKlimaat ,1,2018-12-19T19:40:47.000Z
Wij maakten voor de verkiezingen een afspraak met Nederland: wie werkt gaat erop vooruit. Als de economie groeit moeten mensen dat merken. Goed dat dit vanaf 1 januari ook echt gebeurt! #D66 ,1,2018-12-19T12:05:27.000Z
"Schokkende cijfers in @volkskrant vandaag. Vanwege hun geaardheid worden lhbti-leerlingen ook in 2018 nog uitgescholden, gepest of zelfs bedreigd. 

Werk aan de winkel dus! Ieder kind moet zich veilig voelen op school. 💜 #paarsevrijdag 
",0,2018-12-14T12:05:04.000Z
"Leestip voor wie zich tijdens de feestdagen eens wil verdiepen in het gedachtegoed van D66: de longread ‘Wat is sociaal-liberalisme?’ van de @VMStichting, ons wetenschappelijk bureau 👇
",1,2018-12-13T13:14:35.000Z
"Willen we samen voor een schone toekomst zorgen, dan zal het anders moeten. 

Wie groen is, moeten we helpen. Wie vervuilt, moet betalen. Bijvoorbeeld met een belasting op uitstoot van vervuilende CO2. 
",1,2018-12-12T07:22:26.000Z
"""Er is geen tijd te verliezen.""
""We moeten nu in actie komen.""
""Nu de omslag maken naar duurzame energie. Nieuwe banen creëren.”

Vandaag t/m vrijdag ben ik bij de VN Klimaattop in Katowice. Onze @minpres was er al eerder met een heldere boodschap ⤵️🌍 #COP24 ",1,2018-12-11T07:31:02.000Z
"De Britten, maar ook Nederland en andere EU-lidstaten hebben behoefte aan duidelijkheid, niet aan politieke chaos. 

Het is in het belang van alle Europeanen dat de Britten verantwoordelijkheid nemen. 

#Brexit #WeWantYouBack
",0,2018-12-10T16:14:17.000Z
Te gast bij @NPORadio2. Met @GijsStaverman gesproken over muziek (van Kraantje Pappie tot Marvin Gaye) en fitnessen met @ikbendries. Vergeet niet te stemmen voor de #Top2000 via ,1,2018-12-07T12:26:33.000Z
"Vandaag zit ik met 6 collega-Kamerleden in Vak K. Zeven partijen van links tot rechts verdedigen een historische #Klimaatwet. Voor een leefbare wereld, nu en in de toekomst 💚 #D66 #GL #PvdA #SP #VVD #CDA #CU ",1,2018-12-06T10:18:24.000Z
"Verontrustende cijfers over de CO2-uitstoot. De urgentie is groter dan ooit, maar er liggen ook volop kansen! Bijv voor duurzame energie, goed geïsoleerde huizen en schone auto’s. Tijd voor actie! #Klimaat #D66 ",1,2018-12-05T21:08:56.000Z
Teken net als minister @SigridKaag de Universele Verklaring van de Liefde. Jij vindt toch ook dat alle liefdes in de wereld het waard zijn om te beschermen? ,1,2018-12-01T12:58:45.000Z
"Goed dat Nederland instemt met het VN-migratiepact. Internationale afspraken over gereguleerde migratie zijn in het Nederlands en Europees belang #Marrakesh #Europa #VN
",1,2018-11-30T16:07:24.000Z
"Goed dat kabinet €500 miljoen reserveert voor sneller terugdringen CO2-uitstoot.

Slimme maatregelen voor #Urgenda zijn ook nuttig voor #Klimaatakkoord. Bijv extra isolatie huizen en het eerder sluiten van de Hemweg kolencentrale 

",1,2018-11-30T11:08:50.000Z
"Veel mensen delen vandaag hun persoonlijke verhaal #sorryJohan 🌈. Stoer, dapper en helaas nog altijd nodig. Hoewel NL vrij tolerant is voor de roze gemeenschap, is de emancipatie &amp; acceptatie nooit af. Lees mijn verhaal hier: ",1,2018-11-29T10:49:34.000Z
"Deal is beter dan no deal, maar we hebben niets te vieren vandaag. Een tragische dag voor alle Europeanen - Brits of niet #brexit #wewantyouback

",0,2018-11-25T10:11:46.000Z
Na de uitzonderlijke uitslag van 2014 zetten we een stapje terug bij de herindelingsverkiezingen. Dank aan de honderden vrijwilligers en alle kandidaten voor een mooie campagne! Nu op naar goede samenwerking in de nieuwe gemeenteraden. #D66,1,2018-11-21T23:15:16.000Z
Vandaag kiezen ruim 700.000 Nederlanders een nieuwe gemeenteraad. Ik wens alle kandidaten van D66 veel succes. Dank aan de vrijwilligers en succes met de laatste loodjes van een geweldige campagne! #D66 #stemD66 ,1,2018-11-21T08:29:44.000Z
"Een historisch moment! Zojuist stemde de Eerste Kamer met twee derde meerderheid voor mijn voorstel om de Kroonbenoeming van de burgemeester uit de Grondwet te halen. 

D66 is hier al sinds de oprichting mee bezig. Een korte terugblik 👇 ",1,2018-11-20T13:24:59.000Z
Volg nu live op @NPOpolitiek het allereerste #Kindervragenuur ,1,2018-11-20T11:45:35.000Z
"Racistische leuzen schreeuwen en eieren gooien naar vreedzame demonstranten. Met kinderen ernaast. Dat is het niveau van de zwarte pietendiscussie.

Wat mij betreft hebben we met roetveegpieten en gekleurde pieten een mooi alternatief voor een Sinterklaasfeest voor iedereen. ",0,2018-11-20T09:23:51.000Z
"Op campagne met @D66Groningen! Aanstaande woensdag zijn hier herindelingsverkiezingen. 

Tientallen vrijwilligers zijn zelfs helemaal uit Noord-Brabant gekomen om te helpen. #toppers #stemD66 ",1,2018-11-18T13:50:19.000Z
"Van de congressen van @D66Limburg, @D66Overijssel en @d66gelderland tot de campagnes van @D66WestBetuwe en @D66Beekdaelen: wat een plezier vandaag zoveel D66’ers te zien. Dank aan alle vrijwilligers en veel succes woensdag! #D66 ",1,2018-11-17T17:33:25.000Z
"Goed nieuws, er komen veel meer ☀panelen op schooldaken! 

D66 &amp; CU vroegen voor de zomer al aandacht voor de Schooldakrevolutie. Nu komt er een speciaal fonds voor dit initiatief.👇
",1,2018-11-12T10:47:03.000Z
"Mijn laatste stop van vandaag: het introductieweekend voor nieuwe leden van de @JongeDemocraten. Dit keer in Almere. Dank voor alle leuke, scherpe vragen en tot de volgende keer! #JD #D66 ",1,2018-11-10T19:00:31.000Z
"Vandaag op campagne in Haarlemmermeer, Noordwijkerhout en Hoeksche Waard voor de verkiezingen van 21 november. En met leden in gesprek bij de regiocongressen van @d66zh en @D66NoordHolland #D66 ",1,2018-11-10T16:24:20.000Z
"🇪🇺 Fantastisch nieuws dat de En Marche beweging van President Macron zich aansluit bij het pro-Europese midden!

Dit is wat wij wilden. Het progressieve midden slaat de handen ineen. Volle kracht vooruit voor een beter Europa. 

Ik kijk uit naar de samenwerking!",1,2018-11-09T11:18:07.000Z
Vanavond was ik in Sneek te gast bij @D66Fryslan. Lijsttrekker @romkedejong presenteert vanavond de kandidaten voor de provinciale verkiezingen van 2019. Samen op naar een mooie campagne! #D66 #Fryslan ,1,2018-11-08T19:41:56.000Z
Vanavond genoten van #DePremière. Een geweldige voorstelling van @eamvanrijswijk over 100 jaar vrouwen in de Nederlandse politiek. Zoals Els Borst al zei: “De politiek is te belangrijk om alleen aan mannen over te laten!” ,1,2018-11-07T20:58:44.000Z
Op deze dag 100 jaar geleden hield de eerste vrouw haar maidenspeech in de #TweedeKamer. Op deze memorabele dag een bankje vol met oud-Kamerleden. Wel nog altijd werk aan de winkel voor meer vrouwen in de politiek! #DePremière ,1,2018-11-07T20:01:51.000Z
"Democraten winnen meerderheid in het Amerikaanse Huis. Hoop wint van haat. Democratie wint van onverschilligheid: opkomst overtreft hoge verwachtingen.

Nu is het aan politici om te laten zien dat samenwerken kan winnen van verdeeldheid. 

#ForThePeople #USMidtermElections",1,2018-11-07T07:12:00.000Z
Als oud-raadslid weet ik hoe hard mensen soms werken voor hun dorp of stad. Zeker in kleine gemeenten was de waardering jarenlang te laag. Minister @KajsaOllongren verhoogt nu de vergoeding voor #raadsleden. Goed voor de lokale democratie ,1,2018-11-05T19:15:25.000Z
"Karel Janssen is 40 jaar lid van @D66 en was 25 jaar actief voor onze afdeling Land van Cuijk. Voor zijn jarenlange  inzet ontving hij zojuist de Jet de Bussy Penning. Karel, bedankt! #D66 ",1,2018-11-03T17:04:38.000Z
Vanavond zijn @jaapvelema (Westerwolde) en @Daphne_Bergman (Beuningen) door de gemeenteraden van die twee gemeenten voorgedragen als burgemeester. Gefeliciteerd en veel succes! #D66,1,2018-10-30T20:36:11.000Z
DNB: CO2-heffing is goed voor het klimaat en kan leiden tot minder werkloosheid. Ook @D66 wil dat vervuilers betalen zodat we uitstoot bij de bron aanpakken. Goed dat kabinet CO2-heffing uitwerkt met de Klimaattafels #Klimaatakkoord ,1,2018-10-30T06:45:20.000Z
Deze weken bezoek ik alle regioafdelingen van @D66. Dit weekend was ik te gast bij de Brabantdag van @D66Brabant en het regiocongres van @D66Zeeland #D66 ,1,2018-10-28T13:00:25.000Z
De doelstelling van het groenste regeerakkoord ooit is nu ook het doel van het Europees Parlement: 55% minder CO2 in 2030. Diepe buiging voor onze @Gerbrandy die hier lang voor heeft geknokt! #D66 #klimaat ,1,2018-10-25T12:47:42.000Z
Verdrietig nieuws over Wim Kok. De man die stond voor het compromis. Voor samenwerking over grenzen heen. We gaan zijn wijsheid en kalmte missen.,1,2018-10-20T16:30:39.000Z
"🇪🇺 Deze week mocht ik spreken in het Britse parlement over #Brexit. Er moet een wonder gebeuren wil de Britse uittreding niet doorgaan. Maar ik wilde onze vrienden laten weten dat wij er voor hen zijn.

Mijn speech kan je hier teruglezen: ",1,2018-10-19T08:08:46.000Z
"Gisteren zag ik met eigen ogen de gevolgen van #Brexit op de Britse politiek en het leven van mensen in het VK.  

Deze nachtmerrie moeten we in ons land voorkomen. Daarom stel ik voor om het Nederlandse EU-lidmaatschap in onze Grondwet op te nemen. 🇪🇺
",0,2018-10-18T09:16:06.000Z
"It’s a wrap! 🇪🇺 

Maar liefst 100.000 Nederlanders wonen in het VK. Ze maken zich zorgen over hun toekomst na #Brexit. 

Vanavond ging ik erover in gesprek met Nederlanders in het VK. 👇 ",0,2018-10-17T21:40:16.000Z
"We don’t want your money.
We don’t want your jobs.
We don’t want payback.

We want you back.

Zojuist mocht ik spreken ik in de House of Commons over #Brexit.

Thank you @vincecable and @Andrew_Adonis! 🇪🇺 ",1,2018-10-17T19:46:34.000Z
Goed gesprek met oud-vicepremier @nick_clegg over #Brexit: “Jonge mensen willen een toekomst in Europa. Dit weekend gaan opnieuw duizenden jongeren de straat op voor hun Europese rechten. Tijd voor politiek leiderschap.” 🇪🇺 ,1,2018-10-17T15:27:59.000Z
Vandaag en morgen praten Europese regeringsleiders over #Brexit. Wat betekent Brexit voor Britten en Europeanen? Voor NL’ers die in het VK wonen? Ik reis vandaag naar Londen om daarover te praten 🇪🇺 #D66 ,1,2018-10-17T08:19:35.000Z
De komende weken bezoek ik alle regio afdelingen van @D66. Vandaag uiteraard begonnen in mijn eigen provincie bij het regiocongres van @d66gelderland #doemee #D66 ,1,2018-10-13T15:56:00.000Z
"Ik kreeg deze week veel bloemen, kaarten &amp; chocolade. Dank! Maar het allerleukste cadeau is toch wel de talkibot. Handig voor m’n volgende interview met Frits Wester 😉🤖 #roborob ",1,2018-10-13T06:42:07.000Z
"Met @NUnl sprak ik over D66 en mijn drijfveren in de politiek. Lees het hier: 
",1,2018-10-12T15:05:03.000Z
"Vandaag waren zo’n 100 nieuwe leden van @D66 op bezoek in de Tweede Kamer. Een leuk gesprek over mijn knotsgekke eerste week als fractievoorzitter en mijn inzet voor klimaat, het aanpakken van de tweedeling en Europa. Doe ook mee!  ",1,2018-10-12T13:22:21.000Z
"In een vrije samenleving als Nederland maakt het toch niet uit of je op mannen of vrouwen valt? In mijn Nederland in ieder geval niet. #comingoutday  

",1,2018-10-11T06:28:22.000Z
"Welkom @RutgerSchonis! D66 is een fractielid rijker met een hart voor het klimaat. 👇
",1,2018-10-10T15:21:06.000Z
"Zojuist kreeg ik van @APechtold de fractievoorzittershamer. Een grote verantwoordelijkheid, en een nog grotere eer. 

Ik heb er zin in, aan de slag! 💪 ",1,2018-10-09T09:56:05.000Z
"VN: Opwarming aarde tot 1,5 graad beperken om extreme gevolgen voor honderden miljoenen mensen te voorkomen. Niets doen is veel duurder. Daarom ook in NL snel aan de slag met #Klimaatakkoord ",1,2018-10-08T04:59:03.000Z
"De resolutie is aangenomen, incl enkele mooie amendementen. Dank aan alle leden die hebben meegedaan in de voorbereiding en bij het debat vandaag. Nu aan de slag, in de Kamer én lokaal 🗳 #DemocratieVanNu #D66 ",1,2018-10-06T13:54:30.000Z
Een volle congreszaal bespreekt de resolutie en amendementen #DemocratieVanNu. Een jaar debat met alle leden van #D66 leidt vandaag tot een mooi resultaat! ,1,2018-10-06T10:44:53.000Z
Staatssecretaris @Menno_Snel van Financiën: “Het gaat goed met Nederland. We investeren fors in de publieke sector. We vergroenen de belastingen” #D66congres @D66 ,1,2018-10-06T08:52:28.000Z
Voorzitter @JongeDemocraten @DennisvDriel spreekt het ledencongres van @D66 toe in de traditie van de #JD: prikkelend #D66congres ,1,2018-10-06T08:49:48.000Z
"Letty Demmers draagt de voorzittershamer van ons landelijk bestuur over aan @AMSpierings. Letty, bedankt! #D66congres @D66 ",1,2018-10-06T08:15:18.000Z
Wethouder @Mikevandergeld opent het #D66congres in Den Bosch #Brabanthallen #Brabant #D66 ,1,2018-10-06T08:08:07.000Z
"Heel goed dat het kabinet nú in actie komt! #Klimaatakkoord #D66:
✅ Een betaalbare elektrische auto voor iedereen
✅ Meer wind op zee en zon op daken
✅ Bedrijven gaan betalen voor hun vervuilende uitstoot 
✅ Hulp bij verduurzamen van je huis
✅ 1 dec definitieve plannen",1,2018-10-05T11:12:26.000Z
Groot compliment voor @NS_online! Er komen drinkwatertappunten op 200 stations. Goed voor het milieu 🍀 ,1,2018-10-05T05:54:44.000Z
Versterkingsoperatie in #Groningen gaat gelukkig weer langzaamaan van start. Te beginnen aan de Fazanthof in Ten Boer. Hopelijk snel duidelijkheid voor andere Groningse gezinnen 🏡 ,1,2018-10-04T19:34:46.000Z
De @RaadvanState heeft advies uitgebracht over de #Klimaatwet. Het advies en de reactie van de 7 initiatiefnemers ➡️ ,1,2018-10-04T11:37:14.000Z
De #Zevenheuvelenloop is een van de mooiste sportevenementen van Nederland. Sinds kort ben ik ambassadeur van de @7Hloop net als onder andere @emileroemer &amp; @abdelkabenali #running #7H Doe ook mee! ,1,2018-10-03T12:37:24.000Z
Bij financiële beschouwingen citeert @Sneller @D66 premier Rutte uit 1989: “Uitstel van bestrijding van milieuvervuiling betekent dat toekomstige generaties voor hogere kosten staan.” Een hoge milieuschuld kan erger zijn dan een hoge staatsschuld. Daarom tempo met #klimaatakkoord ,0,2018-10-03T11:11:32.000Z
"Ben je tussen de 25-33 jaar, lid van @D66 en heb je zin in een uitdagend, leerzaam en leuk traject? Meld je nu aan voor @d66route66 #Route66 #D66 ",1,2018-10-02T20:18:11.000Z
Minister ⁦@KajsaOllongren⁩ kent 120 miljoen toe aan 27 wijken die als eerste van het Gronings gas af gaan. Mooi dat Rijk en gemeenten samenwerken aan verduurzaming huizen én meer veiligheid voor Groningers ,1,2018-10-01T10:56:59.000Z
“Nederland ligt voor 30% onder de zeespiegel en 60% is kwetsbaar voor overstromingen” - Het is in ons eigen belang om minder broeikasgassen uit te stoten #klimaatakkoord ,0,2018-10-01T06:19:23.000Z
Heldere boodschap Rutte bij wekelijkse persconferentie. Het kabinet werkt hard aan reactie op de Klimaattafels. Binnen éénnweek waarschijnlijk concrete richting voor het #Klimaatakkoord! #D66 #CU #VVD #CDA ,1,2018-09-28T13:41:49.000Z
Goed nieuws van PBL en CPB. Klimaatdoelen zijn haalbaar! Nu politieke keuzes maken zodat we snel een ambitieus #Klimaatakkoord sluiten. ,1,2018-09-28T10:25:14.000Z
In gesprek met @Rekenkamer over wind op zee. De kosten voor de aanleg en exploitatie van windparken dalen fors. Hoe gaan we de komende jaren om met de kosten van de netten op zee? #klimaatakkoord #energie ,1,2018-09-27T08:45:11.000Z
"D66 zet vol in op de fiets en goed OV voor de stedelijke gebieden. Oproep aan minister en staatssecretaris gedaan om nog dit jaar met concrete plannen te komen, samen met de regio’s! #Utrecht #Rotterdam #DenHaag #OV #D66 #VAOMIRT",1,2018-09-25T15:09:45.000Z
"Kamer wil een betere dienstregeling trein op de lijnen Sneek-Leeuwarden en Zwolle-Enschede. Motie @D66, VVD, CDA &amp; CU vraagt kabinet samen met de regio’s nog dit najaar met voorstellen te komen #spoor #OV ",1,2018-09-25T14:44:46.000Z
"Het is op een aantal plekken in NL erg druk in de trein. @D66, CU, CDA en VVD willen dit najaar voorstel van het kabinet voor extra capaciteit spoor op de lijnen Arnhem-Zwolle en Helmond-Eindhoven #spoor #OV ",1,2018-09-25T14:39:59.000Z
Sterk staaltje onderzoeksjournalistiek #BBCAfricsEye #Cameroon ,1,2018-09-25T05:59:55.000Z
Door bedrijven en sectoren met elkaar te verbinden kunnen we reststromen slim inzetten en veel CO2 besparen. Het #Klimaatakkoord is de plek om die verbinding te maken. Benieuwd naar concrete ideeën van VNO! ,1,2018-09-25T05:45:41.000Z
"Groene daken zijn een enorme kans: voor vlinders en bijen, opvang regenwater, natuurlijke airco, minder geluidsoverlast en ga zo maar door! Handige infographic van @GreenDealGD #groenedaken #klimaat ",1,2018-09-24T18:59:43.000Z
"Na besluit gaswinning af te bouwen, zijn we er nog niet. Schades afhandelen moet beter, versterking huizen moet sneller, samen werken aan perspectief. Dank aan alle Groningers die vandaag input gaven aan Kamercommissie EZK #Groningen ",1,2018-09-24T18:14:10.000Z
"Vandaag is de Kamercommissie EZK in #Groningen voor gesprekken over afbouw gaswinning en de problemen met schades, versterking en perspectief. We trappen af met een indrukwekkende videoboodschap van Groningers. Zie ⤵️ ",1,2018-09-24T08:47:55.000Z
De vereniging Groninger Dorpen houdt komend jaar een Kindertop voor 500 jongeren uit het aardbevingsgebied. Vanmiddag praat Kamercommissie EZK ook met jongeren over hun ervaringen en ideeen voor de regio #Groningen ,1,2018-09-24T05:13:07.000Z
"Premier Rutte steunt oproep Pechtold: Naast voorkomen verdere opwarming van de aarde, moeten we ook zorgen voor klimaatadaptatie. Slim inspelen op extremer weer in NL én kwetsbare landen #APB18 #klimaat #D66",1,2018-09-21T14:14:18.000Z
"Nederland werkt aan 49% minder CO2-uitstoot in 2030, maar wil met EU-kopgroep inzetten op 55%. Buma en Pechtold roepen Rutte op z’n leiderschap meer in te zetten voor een hoger Europees doel #APB18 #D66",1,2018-09-21T14:11:29.000Z
Afschuwelijk. Veel sterkte voor alle nabestaanden 🙏🏽 ,1,2018-09-20T07:56:57.000Z
Pechtold: “Minister Kaag zat dit jaar met een volledig vrouwelijke delegatie de VN-Veiligheidsraad voor. Een krachtig signaal. Die dag bestuurden vrouwen op initiatief van NL de wereld. Meer dan een symbolisch statement” #D66 #APB18,1,2018-09-19T17:33:18.000Z
Pechtold roept minister Wiebes op het #Klimaatakkoord nu handen en voeten te geven. Een goed klimaat en een eerlijke transitie vraagt om politiek leiderschap en daden van het kabinet #APB18 #D66 ,1,2018-09-19T17:20:54.000Z
Pechtold: De staatsschuld én de klimaatschuld zijn even belangrijk om aan te pakken voor de generaties na ons. Bedrijven zijn samen mede verantwoordelijkheid voor de omslag naar een schone toekomst #APB18 #D66,1,2018-09-19T17:16:02.000Z
Buma bevestigt na wat mistbanken deze zomer: Afspraak is afspraak voor 49% CO2-reductie. Mooi! Samen aan de slag voor een beter klimaat en eerlijke transitie! #klimaatakkoord #D66 #CDA #APB2018,1,2018-09-19T15:19:54.000Z
"Het kabinet investeert in goede bereikbaarheid, ook per fiets en trein. Zo zetten we weer een stap naar meer treinen tussen Amsterdam-Utrecht-Arnhem-Nijmegen #spoor #D66 ",1,2018-09-18T15:54:22.000Z
Vandaag op #Prinsjesdag was @Ashleykars (lijsttrekker @D66WestBetuwe) een van de gasten van de Tweede Kamerfractie @D66. Op naar een mooie uitslag bij de herindelingsverkiezingen! #D66 ,1,2018-09-18T15:11:56.000Z
De #Troonrede over klimaatbeleid ⤵️🍀 ,0,2018-09-18T12:27:34.000Z
"Mooie woorden #Troonrede over het klimaat. We zadelen volgende generaties niet op met een torenhoge staatsschuld, dus ook niet met een uitgeputte en opgewarmde aarde! Snel aan de slag met #Klimaatwet en #Klimaatakkoord #D66",1,2018-09-18T11:51:57.000Z
We zijn er klaar voor! #Prinsjesdag #Prinsjesdate #D66 ,1,2018-09-18T08:35:26.000Z
Door dalende kosten van wind op zee en warmtepompen kunnen onze huizen sneller en goedkoper overstappen van Gronings gas naar duurzamere alternatieven. Bij #klimaatakkoord zorgen voor goede financiering en waar nodig subsidies woningeigenaren ,1,2018-09-18T07:07:21.000Z
"‘De trein krijgt vleugels’. Kabinet, @NS_online en @ProRail zetten vol in op snellere trein #Amsterdam - #Berlijn. Van 6,5u naar 4u 🚅🍀 @SvVeldhoven #D66 #spoor ",1,2018-09-17T06:04:27.000Z
Geweldig event van @GreenCapital18 #Nijmegen tijdens de autoloze zondag van @mobiliteitsweek: een picknick met 1000 man op de Waalbrug ,0,2018-09-16T11:11:06.000Z
"Aardwarmte kan een deel van onze gasbehoefte vervangen, bijv in de glastuinbouw. Zojuist bezoek gebracht aan Middenmeer (N-H) waar locatie gaswinning Vermilion wordt omgebouwd naar geothermie #aardwarmte #energietransitie #duurzaamheid #D66 ",1,2018-09-14T16:23:47.000Z
De Gelderse Streken presenteren zich tijdens een heerlijk én gezond ‘Diner van de Toekomst’ van @provgelderland. Compliment voor de examenleerlingen van de Cas Spijkers Academie @rocnijmegen #Prinsjesfestival #Gelderland ,1,2018-09-13T19:18:08.000Z
"De Kamercommissie EZK houdt vandaag van 10.00 tot 13.30 een hoorzitting over #zoutwinning in NL. We spreken medeoverheden, bedrijven, experts en belangengroepen. Live te volgen in de Kamer of via de site ⤵️ ",1,2018-09-12T06:20:58.000Z
Vanavond ben ik even terug op mijn oude honk: ⁦@JDArnhmNijmgn⁩. Vanaf 20u ga ik graag met je in gesprek over de #Klimaatwet en het #Klimaatakkoord #D66 #JD  ,1,2018-09-10T15:10:47.000Z
Belangrijke impuls voor schoner busvervoer! @NS_online zet vanaf 2019 bussen op frituurvet in. NS is een van de grootste opdrachtgevers voor de touringcarmarkt ,1,2018-09-10T07:45:31.000Z
Veel succes @BoyanSlat @TheOceanCleanup 🍀 ,1,2018-09-08T07:19:32.000Z
Dubbelspoor Zevenaar-Didam komt dichterbij. Belangrijk voor bereikbaarheid #Achterhoek! #spoor #D66 ,1,2018-09-07T09:30:41.000Z
D66-Kamerlid @piadijkstra wil dat de dialoog in de samenleving rondom medisch-ethische kwesties wordt aangewakkerd. Minister De Jonge gaat op haar verzoek burgerfora over deze belangrijkste thema’s faciliteren #D66 #DemocratieVanNu ,1,2018-09-06T19:17:29.000Z
De ‘Grootouders voor het Klimaat’ vragen twee keer per maand voor de Tweede Kamer aandacht voor beter klimaatbeleid. Ook vandaag in de stromende regen. Leuk om even met ze te spreken! @KlimaatGrootoud #D66 ,1,2018-09-06T13:39:34.000Z
"Debat EZ over #InvestNL 💶. Kabinet gaat 2,5mrd investeren in startups, scale-ups en transitieopgaven. D66 wil
 🏦 één loket voor ondernemers; overheveling regelingen naar Invest-NL
📈 duidelijkheid over risico/rendement 
💼 politieke kaders, private aansturing en beslissingen",1,2018-09-06T08:57:36.000Z
Interessant en prikkelend draadje. Dit is een van de kerndiscussies bij #Klimaatakkoord: hoe gaan we om met cruciale innovaties in de industrie die veel CO2 besparen? ,1,2018-09-06T08:56:02.000Z
❤️ #loveislove #pride #india ,1,2018-09-06T07:51:01.000Z
Ludiek jongerenprotest op het Plein in Den Haag tijdens debat Kamercommissie EZK over klimaat en energie 💚🍀 Laat 2018 het kantelpunt zijn. Het jaar waarin we volop inzetten  op een beter klimaat! #klimaatwet #klimaatakkoord ,1,2018-09-05T18:19:40.000Z
Kleine molens zijn beter inpasbaar in het landschap en populair bij dorpen en wijken die als collectief schone energie willen opwekken. Fijn dat minister kijkt of meer steun mogelijk is #energie #aoklimaat #D66 ,1,2018-09-05T15:20:26.000Z
"Bij #AOKlimaat gevraagd om helder beleid van kabinet over herkomst, productie, transport en inzet van #biomassa in NL. Belangrijk voor #Klimaatakkoord gezien de breed gewenste inzet van biomassa ",1,2018-09-05T13:08:47.000Z
"Het zomerreces zit er op. Benut voor wat rust, #DemocratieVanNu en aantal mooie werkbezoeken. Deze week oa:
🌎 hoorzitting over zoutwinning
🍀commissiedebat Klimaat &amp; Energie 
💶 commissiedebat Invest-NL
💚 Politieke 2-daagse @D66",1,2018-09-04T06:22:28.000Z
Woensdag 12 sept hoorzitting Tweede Kamer over #zoutwinning. Bij elke vorm van mijnbouw is kennis van de ondergrond voor de  veiligheid van omwonenden belangrijk!  ,1,2018-09-03T16:25:38.000Z
De eerste maandag na het zomerreces begonnen met 30 minuten stilstaan voor Driebergen-Zeist ivm een kapotte trein 😶 Gelukkig wordt er hier hard gewerkt aan vernieuwing van het station met meer sporen en ruimte voor de intercity! @NS_online @prorail,0,2018-09-03T06:18:42.000Z
"Dappere Zweedse scholier staakt voor een beter klimaat. Niet alleen voor haar toekomst, maar voor die van ons allemaal! #klimaat #duurzaamheid ",1,2018-09-02T14:41:28.000Z
Dank aan alle @D66 leden uit Zeeland en Noord-Brabant die vanavond in Eindhoven aanwezig waren bij de bijeenkomst over #DemocratieVanNu. Zaterdag om 15u zijn we in Zwolle! ,1,2018-08-29T20:05:20.000Z
Een mooi voorbeeld waarom @D66 in #DemocratieVanNu pleit voor transparantie over en een waakhond die toeziet op het gebruik van algoritmes door bedrijven én de publieke sector ,1,2018-08-29T12:32:29.000Z
"Ruim honderd @D66 leden bij de eerste informatiebijeenkomst over #DemocratieVanNu. Morgenavond zijn we in Eindhoven, zaterdag in Zwolle. Doe en denk mee! #D66 #democratie ",1,2018-08-28T18:18:51.000Z
"Democratie van Nu: 15 voorstellen van @D66 om onze democratie te versterken. Iedereen die dat wil, moet op een toegankelijke manier kunnen meedoen aan de politiek. Zin om in de Kamer met de voorstellen aan de slag te gaan! ",1,2018-08-28T10:08:58.000Z
Wie gaat volgend jaar de @D66 lijst voor het Europees Parlement trekken? Vanavond presenteren de kandidaten zich in #Nijmegen 🇪🇺💚 @Felix_Klos @MarietjeSchaake @SophieintVeld  ,1,2018-08-27T05:26:12.000Z
Stoerste brandweervrouw van Nederland ❤️ @volkskrant @volkskrantmag #inbeeld ‘een nieuw begin’ ,1,2018-08-25T07:32:51.000Z
"Groen gas, waterstof en nuttige mineralen uit afval, mest, biomassa of bijv rioolslib halen? In #Alkmaar laten @Gasunie &amp; #SCW zien dat het kan. Schoon, betaalbaar en snel op te schalen. Boeiend werkbezoek samen met @AMSpierings &amp; @JackvanderHoek #D66 ",1,2018-08-22T11:31:55.000Z
"Raadslid, wethouder, Statenlid of gedeputeerde voor @D66? Begin je politieke jaar goed tijdens de Politieke 2-daagse op 7&amp;8 sept. Onze bewindspersonen en de EK-, TK- en EP-fractie zijn ook aanwezig. Meld je aan via ",1,2018-08-22T08:22:25.000Z
Vandaag naar #NoordHolland voor enkele werkbezoeken rondom de energietransitie. Gedeputeerde @JackvanderHoek laat me een aantal innovatieve bedrijven zien die bezig zijn met oa biomassa en waterstof. Daarna door naar circulair paviljoen #CIRCL van @ABNAMRO #D66,1,2018-08-22T06:34:05.000Z
De komende jaren wil @D66 een flinke uitbreiding van wind op zee. Vandaag een kijkje mogen nemen bij voorbereiding van windpark #Borselle 1 &amp; 2. Goed om intensieve betrokkenheid van NLse bedrijven te zien! 🍀 #duurzaam #D66 ,1,2018-08-21T17:11:36.000Z
"#Drechtsteden werkt aan warmtenetten als alternatief voor Gronings gas. Vandaag in gesprek met @GemDordrecht, @woonkracht10, @Stedin en #HVC over wijkgerichte aanpak, verduurzaming, rol overheden en bescherming consument ",1,2018-08-21T12:25:27.000Z
"Vandaag 2 werkbezoeken over de energietransitie:
🏡 In #Dordrecht worden @JessicaVanEijs &amp; ik bijgepraat over de uitrol van warmtenet #Drechtsteden
🍀 In #Schiedam krijg ik een update over voorbereidende werkzaamheden voor windpark op zee Borssele 1 &amp; 2 
#D66",1,2018-08-21T05:20:58.000Z
Nieuwe studenten: welkom in #Nijmegen! @D66 &amp; @JongeDemocraten wensen je een fijne intro en veel studieplezier 💚 #radbouduni #HAN #ROC #D66 ,1,2018-08-20T14:56:38.000Z
"EU-prijs voor uitstoot van broeikasgassen bereikte gisteren het hoogste niveau in 10 jaar: €18,28. Bedrijven anticiperen op aanpassingen #ets systeem vanaf 2019 #klimaat #Europa ",1,2018-08-16T06:42:17.000Z
"Vanavond was ik te gast bij @D66Drenthe. Leuke, interactieve discussieavond over democratie als input voor het verkiezingsprogramma voor Provinciale Statenverkiezingen 2019 #D66 #Drenthe ",1,2018-08-15T20:14:39.000Z
Werkbezoek gebracht aan gasopslag in #Norg van @NAMbv. Goed gesprek over het belang van snelle afbouw van winning Gronings gas en de rol van de gasopslag in de komende jaren. #gaswinning #Groningen #D66,1,2018-08-15T16:54:42.000Z
Iets voor NL? ‘Politieke Tinder’ waarmee duizenden mensen met tegenovergestelde politieke opvattingen bij elkaar komen voor een goed gesprek. Mooi stuk @nrc @JuurdEijsvoogel over #deutschlandspricht ,1,2018-08-14T06:24:08.000Z
"D66-Kamerlid @GroothuizenD66 zet justitie-ervaring in binnen- &amp; buitenland in voor sterke rechtspraak in NL: 
⚖️ doorzetten spreekuurrechter
⚖️ betere selectieprocedure rechters
⚖️ meer diversiteit in de rechtspraak
⚖️ toegankelijk taalgebruik
#D66 #veiligheid #AD ",1,2018-08-14T06:03:58.000Z
Mooi nieuws uit #costarica: verbod op openstelling huwelijk voor mensen van gelijk geslacht is niet toegestaan #loveislove #pride ,1,2018-08-10T09:27:58.000Z
Vandaag was ik met @jpaternotte op bezoek bij de @JongeDemocraten en dat leverde dit mooie plaatje met vier (oud)voorzitters van de JD op! @DennisvDriel neemt binnenkort het stokje over van @BrongersK. Succes! #JongeDemocraten #D66 ,1,2018-08-09T12:29:43.000Z
Zo trots op @susankrumins ❤️🇳🇱 #teamNL #EKatletiek #SevenHills ,1,2018-08-08T19:35:08.000Z
Heerlijke afsluiting van een zomerse dag in het #RijkvanNijmegen: zwemmen in de #Bizonbaai samen met mijn ❤️ en 🐶 #Ooijpolder #Nijmegen #Ooij #BergEnDal ,1,2018-08-07T18:05:53.000Z
Iedereen heel veel plezier gewenst bij #PrideAmsterdam #CanalParade #liefdeisliefde #loveislove #D66 ,1,2018-08-04T08:28:47.000Z
"Op het oog simpele, maar slimme bijdrage aan meer veiligheid. Uiteindelijk willen we natuurlijk van alle overwegen af - “ProRail wil knalgele spoorwegovergangen, want dat is veiliger” /via @NOS #spoor #D66 #ProRail ",1,2018-08-01T09:23:58.000Z
"Realisatie ‘Gezicht van #Nijmegen’ weer een stapje dichterbij. Je kan bijdragen aan dit geweldige kunstwerk bij Fort Knodsenburg op stadseiland Veur-Lent door de button te kopen bij @Stevenskerk, VVV/ANWB, @ValkhofMuseum of @DekkervdVegt ",1,2018-07-28T09:29:12.000Z
"Hoe kunnen we met nieuwe innovaties producten maken die goed zijn voor mens, milieu, dier en klimaat? Interessant werkbezoek aan @DSM &amp; @BPF_pilotplant #Delft #D66 ",1,2018-07-25T15:10:22.000Z
"Bezoek AVR en @Nuon in #Duiven. In gesprek over Klimaatakkoord, aanleg en verduurzaming warmtenetten, rol van afvalverwerkers in circulaire economie, wind op zee en waterstof 🍀 #duurzaamheid #D66 #werkbezoek ",1,2018-07-23T12:48:31.000Z
Dank aan Jorn Pruntel voor een kijkje in de keuken bij @ASSETRail. Goed gesprek over ontwikkelingen in de markt voor spooronderhoud. Onder de indruk van slimme innovaties die het bedrijf toepast voor preventief onderhoud #spoor #werkbezoek #D66 ,1,2018-07-23T09:47:56.000Z
Gefeliciteerd @DelftHyperloop met jullie tweede plaats bij de #Hyperloop competition! ,1,2018-07-23T05:54:48.000Z
Het NLse #VanOord mag in Duitsland twee windmolens op zee bouwen met Mono Bucket fundering: minder overlast voor vissen bij de bouw en na levensduur windmolen volledig te verwijderen! #innovatie #duurzaamheid ,1,2018-07-22T20:06:32.000Z
"Sinds kort is #Nijmegen een museum rijker: @DeBastei. Ontdek in een prachtig gebouw op een historische plek de geschiedenis en het heden van de stad, de rivier en de natuur in het Rijk van Nijmegen #bastei #Waal #Ooijpolder ",1,2018-07-22T14:17:17.000Z
Twee fantastische mensen! @PauldeRook @AnneKuik gefeliciteerd ❤️ ,1,2018-07-21T07:34:17.000Z
Prachtige stations met bijzondere kunst op de #NoordZuidLijn #Amsterdam ,1,2018-07-21T07:25:25.000Z
Vandaag opening #NoordZuidLijn Amsterdam. @AT5 ,1,2018-07-21T07:23:53.000Z
Geweldig nieuws! VDL neemt Siemens Hengelo over en 470 vaste arbeidsplaatsen blijven behouden #siemens #hengelo #VDL ,1,2018-07-20T10:14:14.000Z
"De Tweede Kamerfractie van @D66 is op zoek naar een nieuwe beleidsmedewerker voor de thema’s circulaire economie, milieu en water. Iets voor jou? Check de #vacature #D66 ",1,2018-07-20T09:02:49.000Z
"Sinds dit voorjaar levert @D66Nijmegen twee wethouders in het College van B&amp;W. @Esselbrugge is wethouder van oa Financiën, Economie, Binnenstad &amp; Toerisme. Mooi portret! @ElsBorstNetwerk #D66 ",1,2018-07-19T05:20:46.000Z
Nijmegen: mooiste week van het jaar ❤️ #vierdaagse #vierdaagsefeesten #nijmegen ,1,2018-07-17T21:10:40.000Z
"Vervuiling tegengaan met een prijsprikkel, fijn dat @Schiphol die kansen ook ziet. Daarom werkt het kabinet ook aan Europese accijns op kerosine en een nationale vliegtaks voor een eerlijke prijs voor vliegtickets ",1,2018-07-17T08:00:39.000Z
Duitsland krijgt als eerste land treinen op #waterstof! Geweldig alternatief voor dieseltreinen en geen aanleg bovenleiding nodig. In NL zijn ook vergevorderde plannen @Arriva_NL en @provgroningen. #spoor #D66 ,1,2018-07-17T07:58:05.000Z
"Heerlijk lang weekend #London achter de rug! Weerzien met fijne vrienden, Pizza &amp; Politics bij @d66londen, fietstour met @NLGidsLonden en bezoek aan #HouseOfCommons dankzij @Fleur_zegt. Nu met @Eurostar op weg naar huis 🚅🇬🇧🇳🇱 ",1,2018-07-16T15:56:20.000Z
"Vanavond met veel plezier op bezoek geweest bij @d66londen. Na een spannende WK-finale een leuke Q&amp;A over politiek in NL, UK en Europa. Van #brexit tot #klimaatwet #D66 ",1,2018-07-15T21:24:17.000Z
"Ideaal: in enkele uurtjes met de trein van NL naar hartje Londen! Betaalbaar, snel en comfortabel. Ook fijn: nu met contactloze pinpas betalen in de metro! #london #eurostar #ovchip ",1,2018-07-13T18:02:36.000Z
"Eindelijk! Aanpak station #Nijmegen. Volwaardige entree aan westzijde stad en ruimte voor meer treinen met elke 10 minuten een Intercity richting Utrecht, Schiphol en Amsterdam 🚄👍🏽 #D66 #spoor ",1,2018-07-12T15:29:38.000Z
Van meer dan 100 naar bijna 0 onbeveiligde overwegen binnen deze kabinetsperiode - goed dat @SvVeldhoven met @ProRail en gemeenten inzet op een veiliger spoor! #D66 #spoor #veiligheid ,1,2018-07-12T13:38:05.000Z
Belangrijke stappen gezet met hoofdlijnen voor het #klimaatakkoord. De ene klimaattafel concreter en ambitieuzer dan de ander. Nu is het aan het Kabinet om door te pakken! De opwarming van de aarde wacht immers niet op de politiek en polder 🍀 ,1,2018-07-10T13:06:20.000Z
Vanavond Regiovergadering van @D66PSGroningen. Ik ben erbij om met alle #D66-leden in gesprek te gaan over de vele ontwikkelingen rondom #gaswinning en de versterking van #Groningen. Vanaf 20u in Haren ,1,2018-07-10T06:11:16.000Z
Gisteravond een levendige discussie gehad over politieke betrokkenheid en democratie met zo’n 100 D66-leden na korte pitches van @henkbeerten @BrongersK @Borisham @JanTerlouw en mijzelf. Mooi initiatief @D66Arnhem en omliggende afdelingen! #DemocratieVanNu ,1,2018-07-10T05:26:24.000Z
"Prachtige match, geweldig resultaat voor de #rodeduivels 👹🇧🇪 #brabel #belgie #wkvoetbal",1,2018-07-06T19:53:22.000Z
In het regeerakkoord al afspraken gemaakt over betere bescherming #Waddenzee tegen mijnbouwactiviteiten en gaswinning. Nu ook in de wet vastgesteld dankzij amendement @GroenLinks @D66 @ChristenUnie ,1,2018-07-06T09:01:19.000Z
"Sommige Groningers met een schadevergoeding kregen bericht van de Belastingdienst dat zij gekort worden op hun zorg-, huur- of kindtoeslag. Voor @D66, SP &amp; PvdA is dat onacceptabel. De minister bevestigt: NAM en TCMG moeten ook deze “vervolgschade” vergoeden",0,2018-07-05T18:36:00.000Z
"Door te stoppen met #gaswinning wordt het snel veiliger in #Groningen. @D66 wil:
- Alle onveilige gebouwen zsm versterken
- Veilige huizen met versterkingsadvies ook aanpakken
- Zo snel mogelijk duidelijkheid per huis 

Dat is het minste dat we voor Groningen kunnen doen!",1,2018-07-05T14:43:11.000Z
Mooi dat Koning Willem-Alexander een bezoekt bracht aan @GreenCapital18 #Nijmegen ,1,2018-07-04T21:29:38.000Z
Minister @SigridKaag was met premier Rutte op bezoek bij president Trump. Bij #Jinek vertelt ze over haar inzet voor sterke handelsrelaties tussen de VS🇺🇸 en EU🇪🇺 Fijn om een topdiplomate aan tafel te hebben die de rust bewaart en werkt aan oplossingen! ,1,2018-07-04T21:27:08.000Z
Mooi initiatief. Donderdag voert de #TweedeKamer twee debatten met minister Wiebes over versterkingsoperatie #Groningen en wijziging #Gaswet. Live te volgen in Groningen #Euroborg  ,1,2018-07-04T07:20:34.000Z
Van 10.00u tot 14.45u wordt de Kamercommissie EZK bijgepraat over de recente adviezen #Mijnraad over afbouw #gaswinning en versterking huizen #Groningen. Live te volgen via de website ,1,2018-07-04T07:17:25.000Z
Tweede Kamer stemt VOOR initiatiefwet @Vera_Bergkamp @kirstenvdhul &amp; @NevinOzutok om de rechtspositie van #transgender en #intersekse personen te verduidelijken: expliciet verbod op #discriminatie ❤️🏳️‍🌈 #D66 #GL #PvdA,1,2018-07-03T13:51:01.000Z
Felis dia di bandera #korsou ❤️🇨🇼#diadibandera #curacao,1,2018-07-02T10:02:23.000Z
"Tijdens de trouwe leden dag van @D66 gaan we natuurlijk ook met elkaar in gesprek over #DemocratieVanNu. Eind augustus presenteren we onze resolutie, behandeling op ledencongres 6 oktober! #democratie #D66 ",1,2018-06-30T12:43:07.000Z
Collega @jpaternotte interviewt samen met onze trouwe leden staatssecretaris @Menno_Snel &amp; vice-premier @KajsaOllongren #D66 #trouweledendag ,1,2018-06-30T10:06:56.000Z
Trouwe ledendag @D66 #D66 ,1,2018-06-30T09:14:57.000Z
De hal en plenaire zaal van de #TweedeKamer zijn klaar voor de ontvangst van honderden trouwe leden van @D66 die 10 jaar of langer lid zijn van onze mooie vereniging! #welkom #D66 ,1,2018-06-30T08:03:27.000Z
Laatste stop werkbezoek Kamercommissie EZK @GreenCapital18 #Nijmegen is windpark Nijmegen-Betuwe van/voor burgers uit Gelderland. Binnenkort meer wind en een zonnepark ,1,2018-06-29T14:29:33.000Z
Ondernemend stadje #Nijmegen @GreenCapital18 ,1,2018-06-29T13:41:01.000Z
Prachtig uitzicht over @GreenCapital18 #Nijmegen vanaf Erasmustoren @Radboud_Uni. Leuk en concreet gesprek over rol die overheid en onderwijsinstellingen kunnen spelen voor Sustainable Development Goals #SDG #duurzaamheid ,1,2018-06-29T12:16:10.000Z
"Hier staat nu nog een oude kolencentrale, maar binnen enkele jaren twee windmolens en een groot zonnepark 🍀 @ENGIEgroup @GreenCapital18 #Nijmegen ",1,2018-06-29T09:53:18.000Z
"Met Kamercommissie EZK bij afvalverwerker #ARN in #Nijmegen. Hier denken ze niet in afval, maar in grondstoffen, energie en restwarmte. Zelfs luiers en sinaasappelschillen als grondstof! @GreenCapital18 ",1,2018-06-29T09:13:04.000Z
"Na een kort nachtje in Den Haag nu op pad naar #Nijmegen voor werkbezoek Kamercommissie EZK aan @GreenCapital18: bezoeken aan enkele bedrijven die bezig zijn met verduurzaming, een coöperatief windpark en in gesprek met @Radboud_Uni, gemeente en provincie",1,2018-06-29T05:45:34.000Z
Minister EZK moet verschillende typen veiligheid afwegen bij vaststelling hoogte gaswinning. Brede coalitie #TweedeKamer wil dat minister de veiligheid van Groningers zwaarder meeweegt #D66 #VVD #CDA #CU #PvdD #SP ,1,2018-06-28T21:26:39.000Z
Dag en nacht werken voor een veilig en beschikbaar spoor 💪🏽 Dank aan @ProRail #Incidentenbestrijding voor een inkijkje in hun dagelijks werk voorafgaand aan debat #aoERTMS @IenWTweedeKamer ,1,2018-06-28T08:22:30.000Z
Bij #Jinek samen aan tafel: @APechtold @gertjansegers @LodewijkA &amp; @jesseklaver over de #Klimaatwet. Politieke samenwerking van links tot rechts om opwarming van de aarde tegen te gaan. Trots 🍀,1,2018-06-27T21:23:24.000Z
Als @algore het zegt... #klimaatwet 🍀 ,1,2018-06-27T18:51:08.000Z
Trots! D66 presenteert vandaag een historische #Klimaatwet! Door samenwerking met zes andere partijen verbinden we links tot rechts. Dat is hard nodig om de aarde leefbaar te houden voor onze kinderen en kleinkinderen #D66krijgthetvoorelkaar ,1,2018-06-27T14:33:13.000Z
Bij #AOMIRT namens @D66 aan kabinet gevraagd om met regio’s #Utrecht en Rdam-DH te werken aan meer lightrail zoals de #Randstadrail (foto) en pilots om lightrail als metroverbinding in te zetten op het hoofdrailnet #OV ,1,2018-06-27T10:51:14.000Z
"Inzet @D66 op spoor/OV bij #AOMIRT:
🚅 Elke tien minuten Intercity tussen steden. Snellere reistijd van/naar Noord-NL
🚉 Investeren in regionale lijnen, zoals IJssellijn, Zwolle-Enschede en Valleilijn
🇪🇺 Extra internationale spoorverbindingen en vraaggericht OV in grensregio’s ",1,2018-06-27T10:35:54.000Z
"Nederland bereikbaar en leefbaar houden 🌿Zonder overlast van geluid en luchtvervuiling. Door niet alleen te investeren in goed wegdek, maar ook OV en de fiets! 🚄🚲 Daar vragen @MatthijsSienot en ik aandacht voor tijdens #AOMIRT #D66 ",1,2018-06-27T10:31:20.000Z
"Collega’s @MatthijsSienot en ik vragen namens @D66 onder meer naar scenario 55%-reductie, opgave luchtvaartsector, slimme koppeling bereikbaarheid aan woningbouwopgave en betrokkenheid van 17 miljoen ‘mobilisten’ ",1,2018-06-26T14:24:16.000Z
Er wordt deze weken hard gewerkt aan een Nationaal Klimaat- en Energieakkoord. Mevr. Nijhof is voorzitter van de klimaattafel #mobiliteit en praat @IenWTweedeKamer bij over de voortgang 🍀 #klimaat #duurzaam #D66 ,1,2018-06-26T14:07:36.000Z
Dank aan @MarcRosier @AptrootC @RobinPaalvast voor gastvrije ontvangst bij @gemZoetermeer. Potentie #Randstadrail is enorm als Rijk en regio samenwerken aan goed OV als onderdeel van woningbouwopgave! #D66 ,1,2018-06-25T16:06:34.000Z
Werkbezoek @gemZoetermeer over de enorme kansen voor bereikbaarheid metropoolregio met uitbreiding #Randstadrail. Ook kort bezoek gebracht aan nieuw station Lansingerland-Zoetermeer #Bleizo #spoor #OV ,1,2018-06-25T15:44:08.000Z
"Gaswinning in #Groningen zsm naar 0:
✅ NAM zit niet aan tafel, maar blijft wel financieel aansprakelijk voor schades en versterking van huizen
✅ Geen financiële compensatie voor Shell/Exxon voor gas dat in de grond blijft
✅ €1 miljard extra voor toekomst Groningen ",0,2018-06-25T13:00:57.000Z
"Goedemorgen Den Haag! Deze week heb ik 3 debatten (WGO MIRT, AO ERTMS, wijziging Gaswet); enkele technische briefings (oa Klimaattafel Mobiliteit) en werkbezoeken aan @gemZoetermeer en @GreenCapital18 ",1,2018-06-25T07:20:29.000Z
"Schoonbroer @LarsTimmerman wint het #speerwerpen bij #NKAtletiek met een mooie 76,89m 💪🏽🇳🇱🥇 ",1,2018-06-24T16:34:45.000Z
Goede groene ambities van ⁦@SvVeldhoven: “Binnen⁩ vijf jaar moeten twee miljoen passagiers het vliegtuig verruilen voor de trein. Bij een gemiddelde bezetting van 150 passagiers per vliegtuig scheelt dat ruim 13.000 vluchten voor Schiphol.” #D66  ,1,2018-06-21T21:01:49.000Z
"Zondag 15 juli ben ik te gast bij @D66Londen. Tijdens een ‘Pizza &amp; Politics’ mag je me alles vragen over @D66 en mijn eerste jaar in de Kamer. (En ja, ik ga met @Eurostar die kant op) ",1,2018-06-21T20:06:03.000Z
"Na een volle Kamerweek en een lange dag in Den Haag, even genieten van het #WKvoetbal #argKRO #treinleven ",1,2018-06-21T19:51:46.000Z
Tweede Kamer steunde onlangs motie van @D66 voor NLse steun aan hogere EU-doelen voor duurzame energie en energiebesparing. Blijkt belangrijke stap naar hoger CO2-doel voor EU! 🍀 #Parijs #Klimaat ,1,2018-06-21T18:49:41.000Z
Staatssecretaris @SvVeldhoven maakt werk van beter internationaal #spoor. Onderzoek laat zien: 250.000-300.000 reizigers per jaar mogelijk bij Intercity Eindhoven-Venlo-Düsseldorf ,1,2018-06-21T13:37:28.000Z
Remkes presenteert tussenrapportage Staatscommissie Parlementair Stelsel. Aantal interessante oplossingsrichtingen voor versterking van onze #democratie. Eind 2018 definitief rapport. Zie ,1,2018-06-21T12:28:46.000Z
"In #Groningen leiden de aardbevingen, de schadeafhandeling en onzekerheid over versterkingsaanpak overheid tot stress en gezondheidsklachten. Kamercommissie EZK is tijdens aangrijpende hoorzitting bijgepraat door regio en experts ",0,2018-06-21T10:19:09.000Z
Deze maanden veel boeiende discussiebijeenkomsten over #DemocratieVanNu. Trots dat we met @D66 zo’n open debat kunnen voeren. Eind augustus komen we met onze voorstellen over versterking democratie ,1,2018-06-21T06:20:02.000Z
Belangrijk nieuws voor minder werkdruk gemeenteraadsleden. Minister @KajsaOllongren maakt externe voorzitters voor raadscommissies mogelijk. Raadsleden kunnen zich dan focussen op de inhoud! ,1,2018-06-20T17:13:03.000Z
Geweldig! Koning Willem Alexander opende vandaag station #Eemshaven. Vanuit #Groningen &amp; #Roodeschool kan je voortaan tot in de haven komen 🚉 ,1,2018-06-20T16:51:49.000Z
"Door opwarming aarde, ook vaker extreem weer. Goed dat minister Van Nieuwenhuizen #deltafonds wil inzetten voor #klimaatadaptatie en droge voeten ⛈ Is ook de inzet van @MatthijsSienot @D66 ",1,2018-06-20T15:29:23.000Z
Door verplichtingen in Den Haag kan ik vanavond helaas niet bij het spectaculaire concert op de #Spiegelwaal zijn. Veel plezier! @GreenCapital18 #Nijmegen ,1,2018-06-20T14:15:13.000Z
Vanochtend met @IenWTweedeKamer in gesprek met parlementariërs uit Noordrijn-Westfalen over grensoverschrijdend spoor en OV en meer samenwerking op luchtvaart #Nederland #Duitsland #goedeburen ,1,2018-06-20T08:34:14.000Z
In plaats van hoorzitting volgende week volgt er een ruim opgezet werkbezoek met de Kamercommissie EZK #Groningen #gaswinning  ,1,2018-06-19T17:33:59.000Z
Meer goederenvervoer per spoor is goed voor het klimaat en helpt bij het bestrijden van files! We werken ook aan schonere en stillere treinen om overlast omgeving zoveel mogelijk te beperken #spoor #D66 ,1,2018-06-19T13:57:20.000Z
"Meer ruimte op het spoor voor #goederenvervoer! Mooi pakket van @SvVeldhoven &amp; de sector:
💰 Lagere tarieven goederentreinen
🍀 Meer stille en schone treinen
🚉 Ruimte voor extra lange treinen
✅ Investeren in spoorveiligheid 
",1,2018-06-19T11:35:53.000Z
Meer treinen #D66krijgthetvoorelkaar ,1,2018-06-19T05:08:00.000Z
"Kabinet investeert fors in #spoor van/naar en stations in #Amsterdam.
✅ Robuuste stations voor reizigersgroei
🚄 Elke tien minuten een trein op de lijn Alkmaar, Utrecht, Arnhem, Nijmegen
🇪🇺 Station Zuid als internationale hub ",1,2018-06-18T19:47:31.000Z
De @JongeDemocraten houden congres in de @Stevenskerk #Nijmegen met onder andere verkiezing nieuw Landelijk Bestuur en mooie discussies bij sessie #DemocratieVanNu #D66 #JD ,1,2018-06-17T12:56:03.000Z
Kamercommissie EZK is afgelopen uur door dhr. Nijpels bijgepraat over de voortgang van het #klimaatakkoord. Op 10 juli wordt het akkoord op hoofdlijnen gepresenteerd #klimaat #energie #D66,1,2018-06-14T12:39:43.000Z
"Vanochtend was de @JDWageningen op bezoek in de #TweedeKamer. Leuk gesprek met @APechtold erbij over oa coalitievorming, klimaat, landbouw en #Wageningen #D66 #JD ",1,2018-06-14T10:54:48.000Z
"De komende jaren stimuleren we goederenvervoer per #spoor. Dit kan leiden tot meer overlast omwonenden. @D66 wil gerichte maatregelen tegen trillingen en geluidsoverlast in de nacht, bijv aangepaste snelheden ",1,2018-06-14T10:13:14.000Z
Interessant paneldebat gehad over de #energietransitie aan de hand van drie scenario’s van @Equinor_: alleen met consistent beleid en internationale samenwerking is voldoende CO2-reductie mogelijk om #Parijs te halen ,1,2018-06-13T16:21:36.000Z
Het groenste kabinet ooit - @D66 krijgt het voor elkaar 🍀 ,1,2018-06-13T09:52:27.000Z
Wat een geweldig nieuws van @NS_online! Moderne slaaptrein is goed alternatief voor vluchten naar Oostenrijk #trein #Europa ,1,2018-06-13T09:46:31.000Z
Vorige week gaf ik schriftelijk antwoord op de vragen van de @EersteKamer over de Grondwetswijziging deconstitutionalisering Kroonbenoeming. Vandaag bespreekt men in de commissie hoe nu verder #D66 ,1,2018-06-12T05:27:21.000Z
Lekker nieuws van @SvVeldhoven: kwart miljard euro voor een nationaal #fietsplan. Met meer fietssnelwegen en e-bike van de zaak fluitend de autofile voorbij! #fiets #D66 ,1,2018-06-12T05:24:55.000Z
Familiereünie bij de Molen van Jetten met een trotse opa en oma 😍 #Uden #Jetten #familie ,1,2018-06-10T14:03:37.000Z
Een dance- en housefestival dat volledig draait op zonne-energie? In #Nijmegen @GreenCapital18 laat @DriftOmtedansen zien/horen dat het kan! #duurzaam #energie #Drift ,1,2018-06-09T13:29:29.000Z
"Hoe zorgen we voor voldoende nieuwe vakmensen in de spoorbouw? @D66 presenteert actieplan: 
✅ Werken vanaf 16 jaar
✅ Spoormodules voor het MBO
✅ Makkelijker zij-instromen
✅ Statushouders aan de slag 
",1,2018-06-09T06:40:19.000Z
"Stoppen met #gaswinning is belangrijk voor een veilige toekomst. Maar Groningers die al schade hebben, hebben daar niks aan. Zij willen fatsoenlijke afhandeling van schade en versterking van onveilige huizen. Dat gaan we doen! Zonder NAM, met de regio, voor #Groningen",1,2018-06-07T14:05:09.000Z
Goed nieuws voor de veiligheid van #Groningen. Minister Wiebes meldt dat #gaswinning al eind 2020 gehalveerd kan zijn en sneller dan verwacht helemaal naar nul kan! Vanmiddag Kamerdebat over afbouw gaswinning ,1,2018-06-07T05:20:20.000Z
Vanavond zijn we met de #DemocratieVanNu tour in het mooie en warme Breda. In gesprek met @D66-leden over democratische vernieuwing op landelijk én lokaal niveau #D66 #Democratie ,1,2018-06-06T18:57:12.000Z
Beving #Zeerijp van 8-1-18 heeft vertrouwen bewoners diep geschonden. Dit leidt ook tot gezondheidsschade. Op 21 juni houdt Kamercommissie EZK op initiatief van @D66 &amp; CU een rondetafel over de mentale versterking van #Groningen ,0,2018-06-06T07:00:04.000Z
Wiebes bij #Buitenhof: “De #NAM heeft geen plek in de versterking. Dat ga ik wettelijk regelen. De NAM moet alleen betalen” - Dat is ook de opdracht van de #TweedeKamer aan de minister #gaswinning #Groningen ,0,2018-06-03T10:16:08.000Z
"De Speld? Nee, het is echt waar! Buma wil haast met de #Klimaatwet. Zo’n formatie duurt even, maar dan heb je ook wat. @D66 sloot het groenste regeerakkoord ooit en we werken van links tot rechts aan die klimaatwet. Voor de zomer af moet lukken! 💚 ",1,2018-06-02T17:52:02.000Z
10 jaar @d66route66. Van harte gefeliciteerd! #D66 #Route66 #routetienjaar ,1,2018-06-02T17:27:13.000Z
Vanavond in #Groningen geweest met de reeks discussieavonden voor @D66-leden over #DemocratieVanNu. Dank voor ieders bijdrage! Volgende week woensdag zijn we op bezoek bij @D66Breda @D66Brabant #D66 ,1,2018-06-01T19:55:27.000Z
"Vandaag een rondje Noord-NL:
12.00 Thorbecke Lecture in Leeuwarden over duurzaamheid 🍀 
15.00 @d66nop voor werkbezoek over bereikbaarheid en goed OV 🚅
17.00 Groningen voor bijeenkomst @D66-leden #DemocratieVanNu 🗳",1,2018-06-01T06:01:57.000Z
"Razend interessante discussies in Amsterdam bij sessie @VMStichting over #DemocratieVanNu. @D66-lid en wil je ook meedoen? Morgenavond gaan we in gesprek in Groningen, 6 juni Breda #D66 #Democratie ",1,2018-05-31T20:30:06.000Z
Blij met deze inzet van Staatstoezicht op de Mijnen (SodM). Afgelopen maanden hebben oa @GroenLiesbeth &amp; ik vragen gesteld over recente problemen met #zoutwinning. Binnenkort een hoorzitting in de Tweede Kamer #D66 ,0,2018-05-31T07:45:07.000Z
"Goede discussies bij bijeenkomst #DemocratieVanNu in Oss. Veel ideeën van D66-leden over versterking democratie op landelijk én lokaal niveau. Morgen zijn we in Amsterdam, vrijdag in Groningen #D66 @VMStichting ",1,2018-05-30T20:29:03.000Z
"Er is vandaag ook positief nieuws in relatie #gaswinning. Minister Wiebes meldt: ook winning kleinere velden gaat omlaag, geen nieuwe vergunningen op land en er komt een betere regeling voor schades ",1,2018-05-30T15:02:11.000Z
"Volgende week Kamerdebat met minister Wiebes. @D66 wil versterkingsoperatie zonder tussenkomst NAM, met maatwerk en eigen regie voor bewoners #Groningen. Uitleg van minister gewenst! ",1,2018-05-30T14:03:13.000Z
Nu een technische briefing @raadrli voor Kamercommissie EZK over de betrouwbaarheid van onze energievoorziening. Wat zijn gevolgen van vergaande digitalisering? Ontwikkelingen gaan snel en vragen om regie en actie overheid en bedrijfsleven #energie #digitalisering ,1,2018-05-30T11:13:08.000Z
De Kamercommissie EZK wordt door @CEDelft bijgepraat over mogelijkheden om klimaatneutraal je huis te verwarmen. Erg actueel ivm afbouw Gronings gas en het Klimaat- en Energieakkoord #warmte #duurzaam #klimaat ,1,2018-05-30T09:35:23.000Z
"Mooi om te zien dat D66-leden met goede ideeën komen! Deze weken zijn we in heel het land in gesprek mbt onze resolutie #DemocratieVanNu. Dit najaar leggen we alle plannen voor aan ons ledencongres. Samen de democratie versterken, landelijk én lokaal #D66 ",1,2018-05-30T06:21:13.000Z
Onze nieuwe vlag 🇳🇱 📸 ,1,2018-05-29T13:02:07.000Z
Als rapporteurs van de #TweedeKamer bezoeken Agnes &amp; ik Europese parlementen om steun te verkrijgen voor hogere EU ambities CO2-reductie. @milieudefensie gaf ons zojuist een steuntje in de rug! #klimaat #energie #D66 ,1,2018-05-29T11:58:20.000Z
Ik wens alle deelnemers en vrijwilligers van de #spoorwensdagen ontzettend veel plezier toe! #swd18 ,1,2018-05-29T05:52:02.000Z
Dit is en blijft een gaaf experiment van @ProRail &amp; @Arriva_NL tussen #Groningen en #Leeuwarden. Treinen op waterstof 🚅🍀 Duurzaam alternatief voor dieseltreinen! En goedkoper dan elektrificatie? #spoor ,1,2018-05-28T20:48:57.000Z
Vandaag een goed gesprek gehad met experts van @KIVI_NL over hun concrete ideeën om onze energievoorziening uiterlijk in 2050 CO2-neutraal te hebben! ,1,2018-05-28T16:31:46.000Z
"Goede stap. De komende jaren worden meer NLse huishoudens aangesloten op een #warmtenet ipv Gronings gas. Meer keuzevrijheid, transparante prijzen, groene warmte en lage temperatuur warmte zijn belangrijke uitdagingen voor de sector! #D66 #energie #warmte ",1,2018-05-28T16:08:48.000Z
"Om onze groeiende steden bereikbaar te houden, wil @D66 inzetten op de #fiets en beter #OV. In regeerakkoord afgesproken voor ons landelijke centrale knooppunt #Utrecht samen met de regio te zoeken naar aanvulling op CS ",1,2018-05-28T05:14:01.000Z
Vreemd: “Zoutwinning Enschede zonder informeren gemeente.” @D66 wil dat gemeenten en inwoners goed en tijdig op de hoogte zijn van mijnbouwactiviteiten. Daarom schriftelijke vragen gesteld aan minister Wiebes ,0,2018-05-24T13:39:39.000Z
Er zijn te weinig middenhuur woningen. Goed dat @KajsaOllongren met #Woonakkoord 75.000 huizen p/j bijbouwt. Collega @JessicaVanEijs zorgt met @ErikRonnes in de tussentijd voor een noodrem op stijging huur #wonen #D66 ,1,2018-05-24T06:18:11.000Z
Tweede Kamer heeft zojuist besloten nog voor het zomerreces een plenair debat te houden met minister Wiebes over de versterking van Groningse huizen en de gesprekken tussen Rijk en regio #Groningen ,1,2018-05-23T12:37:10.000Z
Onze welvaart is ongelijk verdeeld en heeft impact op toekomstige generaties en het klimaat. @D66 wil Brede Welvaart Monitor benutten en inzetten op kansengelijkheid + onderwijs en vervuilers meer laten betalen zodat we de economie vergroenen #verantwoordingsdebat ,1,2018-05-23T10:39:55.000Z
Tweede Kamer kijkt terug op de Rijksuitgaven en effecten van beleid in 2017 #verantwoordingsdebat. Namens @D66 spreekt collega @Sneller met oa aandacht voor betere ICT bij de overheid en het belang van brede welvaart voor alle Nederlanders ,1,2018-05-23T10:33:16.000Z
"Groningers hebben recht op een veilig huis. Daarom stoppen we helemaal met gaswinning. Toch zullen er voorlopig nog aardbevingen zijn. Daarom is snel een versterkingsakkoord nodig: Veiligheid voorop, maatwerk per woning en meer regie voor bewoners over de versterking van hun huis ",1,2018-05-23T06:25:03.000Z
"Naast reistijdwinst leidt tunnel A2 Maastricht tot betere luchtkwaliteit, meer ruimte voor fiets/voetgangers, meer woningen en stijging waarde vastgoed. Interessante kans voor andere locaties in NL!? #MKBA #infra #schonelucht  ",1,2018-05-22T17:32:35.000Z
NL wil een Europese kopgroep van landen die inzet op 55% minder CO2 in 2030. Namens #TweedeKamer ga ik met @AgnesMulderCDA mijn best doen zoveel mogelijk steun bij nationale parlementen te verkrijgen! #klimaat #D66 ,1,2018-05-22T17:16:07.000Z
"Kijk, dat is een mooi aanbod van @Stedin! Wie volgt? We stoppen in NL met kolen, maar in die centrales werken vaklui die we keihard nodig hebben voor de energietransitie #kolen #klimaat #energie ",1,2018-05-19T07:03:11.000Z
"Minister @SigridKaag wil oorzaken van armoede, terreur, migratie en klimaatverandering aanpakken door in zwakke regio’s te investeren in stabiliteit en perspectief. “Het gaat om kansen, kansen, kansen.“ #D66 ",1,2018-05-19T06:53:18.000Z
Belangrijke stap naar de economie van de toekomst met schone energie. Goed dat het kabinet het regeerakkoord omzet in daden. En wat @D66 betreft wordt al dit jaar een akkoord gesloten om de Hemwegcentrale nog eerder te sluiten #kolen #klimaat #D66 ,1,2018-05-18T13:20:35.000Z
Definitief einde kolencentrales in 2030 is afspraak regeerakkoord. @D66 wilde dit ook in de wet vastleggen. Wettelijk verbod kolen in oudste 2 centrales gaat nu in per 31-12-2024. Hemwegcentrale kan wat mij betreft nog eerder dicht! #kolen #D66 #klimaat ,1,2018-05-18T12:59:18.000Z
Vanochtend op de koffie geweest bij @JongeDemocraten. Prachtig nieuw hoofdkantoor in Den Haag en goed gesprek over ‘democratie van nu’ #D66 #JongeDemocraten ,1,2018-05-18T10:32:15.000Z
Collega @JessicaVanEijs zet namens @D66 in op méér #middenhuur én een rem op gigantische huurverhogingen #wonen #D66 ,1,2018-05-17T11:12:31.000Z
Kamercommissie EZK zit van 12.00 tot 15.30 in een rondetafelgesprek over de afbouw van gaswinning uit het Groningerveld. Kijk live mee via ,1,2018-05-17T10:07:54.000Z
"Vanochtend waren de collega’s van @d66zaltbommel &amp; @d66maasdriel op bezoek bij Kamerfractie @D66. Goed bijgepraat over thema’s als bereikbaarheid, bestuurskracht en huisvesting seizoensarbeiders #Bommelerwaard #D66 ",1,2018-05-17T09:52:19.000Z
"“Tesla en Chinese bedrijven praten erover, Nederlandse bedrijven doen het!” NL wordt koploper in productie zware elektrische vrachtwagens #mobiliteit #klimaat #innovatie #VDL #DAF ",1,2018-05-16T15:44:31.000Z
"Oproep @guidoweijers aan Kamerleden bij ontbijt #verantwoordingsdag ihkv #geluk en #welvaart: “Niet goud en zilver, maar bomen en lucht zijn belangrijk. Politiek neem het voortouw en stimuleer wat goed is voor geluk op de lange termijn” ",1,2018-05-16T08:09:31.000Z
Jaarlijks ontbijt Tweede Kamerleden op #Verantwoordingsdag in teken van Brede Welvaartsmonitor als aanvulling op BBP. Met #puurgeluk workshop van @guidoweijers #welvaart #BBP ,1,2018-05-16T07:37:20.000Z
"Collega @jpaternotte @D66 zet bij debat #Schiphol in op vergroening luchtvaart:
🍀 Hogere luchthavengelden voor vervuilende vliegtuigen &amp; schone maatschappijen belonen
🛫 ‘Uitsterfbeleid’ voor meest vervuilende toestellen
🚅 Meer internationale treinen vanaf Schiphol ",1,2018-05-15T16:11:07.000Z
Eindelijk meer plekken in #Groningen voor #5G experimenten. Goed nieuws! ,1,2018-05-15T13:50:18.000Z
"Huidige locatie #Schiphol vraagt veel van mens, natuur en milieu. Is luchthaven in zee de oplossing voor lange termijn? @jpaternotte @D66 wil nieuw onderzoek ",0,2018-05-15T07:01:30.000Z
"Begin dit jaar nam Kabinet historisch besluit om de #gaswinning Groninger veld de komende jaren volledig te stoppen. Donderdag rondetafelgesprek Kamercommissie met experts, overheden, bedrijven &amp; maatschappelijke organisaties. Check: ",1,2018-05-14T10:40:49.000Z
"Helft van NL huishoudens zit bij een energieleverancier die vervuilende kolenenergie produceert of levert, zonder dat je het als consument altijd weet. Ludieke steenkolencheck @Vandebron: ",0,2018-05-14T10:35:22.000Z
Trotse schoonbroer! Go @LarsTimmerman @phvught #NKTeams #Atletiek #speerwerpen ,1,2018-05-12T15:52:31.000Z
"Baasje van gevonden herder gezocht! De chip van de hond is niet geregistreerd helaas. Vandaag bij Dierenambulance, indien niet opgehaald morgen naar asiel #hond #Ubbergen #Nijmegen ",0,2018-05-11T12:30:58.000Z
"Hond gevonden! Deze prachtige Tervuurse Herder kwam circa 1,5 uur geleden bij ons in de tuin in Ubbergen aanlopen. Zojuist opgehaald door ",1,2018-05-11T11:15:37.000Z
Vandaag genoten van #MuseumMORE in Gorssel en Kasteel Ruurlo. Gave collectie modern realisme op twee prachtige locaties in de #Achterhoek! ,1,2018-05-10T19:05:51.000Z
#vacature #klimaat #duurzaam ,1,2018-05-08T09:23:59.000Z
"Super! @ProRail gebruikt voortaan ‘Milieu Kosten Indicator’ bij aanbestedingen. Goede manier om nog beter te sturen op duurzaamheid, waaronder CO2-uitstoot. Welke aanbestedende partijen volgen? #duurzaam #klimaat ",1,2018-05-04T07:15:07.000Z
"In #Arnhem hebben bewoners meer invloed op hun eigen buurt gekregen dankzij ‘Van Wijken Weten’. Vandaag in Rijkerswoerd, Kronenburg en Vredenburg gezien hoe gaaf dat kan zijn! Dank Paul, Bianca en Bart voor dit leerzame #werkbezoek #D66 ",1,2018-05-03T16:36:51.000Z
Amsterdam wil een proef met betalen naar gebruik voor de auto. Dat kan in combinatie met goede fietswegen en goed openbaar vervoer een ideale mix zijn voor bereikbare en leefbare steden! #D66 #Amsterdam ,1,2018-05-03T15:58:34.000Z
VVD-wethouder met lef! Ook @D66 wil werkende aanpak files. Voor goede bereikbaarheid en leefbare steden. Betalen naar gebruik is eerlijk en effectief. Regeerakkoord biedt ruimte voor experimenten! ,1,2018-05-03T15:55:42.000Z
Een tijdje terug waren de trainees van @gemeentearnhem op bezoek in de #TweedeKamer. Vanmiddag laten zij mij een deel van hun werk zien tijdens een bezoek aan de wijk #Rijkerswoerd in #Arnhem Zuid. Ben erg benieuwd! ,1,2018-05-03T10:40:03.000Z
"Nieuwe Nijmeegse coalitie wil zonnepanelen op elk geschikt dak: bedrijfsgebouwen, corporatie en particuliere woningen! 🌞 #klimaat #energie #solar @D66Nijmegen #D66 ",1,2018-05-03T06:12:28.000Z
Leden @D66Nijmegen steunen coalitieakkoord ‘#Nijmegen: Samen vooruit’ met GroenLinks en SP. Trots dat #D66 twee sterke vrouwen levert voor B&amp;W! Veel succes Grete Visser en Monique Esselbrugge ,1,2018-05-02T19:24:01.000Z
"Check het akkoord ‘Nijmegen: samen vooruit’ van @D66Nijmegen, @GLNijmegen &amp; @spnijmegen op ",1,2018-05-02T17:58:20.000Z
Vol trots presenteren @tvanelferen &amp; Grete Visser namens fractie @D66Nijmegen het coalitieakkoord ‘Nijmegen: samen vooruit’ aan de D66-leden #raad024 #D66 #Nijmegen ,1,2018-05-02T17:55:48.000Z
We beginnen nu met de technische briefings over afbouw gaswinning Groningen. Live te volgen via de website ,1,2018-04-26T08:02:23.000Z
"Nederland pakt samen met Frankrijk, Zweden, Finland, Portugal, Duitsland en Luxemburg een leidende rol voor ambitieus Europees klimaatbeleid 🍀 #D66krijgthetvoorelkaar #D66 #Parijs ",1,2018-04-25T19:22:07.000Z
Samen met @CvanBrenk Kamervragen gesteld over mislukte proef met mobiel in- en uitchecken #OV. @D66 en @50pluspartij willen dat reizen met en betalen in het OV zo makkelijk mogelijk wordt gemaakt! #OVchip ,0,2018-04-24T16:40:46.000Z
"Akkoord voor én met #Groningen over versterking van huizen steeds dichterbij. Voor @D66 staat voorop dat NAM er volledig tussenuit gaat, maar wel financieel aansprakelijk blijft. Hopelijk snel een definitief akkoord en duidelijkheid voor Groningers! ",1,2018-04-24T12:03:32.000Z
Goed nieuws voor #Twente. Ook bij zoutwinning veiligheid voorop. In de Tweede Kamer ook meerdere malen om gevraagd #D66 ,1,2018-04-24T11:04:22.000Z
Gefeliciteerd @SGPnieuws #SGP ,1,2018-04-24T08:35:17.000Z
Innoveren gaat soms met vallen en opstaan. Mislukte proef mobiel in- en uitchecken OV roept wel veel vragen op. Aangemeld voor #Vragenuur. #OVchip #D66 ,0,2018-04-24T05:48:04.000Z
Donderdag organiseert de Kamercommissie EZK meerdere technische briefings over het kabinetsbesluit om te stoppen met #gaswinning in #Groningen. Check: ,1,2018-04-23T06:34:38.000Z
Kamervragen gesteld over tariefstijging IC Amsterdam - Brussel. Staatssecretaris is net als ik kritisch over de uitwerking van het plan. NS heeft toegezegd eerder te evalueren. Positief! #spoor #D66 ,1,2018-04-19T14:14:18.000Z
Minister Wiebes is helder in debat kosten Klimaatbeleid: de NAM blijft schades en versterking als gevolg van gaswinning betalen! #gaswinning #Groningen #D66,1,2018-04-18T14:42:45.000Z
"Uitstekend idee! Geef jongeren een stem, het gaat ook om hun toekomst. Gaaf dat Fryslan en Zeeland dit experiment willen aangaan! #stemrecht ",1,2018-04-17T17:22:51.000Z
Brede steun in commissie EZK voor voorstel @D66 &amp; @christenunie voor een rondetafel over de gezondheidseffecten #aardbevingen #gaswinning en mentale versterking van #Groningen ,1,2018-04-17T15:23:29.000Z
Aangemeld voor #Vragenuur. Enorme groei zonne-energie is goed voor het klimaat en de afbouw van Gronings gas. Meer regie nodig op locaties zonneparken en versterking elektriciteitsnet #energie #D66 ,1,2018-04-17T05:37:22.000Z
Studenten @tudelft en spin-off @HardtGlobal werken aan een veilig en snel concept voor #hyperloop. Vandaag had ik Delftse studenten op bezoek die nadenken over innovatieve concepten voor Hyperloop-stations #mobiliteit #D66 #Delft,1,2018-04-16T17:32:32.000Z
"De familie Jansen uit Zeerijp doet mee aan #EigenInitiatief voor versterking van hun huis. Ondanks enorme impact op gezinsleven ook veel gedrevenheid voor een sterke, duurzame en cultuurhistorisch verantwoorde woning! #D66 #Groningen ",1,2018-04-13T16:10:56.000Z
Door burgemeester en wethouders @GemLoppersum bijgepraat over de versterkingsaanpak in #Loppersum en #Zeerijp en bezoek gebracht aan #Project43 met grote rol voor de bewoners. #D66 #Groningen ,1,2018-04-13T14:39:29.000Z
"Dank aan Tom Postmes en Katherine Stroebe @univgroningen voor gesprek over impact aardbevingen op gezondheid van Groningers. 85.000 mensen met meervoudige schade vraagt om meer erkenning, aandacht en regie! #Groningen #D66 ",1,2018-04-13T10:46:34.000Z
In @GreenCapital18 sluit #binnenvaart de ‘Declaration of #Nijmegen’: 20% minder schadelijke uitstoot in 2030 &amp; 100% minder in 2050. Voor een schone lucht en een goed klimaat 🍀 ,1,2018-04-13T06:55:32.000Z
Vandaag met @AntjeDiertens enkele werkbezoeken in provincie #Groningen. Bij #RUG in gesprek over gezondheidsklachten door aardbevingen; op bezoek bij gezin in Zeerijp met schade en naar sloop-nieuwbouw Project 43 in Loppersum #D66 #gaswinning,1,2018-04-13T06:41:58.000Z
"Gisteravond met D66’ers uit de provincie Groningen stilgestaan bij het plotselinge overlijden van Pieter Smit. Ongelooflijk veel mooie verhalen over een geweldige man. Oldambt, Groningen en D66 gaan ‘m enorm missen! ",1,2018-04-13T05:51:42.000Z
"We hebben iedereen nodig voor de groene revolutie van onze energievoorziening, ook coöperaties. Daarom maximaal faciliteren #GroenLinks #CDA #D66 #energie ",1,2018-04-12T16:53:34.000Z
"Welke rol kan waterstof spelen in de afbouw van Gronings gas, meer groene grondstoffen voor de industrie en CO2-vrije transportsector? Vanavond prikkelende lezing bij onze denktank @D66Duurzaam bijgewoond. #D66 #waterstof #klimaat",1,2018-04-11T19:21:42.000Z
Goede bereikbaarheid van Dordt en Drechtsteden heeft zeker ook mijn aandacht. Zet me zoals je weet o.a met @StienekevdGraaf in voor een betere dienstregeling en snellere reistijden ,1,2018-04-09T20:26:22.000Z
"We hebben er even op moeten wachten, maar de snelle treinverbinding Brera-Antwerpen-Brussel is een feit. Belangrijk dat Brabant als economische hotspot ook per OV goed internationaal bereikbaar is! #spoor #Europa #D66 ",1,2018-04-09T20:17:31.000Z
Hoe zorgen we voor snellere resultaten op het gebied van klimaat &amp; energie? Wat kan EU doen? Wat zijn uitdagingen voor NL? Interessante ontmoeting Kamerfractie en Europese fractie @D66 met Eurocommissaris Cañete #Klimaat #D66 #Europa ,1,2018-04-09T11:49:26.000Z
"Met Kamerleden en medewerkers Klimaat, Energie, Economie en Mobiliteit van de Tweede Kamerfractie @D66 op bezoek in Brussel bij onze EP collega’s en de Europese Commissie #Europa #D66 ",1,2018-04-09T11:44:28.000Z
"Dank @JanTerlouw voor een inspirerend en leerzaam gesprek over oa het vak van volksvertegenwoordiger en belangrijke thema’s als klimaat, onze voedselketen en een sterke democratie #D66 ",1,2018-04-06T17:06:52.000Z
Goed nieuws: @sytzeloor gaat de campagne van @d66gelderland voor de Provinciale verkiezingen van 2019 leiden #D66 #Gelderland ,1,2018-04-05T19:15:05.000Z
Volle zaal @RozetArnhem bij Regiovergadering @d66gelderland met terugblik op campagne #GR2018 en vooruitblik op de Provinciale Statenverkiezingen 2019 #D66,1,2018-04-05T19:13:56.000Z
"Dag kolen, hallo zon! Wereldwijde investeringen hernieuwbare energie (227 miljard) versus kolen en gas (83 miljard) is goed nieuws voor het klimaat! #D66 #zon #energie ",1,2018-04-05T16:07:20.000Z
Collega @jpaternotte pleit bij @WNLVandaag voor een #Brexit actieplan &amp; een #NLPopUpStore in hartje Londen om Britse bedrijven te verleiden te ondernemen in #Nederland #D66 ,1,2018-04-05T05:28:07.000Z
"Vandaag had ik de trainees van de @gemeentearnhem op bezoek in de #TweedeKamer. Leuke, prikkelende vragen en de afspraak dat ik snel op werkbezoek kom in #Arnhem! #D66 ",1,2018-04-04T19:46:09.000Z
"Komende tijd alle inzet om meer internationale treinverbindingen mogelijk te maken. Denk aan Eindhoven-Venlo-Düsseldorf, Weert-Hamont-Antwerpen en wellicht ook Amsterdam-Berlijn #treinleven #D66 ",1,2018-04-04T12:13:03.000Z
"Feestelijk toeterende #Eurostar komt aan in Amsterdam. Rechtstreeks in 3,5 uur vanaf Londen! De rit andersom is nu nog met overstap maar moet zsm ook rechtstreeks. Snelle trein als groen alternatief voor korte vlucht #D66 ",1,2018-04-04T11:57:33.000Z
Zojuist arriveerde de eerste #Eurostar Londen-Rotterdam-Amsterdam met zo’n 750 passagiers. Groen en comfortabel alternatief voor vliegen! Gefeliciteerd @NS_online ,1,2018-04-04T11:54:50.000Z
Hierbij de juiste link naar Kees’ update over de initiatiefwet: ,1,2018-04-04T10:40:15.000Z
Collega @KeesVee vanuit Vak-K voor de beantwoording van alle vragen over #D66 initiatiefwet Majesteitschennis. Het voorstel is iets aangepast na het Kamerdebat. Check voor meer info: ,1,2018-04-04T10:16:02.000Z
"Om opwarming van de aarde zoveel mogelijk te voorkomen, zet NL in op 55% CO-reductie in 2030. #TweedeKamer gaat EU-parlementen benaderen mee te doen met klimaat kopgroep. Samen met @AgnesMulderCDA ga ik als rapporteur aan de slag voor commissie EZK ",1,2018-04-04T06:30:44.000Z
Enorme kostenstijging maakt elektriciteit en water vrijwel onbetaalbaar voor huishoudens met klein inkomen op #Bonaire. Daarom Kamervragen gesteld met @AntjeDiertens @D66 in navolging van collega’s #CDA  ,0,2018-04-04T05:28:44.000Z
Vanavond een inspirerende ledenvergadering van onze thema-afdeling @D66Duurzaam. Met circa 1.000 een geweldige denktank voor D66’ers op alle politieke niveaus! #D66 #duurzaam ,1,2018-04-03T19:28:24.000Z
Vanochtend mede namens @AgnesMulderCDA via Kamercommissie EZK om een brief van minister Wiebes gevraagd voor uitleg over #fracking ,0,2018-03-31T21:33:19.000Z
Gasloos vanaf 1 juli de norm. Mooi initiatief van @stedin ,1,2018-03-31T21:29:05.000Z
Kabinet: 25 miljoen voor vergroening #transport en 23 miljoen aan investeringen in de Topsector Logistiek. Goed nieuws van @SvVeldhoven #D66 💚 ,1,2018-03-29T18:23:52.000Z
Steun en toeverlaat @Bv_Dijk heeft een nieuwe uitdaging (succes!). Daarom zoekt de Tweede Kamerfractie van @D66 een nieuwe beleidsmedewerker voor o.a klimaat &amp; energie #vacature ,1,2018-03-29T18:18:25.000Z
Een historisch besluit voor alle Groningers! De veiligheid van Groningen staat op 1 en daarom stoppen we helemaal met de gaswinning in #Groningen. @D66 is blij met dit besluit van het kabinet! ,1,2018-03-29T16:05:26.000Z
Historisch besluit. Kabinet zet veiligheid van Groningers echt op de eerste plaats. We zetten alles op alles om binnen enkele jaren te stoppen met gaswinning in #Groningen. De beste garantie voor de veiligheid van de Groningers! ,1,2018-03-29T12:10:17.000Z
Prachtige speech met een Nimweegse tintje van burgemeester Bruls voor de 25 raadsleden die afscheid nemen van #raad024. Lintjes voor @DrZwart @AlbaerHillen024 &amp; Hulskorte vanwege hun vele jaren raadswerk ,1,2018-03-28T17:57:09.000Z
"Samen met @Lisawesterveld op de publieke tribune van de gemeenteraad van #Nijmegen voor het afscheid van de raad 2014-2018. Alle raadsleden, fractievolgers en ondersteuners: veel dank voor jullie inzet voor de stad! ",1,2018-03-28T16:40:37.000Z
Dank voor de tijd en de nuttige input! Ervaringen van bewoners(organisaties) zijn onmisbaar om tot een betere #Warmtewet te komen ,1,2018-03-28T11:55:54.000Z
Brede coalitie van bedrijven en milieuorganisaties slaat na voorstel @D66 en #CDA de handen ineen zodat we minder Gronings gas nodig hebben voor onze huizen. Super! ,1,2018-03-28T04:14:05.000Z
Rond 12:15 ga ik met @GijsStaverman in gesprek over het goede nieuws dat Nederland meer windparken op zee krijgt! @NPORadio2 #wind #klimaat #D66 ,1,2018-03-27T08:58:14.000Z
"Nieuwe windparken op de Noordzee bieden kansen voor natuurherstel, nieuwe natuur en betere bescherming natuurgebieden. @D66 wil hier bij aanleg windparken extra aandacht voor ",1,2018-03-27T06:26:22.000Z
"Nederland krijgt meer windparken op de Noordzee. Uitvoering van het groenste regeerakkoord ooit. Meer schone energie, goed voor het klimaat! #D66krijgthetvoorelkaar #D66 ",1,2018-03-27T05:54:56.000Z
"Werkbezoek bij @AmmerlaanTGI, pionier op gebied van geothermie. Aardwarmte voor de eigen kassen, maar ook voor omliggende bedrijven en woningen. Wat gaat goed? Wat zijn belangrijkste lessen? Erg interessant! #D66 #aardwarmte ",1,2018-03-26T16:38:48.000Z
Supersnel en duurzaam reizen? Met @HardtGlobal bijgepraat over de kansen van #hyperloop. @D66 ziet NL als ideale locatie voor een grote testfaciliteit #Delft #D66 ,1,2018-03-26T14:17:25.000Z
Lagere parkeerkosten voor schone auto’s en nog veel meer maatregelen voor schone en gezonde lucht! Goed werk van @SvVeldhoven samen met gemeenten. #D66 #schonelucht ,1,2018-03-26T06:36:53.000Z
Goed dag ook de jongere generaties mogen mee werken aan het nationaal Klimaat- en Energie akkoord ,1,2018-03-25T08:49:07.000Z
Staatsbedrijf EBN moet haar koers verleggen van olie/gas naar aardwarmte voor onze huizen en industrie. @D66 &amp; #CDA motie uit dec 2017. Nu ook wens EBN en Samsom. Top! #klimaatakkoord #gas #D66 ,1,2018-03-25T07:41:11.000Z
Mooi interview met @diederiksamsom die voor het Klimaatakkoord aan de slag gaat met vergroening van de gebouwde omgeving #klimaatakkoord #gas  ,1,2018-03-25T07:38:30.000Z
"In Nijmegen wordt @D66Nijmegen de tweede partij met 6 zetels, mooie uitslag! @GLNijmegen &amp; @StadspartijDNF gefeliciteerd met de mooie winst! ",1,2018-03-22T06:38:16.000Z
"Zojuist mijn stem uitgebracht in #Beek, Gelderland. Een lange rij voor het stembureau: geweldig! Ga ook stemmen en kies jouw lokale held voor de gemeenteraad! #stemD66 ",1,2018-03-21T10:14:02.000Z
Dit voorjaar kom ik naar de #Noordoostpolder om met bewoners en ondernemers in gesprek te gaan over goed openbaar vervoer. Op initiatief van @d66nop #stemD66 #d66krijgthetvoorelkaar ,1,2018-03-20T20:30:39.000Z
Vanavond vaak gehoord: ik wil een progressieve &amp; groene coalitie in Nijmegen maar ook gezonde schatkist en normale OZB-tarieven. Maak @D66Nijmegen morgen de grootste partij want #d66krijgthetvoorelkaar #stemD66 ,1,2018-03-20T20:08:48.000Z
Met een mega groep vrijwilligers van @D66Nijmegen ga ik vanavond langs de deuren in #Lent om al jouw laatste vragen over de verkiezingen te beantwoorden! #stemD66 #D66 ,1,2018-03-20T18:21:18.000Z
Een gezonde schatkist voor jouw gemeente? #D66krijgthetvoorelkaar ,1,2018-03-20T09:43:32.000Z
"Een e-bike van de baas wordt financieel aantrekkelijker. Zo’n snelle fiets is ideaal voor de meeste woon-werkafstanden. Lekker doorfietsen, #D66krijgthetvoorelkaar @MatthijsSienot @D66 ",1,2018-03-20T06:46:57.000Z
D66 maakt zich lokaal sterk voor goede fietspaden. Collega @MatthijsSienot werkt vanuit de #TweedeKamer aan goed fietsen. Ben jij ook fan van de 🚲? Check ons fietsplan op ,1,2018-03-19T18:49:56.000Z
"Vanochtend hielp ik een handje mee bij de campagne van @d66_uden. Dé progressieve partij in #Uden. Stem 21 maart op #D66 voor goed onderwijs, een goed klimaat en goed wonen! #d66krijgthetvoorelkaar  ",1,2018-03-19T17:45:16.000Z
"Fantastisch nieuws 💚 Windpark op zee voor circa 1 miljoen huishoudens zonder subsidie! Schone energie is ook goedkope energie. @D66 wil snel meer wind op zee. Hoe meer wind, hoe minder kolen en CO2-opslag #D66 ",1,2018-03-19T17:19:43.000Z
"Op station Nijmegen beantwoorden kandidaat-raadsleden en een aantal vrijwilligers van @D66Nijmegen al jouw vragen over de verkiezingen. Voor goed onderwijs, een goed klimaat en goed wonen: stem #D66 ",1,2018-03-19T16:04:26.000Z
Lijsttrekker @tessd66 van @D66BergenDal en ik zijn in de studio van @OmroepGLD in Arnhem. Zo live in gesprek met @NPORadio1 in Hilversum bij @denieuwsbv over de lokale politiek #D66 #BergEnDal ,1,2018-03-19T12:04:49.000Z
"Tussen 13.00-13.30 ben ik te gast bij @denieuwsbv op @NPORadio1 samen met @tessd66, lijsttrekker voor @D66BergenDal. In gesprek over de gemeenteraadsverkiezing #lokaleheld #GR2018 #D66",1,2018-03-19T11:33:02.000Z
Vanochtend in het dorp van mijn jeugd op campagne met @D66_Uden. Stem woensdag #D66 #Uden #D66krijgthetvoorelkaar ,1,2018-03-19T11:26:37.000Z
Groningen heeft (te) lang op een nieuw schadeprotocol moeten wachten. Vandaag begint eindelijk de afhandeling van zo’n 12.000 schades. Zonder tussenkomst van de NAM! #Groningen ,1,2018-03-19T07:50:43.000Z
"“De Hemweg kolencentrale in Amsterdam kan wat mij betreft nog dit jaar dicht”, aldus @APechtold bij @Buitenhoftv. Voor een goed klimaat en schone lucht. Laat Nuon &amp; minister Wiebes snel een deal sluiten! #D66 #klimaat",1,2018-03-18T11:28:24.000Z
Vanochtend campagne gevoerd in #Dieren met @D66Rheden. Met heerlijke broodjes van de warme bakker die graag de vrijheid wil om ook op zondag te ondernemen. #D66krijgthetvoorelkaar #D66 ,1,2018-03-17T14:25:44.000Z
"Lijsttrekker @tessd66 van @D66BergenDal en ik trotseren de kou in #Ubbergen. Stem woensdag #D66 voor goede zorg, een goed klimaat en leefbare kernen in de mooiste gemeente van Nederland 💚 ",1,2018-03-17T14:24:02.000Z
"Met #9 Milou en #15 Andrea in gesprek met kiezers in Elst. Voor goed werk, goede zorg en goed leven stem je woensdag 21 maart @D66Overbetuwe #D66krijgthetvoorelkaar #D66 ",1,2018-03-15T15:27:37.000Z
Juf Sherin van de Nutsschool Lankforst is verkozen tot ‘Conciërge van het Jaar’ in Nijmegen. Lijsttrekker @tvanelferen &amp; ik mochten haar in het zonnetje zetten. Goed onderwijs: #D66krijgthetvoorelkaar #D66 ,1,2018-03-15T13:08:51.000Z
Investeren in een sterk Rotterdam-Zuid met kansen voor iedereen! #Rotterdam #D66 #D66krijgthetvoorelkaar ,1,2018-03-15T10:24:31.000Z
"We trekken 325 miljoen uit voor cultureel erfgoed. Een deel daarvan gaat naar kerken en kloosters zodat we in dorpen en steden beeldbepalende gebouwen behouden, soms met nieuwe functies. Prachtig interview @Vera_Bergkamp @carladikfaber #trouw #D66 #CU ",1,2018-03-15T07:15:56.000Z
Vergoeding voor raadsleden in kleine gemeenten en Statenleden in veel provincies staat niet in verhouding tot werkdruk &amp; tijdsbesteding. @D66 vraagt minister om hier naar te kijken #AODemocratie 🗳 ,0,2018-03-14T17:06:26.000Z
Hoe zorgen we voor een hogere opkomst bij lokale verkiezingen en voldoende vrijwilligers op de stembureaus? @D66 wil volgende ronde herindelingsverkiezingen (na 2018) een pilot met stemmen op zaterdag #AODemocratie 🗳 ,1,2018-03-14T15:56:43.000Z
Uden krijgt het (voorlopig) grootste zonnepark van Brabant. Mede dankzij inzet @d66_uden wethouder @VanMerwerode. Meer groene en lokaal opgewekte energie: #D66krijgthetvoorelkaar #D66 ,1,2018-03-14T08:09:54.000Z
Ondanks eerdere beloftes nog altijd lekkages bij oude leidingen zoutwinning #Twente. @D66 wil dat transportleidingen beter worden gecontroleerd. Daarom een motie bij #VAOMijnbouw na samenwerking met @vicvandijk ,0,2018-03-13T18:37:14.000Z
Een sterke lokale democratie heeft ook een sterke en onafhankelijke lokale pers nodig. Lees het opiniestuk van @Sneller @MartinevBemmel @MartijnBraber @EllenBijster &amp; @TjoekHK #D66 ,1,2018-03-12T06:36:55.000Z
"Bij @d66_ijsselstein wilden @TjeerdD66 &amp; ik natuurlijk op de foto met Herman. Al 50 jaar lid van @D66! Steun ons ook in de strijd voor goed onderwijs, goede zorg, goed wonen en een goed klimaat ",1,2018-03-11T17:49:02.000Z
"De #D66bustour van vandaag afgesloten met politiek café ‘Duurzaamheid moet je doen’ van @d66_ijsselstein met inspirerende voorbeelden van burgerinitiatieven, ondernemers en de lokale hockeyclub #D66krijgthetvoorelkaar ",1,2018-03-11T17:45:45.000Z
"De #D66bustour bezocht zojuist #Zeist. Collega’s hebben een boom geplant bij @wnfnederland. Samen met @D66Zeist trokken @MatthijsSienot &amp; ik de wijk Kerckebos in voor een goed gesprek over goed onderwijs, klimaat &amp; wonen #D66krijgthetvoorelkaar #D66 ",1,2018-03-11T15:52:48.000Z
Collega-Kamerlid @JessicaVanEijs reikt een Groene Oorkonde uit aan @stoovment. Verwarmde kussens als duurzaam alternatief voor energie of gas slurpende terrasverwarmers #klimaat #innovatie #D66 @D66DeBilt ,1,2018-03-11T14:19:32.000Z
Dank @D66Hilversum voor een gezellig bezoek aan #Hilversum met veel aandacht voor een goed klimaat en sterke natuur rondom de stad #D66bustour #D66 ,1,2018-03-11T13:14:44.000Z
Prachtige natuur dicht bij de stad om te koesteren. Met @D66Hilversum een bezoek gebracht aan het Goois Natuur Reservaat @mooigooi. D66 investeert in versterking #natuur #D66 #D66bustour ,1,2018-03-11T12:50:38.000Z
"Vandaag trekt de #D66bustour door de provincie Utrecht. We reiken ‘Groene Oorkondes’ uit in Utrecht, De Bilt, Hilversum, IJsselstein, Zeist &amp; Stichtse Vecht aan lokale groene toppers! ",1,2018-03-11T11:03:10.000Z
Europarlementariër @Gerbrandy @D66 is samen met @carladikfaber uitgeroepen tot groenste politicus van het jaar 2017 voor hun volhardende inzet voor natuurvriendelijke landbouw 💚 #groenstepoliticus #D66 ,1,2018-03-11T09:04:27.000Z
In #Nijmegen werd vandaag geprotesteerd TEGEN de posters van #Suitsupply. Gelukkig mag je van @D66Nijmegen &amp; @VVDNijmegen gewoon zichtbaar jezelf zijn ❤️ ,1,2018-03-10T15:39:39.000Z
"Ook Nijmegen kiest voor goed onderwijs, goed klimaat en goed wonen. Stem @D66Nijmegen #D66krijgthetvoorelkaar #D66 ",1,2018-03-10T14:59:42.000Z
Mooi interview in @trouw met @SvVeldhoven die zeer gedreven is - en terecht - om zwerfafval en de #plasticsoep aan te pakken ,1,2018-03-10T07:35:00.000Z
"Eindelijk stappen in aanpak van #plasticsoep dankzij afspraken staatssecretaris @SvVeldhoven:
♻️ 90% hergebruik kleine flessen 
🏡 Landelijke Aanpak Zwerfafval
💶 Statiegeld plastic flesjes 1-1-2021 
#D66krijgthetvoorelkaar #D66 ",1,2018-03-10T07:12:56.000Z
"Bij de opening van de campagnewinkel @D66Nijmegen in de Augustijnenstraat, hartje centrum. Loop de komende weken gerust eens binnen voor vragen/info. En stem 21-3 #D66! ",1,2018-03-09T16:04:33.000Z
Kabinet investeert in Groningen. Eerder deze week 17 miljoen van @ivanengelshoven voor cultureel erfgoed. Vandaag 90 miljoen voor aardgasvrije wijken van ministers Wiebes en @KajsaOllongren. #D66krijgthetvoorelkaar #D66 #Groningen ,1,2018-03-09T13:30:55.000Z
"Geen vrouw als CEO van Schiphol? “Totale flauwekul”, aldus @CvNieuwenhuizen. Helemaal mee eens! Misschien kan CEO Nijhuis een dagje bij @MinIenW meelopen waar twee topvrouwen de scepter zwaaien. @SvVeldhoven ",0,2018-03-09T12:06:47.000Z
Bovendien hoort Maritieme Sector sowieso bij #Klimaatakkoord thuis want cruciale partner voor bijv uitrol wind op zee waar NLse bedrijven een steeds grote rol spelen ,1,2018-03-08T17:42:08.000Z
.@D66 wil dat in ieder geval de nationale CO2-impact van de Luchtvaart en Maritieme sector worden meegenomen in #Klimaatakkoord. Minister Wiebes pakt het op voor de Mobiliteitstafel van @MinIenW,1,2018-03-08T17:40:32.000Z
Goed nieuws voor Groningen. Cultureel erfgoed in de regio staat onder druk. Kabinet stelt 17 miljoen euro beschikbaar! #Groningen #erfgoed #D66krijgthetvoorelkaar #D66 ,1,2018-03-08T16:16:27.000Z
"Nee hoor. Er komt een wettelijk verbod op kolen en alle centrales stoppen uiterlijk 2030. De Hemweg kan alleen al snel dicht, wat @d66 betreft voor eind 2020. ",0,2018-03-08T15:36:17.000Z
"Inbreng @D66 bij debat Energieverkenning &amp; Klimaatakkoord:
✅ 49-55% minder CO2 in 2030
✅ Sluit kolencentrale Hemweg 
✅ NL koploper in Europa
✅ Betrek NL’ers bij het Klimaatakkoord en benoem Nationale Ambassadeurs voor jong &amp; oud",1,2018-03-08T15:26:30.000Z
Nu in debat over de Nationale Energieverkenning (resultaten energietransitie tot nu toe) en het af te sluiten Klimaat- en Energieakkoord. ,1,2018-03-08T15:00:42.000Z
In Nijmegen kan je op 21 maart op God stemmen: de nummer 25 van @D66Nijmegen. Yannick God zet zich in voor “meer betaalbare studentenkamers” #D66 #Nijmegen ,1,2018-03-08T14:13:35.000Z
"Goed dat @pauwnl wel serieus stilstaat bij lokale verkiezingen. Vanavond #Rotterdam, hopelijk ook nog andere gemeenten. Sterk lokaal bestuur is superbelangrijk en raadsleden werken vaak keihard voor hun dorp of stad. Verdient aandacht! ",1,2018-03-07T22:24:24.000Z
Bij #Pauw spreekt @fidanekiz haar zorgen uit dat #Rotterdam op 22-3 wakker kan worden in een stad waar er eerder meer dan minder polarisatie is. Voor een fijne stad met kansen voor iedereen is verbinding nodig. Stem @SaidKasmiD66 #D66,1,2018-03-07T22:12:02.000Z
In #Zutphen werken VMBO en MBO samen met bedrijfsleven en zorginstellingen om op een leuke manier ‘leren in de praktijk’ mogelijk te maken. Super! #D66bustour #D66 ,1,2018-03-05T15:36:19.000Z
"Met @D66Doetinchem op pad in het centrum. Collega @Vera_Bergkamp bezoekt ondertussen @Amphion0314, een van de culturele hotspots van de #Achterhoek #D66 #D66bustour ",1,2018-03-05T14:44:45.000Z
"Met #D66bustour op bezoek bij @DEGasfabriek #Deventer. Ecosysteem voor start-ups die bezig zijn met ICT, data, blockchain, etc! #D66 ",1,2018-03-05T11:27:18.000Z
Na een drukbezocht #D66congres in Rotterdam erg veel zin nog enkele weken samen met onze lijsttrekkers &amp; vrijwilligers de straat op te gaan voor de gemeenteraadsverkiezingen! #D66 ,1,2018-03-03T18:23:22.000Z
Mooie toespraak @Thdegraaf #D66congres: “Wij zijn en blijven de kampioen van de democratische vernieuwing. Op zoek naar een instrument dat mensen een betere stem en een beter stuur in handen geeft” #D66 ,1,2018-03-03T14:59:00.000Z
"“Inclusiviteit, democratie en duurzaamheid moet je gewoon doen. Laten we als @JongeDemocraten en @D66 samenwerken om dingen voor elkaar te krijgen”. Krachtige speech @BrongersK @JongeDemocraten #D66congres ",1,2018-03-03T10:49:32.000Z
"Toespraak partijvoorzitter @LettyDemmers gericht op de kracht van de dialoog binnen @D66. Samen nadenken over en werken aan concrete oplossingen, voor nu en de toekomst #D66congres ",1,2018-03-03T10:00:15.000Z
Lijsttrekker @SaidKasmiD66 van @D66Rotterdam opent het #D66congres. “Welkom in Rotterdam. Waar ik strijd voor gelijke kansen. Een stad waar iedereen kan meedoen.” #D66 ,1,2018-03-03T09:45:07.000Z
Elektrisch tijdperk voor de binnenvaart? Zou een mooie groene revolutie zijn! #klimaat #binnenvaart ,1,2018-03-03T08:37:05.000Z
"Met @AMSpierings bezoek gebracht aan @SollianceSolar in #Eindhoven. Wereldwijde hotspot voor onderzoek en doorontwikkeling dunne film solar. Enorme kansen voor efficiënte en mooi inpasbare zonne-energie, bijv op daken en in fietspaden. #D66 #energie ",1,2018-03-02T12:39:39.000Z
"Kan herbruikbaar ijzerpoeder het alternatief zijn voor vieze kolen, zodat energiecentrales een groene toekomst kunnen krijgen? Interessant werkbezoek aan @TUeindhoven #TeamSolid met @AMSpierings #power2metal #D66 ",1,2018-03-02T12:33:19.000Z
"#TeamCASA van @TUeindhoven ontwikkelt een model voor de bouw van comfortabele, betaalbare en duurzame woningen. Nu nog in een lab, in september de eerste echte woning! ",1,2018-03-02T12:30:12.000Z
"Energie uit ijzer? #TeamSolid van @TUeindhoven werkt aan een slimme, circulaire oplossing om duurzaam opgewekte energie makkelijk op te slaan, te vervoeren en te gebruiken #power2metal #D66 #werkbezoek ",1,2018-03-02T12:28:09.000Z
"De woorden ‘homo’ en ‘gay’ lijken onschuldige scheldwoorden, maar zijn dat niet. Super stoer dat de 14-jarige Daan zich hierover uitspreekt 💪🏽 ",1,2018-03-02T07:21:41.000Z
Bewoners steden willen meer actie tegen vieze lucht. In regeerakkoord afgesproken dat gemeenten met een simpel systeem milieuzones kunnen inzetten voor een schone lucht 💚 #D66 ,1,2018-03-02T06:37:47.000Z
Met de trein richting #Eindhoven waar @AMSpierings mij zal rondleiden langs enkele innovatieve studententeams en ondernemers op het gebied van klimaat &amp; energie @TUeindhoven @SollianceSolar. Erg benieuwd! #D66,1,2018-03-02T06:32:03.000Z
"Directe Thalys naar Lille vervalt i.v.m tegenvallende reizigersaantallen. Mogelijk nieuwe verbinding Schiphol met vliegveld Charles de Gaulle zou geweldig zijn! Meer internationale treinen, minder korte vluchten 💚",1,2018-03-01T18:46:38.000Z
Ondanks de kou staan vrijwilligers van @D66Nijmegen met Kamerlid @GroothuizenD66 bij station Nijmegen met info over de gemeenteraadsverkiezingen 👍🏽 Stem 21 maart #D66 #onderwijs #klimaat #wonen ,1,2018-03-01T06:56:53.000Z
Afhandeling schade is nu los van de NAM. Rijk regelt de kosten. Dat wil @D66 ook met versterking van Groningse huizen. Mensen helpen en faciliteren voor een fijn thuis. Minister gevraagd om versterkingsakkoord te sluiten met de regio #Groningen ,1,2018-02-28T18:31:46.000Z
"Eurostar Amsterdam-Londen is 👍🏽 en staatssecretaris @SvVeldhoven werkt hard aan meer grensoverschrijdend treinverkeer, oa met nieuwe infra naar België en extra (snelle) verbindingen naar Duitsland ",1,2018-02-27T15:09:49.000Z
"Kleine impressie van bezoeken #D66Bustour aan schaatstempel Thialf, transportbedrijf Bakker en het Polymer Science Park. Duurzaam ondernemerschap in #Heerenveen en #Zwolle! Met dank aan @D66Zwolle &amp; @D66Heerenveen ",1,2018-02-26T17:19:26.000Z
"Dank aan @PolymerScienceP voor ontvangst #D66bustour en @D66Zwolle. Gave campus waar start-ups, DSM, onderzoek en onderwijs samenkomen voor innovatie op gebied van plastics, 3D-printlint en meer! #D66 ",1,2018-02-26T16:57:22.000Z
Met #D66bustour een bezoek gebracht aan @BakkerGroep in #Heerenveen. Sociaal familiebedrijf dat logistiek en warehousing innovatief inricht voor minder km’s en minder CO2 #D66 ,1,2018-02-26T14:37:03.000Z
Geweldig werkbezoek aan @thialf. Topsportlocatie met oog voor duurzaam én sociaal ondernemen #Thialf #Heerenveen #D66 #D66bustour ,1,2018-02-26T12:44:03.000Z
"Met de trein op weg van Nijmegen naar Heerenveen om me aan te sluiten bij #D66bustour. Met @D66Heerenveen bezoeken we schaatstempel @Thialf en Bakker Transport, een van de groenste transporteurs van Noord-NL! #D66 ",1,2018-02-26T09:48:11.000Z
"Nu te gast in de radiostudio van @RN7Online. Bij programma #StudioDeStreek in gesprek over de gemeenteraadsverkiezingen, mijn overstap van de Nijmeegse raad naar de Tweede Kamer en ‘alle huizen van het Gronings gas af’ #RijkvanNijmegen",1,2018-02-25T12:07:42.000Z
Wolf gespot in het dorp #Beek #Ubbergen #RijkvanNjjmegen #wolf ,1,2018-02-24T16:09:26.000Z
"Genoten van politiek café @d66rheden over de kansen voor klimaatbeleid. @D66 werkt landelijk en lokaal aan duurzame energie, comfortabele geïsoleerde huizen, circulaire inkoop, groene banen en landbouw met respect voor de natuur! #D66 ",1,2018-02-24T15:23:40.000Z
"Run op treintickers #Eurostar Amsterdam-Londen. Mooi, want met de trein is deze reis een stuk groener dan met het vliegtuig! En net zo comfortabel ",1,2018-02-23T16:59:33.000Z
"Afgelopen twee weken stevig debat gehad over het raadgevend referendum. Voor een korte terugblik en mijn blijvende inzet voor versterking van onze democratie, check ",1,2018-02-23T16:12:17.000Z
"Minister Kaag 💪🏽 
“Als vrouw zal ik mezelf nooit buitenspel zetten. Zeker niet als eerste vrouwelijke minister van Buitenlandse Zaken (al is het maar voor een korte periode)” ",1,2018-02-23T07:13:06.000Z
Kamerdebat over het schoonhouden van ons drinkwater. Collega @MatthijsSienot @D66 houdt zijn maidenspeech en pleit voor aanpak medicijnresten in drinkwater #D66 #water ,1,2018-02-22T17:49:02.000Z
Voor scheepvaart liggen enorme kansen voor vergroening. Kamer organiseerde onlangs ronde tafel op initiatief @D66. Vandaag belangrijke stap @MinIenW met maritieme sector ,1,2018-02-22T16:13:44.000Z
Prachtig interview in @trouw vandaag met drie kandidaat-raadsleden van @D66 met een moslimachtergrond 💚 ,1,2018-02-22T15:50:35.000Z
"Leuk gesprek gehad met @LSAbewoners, netwerk van bewonersgroepen, buurthuizen in zelfbeheer, BewonersBedrijven en coöperaties. Dit voorjaar volgen plannen goede participatie dicht bij huis verder te versterken ",1,2018-02-22T11:09:54.000Z
Eindelijk actie. Maatschappelijk verantwoord ondernemen 👍🏽 #D66 #Bedrijfslevenbeleid #MVO ,1,2018-02-21T15:18:07.000Z
Goed nieuws van minister Wiebes in commissiedebat #Bedrijfslevenbeleid over Tata/ThyssenKrupp. Hoofdkantoor kwam al naar NL. Nu helder: R&amp;D-tak in IJmuiden blijft en geen gedwongen ontslagen door fusie #banen #tata #hoogovens,1,2018-02-21T14:12:07.000Z
“De beste operatiekamers ter wereld vind je straks bij @maartenskliniek” Mooie innovatie in de zorg! #Ubbergen #Nijmegen ,1,2018-02-21T11:58:28.000Z
Bij #VAOspoor aandacht gevraagd voor aanpak geluid- en trillingshinder spoorgoederenvervoer en met @StienekevdGraaf motie ingediend voor behoud Intercity Dordrecht-Breda #Drechtsteden #Dordt #D66 #CU ,1,2018-02-20T14:59:40.000Z
Minister @KajsaOllongren maakt miljoenen vrij voor verduurzaming woningen in aardbevingsgebied: “Heel NL moet van het aardgas af en daar zou ik het liefst in Groningen mee beginnen” ,1,2018-02-19T18:48:59.000Z
Actie @D66Wijchen &amp; @D66Beuningen tegen geluidsoverlast snelwegen. Kamerfractie @D66 vraagt minister naar mogelijkheden op brug bij #Niftrik te verbeteren #A50 #A73 #Wijchen #Beuningen #D66 ,1,2018-02-19T09:36:32.000Z
Met vrijwilligers van @d66apeldoorn op campagne in de wijk Woudhuis voor de Gemeenteraadsverkiezingen van 21 maart #D66 #ingesprekmet #Apeldoorn ,1,2018-02-17T12:51:53.000Z
"Meer goederentreinen = minder files, maar ook meer overlast door geluid en trillingen. In Den Bosch bijgepraat door bewoners Paleiskwartier + Binnenstad en @d66denbosch @d66zaltbommel @D66Maasdriel #D66 #spoor ",1,2018-02-16T15:41:29.000Z
D66 wil zsm van alle kolen af! Door @RWE_NL bijgepraat over afbouw kolen #Amercentrale. Die gaat naar 80% biomassa. Maar ook dat moet écht groen worden en is het nu niet. Subsidies bio-bijstook stoppen na 2024 #energie #D66 ,0,2018-02-16T13:31:49.000Z
"Goed om input op te halen over opgave om alle huizen van het gas af te krijgen. Hoe liften particuliere woningen mee op investeringen woningcorporaties? Hoe geef je een buurt regie? Kiezen mensen vanwege klimaat, energierekening of comfort? #werkbezoek #D66 ",1,2018-02-16T13:17:55.000Z
Heel goed nieuws voor Nederland en het klimaat: geen schaliegas! Minister Wiebes geeft uitvoering aan oproep @D66 Kamerfractie met - toen nog - @SvVeldhoven als Kamerlid #D66 #schaliegas ,1,2018-02-16T07:58:31.000Z
Vanmiddag sluit ik mijn rondje Brabant af in #DenBosch voor een gesprek met lokale D66’ers en mensen die langs het spoor wonen. @D66 wil hinder door geluid en trillingen zoveel mogelijk voorkomen ,1,2018-02-16T07:42:30.000Z
Vandaag verschillende werkbezoeken in Brabant. De dag begint in #Breda waar @TomvanderLee en ik worden bijgepraat over de energietransitie in de stad en de rol van het warmtenet. Daarna naar de #Amercentrale,1,2018-02-16T07:36:07.000Z
Hyperloop @HardtGlobal haalt extra geld op voor verder onderzoek. Tweede Kamer steunde vorig jaar motie @D66 voor ‘s werelds grootste testlocatie in Nederland #innovatie #hyperloop #D66 ,1,2018-02-15T06:55:36.000Z
"Goed nieuws! Kabinet investeert fors in 50.000 gasvrije woningen, economische kansen in de regio en aanpak eenzaamheid - samen met provincies, gemeenten en waterschappen ",1,2018-02-14T15:59:24.000Z
"Inbreng @D66 bij #Warmtewet:
✅ meer keuzevrijheid consument
💚snellere vergroening warmtenetten 
💸 eerlijke prijs voor 1p-huishouden ",1,2018-02-14T15:42:30.000Z
Goed nieuws voor #Groningen. Onlangs sprak ik met #EWE over hun grootschalige acties om Duitse huizen om te bouwen naar alternatief h-gas. Fijn dat de Oosterburen helpen onze #gaswinning te verlagen! ,1,2018-02-14T15:35:44.000Z
"Bij #AOSpoor zet @D66 zich in voor bereikbaarheid Drechtsteden en grensregio’s, beperken hinder goederenvervoer en slimme uitrol beveiligingssysteem ERTMS ",1,2018-02-14T06:30:54.000Z
Vanmiddag ben ik helaas niet bij #AOSpoor. Ik sta in de plenaire zaal voor wijziging #Warmtewet. Collega @MatthijsSienot zal mij vervangen bij #AOSpoor @IenWTweedeKamer #D66,0,2018-02-14T06:25:37.000Z
Mooi! In Tilburg alle nieuwbouw gasloos. De Tweede Kamer biedt gemeenten die ruimte. Hoop dat alle gemeenten die nog bouwen met gas snel volgen #gas #klimaat #D66 ,1,2018-02-13T19:59:55.000Z
Belangrijk voor ontzettend veel patiënten dat de #donorwet na een goed debat zojuist door de Eerste Kamer is aangenomen. Puik werk van collega @piadijkstra en haar team! ,1,2018-02-13T15:35:01.000Z
Na het schadeprotocol wil de Tweede Kamer nu ook de versterkingsoperatie van #Groningen onafhankelijk van de #NAM. Moties @SandraBeckerman c.s en Jetten c.s aangenomen! #gaswinning #D66 ,1,2018-02-13T14:22:47.000Z
Vanavond in Utrecht borrel en jaaropening van de @VriendenJD @JongeDemocraten. Samen met het bestuur kijken @Borisham &amp; ik terug op 2017 en blikken vooruit ,1,2018-02-09T11:36:20.000Z
NL tekent verdrag om broeikasgassen HFK sterk terug te dringen. Belangrijk in strijd tegen opwarming aarde. Dit kabinet maakt echt werk van klimaatbeleid! #D66 #klimaat ,1,2018-02-09T10:28:00.000Z
Mooi interview met @Brittjje die trots is dat haar vader een stukje doorleeft omdat zijn organen 6 levens hebben gered ❤️ #donor #ADR ,1,2018-02-08T22:40:43.000Z
De Rotterdamse gemeenteraad wil dat de haven afscheid neemt van kolen. @MatthijsSienot &amp; ik vragen de ministers hoe het Rijk daarbij kan helpen. Op naar een duurzame haven! ,1,2018-02-07T20:01:08.000Z
Rijk en regionale overheden hebben schadeafwikkeling #Groningen naar zich toe getrokken. @D66 wil ook sterkere regie bij versterken huizen. Ook hier de NAM er tussen uit! ,1,2018-02-07T19:02:31.000Z
Minister Wiebes zegt #D66 toe te zoeken naar ‘experimenteerruimte’ voor #Groningen zodat wet- en regelgeving niet onnodig in de weg staat bij bijv isoleren van woningen en vergroenen bedrijven #gasdebat ,1,2018-02-07T19:00:06.000Z
"Minister Wiebes is helder over verlagen #gaswinning: “Geen mitsen en maren, we gaan het gewoon doen!” @D66 is blij dat kabinet het advies van Staatstoezicht op de Mijnen uitvoert en winning verlaagt naar 12 miljard kuub",1,2018-02-07T17:04:35.000Z
Oude schadegevallen #gaswinning Groningen worden door #NAM afgewikkeld met ‘nieuwe bril en nieuw budget’. Kamer houdt vinger a/d pols of schades goed worden opgelost ,0,2018-02-07T16:54:37.000Z
In #gasdebat vroeg ik Baudet: “Wil FvD de hele gasbel in Groningen leegpompen?” Het antwoord was: “JA” Heldere boodschap voor de Groningers. Die moeten voor hun veiligheid niet bij FvD zijn,0,2018-02-07T16:29:03.000Z
"In #gasdebat minister gevraagd om met #Groningen ook een akkoord te sluiten over versterking economie. Enorme kansen voor techbedrijven en vergroening chemie/industrie door wind op zee, snel internet en ruimte",1,2018-02-07T15:18:37.000Z
"Nu als Kamer in debat met minister Wiebes over #Groningen #gasdebat. Inzet @D66: gaswinning zsm verlagen, alle schades vergoeden en met Groningen werken aan een sterke regio! ",1,2018-02-07T13:40:26.000Z
Trots op @RMGBrouwer (raadslid @D66Nijmegen) en @wiepau (raadslid @D66Groningen) die zich allebei inzetten voor een #rookvrijegeneratie. Stem! ,1,2018-02-06T22:00:35.000Z
"Ja, sommige campagnefilmpjes zijn grappig. Maar sterk lokaal bestuur is belangrijker dan ooit en veel raadsleden werken keihard. Misschien ook eens een serieuze @JinekLive over de raadsverkiezingen? /1 ",1,2018-02-06T21:30:38.000Z
Gaaf! Voor de kust van Scheveningen komt 2.500 vierkante meter aan drijvende zonnepanelen. NLse maritieme kennis &amp; energie-innovatie hand in hand #klimaat #energie ,1,2018-02-06T15:57:02.000Z
2300 laadpalen voor elektrische auto’s en slim laden - goed bezig @ProvOverijssel &amp; @provgelderland l! #klimaat #auto #energie ,1,2018-02-05T19:47:55.000Z
"Vluchtelingen die in Nederland mogen blijven, moeten zo snel mogelijk kunnen meedoen. Goed dat @wkoolmees wachttijden inburgering aanpakt zodat mensen die willen werken aan de slag kunnen! #D66 #kansen ",1,2018-02-05T07:20:53.000Z
Reisbranche pakt verantwoordelijkheid: eerlijke prijs vliegticket bespreekbaar als opbrengst wordt ingezet voor klimaataanpak. Super! #vliegen #klimaat #reisbranche ,1,2018-02-05T07:05:06.000Z
"Dit weekend was ik op #Zeelandtour met bezoeken aan Middelburg, Vlissingen, Terneuzen en Goes. Check voor een kort verslag ",1,2018-02-05T06:33:34.000Z
Inzet @D66 in de Tweede Kamer: elke tien minuten snelle intercity’s tussen belangrijkste OV-knopen en metroachtig Sprinter-systeem tussen alle stations #spoor #OV#D66 #ZuidHolland ,1,2018-02-05T06:29:34.000Z
Ook vandaag weer goed nieuws van @SvVeldhoven voor treinreiziger: 300 miljoen voor spoor Zuid-Holland #D66 #spoor #OV ,1,2018-02-05T06:27:04.000Z
"Tijdens #Zeelandtour natuurlijk ook een bezoek aan #ZeeuwsVlaanderen met aandacht voor bereikbaarheid, vergroening industrie en diploma-erkenning + goede zorg over de grens. Dank aan @D66Hulst &amp; #D66Terneuzen #D66 ",1,2018-02-03T17:32:21.000Z
Huizen verwarmen met een groot blok ijs of met behulp van het riool? Met #D66Goes ideeën uitgewisseld bij woningbouwvereniging RWS en ontwikkelaar Marsaki tijdens #Zeelandtour #D66 ,1,2018-02-03T17:28:15.000Z
"Vandaag tijdens #Zeelandtour door @D66Vlissingen bijgepraat over @NorthSeaPort_, toerisme/cultuur in Vlissingen en goed onderwijs in @provzeeland #D66 ",1,2018-02-03T17:26:06.000Z
Dag met werkbezoeken en campagneactiviteiten in @provzeeland begint in #Middelburg waar CdK Han Polman een update geeft over ontwikkelingen in de provincie #Zeelandtour #D66 ,1,2018-02-03T09:01:03.000Z
Super dat minister Wiebes meteen tot eerste actie overgaat na advies Staatstoezicht. Gaswinning Loppersum per direct stilgelegd. Dit kabinet pakt door op #Groningen ,1,2018-02-02T11:38:21.000Z
"Vandaag liep @sytzeloor, campagneleider van @D66Arnhem, een dagje met mij mee in de Tweede Kamer. Leuk dat je er was en succes met #GR2018 #Arnhem ",1,2018-02-01T21:27:15.000Z
"Tijdens #hoorzittingNAM zegt #Shell: “Alle schades van Groningers worden vergoed.” Helder! Minister Wiebes kan aan de slag om deze woorden om te zetten in daden om Shell, Exxon en NAM aan toezeggingen te houden. #D66 #Groningen",1,2018-02-01T17:55:54.000Z
"Helder antwoord #Shell op mijn vraag: “Wat als NAM schades door gaswinning niet meer kan betalen, bijv. door lagere gaswinning?” #Groningen #hoorzittingNAM #gas ",0,2018-02-01T17:48:13.000Z
Bij gaswinning moet veiligheid van Groningers voorop staan. D66 heeft altijd adviezen van onafhankelijk SodM gevolgd. Minister moet nu aan de slag. Na schadeprotocol is verlaging winning volgende stap van kabinet om vertrouwen #Groningen terug te winnen. ,1,2018-02-01T09:08:16.000Z
"Zaterdag ben ik in de provincie Zeeland voor enkele werkbezoeken en campagne activiteiten met @D66Zeeland, @D66Middelburg, @D66Vlissingen, D66 Goes &amp; D66 Terneuzen #GR2018 #D66 #Zeeland",1,2018-01-31T19:54:50.000Z
Goed dat er eindelijk een nieuw #schadeprotocol voor Groningen is. Nu schades snel onafhankelijk en ruimhartig vergoeden. En werken aan minder gaswinning en versterking Groningen! ,1,2018-01-31T15:21:56.000Z
Vandaag hoorzitting met sector en debat met staatssecretaris over marktordening spoor @IenWTweedeKamer #spoor #OV ,1,2018-01-31T08:05:19.000Z
Meer intercity’s op Amsterdam-Nijmegen en Breda-Eindhoven. Goed nieuws voor de reiziger dankzij miljoeneninvestering @SvVeldhoven #D66 #spoor #OV ,1,2018-01-31T06:49:18.000Z
Na goed debat over Wet Voortgang Energietransitie en initiatiefwet Van Tongeren stemt Kamer vandaag voor schrappen aansluitplicht gas middels amendement. Alleen PVV en FvD tegen! ,1,2018-01-30T14:29:00.000Z
Waar komt je grijze stroom of aardgas thuis vandaan? Kamer wil meer transparantie voor consument en steunt motie @carladikfaber/@RobJetten &amp; motie @GroenLiesbeth #klimaat #energie,1,2018-01-30T14:25:43.000Z
Rijk en regio’s maken werk van meer internationaal treinverkeer. “Intercity Eindhoven-Helmond-Venlo-Düsseldorf rijdt vanaf 2025”. Super als het lukt! #OV #spoor #D66 ,1,2018-01-29T13:23:22.000Z
"Wel of geen 403-verklaring...voor #D66 is het duidelijk: NAM, Shell en Exxon mogen hun verantwoordelijkheid voor #Groningen niet ontlopen. Kamer organiseert z.s.m hoorzitting #gas ",0,2018-01-29T12:18:34.000Z
"Een bruisende binnenstad van Enschede, wethouder @eelcoeerenberg @D66Enschede krijgt het voor elkaar! #ingesprekmet #GR2018 #Enschede #D66 ",1,2018-01-27T12:44:47.000Z
Minister @KajsaOllongren verzorgt volgende week vrijdag de jaarlijkse Burgemeester Daleslezing in #Nijmegen. Check ,1,2018-01-27T09:55:27.000Z
"Dank @D66Renkum en alle aanwezigen voor boeiende discussies over o.a lokale energie-opwekking, verduurzaming woningen, (fiets)bereikbaarheid en lokale participatie #Renkum #Oosterbeek #Wolfheze #Doorwerth #D66 ",1,2018-01-26T22:03:14.000Z
D66-weekend met vanavond een Politiek Café van @D66Renkum ,1,2018-01-26T14:00:17.000Z
Door een volle dag met uitlopende Kamerdebatten kan ik helaas niet naar #scapinoballet in @SchouwburgNMGN vanavond om 20u. Wie maak ik blij met 2 kaartjes? ,0,2018-01-25T17:54:54.000Z
Amendement schrappen aansluitplicht gas voor woningen krijgt brede steun in de Kamer. Belangrijk voor verduurzamen woningen en minder verbruik Gronings gas #D66 #VVD #CDA #CU #GL #SP #PvdA #PvdD #SGP ,1,2018-01-25T15:50:12.000Z
Vandaag zet de Tweede Kamer een belangrijke stap richting woningen en bedrijfsgebouwen zonder gas. Goed voor #klimaat en #Groningen! #D66 #VVD #CDA #CU #GroenLinks ,1,2018-01-25T07:27:56.000Z
De grootste liberale én grootste groene ledenpartij van Nederland: @D66! Sluit je ook aan bij D66 via ,1,2018-01-25T07:18:17.000Z
"Vrijdagavond gaan @JasperVerstand &amp; ik graag met jou in gesprek over duurzaamheid, bereikbaarheid, democratie, onderwijs &amp; zorg #D66 @D66Renkum ",1,2018-01-24T15:12:34.000Z
Hoe versnellen we de groei van elektrisch rijden en welke rol spelen snellaadstations? Met @MatthijsSienot op werkbezoek bij @Fastned #duurzaam #auto #D66 ,1,2018-01-24T13:37:54.000Z
"Flinke groei zonnepanelen, maar nog altijd slechts 2,2% van onze energiebehoefte 🌞💚 ",1,2018-01-24T13:32:31.000Z
Blij met overweldigende steun in Tweede Kamer voor schrappen Kroonbenoeming burgemeester en CdK uit Grondwet. Ik ga met veel plezier dit voorstel van @D66 verdedigen in de Eerste Kamer ,1,2018-01-23T14:53:12.000Z
NRC checkte mijn uitspraak “Thorbecke was tegen benoemingswijze burgemeester in Grondwet” en oordeelt: WAAR ,0,2018-01-23T06:38:13.000Z
€100 miljoen subsidie voor energiebesparing en gasvrije woningen met #Energiebesparendoejenu van ministers @KajsaOllongren &amp; Wiebes. Mooi! #D66 #klimaat ,1,2018-01-22T18:57:25.000Z
Collega @Paul_van_Meenen is vanavond vanaf 19.30 in #Wijchen voor een avond over de toekomst van ons middelbaar onderwijs. Iedereen is van harte welkom! #D66 #onderwijs ,1,2018-01-22T11:46:52.000Z
Goed voor het klimaat en Groningen dat minister Wiebes werkt maakt van de oproep + motie van @AgnesMulderCDA &amp; @D66 voor uitfasering gasgestookte cv-ketel #D66 #duurzaam #gas ,1,2018-01-21T19:13:48.000Z
De burgemeester van Essen (Green Capital 2017) draagt het stokje over aan een trotse burgemeester Bruls @GreenCapital18 #Nijmegen ,1,2018-01-20T16:25:11.000Z
Staatssecretaris @SvVeldhoven: “Elke stad kan een steentje bijdragen aan realiseren Klimaatakkoord Parijs. Ik daag elke NLse stad uit @GreenCapital18 Nijmegen te overtreffen” ,1,2018-01-20T16:06:53.000Z
EU-commissaris @KarmenuVella bij de officiële start van @GreenCapital18: Nijmegen is de oudste stad van NL maar met de blik op de toekomst en de beste groene resultaten! ,1,2018-01-20T16:04:41.000Z
Vanochtend op een fantastisch mooie plek in Utrecht kennisgemaakt met de nieuwe lichting van @d66route66. Veel succes! #route66 #D66 #FortaandeKlop ,1,2018-01-20T11:25:55.000Z
D66 en VVD: Geen gasaansluiting voor nieuwbouwwoningen! Goed voor het klimaat en zorgt voor snellere afbouw vraag naar Gronings gas #energie #gas #D66 ,1,2018-01-19T14:26:52.000Z
Dank aan alle spoorpartijen voor een geslaagd en informatief werkbezoek van @IenWTweedeKamer #spoorbezoek ,1,2018-01-19T13:56:23.000Z
Na Verkeersleiding @ProRail en gesprek met vervoerders en aannemerij nu met @IenWTweedeKamer een bezoek aan Arnhem Centraal #spoorbezoek ,1,2018-01-19T12:27:37.000Z
"Gisteren 344 incidenten waarvan 97 bomen op het spoor, aldus @PierEringa. Allemaal opgelost door keihard werkende mannen en vrouwen bij ProRail, vervoerders en aannemerij #spoorbezoek ",1,2018-01-19T10:40:48.000Z
Met een schouwtrein is gisteren het hele baanvak stapvoets geïnspecteerd. In de trein zat een zaagploeg om meerdere bomen te verwijderen. Slimme aanpak! #spoorbezoek ,1,2018-01-19T10:28:22.000Z
Door treindienstleider Achterhoek bijgepraat over het vele werk dat gisteren is verzet voor veiligheid reizigers en herstel spoor na de storm #spoorbezoek ,1,2018-01-19T10:17:30.000Z
Super dat staatssecretaris @SvVeldhoven gisteravond poolshoogte nam bij NS &amp; ProRail. Vandaag met @IenWTweedeKamer op (al eerder gepland) #spoorbezoek in #Arnhem ,1,2018-01-19T06:37:54.000Z
⤵️👍🏽 ,1,2018-01-18T17:08:22.000Z
Windmolens dus 😇 ,1,2018-01-18T15:38:20.000Z
Doelstelling wind op land staat als een huis. Minister Wiebes gaat provincies aanspreken zich maximaal te blijven inspannen en vraagt Rijkswaterstaat en Rijksvastgoedbedrijf om medewerking #AOenergie #D66,1,2018-01-18T15:23:30.000Z
Minister Wiebes kondigt na vragen #D66 &amp; GroenLinks een routekaart aan voor versnelling aanleg windparken ten noorden van de Waddeneilanden. Meer dit voorjaar. Top! #AOenergie,1,2018-01-18T14:44:47.000Z
"Vervelend, maar verstandig. Veiligheid staat voorop! Sterkte en succes aan alle mensen die buiten aan het werk zijn om het spoor weer vrij van bomen (etc) te maken #storm #spoor ",1,2018-01-18T10:35:33.000Z
Blij met de brede steun in de Tweede Kamer tijdens debat over voorstel @D66 om benoemingswijze burgemeester &amp; CdK uit de Grondwet te halen. Dinsdag stemmen! #D66 ,1,2018-01-17T21:43:04.000Z
Dank voor jullie komst en succes met de campagne voor de raadsverkiezingen! #D66 #Culemborg ,1,2018-01-17T21:05:17.000Z
Lees hier mijn inbreng bij het #gasdebat van gisteravond namens @D66 ,1,2018-01-17T12:20:56.000Z
Klimaat-minister Wiebes gaat voortvarend aan de slag met minder gasgestookte cv-ketels n.a.v motie #D66 en @AgnesMulderCDA. Mooi! Slim groen moet je doen! ,1,2018-01-17T10:36:44.000Z
"#D66 wil meer lightrail in stedelijke regio’s: snel, betaalbaar en schoon van A naar B! Extra geld regeerakkoord kan private investeringen aanjagen. Staatssecretaris gevraagd hier snel werk van te maken #OV ",1,2018-01-17T09:25:13.000Z
Motie @D66 met brede steun in Kamer: zo snel mogelijk minder gas gebruiken in NL door elektrificatie industrie en snelle uitrol warmtenetten #gasdebat #D66 ,1,2018-01-16T23:11:22.000Z
"Kamer spreekt zich uit in #gasdebat:
➡️ schadeprotocol wettelijk verankeren 
➡️ onafhankelijk schadefonds
➡️ minder gaswinning
➡️ goede ondersteuning Groningers ",1,2018-01-16T22:35:41.000Z
Op vragen @D66 en ChristenUnie zegt minister Wiebes toe: vanaf dit jaar extra geld voor Groningen voor geestelijke ondersteuning gezinnen &amp; versterking sociale cohesie wijken/dorpen. Plus een opkoopregeling voor woningen #gasdebat,1,2018-01-16T22:33:01.000Z
Nogmaals dank voor jullie gastvrijheid en openheid. Motiveert me nog meer om in de Kamer te strijden voor een aanpak die recht doet aan Gronings leed #gasdebat ,1,2018-01-16T21:10:22.000Z
In gasdebat namens @D66 aangedrongen op verlaging gaswinning voor veiligheid Groningers; binnen enkele weken starten met ruimhartige schadeafhandeling; slim verstevigen huizen én maximale afbouw gasgebruik in NL #Groningen #gas #D66,1,2018-01-16T21:06:41.000Z
Het spoor had op 10 en 11 december last van sneeuwval. Alle wintermaatregelen moeten dan al ruime tijd gereed zijn. Goede evaluatie nodig. In febr debat met de staatssecretaris ,0,2018-01-16T07:46:20.000Z
"Nieuwe cao met meer vaste banen en 8,3% loonstijging voor al die hardwerkende mensen in het OV die ervoor zorgen dat elke dag miljoenen NL’ers prettig van A naar B komen ",1,2018-01-16T06:01:47.000Z
💚 #circulair #duurzaam ,1,2018-01-15T08:22:46.000Z
Woensdag bespreekt de Tweede Kamer het voorstel van @D66 om de benoemingswijze van de burgemeester &amp; CdK uit de Grondwet te halen en voortaan bij gewone wet te regelen #D66 ,1,2018-01-15T07:41:58.000Z
Zojuist met @sabineandeweg het campagnepand van @D66Arnhem geopend. Op naar een fantastische uitslag in Arnhem op 21 maart! #onderwijs #klimaat #D66 ,1,2018-01-14T16:17:46.000Z
Met veel plezier de #WijbrandtvanSchuurPrijs uitgereikt aan @stefvdbergh: vrijwilliger v/h jaar 2017 van @D66RvNijmegen voor zijn inzet voor ons programma &amp; gedachtegoed! #D66 #doemee ,1,2018-01-13T19:54:07.000Z
"Vandaag te gast geweest bij drie Groningse gezinnen. Dank voor de openhartige gesprekken over wonen in het bevingsgebied, de trage schadeafwikkeling en de zorgen + kansen van de versterking #Groningen ",1,2018-01-12T17:29:57.000Z
🇪🇺🏳️‍🌈❤️ ,1,2018-01-11T17:07:58.000Z
Staatstoezicht Mijnen vindt maatregelen NAM onvoldoende en spreekt van ‘code rood’. Voor D66 staat veiligheid Groningen op 1. Gaswinning moet verder omlaag. Dinsdag debat met minister Wiebes ,0,2018-01-11T16:11:49.000Z
Nederland kleurt groen. Ook in Grave gaat #D66 meedoen. Op 20 januari de officiële aftrap van @D66Grave. Succes! ,1,2018-01-10T17:05:02.000Z
Nieuwe vervoerder op spoorlijn Hamont-Weert. Voor D66 belangrijk dat veiligheid optimaal is. Daarom enkele schriftelijke vragen ⤵️ #spoor #goederen #Weert #Budel ,1,2018-01-10T13:28:47.000Z
Door hoogwater in de Waal staat De Ooypoort er verlaten bij. Gelukkig dankzij nevengeul Spiegelwaal droge voeten voor de stad #Nijmegen #Waal #Ooijpolder ,0,2018-01-09T13:56:21.000Z
De enige juiste (re)actie van minister Wiebes: gaswinning verder omlaag en z.s.m een nieuw schadeprotocol voor Groningen #aardbeving ,1,2018-01-08T20:09:52.000Z
Kamerbrede steun voor voorstel @AgnesMulderCDA om met commissie EZ&amp;K volgende week al debat (AO) met minister Wiebes te voeren n.a.v deze #aardbeving ,1,2018-01-08T18:07:18.000Z
Zware #aardbeving in Groningen vanmiddag. Sterkte aan iedereen daar! We moeten snel aan de slag met afbouwplan voor gasverbruik in NL tbv minder gaswinning ,1,2018-01-08T14:26:43.000Z
"Belangrijke doorbraak! Deal over Europese ‘Klimaatwet’ waarmee CO2-uitstoot van flink wat sectoren (landbouw, transport) wordt aangepakt 💚 ",1,2017-12-21T14:38:15.000Z
"NL spoor behoort tot de top in Europa. Komende jaren neemt aantal reizigers toe dus we moeten inzetten op minder uitval treinen, sneller herstel na verstoringen en meer capaciteit #spoor #D66 ",1,2017-12-19T07:27:17.000Z
Hier de brief van de staatssecretaris over directe intercity Eindhoven-Venlo-Dusseldorf ,1,2017-12-19T07:16:31.000Z
Directe treinverbinding Eindhoven-Dusseldorf komt in zicht. @SvVeldhoven investeert in verbetering infra rondom Eindhoven en NL &amp; DU gaan samen treindienst aanbesteden #Limburg #Brabant #D66,1,2017-12-19T06:51:42.000Z
"Door de hoge waterstand van de Waal komt er extra water in de Spiegelwaal, de nevengeul bij Nijmegen, Lent en stadseiland Veur-Lent. Mooie beelden ",1,2017-12-17T18:19:46.000Z
Het was vanochtend weer fijn wakker worden op #Tiengemeten @Natuurmonument #vriendenweekend ,1,2017-12-17T10:03:22.000Z
Weekendje uitwaaien (en bijlezen) op #Tiengemeten. Mijn eerste indruk...wat is het hier prachtig! #vriendenweekend #natuurmonumenten ,1,2017-12-15T16:00:26.000Z
💚 ,1,2017-11-13T07:06:32.000Z
Brede steun in de Kamer voor partnership tussen Rijk &amp; @GreenCapital18. Kennis en inspiratie uitwisselen voor een snellere klimaat &amp; energietransitie #D66 #CDA #VVD #CU #GL #Nijmegen ,1,2017-12-14T23:07:49.000Z
D66 wil schone energie stimuleren. Laat staatsbedrijf EBN (veel ervaring met gas/olie) zich nu storten op schone aardwarmte. Motie met CDA+GL #klimaat #D66 #aardwarmte ,1,2017-12-14T23:04:36.000Z
Bij begroting EZ&amp;Klimaat een motie ingediend voor stimulering duurzame cv-ketels en minder gebruik Gronings gas in woningen #klimaat #D66 #CDA ,1,2017-12-14T23:01:43.000Z
Goed nieuws voor de fiets! ,1,2017-12-14T13:57:54.000Z
Blij met de steun van @VNONCW voor voorstel @D66 &amp; @cdavandaag om de gasgestookte cv-ketel uit te faseren! ,1,2017-12-14T12:23:26.000Z
Vanavond en morgenavond de Begrotingsbehandeling Economische Zaken &amp; Klimaat. Voor @D66 komen @jpaternotte &amp; ik in actie #teamEZK #D66 ,1,2017-12-13T16:33:39.000Z
Geweldig! Van milieuorganisaties en bewonersgroepen tot ondernemers en de installatiesector: positieve reacties op plan D66+CDA voor uitfasering gasketel ,1,2017-12-13T15:45:39.000Z
Leuk nieuws van @SvVeldhoven in commissievergadering over CO2-emissies auto’s. BeNeLux gaat laden elektrische auto over de grens makkelijker maken!,0,2017-12-13T13:11:55.000Z
D66 wil dat alle kolencentrales sluiten. Vandaag belangrijke stap. Minister Wiebes werkt aan wettelijk verbod op gebruik van kolen #klimaat #energie #Hemweg #D66 ,1,2017-12-13T10:19:40.000Z
Groenste regeerakkoord ooit! NL trekt de kar in Europa om in 2030 55% CO2 te besparen #VVD #CDA #D66 #CU ,1,2017-12-13T08:49:08.000Z
Warmte uit de aarde is een oneindige bron schone energie. D66 &amp; CDA willen aardwarmte stimuleren met een kansenkaart en inzet van staatsbedrijf EBN #aardwarmte #klimaat ,1,2017-12-13T07:24:09.000Z
"D66 &amp; CDA willen gasgestookte cv-ketel uitfaseren. Minder Gronings gas, beter voor klimaat, goed voor je portemonnee! ",1,2017-12-13T06:48:32.000Z
"De Wereldbank stopt vanaf 2019 met investeren in olie en gas. Top! Hoe staat het met NLse banken en pensioenfondsen? Stop met kolen/gas/olie, kies voor schone energie! ",1,2017-12-12T21:10:13.000Z
Mooi! Premier Rutte gaat op 12 december naar ‘One Planet Summit’ in Parijs om NLse ambitie om Europees koploper Klimaatbeleid te worden extra kracht bij te zetten! #klimaat,1,2017-12-11T14:17:23.000Z
Steeds meer mensen pakken de trein en daardoor is het druk. Vervoerders zetten extra &amp; langere treinen in. @SvVeldhoven zorgt voor voldoende parkeerplekken 👍🏽 #spoor #D66 ,1,2017-12-08T18:48:30.000Z
Samen met @carladikfaber vraag ik de minister nu werk te maken van sluiting kolencentrales. Leg het wettelijk vast en ga aan de slag! #D66 #CU #klimaat ,1,2017-12-07T17:53:31.000Z
"Klare taal van minister Wiebes. Dit kabinet maakt echt werk van schadeafwikkeling, versterking Groningen zonder #NAM. Voor #Groningen! #VVD #CDA #D66 #CU ",1,2017-12-06T19:56:21.000Z
Belangrijk signaal minister Wiebes: NAM gaat echt op afstand. Goed voor Groningen. Benieuwd naar concrete voorstellen ,1,2017-12-06T14:50:18.000Z
Jong geleerd is oud gedaan. Elke school een moestuin voor gezonde en eerlijke voeding. Go @TjeerdD66! #D66 ,1,2017-12-06T06:47:22.000Z
"Collega @Paul_van_Meenen zat 33 jaar in het onderwijs en werkt nu vanuit de Kamer aan minder uren/checklists, meer ruimte en kwaliteit #D66 ",1,2017-12-06T05:39:05.000Z
“Voor de Noordzee wordt een stijging van 1.50 meter niet langer ondenkbaar geacht.” Wat is impact NLse waterveiligheid en hoe nemen we dit mee in Klimaatagenda? Aangemeld voor Vragenuur #D66 ,0,2017-12-05T07:45:44.000Z
Medio ‘18 komt kabinet ook met voorstel voor financiering CO2-opslag. Wiebes bevestigde vorige week al: komt niet uit huidige stimuleringsfonds duurzame energie 👍🏽 ,0,2017-12-04T17:55:08.000Z
"Minister Wiebes wil volgend al nieuw Klimaat- &amp; Energieakkoord. Tempo is goed, want de uitdaging is groot! #klimaat #D66 ",1,2017-12-04T17:53:39.000Z
Kijk! Dat is nu eens mooi nieuws rondom elektrisch rijden! Overijssel en Gelderland werken aan 2200 extra laadpalen 💚 ,1,2017-12-04T17:39:02.000Z
Dank aan alle Groningers die vandaag hun persoonlijke verhaal over schade afhandeling en versterking huizen wilden delen met Kamercommissie EZ&amp;Klimaat #Groningen #gas ,1,2017-12-04T17:09:46.000Z
"Elektrisch rijden groeit langzaam, maar binnen enkele jaren goedkoper ",1,2017-12-04T08:13:14.000Z
"Vandaag met Kamercommissie EZ&amp;K op bezoek in #Groningen. In gesprek met bewoners uit oa Loppersum, Overschild en Appingedam over versterkingsoperatie, opkoop- en garantieregeling",1,2017-12-04T06:41:07.000Z
Dank voor de komst @d66route66 en tot snel! #D66 #TweedeKamer #Route66 ,1,2017-11-30T19:58:26.000Z
Tweede termijn Kamer bij begroting @MinIenW zit er op. We gaan om 00:01 verder met beantwoording minister en staatssecretaris #Kamerleven,0,2017-11-29T22:36:28.000Z
Fiets-moties @D66 bij begroting #IenW. Meer ruimte voor e-bikes en bakfietsen in stallingen. Bij grote infraprojecten altijd fiets meewegen 🚲💚 #D66 #fiets ,1,2017-11-29T22:26:14.000Z
Spoorbedrijven willen graag meer internationaal treinverkeer. Laten we samen kijken hoe we dat kunnen stimuleren! #spoor #IenW #D66 ,1,2017-11-29T22:03:05.000Z
"Ik dring al aan sinds de lente, maar vanaf nieuwe dienstregeling medio december wordt toeslag IC-Direct buiten de spits tijdelijk geschrapt. 👍🏽 voor de reiziger! #spoor #HSL #D66 #IenW",1,2017-11-29T21:44:19.000Z
Staatssecretaris daagt gemeenten en provincies uit om samen te investeren in meer fietswegen en fietsstallingen. 100 miljoen Rijk graag verdubbelen! #D66 #fiets #IenW,1,2017-11-29T20:33:51.000Z
"Mooie inzet staatssecretaris @SvVeldhoven voor komende jaren: gezonde lucht, veilige leefomgeving, meer en beter openbaar vervoer en spoor #begroting #ienw #D66 ",1,2017-11-29T20:14:02.000Z
Deelnemers aan Green Deal Biofuels besparen tot 75% op CO2 per vlucht. Blij dat minister #IenW na vragen @D66 gaat werken aan Rijksbrede deelname aan Green Deal!,1,2017-11-29T19:47:56.000Z
Voor de kerst komt plan van aanpak herindeling luchtruim NL vanuit #IenW en #Defensie met grote rol sector en bewoners. Belangrijke stap voor minder geluid en uitstoot. Tempo nodig! #D66,1,2017-11-29T19:24:51.000Z
"Na oproep D66, VVD, CDA reageert minister positief. Wil met bedrijfsleven business case maken voor testlocatie #Hyperloop in NL #IenW #D66 #innovatie",1,2017-11-29T19:17:04.000Z
Minder slachtoffers verkeersongevallen nodig! @D66 daagt minister uit: betere registratie ongevallen &amp; gerichte campagnes voor veiliger gedrag #D66 #IenW,1,2017-11-29T19:06:28.000Z
"Op verzoek @D66 komt begin 2018 planning voor invoering #Maut in NL, aldus minister. Eerlijk betalen naar gebruik - tegen files en voor schone lucht #D66 #IenW",1,2017-11-29T18:28:01.000Z
Minister antwoord op vragen @D66: bij problemen bereikbaarheid kijken we eerst naar slimme oplossingen en beter benutten. Pas daarna extra asfalt #IenW #D66,1,2017-11-29T18:26:35.000Z
"Deel 2 van debat begroting @MinIenW. Namens @D66 zitten @JessicaVanEijs &amp; ik er weer klaar voor: voor schonere lucht, meer fiets en beter OV #D66 #bereikbaarheid",1,2017-11-29T18:13:40.000Z
"De luchtvaart moet drastrisch schoner en stiller. Ook Airbus, Siemens en Rolls-Royce werken nu aan hybride vliegtuig. 👍🏽 ",1,2017-11-29T08:27:25.000Z
Tof! Europa’s groene hoofdstad Nijmegen krijgt 4.000 nieuwe bomen en speciale natuurlessen op scholen. Mooi onderdeel van @GreenCapital18 ,1,2017-11-29T06:46:20.000Z
Voorkom terugsturen homo’s naar onveilige landen met betere screening vluchteling. Top! @GroothuizenD66 @JoelVoordewind #D66 #CU ,1,2017-11-29T06:38:02.000Z
Kern van mijn inbreng bij begroting Infrastructuur: investeren in slimme en duurzame bereikbaarheid met #fiets #OV #trein en innovaties als de #hyperloop #D66 ,1,2017-11-28T17:56:36.000Z
Bij begroting @MinIenW Minister gevraagd om zo snel mogelijk met regio Utrecht te starten met aanpak Noordelijke Randweg: betere doorstroming en schonere lucht! #NRU #D66 ,1,2017-11-28T17:53:42.000Z
Vanaf 15.50u bespreekt #TweedeKamer de begroting @MinIenW.  @JessicaVanEijs (Milieu) en ik (Infrastructuur) voeren het woord voor @D66 mede namens @jpaternotte @MatthijsSienot #teamIenW #D66 ,1,2017-11-28T14:11:38.000Z
Onwijs leuke avond gehad bij @JDEdeWageningen met scherpe vragen over o.a Klimaat &amp; Energie. De JD’ers komen snel op bezoek in #TweedeKamer voor vervolg! ,1,2017-11-27T21:06:08.000Z
Op weg naar Wageningen voor een avondje met @JDEdeWageningen over het regeerakkoord en het werk als Kamerlid voor #D66,1,2017-11-27T16:56:11.000Z
Supersnel van A naar B? Laat NL koploper zijn op gebied van slimme mobiliteit met een grote testlocatie voor #hyperloop! ,1,2017-11-26T12:32:10.000Z
"Door ceo @Arriva_NL ook bijgepraat over sociale aspecten bedrijf. Goed dat bedrijf inzet op meer diversiteit, vrouwen in de top en social return! ",1,2017-11-24T12:43:07.000Z
"Nuttig bezoek @Arriva_NL #Limburg. Gesproken met machinisten, chauffeurs en stewards over oa soc veiligheid, verbetering spoor en elektrische bussen! #D66 ",1,2017-11-24T12:41:08.000Z
Zo op werkbezoek bij @Arriva_NL. We rijden met machinisten mee op de #Maaslijn en bezoeken busstation van #Venlo met gesprek over schoon en slim OV,1,2017-11-24T07:50:58.000Z
Strakke brief @SvVeldhoven over toekomst #ProRail: publieke taak en publiek geld vragen om heldere publieke aansturing. Belang reiziger en verlader staan op nr1! #spoor ,1,2017-11-24T07:22:00.000Z
Vanavond campagneveiling van @D66RvNijmegen. Op naar een mooie D66-campagne in #BergenDal #Beuningen #Heumen #Nijmegen en #Wijchen ,1,2017-11-24T05:06:16.000Z
Aflosbonus wordt in 30 jaar afgebouwd. 96% huiseigenaren gaat erop vooruit. Mensen met huis boven 1 miljoen gaan iets meer betalen. Sociaal plan! #Hillen #hillibuster ,1,2017-11-23T08:24:02.000Z
"Goed nieuws voor #N35 Nijverdal-Wierden! Rijk en regio werken samen aan betere verkeersveiligheid, minder files, betere doorstroming #bereikbaarheid #mobiliteit #D66 ",1,2017-11-22T12:45:31.000Z
Vanaf nu is @AgnesMulderCDA voorzitter van de commissie @IenWTweedeKamer. Veel dank aan waarnemend voorzitter @remcovvd! ,1,2017-11-22T09:10:11.000Z
"Het is 22 november &gt;&gt; lokale verkiezingen! Kies vandaag voor goed wonen, werken en recreëren in #Zevenaar &amp; #Rijnwaarden. Stem @D66Zevenaar #D66 ",1,2017-11-22T00:08:45.000Z
Ben je 25-33 jaar en lid van @D66? Wil je jouw politieke vaardigheden verder ontwikkelen? Meld je aan voor het opleidingsprogramma @d66route66 ,1,2017-11-21T10:51:16.000Z
Gaaf! #Portaal maakt 132 sociale huurwoningen uit jaren ‘70 aardgasvrij. Mooi voorbeeldproject in @GreenCapital18 #Nijmegen ,1,2017-11-21T07:32:41.000Z
D66 wil goed OV van/naar #Dordt. Eerder al aandacht gevraagd voor verslechterde bereikbaarheid regio Drechtsteden. Betere treindienst is nodig! #spoor #D66 ,1,2017-11-21T06:45:57.000Z
Kerk en legertop lijken ‘eervol’ vertrek #Mugabe via partijcongres te steunen. Hopelijk draagt het bij aan een vreedzame machtsoverdracht #Zimbabwe ,1,2017-11-19T19:27:46.000Z
"#Mugabe geeft lange speech over de revolutionaire spirit van Zim &amp; ZANU-PF, roept op tot vergevensgezindheid. Treedt NIET af, verwijst naar komend partijcongres #Zimbabwe ",1,2017-11-19T19:26:26.000Z
Een vurig pleidooi van @SophieintVeld voor beschermen en versterken van de progressieve &amp; liberale Europese waarden #D66congres #D66 ,1,2017-11-18T13:30:52.000Z
Leden @D66 vragen ons topteam uit het Kabinet naar hun ambities en eerste ervaringen tijdens een Q&amp;A op #D66Congres in #Leeuwarden 💚 ,1,2017-11-18T10:49:13.000Z
Lijsttrekker @Hilde_Tjeerdema @D66leeuwarden opent het #D66congres. Vandaag zijn we te gast in Fryslân! #D66 ,1,2017-11-18T10:05:45.000Z
"Geweldig werkbezoek van @D66 aan @wetsus, wereldberoemd topinstituut voor watertechnologie in Leeuwarden! #Fryslan #D66 ",0,2017-11-17T16:48:35.000Z
Slimme &amp; duurzame bereikbaarheid zijn pijlers van Mobiliteit in regeerakkoord. Erg blij met regionale pilots Mobility as a Service! ,1,2017-11-17T14:48:50.000Z
Derde en laatste dag met #TweedeKamer bij klimaattop #cop23 zit er op. Internationaal veel interesse in ambities NLs regeerakkoord 55% minder CO2 💚 Check: ,1,2017-11-16T19:07:43.000Z
Na drie inspirerende en informatieve dagen bij #cop23 nu met @suzanne_GL en Rens van de griffie @IenWTweedeKamer terug naar NL 🚉 ,1,2017-11-16T13:34:56.000Z
Ook vandaag is @IenWTweedeKamer bij de VN-klimaattop in Bonn. In de plenaire zaal spreken alle landen deze dagen hun commitment uit voor aanpak #klimaat en #ParisAgreement ,1,2017-11-16T11:11:06.000Z
Met @AgnesMulderCDA aanwezig bij plenaire sessie #cop23 waar Eurocommissaris Cañete aankondigt dat EU lidstaten uiterlijk eind 2017 instemmen met Doha-amendement ,1,2017-11-16T11:06:25.000Z
"Bijpraten NLse Kamerleden &amp; Europarlementariërs oa over ambities regeerakkoord, EU-kopgroep #klimaat, nieuwe #ETS afspraken, CO2-prijs en kolencentrales #cop23 ",1,2017-11-16T09:46:51.000Z
Tweede dag van de delegatie #TweedeKamer bij VN-klimaattop #cop23. Vandaag prikkelende speeches van oa Merkel &amp; Macron. Zie: ,1,2017-11-15T22:50:04.000Z
NL zet hoog in bij #cop23 om regeerakkoord voor elkaar te krijgen: 55% CO2-reductie in EU in 2030. Zojuist kort gesprek Kamerdelegatie met minister Wiebes ,1,2017-11-15T17:46:48.000Z
Met een nieuw zonnepark voor St Eustatius is een stukje van ons Koninkrijk alvast vrijwel volledig zelfvoorzienend! #Statia #energie ,1,2017-11-15T17:00:16.000Z
Korte ontmoeting Nederlandse en Duitse parlementsleden over #klimaatbeleid en hoe we samen kunnen optrekken voor snellere CO2-besparing #cop23 ,1,2017-11-15T16:28:49.000Z
"Macron bij #cop23: een hogere CO2-prijs in EU is nodig om bedrijfsleven in beweging te krijgen. Noemt €30. Zal weerstand oproepen, maar is nodig",1,2017-11-15T15:27:10.000Z
“De strijd tegen klimaatverandering is de belangrijkste van onze tijd” want veiligheid en toekomst van onze planeet op spel - Macron #cop23 ,1,2017-11-15T15:19:00.000Z
Merkel: in EU-verband inzetten op minder CO2-rechten en hogere CO2-prijs; meer groene energie; verduurzamen gebouwen; bijstaan ontwikkelingslanden #cop23 #klimaat ,1,2017-11-15T15:11:40.000Z
“It’s time for climate leadership and action. We need to act now!” Helemaal eens met deze jonge openingsspreker uit #Fiji bij start sessile regeringsleiders #cop23 ,1,2017-11-15T13:50:21.000Z
Komend uur speechen o.a Merkel en Macron bij #cop23. Benieuwd naar concrete ambities/plannen voor VO2-besparing #klimaat #Europa ,1,2017-11-15T13:19:13.000Z
Leuke ontmoeting met VN Jongerenvertegenwoordigers @MartijnLVisser &amp; @EMnaardeVN. Klimaat is juist ook een zaak van de jeugd! #cop23 #klimaat ,1,2017-11-15T12:36:49.000Z
Raad van State wil betere onderbouwing besluit over gaswinning in Groningen. Snel debat met de minister. Check voor eerste reactie ,0,2017-11-15T11:50:54.000Z
"Side-event #cop23 over ‘energiewende’: niet alleen andere manier van stroom opwekken, maar ook sociale omwenteling #klimaat #energie ",1,2017-11-15T11:35:06.000Z
Bij side-event #cop23: hoe kan financiële sector/bedrijfsleven klimaat integreren in bedrijfsvoering en CO2-besparing aanjagen? #klimaat #D66 ,1,2017-11-15T11:03:32.000Z
Op #cop23 is delegatie Tweede Kamer door ambassadeur bijgepraat over Duitse coalitie-onderhandelingen en inzet op #klimaat en #energie bij onze oosterburen ,1,2017-11-15T10:51:15.000Z
"Korte terugblik op gisteren, eerste dag van bezoek delegatie Tweede Kamer aan klimaattop #cop23 ",1,2017-11-15T09:03:59.000Z
"Vandaag weer een vol programma voor Kamerdelegatie #cop23. Oa ontmoetingen met minister, Eurocommissaris, NGO’s en speeches Merkel &amp; Macron #klimaat ",1,2017-11-15T08:37:56.000Z
"In april namens @D66 al debat aangevraagd nav OVV-rapport. Veiligheid moet bij vliegen voorop staan, vraagt om meer regie Rijk. Binnenkort debat met nieuwe minister ",1,2017-11-15T06:47:58.000Z
Australië kiest voor openstelling van het huwelijk 🇦🇺 ❤️ #AustraliaSaidYES ,1,2017-11-15T06:29:55.000Z
Ook staatssecretaris @SvVeldhoven van Milieu is op #cop23 in #Bonn #D66 ,1,2017-11-14T16:21:53.000Z
Wethouder @TonSchroor over waarom #Groningen dé plek is voor @GCECANews: omslag van gas- naar groene economie begint in Noord NL #cop23 #klimaatadaptatie ,1,2017-11-14T14:47:53.000Z
Secr-Gen Sy van #RedCross benadrukt belang #klimaatadaptatie. Miljoenen mensen in zwakkere positie staan nu al onder druk of slaan op vlucht door droogte of water. #cop23 ,1,2017-11-14T14:43:14.000Z
Schade door overstromingen en droogte loopt jaarlijks in de miljarden. NL heeft de kennis om te helpen. Minister @CvNieuwenhuizen trots dat centrum #klimaatadaptatie in NL komt! #cop23 ,1,2017-11-14T14:38:58.000Z
Delegatie #TweedeKamer is gearriveerd bij klimaattop #cop23. Nu lancering @GCECANews Centre of Excellence voor klimaatadaptatie dat in #Groningen &amp; #Rotterdam komt ,1,2017-11-14T14:23:06.000Z
Op weg naar #COP23 een tussenstop bij DSM in Heerlen. Inspirerend gesprek Kamerleden met CEO en ‘klimaatactivist’ Sijbesma over groenste regeerakkoord ooit en noodzaak CO2-prijs ,1,2017-11-14T12:01:28.000Z
Op weg naar Bonn voor Klimaattop #COP23. Namens @D66 is ook @Gerbrandy aanwezig. Vanuit #TweedeKamer ook @AgnesMulderCDA @suzanne_GL @remcovvd @LammertvanRaan ,1,2017-11-14T07:46:58.000Z
Slim: hybride boilers als groene warmtebron voor industriële grootverbruikers. Benieuwd hoe snel @Eneco dit kan aanbieden #klimaat ,1,2017-11-14T03:44:08.000Z
Ambitieuze plannen van Rotterdam en regio voor goede bereikbaarheid. Uitstekend OV is daarvoor onmisbaar! #spoor #OV #Rotterdam ,1,2017-11-13T18:53:16.000Z
Dank aan @JDArnhmNijmgn voor hun bezoek aan de #TweedeKamer #D66 met veel pittige vragen 😉 #JongeDemocraten ,1,2017-11-13T16:14:40.000Z
Veel dank aan @GemWijchen en bewoners #Niftrik voor werkbezoek aan de A50. Veel hinder door geluid. Ik ga uitzoeken of maatregelen mogelijk zijn! #D66 ,1,2017-11-10T17:35:20.000Z
Goed groen nieuws uit Noord-Nederland. @Arriva_NL komt met hybride treinen voor Groningen #spoor #D66 #duurzaam ,1,2017-11-10T07:15:24.000Z
Verkoop vieze auto’s stijgt. @D66 wil schone auto komende jaren stimuleren met meer laadpalen; goedkoper parkeren elektrische auto’s en strengere EU-normen uitstoot ,1,2017-11-10T07:12:46.000Z
In regeerakkoord willen we vanaf 2030 alleen nog elektrische auto’s in de nieuwe verkoop. Omslag hard nodig! ,0,2017-11-10T06:48:40.000Z
In Niftrik hebben bewoners overlast van de A50 en de brug over de Maas. Morgen ga ik op bezoek bij @GemWijchen en Leefbaarheidsgroep #Niftrik ,0,2017-11-09T14:19:05.000Z
Algemene Financiële Beschouwingen duren langer dan verwacht. 30-Ledendebat over gasvondst Noordzee van vanavond gaat daardoor niet door en gaat naar een andere dag #TweedeKamer,0,2017-11-09T14:11:16.000Z
Commissie @IenMTweedeKamer laat zich de komende weken bijpraten over MER #LelystadAirport. Vandaag @HoogOverijssel ,1,2017-11-09T09:23:42.000Z
Vanavond met @D66Duurzaam het groenste regeerakkoord ooit besproken. Komende tijd samen aan de slag voor concrete voorstellen CO2-besparing #D66,1,2017-11-08T20:38:21.000Z
Voorstellen Europese Commissie voor schonere auto’s zijn onvoldoende. @D66 wil meer ambitie! Lees de reactie van EP-lid @Gerbrandy ,0,2017-11-08T17:34:22.000Z
Collega @Sneller is net een week Kamerlid @D66 en staat nu al te vlammen bij de financiële beschouwingen! #maidenspeech ,0,2017-11-08T14:08:57.000Z
Bizarre uitspraken Dijksma over MER #LelystadAirport. Ze sprak als staatssecretaris altijd sussende woorden over kritiek op MER. Komt ze nu mee! ,0,2017-11-08T09:03:51.000Z
Morgen begint in #Bonn klimaattop #COP23 onder leiding van #Fiji. Op 14-15-16 nov ga ik met een delegatie v/d Tweede Kamer naar Bonn #D66 ,1,2017-11-05T22:10:03.000Z
#D66 collega @MatthijsSienot heeft #scheepvaart #binnenvaart van mij overgenomen en zet zich net zo hard in voor vergroening sector! @D66 ,1,2017-11-05T18:17:22.000Z
"Vandaag met liberalen uit BE, DU en NL in #Nijmegen bijeen over samenwerking tbv mobiliteit, groene energie en onderwijs #ELFevent ",1,2017-11-04T09:52:43.000Z
Na werkbezoek #spoor en #N65 Vught ook even bijgepraat met D66’ers uit de regio #Brabant #D66 ,1,2017-11-03T18:54:39.000Z
Dank aan @D66Vught en @SamenVoorVught voor uitstekend werkbezoek. Veel input over plannen #spoor en #N65 en issues geluid/trillingen ,1,2017-11-03T17:41:52.000Z
Op weg naar #Vught waar @D66Vught mij vanmiddag met de fiets belangrijkste ontwikkelingen en issues #spoor en #N65 laat zien! #werkbezoek ,1,2017-11-03T12:36:57.000Z
Pechtold vraagt kabinet in debat #regeringsverklaring om zsm in Europees verband te werken aan vergroening luchtvaart #kerosineaccijns #D66,1,2017-11-02T15:18:45.000Z
Kraakhelder betoog Rutte inzake dubbele nationaliteiten leden Kabinet. In NL beoordelen we mensen op hun daden. #Regeringsverklaring,1,2017-11-02T09:51:56.000Z
Deel twee van debat #regeringsverklaring is begonnen met beantwoording van het Kabinet ,0,2017-11-02T09:36:29.000Z
23:23 eerste termijn Kamer zit er op. Morgen 10:30 start beantwoording Kabinet #Regeringsverklaring,1,2017-11-01T22:24:36.000Z
"Seegers wijst in debat #regeerakkoord terecht op CO2-prijs energiesector. Vieze stroom wordt duurder, kolencentrales gaan daardoor dicht",0,2017-11-01T20:36:34.000Z
"Pechtold: groene ambities #regeerakkoord betekent ook meer investeren in natuur in NL. Provincies in de regie, extra € beschikbaar",1,2017-11-01T19:26:11.000Z
"Pechtold: CO2-taakstelling #regeerakkoord is voldoende voor Parijs. Helft maatregelen ligt klaar, overige helft via nieuw energieakkoord ",1,2017-11-01T19:18:39.000Z
Pechtold trots op meer kans op vaste baan. Meer € cultuur. Uitvoering regenboogakkoord. Experiment wietteelt #Regeringsverklaring #D66,1,2017-11-01T18:30:40.000Z
"Pechtold: statushouders ontzorgen met basisvoorzieningen zodat zij zich kunnen storten op taal, integratie en werk #regeringsverklaring",1,2017-11-01T18:27:53.000Z
"Pechtold: kernpunten @D66 in #regeerakkoord. Persoonlijker onderwijs, werken gaat lonen, onmiddellijke actie klimaat, taalles vluchtelingen",1,2017-11-01T18:16:56.000Z
"Pechtold: “Kansen voor iedereen, onderwijs als zuurstof. Radicale verduurzaming is morele plicht én economische kans.” #Regeringsverklaring",1,2017-11-01T18:11:09.000Z
Pechtold: “@D66 kiest voor samenwerking en neemt verantwoordelijkheid. Gebaseerd op respect voor elkaars overtuigingen” #regeringsverklaring,1,2017-11-01T18:08:49.000Z
Rutte: “We hebben Parijs-akkoord getekend en zullen er naar handelen. De kolencentrales dicht en meer wind op zee” #regeringsverklaring,1,2017-11-01T09:57:32.000Z
"Nieuwe portefeuilleverdeling #D66 Kamerfractie ivm einde formatie en vertrek @wkoolmees, @SvVeldhoven en @ivanengelshoven naar Kabinet ",0,2017-11-01T05:42:36.000Z
"Portefeuilles fractie @D66 definitief verdeeld. Ik ga aan de slag met: Klimaat &amp; Energie; Gas; Spoor, OV &amp; Taxi; Democratische Vernieuwing",1,2017-11-01T05:40:37.000Z
Vanuit Nijmegen vroeg op weg naar Den Haag. Vandaag en morgen debatteert de Tweede Kamer over de regeringsverklaring ,1,2017-11-01T05:37:39.000Z
Ons team telt drie nieuwe toppers! @Sneller @d66monica @MatthijsSienot 💪🏽💚 #D66 ,1,2017-10-31T16:27:42.000Z
Megaklus geklaard door @NS_online en @ProRail: alle stations toegankelijk voor blinden 💪🏽 Nu blijven verbeteren in trein en regulier OV ,1,2017-10-31T07:42:26.000Z
"Dank @Waterbouwers &amp; #VanOord voor bezoek aan Rotterdam. Nuttig gesprek over offshore/wind, klimaatadaptatie en samenwerking RWS-sector #D66",1,2017-10-30T15:29:20.000Z
Dagje maritieme sector. Na Kamervragen over uitstempelen zeevarenden + gesprek met @denoordzee nu op weg naar Rdam voor bezoek @Waterbouwers,1,2017-10-30T11:41:02.000Z
Vanavond zijn senator Joris Backer &amp; ik bij infoavond van D66 Voorne. Welkom! ,1,2017-10-30T06:08:22.000Z
Meer Intercity’s Amsterdam-Eindhoven = belangrijk voor capaciteit en kwaliteit #trein #OV. Vanaf dec ook enkele verbeteringen voor Sprinters ,1,2017-10-27T13:20:27.000Z
Hierbij de complete verdeling van alle portefeuilles in Rutte-3 #VVD #CDA #CU #D66 ,1,2017-10-25T18:02:25.000Z
Onlangs bleek dat in regio Arnhem-Nijmegen luchtvervuiling leidt tot gemiddeld jaar korter leven. Lokale aanpak schonere lucht belangrijk ,0,2017-10-25T10:50:02.000Z
Arnhem wil #milieuzone voor schonere lucht binnenstad. Regeerakkoord biedt ruimte lokale aanpak. Wel komt er meer eenduidigheid milieuzones ,1,2017-10-25T10:48:56.000Z
Commissie @IenMTweedeKamer wil scherp krijgen welke fouten zijn gemaakt bij MER #LelystadAirport en wat impact is. Snel technische briefing ,0,2017-10-25T08:47:31.000Z
Mooi profiel van de nieuwe minister Sigrid Kaag #D66 ,1,2017-10-24T08:16:24.000Z
Yasmin &amp; Suzy uit #Nijkerk waren op bezoek bij @D66 in de Tweede Kamer voor hun profielwerkstuk over democratie in 21e eeuw. Succes dames! ,1,2017-10-23T14:57:12.000Z
Grootste deel woon-werkverkeer &lt;25km en ideaal voor de (elektrische) fiets. Kabinet gaat met regio’s investeren in meer fietsinfra #fiets ,1,2017-10-23T06:54:26.000Z
Mooi en smaakrijk initiatief van gedeputeerde @MichielScheffer: diner met alle @D66 lijsttrekkers in Gelderland voor #GR2018 ,1,2017-10-21T09:59:05.000Z
"Met vertrek van Ingrid, Stientje en Wouter naar het kabinet krijgen we Monica, Matthijs en Joost als versterking in de Kamerfractie @D66 💪🏽💚 ",1,2017-10-20T18:48:36.000Z
"Mooi! @NS_online start proef met achteraf betalen. Oude wens van reizigers en deel Tweede Kamer, want flexibeler en klantvriendelijk! #OV ",1,2017-10-20T05:47:29.000Z
Mijn schoonzusje maakt af en toe heerlijke foto’s van #Nijmegen ❤️ ,1,2017-10-19T17:50:18.000Z
"Sneller, goedkoper én duurzamer bouwen met een 3D-printer. Heel gaaf! En dat ook nog eens voor een fietsbrug ❤️🚲 #fiets #bouw #3D #D66 ",1,2017-10-17T17:03:03.000Z
Na aanvullende MER-beoordeling + internetconsultatie eind november meer duidelijkheid van staatssecretaris IenM over routes #LelystadAirport ,1,2017-10-17T12:13:26.000Z
Na gesprekken met @HoogOverijssel &amp; Kamermotie over MER vraagt staatssecretaris aanvullende MER-beoordeling aanvliegroutes #LelystadAirport ,0,2017-10-17T12:12:00.000Z
Geweldige opkomst ledenbijeenkomst @D66 over regeerakkoord ‘Vertrouwen in de toekomst’ met ruimte voor complimenten én vragen #D66 ,1,2017-10-13T19:30:46.000Z
‘Zalm z’n humor’ was voor @APechtold &amp; @wkoolmees af en toe goede oppepper. Respect voor onze mannen die maandenlang onderhandelden! #D66 ,1,2017-10-13T18:45:20.000Z
Na speech @APechtold geven collega’s @piadijkstra &amp; @wkoolmees een toelichting op de details van het regeerakkoord #D66 ,1,2017-10-13T18:37:18.000Z
Partijleider @APechtold geeft bevlogen toelichting op regeerakkoord. Noemt v/d Laan als voorbeeld: politiek moet blijven verbinden #D66 ,1,2017-10-13T18:36:00.000Z
Mooie woorden van @JanTerlouw voor Kamerfractie @D66 vanwege groen akkoord met ambitie en progressieve elementen #D66 ,1,2017-10-13T18:33:08.000Z
De eerste exemplaren van ‘Vertrouwen in de toekomst’ worden door @APechtold uitgereikt aan @JanTerlouw &amp; JD-voorzitter @BrongersK #D66 ,1,2017-10-13T18:29:25.000Z
Nijmegen is in 2018 #GreenCapital van Europa. Bijgepraat door @gem_Nijmegen over vol &amp; inspirerend programma ,1,2017-10-13T07:43:02.000Z
Even terug op het oude nest waar @Lisawesterveld en ik door burgemeester Bruls en @HarrietTiemens worden bijgepraat over @GreenCapital18 ,1,2017-10-13T06:41:28.000Z
Gefeliciteerd team @NuonSolarTeam @tudelft! NL heeft alles in huis om koploper te worden op duurzame mobiliteit ,1,2017-10-12T06:15:15.000Z
Vandaag Kamerdebat met informateur Zalm. Op station Nijmegen gaan vrijwilligers @D66 graag met je in gesprek over het regeerakkoord! 💪🏽💚#D66 ,1,2017-10-12T05:15:05.000Z
Leedenvergadering @D66RvNijmegen. Lijsttrekkers zijn klaar voor de Raadsverkiezingen 2018! #Nijmegen #Wijchen #Beuningen #Heumen #BergenDal ,1,2017-10-10T20:02:49.000Z
Zo zetten we in op meer capaciteit op het spoor en het verder verbeteren van de veiligheid #spoor #regeerakkoord #D66 ,1,2017-10-10T15:03:24.000Z
Kabinet gaat investeren in slimme en duurzame mobiliteit. D66 krijgt het voor elkaar! ,1,2017-10-10T13:11:49.000Z
Trots! #D66krijgthetvoorelkaar ,1,2017-10-10T12:15:24.000Z
Nieuw kabinet slaat handen ineen met lokale overheden &amp; mobiliteitsbranche: #verkeersveiligheid een nationale prioriteit! #D66 ,1,2017-10-10T12:14:52.000Z
Kabinet zet in op meer grensoverschrijdend OV. We werken o.a aan IC-trein Eindhoven-Duitsland en sprinters Weert-Antwerpen #OV #D66 #spoor,1,2017-10-10T12:04:24.000Z
"Kabinet zet in op slimme &amp; duurzame mobiliteit. O.a: 100 miljoen voor fiets, 600 miljoen OV, E-auto’s en vergroening goederenvervoer #D66",1,2017-10-10T11:43:36.000Z
Heldere opdracht voor alle sectoren om CO2 te besparen voor Parijsakkoord. Kabinet zet ook in op nog ambitieuzer EU-plan #Klimaat #D66 ,1,2017-10-10T11:39:18.000Z
Pechtold: “Regeerakkoord zit vol ambities (...) We halen Klimaatakkoord Parijs (...) Regenboogstembusakkoord wordt uitgevoerd” #D66,1,2017-10-10T11:37:39.000Z
Presentatie regeerakkoord. @APechtold: ‘Vier mannen zeggen tegelijkertijd JA tegen elkaar (...) Gelijke kansen voor iedereen!’ #D66,1,2017-10-10T11:36:25.000Z
Genoten van alle inspirerende verhalen van @D66 leden &gt;10 jaar lid. Doe ook mee: ,1,2017-10-07T17:38:49.000Z
Ronde twee van de Trouwe Ledendag van @D66. Aanwezig zijn leden die vanaf 1966 lid zijn tot twintigers die meer dan 10j lid zijn #D66 ,1,2017-10-07T11:51:25.000Z
Trouwe leden @D66 in gesprek met @SophieintVeld over #Europa en haar nieuwe boek ‘Een Europees ID’ #D66 #wordlid ,1,2017-10-07T10:14:30.000Z
De Statenpassage van de Tweede Kamer ziet er prachtig uit! We ontvangen vandaag honderden trouwe leden van @D66 #welkom #wordlid #D66 ,1,2017-10-07T09:18:19.000Z
Veiligheid van reizigers en OV-personeel vraagt om blijvende aandacht. Binnenkort loop ik mee met NS-team Veiligheid ,1,2017-10-05T14:18:50.000Z
"Kersverse burgemeester @WouterKolff (Dordt) opent ontbijtsessie @DrechtstedenReg met bestuurders, ondernemers en Kamerleden #Drechtsteden ",1,2017-10-05T06:28:12.000Z
Algoritmes helpen besluitvorming maar mogen bijv niet leiden tot discriminatie. Op verzoek #D66 brengt minister ism VNG dilemma’s in kaart ,1,2017-10-04T19:29:37.000Z
Digitalisering infrastructuur = kansen én uitdagingen. Ik vraag om meer bug challenges bij overheid en aandacht gebruik algoritmes @D66 ,1,2017-10-04T19:19:54.000Z
Kamerdebat over digitalisering infrastructuur. De #Techvisie van @KeesVee @D66 staat vol met voorstellen! Check: ,1,2017-10-04T19:18:36.000Z
Ben vanavond helaas niet bij de presentatie van de kandidatenlijst van @D66Renkum ivm een Kamerdebat. Veel plezier en succes! #GR2018 #D66 ,1,2017-10-04T15:42:51.000Z
"#Glyfosaat is middel tegen onkruid en slecht voor oa onze waterkwaliteit. #D66 wil gebruik minimaliseren, oa langs honderden km’s spoor ",0,2017-10-04T15:02:16.000Z
Geen wildgroei van vluchten op #LelystadAirport maar ruimte inzetten als overloopluchthaven Schiphol #VAOLuchtvaart. Motie CDA VVD CU D66 ,1,2017-10-04T09:21:37.000Z
Niet meer dan 10.000 vliegbewegingen met huidig luchtruim + continu monitoren &amp; verbeteren lage vliegroutes #LelystadAirport #VAOLuchtvaart ,1,2017-10-04T09:15:14.000Z
"Kruisende bewegingen van en naar #LelystadAirport veroorzaken hinder, oa bij Zwolle Stadshagen. Motie vraagt om voorkomen #VAOLuchtvaart ",0,2017-10-04T09:05:55.000Z
Motie: Herindeling luchtruim moet zo snel mogelijk worden uitgevoerd met goed inspraakprocedure #LelystadAirport #VAOluchtvaart ,1,2017-10-04T09:01:01.000Z
Motie ingediend bij #VAOLuchtvaart: Onduidelijkheid over MER #Lelystad en milieu-effecten lage vliegroutes moet snel worden opgehelderd. ,0,2017-10-04T08:58:26.000Z
Vandaag 2x plenaire zaal. Om 10.15 VAO Luchtvaart over Lelystad Airport en ok 20.10 30-Ledendebat over digitalisering infrastructuur #D66 ,1,2017-10-04T06:19:33.000Z
Vandaag heeft @IenMTweedeKamer petities uit Amsterdam in ontvangst genomen. Fietspad voor fietser = meer veiligheid &amp; schonere lucht #D66 ,1,2017-10-03T12:26:29.000Z
"Dank aan @D66Zutphen voor bezoek aan de Tweede Kamerfractie @D66. Nuttig gesprek over bereikbaarheid #Zutphen over weg, spoor en water! ",1,2017-10-02T12:29:06.000Z
Lekker! #Verstappen #F1 #MalaysiaGP 🇳🇱,1,2017-10-01T08:36:22.000Z
"Op weg naar #Utrecht voor werkbezoek #bereikbaarheid. Op de fiets bezoeken we o.a stationsgebied, Biltstraat, Rijnsweerd &amp; @UtrechtSciPark ",1,2017-09-29T05:53:42.000Z
Belangrijke voorwaarde voor #Lelystad. Geen autonome groei én inzet slots #Schiphol voor mainportverkeer #AOLuchtvaart ,0,2017-09-28T14:29:52.000Z
Suboptimale routes zorgen natuurlijk wel voor (geluid)hinder. Luchtverkeersleiding zal vluchten zoveel mogelijk laten stijgen #AOLuchtvaart ,0,2017-09-28T14:21:53.000Z
Herindeling luchtruim NL is complexe opdracht. IenM zegt toe: Waar mogelijk sneller deeloplossingen voor oost-NL #AOLuchtvaart #Lelystad,1,2017-09-28T14:07:29.000Z
Goede toezegging @sharon_dijksma #AOLuchtvaart. Bewonerscomites mogen meedenken over definitieve vliegroutes #Lelystad na consultatieronde,1,2017-09-28T13:57:05.000Z
In #aoluchtvaart spreekt @sharon_dijksma #Schiphol aan op voortijdige berichten groeiruimte. Eerst MER en uitwerking OVV  afwachten. Eens!,1,2017-09-28T13:37:00.000Z
Mooi! Groot park met zonnepanelen op terrein van Groningen Airport Eelde. Idee voor andere luchthavens? #duurzaam ,1,2017-09-28T11:14:13.000Z
"Een 'eilandje van geluk' bij Lent, Nijmegen. Heel tof kunstwerk van Leonard van Munster #altijdlente #Lent #Nijmegen ",1,2017-09-27T19:15:37.000Z
Vandaag debat over correctief #referendum. Hier leest u het standpunt van @D66: ,1,2017-09-27T13:23:46.000Z
Vrouwen in Saudi-Arabië mogen binnenkort eindelijk autorijden. Geweldige overwinning na vele dappere protestacties ,1,2017-09-26T19:34:58.000Z
Problemen transportsector door incidenten met verstekelingen bij Calais. Vragen gesteld met @GroothuizenD66 over Europese aanpak #D66 ,0,2017-09-25T16:15:02.000Z
Op uitnodiging #VNLG een bezoek gebracht aan Luchtverkeersleiding op Schiphol. Bijgepraat over actualiteiten + kijkje in verkeerstoren ,1,2017-09-25T16:11:48.000Z
"Leuke gesprekken over sport &amp; bewegen, maatregelen voor  schonere lucht en meer (speel)groen in de stad #024gezond #ingesprekmet #D66 ",1,2017-09-23T12:05:27.000Z
"Heerlijk herfstweer in Nijmegen. Ben je vanmiddag in de stad? Ga #ingesprekmet @D66Nijmegen, tussen 13:00-15:00; hoek Zieker/Molenstraat ",1,2017-09-23T10:22:37.000Z
"Dat #eigenrisico en de #zorgpremie, hoe zit dat eigenlijk? Nuttig en informatief draadje van @Verkoulen 👇🏽 ",1,2017-09-22T11:26:47.000Z
De leden van @d66gelderland hebben @LaurensVerspuij verkozen tot nieuwe regiovoorzitter. Dank @Keetel! Succes Laurens! #D66 #Gelderland ,1,2017-09-21T18:44:01.000Z
Bij de ledenvergadering van @D66Gelderland in het prachtige @RozetArnhem met uitzicht over de stad #D66 #Gelderland ,1,2017-09-21T17:43:25.000Z
Gisteren een pittig debat @IenMTweedeKamer met staatssecretaris Dijksma over Lelystad Airport. Volgende week tweede termijn #luchtvaart #D66 ,1,2017-09-21T08:38:22.000Z
Blijft super dat het VN-Klimaatcentrum in Nederland komt te staan. Gefeliciteerd @rotterdam &amp; @gem_groningen #klimaat ,1,2017-09-21T05:59:59.000Z
Debat #LelystadAirport. Inzet @D66: snelle aanpak luchtruim en vliegroutes; betere selectie type vluchten. ,1,2017-09-20T12:55:32.000Z
Mijn 1e #Prinsjesdag (met mama) zit er op. Nu nog even morgen voorbereiden: plenair debat Wegenverkeerswet (maidenspeech) &amp; AO Luchtvaart ,1,2017-09-19T18:04:40.000Z
We zitten er klaar voor! #Prinsjesdag #Troonrede #Ridderzaal #teamD66 ,1,2017-09-19T10:52:37.000Z
Team @D66 is er helemaal klaar voor! #Prinsjesdag ,1,2017-09-19T09:40:59.000Z
Wie neem ik mee naar mijn allereerste #Prinsjesdag? Ons mam natuurlijk! ,1,2017-09-19T08:45:06.000Z
Top dat CDA-Gedeputeerde @BeaSchouten zich na @D66Nijmegen @D66Arnhem ook uitspreekt. Vieze lucht=gevaar gezondheid ,0,2017-09-19T05:27:54.000Z
Wauw! Midden-Drenthe krijgt een fantastische vrouw als burgemeester. Gefeliciteerd @MiekeDamsma #D66 #trots #MiddenDrenthe ,1,2017-09-18T19:38:29.000Z
Top! EasyJet plaatst gasfilters tegen vieze lucht. Belangrijk voor gezondheid personeel en mensen die vaak vliegen. Eerder al inzet @D66 ,1,2017-09-18T07:36:48.000Z
Snelle fietsen moeten sinds 1-1-17 op de rijbaan. #D66 is kritisch. Eerste ervaringen zorgwekkend t.a.v veiligheid ,0,2017-09-18T07:00:25.000Z
"Gefeliciteerd! Ik was onlangs bij de testrun bij Helmond al onder de indruk van de snelheid, maar dit NL record is indrukwekkend! #fiets ",1,2017-09-17T16:21:46.000Z
Na een mooie herdenking op het Airborneplein zit Arnhem nu klaar voor de 'Bridge to Liberation Experience 2017' #SlagOmArnhem #JohnFrostBrug ,0,2017-09-15T18:35:32.000Z
Highland Cathedral - Massed Pipes and Drums. #SlagOmArnhem #Airborne ,1,2017-09-15T18:10:57.000Z
Indrukwekkend eerbetoon voor de vele militairen die betrokken waren bij de #SlagOmArnhem #Airborne #Poland #UK #Arnhem #WOII ,1,2017-09-15T17:49:29.000Z
Zo richting onze provinciehoofdstad voor de herdenking van #SlagOmArnhem en de 'Bridge to Liberation Experience' #Airborne #WOII,1,2017-09-15T14:41:07.000Z
Samen met collega woordvoerder Spoor @Jan_Middendorp aanwezig bij de Relatiedag van @ProRail #spoor #OV ,1,2017-09-14T14:48:46.000Z
Controle op veiligheid voedsel van buiten Europa faalt. Collega @TjeerdD66 en ik stellen Kamervragen #D66 ,0,2017-09-14T06:54:52.000Z
Vandaag petitie van @HoogOverijssel en andere comités ontvangen. Ook meer info #IenM over #LelystadAirport. Op 20-9 debat Kamer-Dijksma ,1,2017-09-12T20:35:16.000Z
Wat een ravage... maar ook: wat een spirit om er weer wat van te maken samen. Vrijdag nationale hulpactie #SMX #SintMaarten #IrmaHurricane ,1,2017-09-12T20:28:11.000Z
Snelfietsroutes zijn top! Lekker doortrappen is goed voor je gezondheid en helpt tegen files en luchtvervuiling #fiets #D66 ,1,2017-09-12T10:48:09.000Z
Al jaren pleiten @D66 &amp; @cdavandaag voor aanpassing luchtruim NL voor betere vliegroutes: minder geluid + minder CO2. Hoog tijd voor actie! ,1,2017-09-12T07:17:13.000Z
"Eerder al Volvo, gisteren Mercedes, vandaag Volkswagen Group. Komende tien jaar een schone revolutie in mobiliteit! ",1,2017-09-12T06:21:42.000Z
Ook Mercedes komt voor elk model met elektrische variant. Met @D66-plan elektrisch rijden zijn we er klaar voor: ,1,2017-09-11T12:16:56.000Z
Verstandige stap @ExterionmediaNL. Hopelijk snel een oordeel van Autoriteit Persoonsgegevens en kabinet na @D66-kamervragen @KeesVee &amp; mij ,0,2017-09-11T09:57:26.000Z
Mooie beelden van #Maashorst. Het 'oergebied' in Brabant waar ik zelf opgroeide en genoot van #Bedaf en de bossen ,1,2017-09-11T09:48:03.000Z
"Aanrader over revolutie in mobiliteit. Komend decennium mega veranderingen tav smart, clean &amp; shared mobility ",1,2017-09-11T09:25:52.000Z
Voor het eerst in lange tijd gegeten bij @HeerlijkPUUR. Echt een van mijn absolute favorieten in het Rijk van Nijmegen @uitetennijmegen ❤️ ,1,2017-09-09T20:45:17.000Z
Gefeliciteerd @REGIO8nieuws! Heb jullie leren kennen als bevlogen mensen die mooie radio en tv maken vanuit #Achterhoek en #Liemers ,1,2017-09-09T16:17:21.000Z
Mooi initiatief bestuurdersvereniging @D66: crowdfunding voor Rode Kruis op Sint Maarten. Help mee! #irma #StMaarten ,1,2017-09-09T12:55:07.000Z
"Afsluiting @D66-weekend met een update van @APechtold over de onderhandelingen voor raadsleden, Statenleden en bestuurders #D66 ",1,2017-09-09T12:39:14.000Z
"Fietsen is gaaf en gezond! Hoe kunnen we de fiets nog meer stimuleren? @D66 sessie met lokale, provinciale en landelijke politici #fiets ",1,2017-09-09T09:36:28.000Z
Super dat @PortOfRotterdam vertragingen aanpakt. Onlangs vroeg ik minister Schultz om actie voor #binnenvaart ,1,2017-09-08T18:44:08.000Z
Vandaag komen de lokale bestuurders van @D66 in @Papendal bijeen om kennis en ideeën uit te wisselen. Leuk om te openen! #wethoudersdag #D66 ,1,2017-09-08T09:32:01.000Z
Camera's in reclameborden. Waar staan ze? Mag het? Moeten we het willen? Kamervragen gesteld met @KeesVee #D66 #privacy ,0,2017-09-07T16:28:42.000Z
Vanmiddag houdt @IenMTweedeKamer een hoorzitting over selectiviteitsbeleid  Schiphol en rol regio luchthavens. Zie: ,0,2017-09-07T06:40:03.000Z
"Inspirerende avond  verkeersveiligheid. Minder gewonden en doden mogelijk met nieuwe technieken, slimmer design en niet appen achter stuur ",1,2017-09-06T19:10:45.000Z
Tegen alle trends in stijgt in NL het aantal verkeersdoden en -gewonden. Appen is een belangrijke oorzaak. Doe het niet achter het stuur! ,0,2017-09-06T05:47:36.000Z
Goed dat @NS_online &amp; @ExterionmediaNL in officiële reacties wel inhoudelijk ingaan op zorgen rondom #privacy 'stationscamera's' #OV #NS,1,2017-09-05T17:42:46.000Z
Wauw. Wat een gênante tweet van @NS_online. Privacy van reizigers op stations vraagt om een compleet andere houding! #privacy #OV #NS ,0,2017-09-05T17:33:14.000Z
Heb minister gevraagd bij Europese Transportraad te pleiten voor betere EU afstemming bij werkzaamheden en calamiteiten #spoor #D66 ,1,2017-09-05T11:03:49.000Z
"Eerste Kamerdag na een zomerreces met ruim 30 werkbezoeken: oa vliegvelden, binnenvaart, scheepswerven, waterprojecten en heel veel OV #D66 ",1,2017-09-05T06:50:23.000Z
Snelfietsroutes: voor veel woon-werkverkeer een uitstekend alternatief voor auto's in de file #fiets #D66 ,1,2017-09-04T07:21:41.000Z
Mooie en concrete ambitie @TLNnieuws: in 2025 al het binnenstedelijk transport emissievrij. Belangrijk voor schonere lucht centra! ,1,2017-09-04T06:29:33.000Z
"60-plussers in #hotelromantiek: ""Mam je moet op Tinder (...) maar dat was voor mij 99.9% 'swipe to the left'"" #kroncrv 😂",0,2017-09-03T20:17:55.000Z
"Circa 41 miljoen mensen in India, Bangladesh en Nepal getroffen door watersnoodramp. Steun de hulp met een donatie ",1,2017-08-31T10:30:13.000Z
Goed initiatief van @JVidee om Young Professionals uit OV-sector zelf te laten ervaren wat reizen met beperking is #JVRace ,1,2017-08-30T12:14:37.000Z
"Tijdens #JVRace ervaren we hoe het is om met OV te reizen als je doof bent. Stille stationshal is erg vreemd, maar koffie kopen is gelukt! ",0,2017-08-30T12:09:51.000Z
"Vanmiddag ervaar ik samen met @JVidee #JVRace hoe het is om te reizen met beperking en wat er beter kan t.a.v materieel, reisinfo en station ",1,2017-08-30T11:18:55.000Z
Echte liefde is...na een lange werkdag thuiskomen en getrakteerd worden op #braai &amp; #GameOfThonesfinal ❤️,1,2017-08-29T20:59:56.000Z
Vanmiddag ontvangen @JessicaVanEijs &amp; ik in Tweede Kamer een club enthousiaste mensen van @D66 &amp; @WaterNatuurlijk die bezig zijn met #water ,1,2017-08-29T13:57:26.000Z
#Nijmegen wat ben je toch mooi! ,1,2017-08-28T07:12:37.000Z
"Op weg naar vliegveld Teuge waar onder andere @josanmeijers,  @vnoncwmidden &amp; @JohanKruithof ons bijpraten over gevolgen Lelystad Airport",1,2017-08-25T05:55:01.000Z
"Tijdens stadswandeling genoten van oude centrum #Sittard en kijkje genomen bij nieuw cluster hogeschool, bieb, filmhuis #D66 #Limburg ",1,2017-08-24T12:30:31.000Z
"Met @D66SGB en @D66Limburg uitgebreid gesproken over aantrekkende economie Zuid-Limburg, slimme mobiliteit en infra-investeringen #D66 ",1,2017-08-24T12:28:26.000Z
Door @limburg uitgebreid bijgepraat over vijf kansen voor beter OV van/naar Duitsland en België #OV #D66 #Limburg #Eurekarail ,1,2017-08-24T09:20:30.000Z
Vandaag bezoeken @RensRaemakers &amp; ik #Sittard. In gesprek over de bereikbaarheid van Zuid-Limburg en grensoverschrijdend OV #D66 #Limburg,1,2017-08-24T05:09:32.000Z
"Na DUO blijkt nu dat ook BOA's, Sociale Verzekeringsbank en KMar OV-gegevens opvragen bij Translink. Snel opheldering! #privacy #OVChip ",0,2017-08-23T06:30:59.000Z
Translink dat zonder toestemming OvJ OV-reisgegevens deelt met andere instanties? Dat is niet OK. Kamervragen met @KeesVee #D66 ,0,2017-08-23T06:27:53.000Z
Vanmiddag sta ik met @JongeDemocraten &amp; @D66Nijmegen bij de #RUIntro2017. Word lid en leer spreken als Obama! #D66 #JD #Radboud #Nijmegen ,1,2017-08-21T14:38:22.000Z
Gefeliciteerd @GerolfJB! #succes #Leusden ,1,2017-08-21T12:20:00.000Z
Loop je de #RUIntro2017 en heb je interesse in de politiek en @D66? Vanmiddag sta ik met @JongeDemocraten op de #intromarkt #kraam221 ,1,2017-08-21T09:26:58.000Z
"Wat krijg je als je het @NJOrkest met enkele dansers en skaters loslaat in @WaalhallaCentru? Juist, een briljante uitvoering van #Petroesjka ",1,2017-08-19T14:59:57.000Z
Woensdag was ik met @JessicaVanEijs &amp; @AntoonKanis op bezoek bij @D66Culemborg  #RedichemseWaard #Culemborg ,1,2017-08-18T13:19:31.000Z
Reiziger wacht al te lang op goede treinverbinding HSL. Als compensatie verdwijnt binnenkort IC-toeslag daluren na voorstel D66 en reisorg's ,0,2017-08-18T05:41:26.000Z
"Vandaag uitgebreid kennis gemaakt met vereniging, alarmcentrale, verkeersinfo &amp; expertafdeling v/d @ANWB. Wat een hoop passie &amp; kennis! ",1,2017-08-17T14:06:52.000Z
"Op uitnodiging @D66Culemborg met @JessicaVanEijs bezoek aan #RedichemseWaard ivm discussie slibstort/verontdieping, hier en landelijk #D66 ",1,2017-08-16T16:07:35.000Z
Vandaag bezoek ik met @JessicaVanEijs Rivierenland. 's Avonds gaan we graag met u in gesprek over de regio en #D66! ,1,2017-08-16T06:41:34.000Z
Afgelopen voorjaar na rapport @Onderzoeksraad al Kamerdebat over waarborgen vliegveiligheid aangevraagd. Dit najaar debat na kabinetsreactie ,0,2017-08-15T17:13:20.000Z
"Nodig tbv goede start Airport + minimaliseren geluidshinder: herindeling luchtruim NL, selectiviteit vluchten en capaciteit verkeersleiding ",1,2017-08-15T15:44:58.000Z
"Werkbezoek @D66 aan Lelystad Airport. Gesprek met gedeputeerde, wethouder en projectdirecteur over planning, knelpunten en kansen Lelystad ",1,2017-08-15T15:37:36.000Z
Prima plan! Voor de zomer heeft staatssecretaris op mijn verzoek al toegezegd geld v/d boete NS in te zetten voor de reiziger #D66 #spoor ,1,2017-08-15T10:56:17.000Z
"Opgelucht! Vorige week gebroken pols hoeft niet geopereerd te worden. Na week in spalken, nu met een stuk subtieler gips weer mobieler 😇 ",1,2017-08-15T10:53:52.000Z
Mooi! De luchtvaartsector kan en moet een stuk duurzamer worden. Elke stap telt! Na elektrische bussen en taxi's nu windenergie op #Schiphol ,1,2017-08-15T07:26:04.000Z
Leden @D66RvNijmegen: per vandaag aanmelden als kandidaat-raadslid #BergEnDal #Beuningen #Heumen #Nijmegen #Wijchen ,1,2017-08-15T07:05:37.000Z
15 augustus 1945: capitulatie Japan; einde Tweede Wereldoorlog; bevrijding NL-Indië. #ikvlag #ikherdenk #NLIndië ,1,2017-08-15T06:51:12.000Z
Hoor je dat @evelienk? Volgens @susankrumins bij de NOS had jij die eerste twee rondjes #5000m ook aangekund ;),1,2017-08-13T18:58:33.000Z
Yes! Brons voor @SifanHassan na een heerlijke eindsprint. En mooie 8e plek voor @susankrumins #5000m #WKAtletiek,1,2017-08-13T18:52:21.000Z
Kom op #OranjeLeeuwinnen!! Finale 5.000m #wkatletiek @susankrumins @SifanHassan ,1,2017-08-13T18:35:27.000Z
Ben erg onder de indruk van studenten @HPTDelft @tudelft @VUamsterdam. Vandaag 83km/u op de A270. In sept is doel 122km/u in Nevada. Succes! ,1,2017-08-13T12:15:37.000Z
Geweldige sportprestatie. 83 km/u op de #Velox fiets van @HPTDelft. Gefeliciteerd en nu op naar het wereldrecordpoging in Nevada! #fiets ,1,2017-08-13T11:55:18.000Z
Race nr 2 van @HPTDelft #VeloX op de A270. Belangrijke test tbv recordpoging snelste vrouw op een fiets 122km/u in Nevada #fiets #D66 ,1,2017-08-13T10:21:39.000Z
Poging 1 van #VeloX @HPTDelft. Doel vandaag is 80 km/u en binnenkort in Nevada wereldrecord van 122 km/u. Zie ,1,2017-08-13T09:41:50.000Z
Veel belangstelling voor #VeloX @HPTDelft recordpoging op de afgesloten A270 tussen Nuenen en Helmond #fiets #D66 ,1,2017-08-13T09:26:50.000Z
Over dit stukje A270 gaat @HPTDelft zo heel hard fietsen met de #VeloX. Op weg naar het record snelste vrouw op een fiets #fiets #D66 ,1,2017-08-13T09:14:08.000Z
"Op weg naar Helmond om getuige te zijn van 'n hele snelle fiets! Inspirerend voor onderwijs, innovatie &amp; betere fietsinfra in NL #D66 #VeloX ",1,2017-08-13T08:09:35.000Z
Dagje panda's kijken met m'n kleine neefje en nichtje #WuWen #XiYang #reuzenpanda #ouwehands ,1,2017-08-12T10:00:27.000Z
"Yes!!! Dafne, wereldkampioen 💪🏽💪🏽 #WKAtletiek #dafneschippers #200m",1,2017-08-11T20:53:55.000Z
Kamervragen gesteld na meerdere aanspoelingen van het gevaarlijke paraffine op NLse stranden #D66 #schoonwater #stranden #zeevaart #havens ,0,2017-08-11T15:51:18.000Z
Goed bezig! #beachcleanuptour ,1,2017-08-10T16:15:22.000Z
Prikkelende kijk op betalen voor gebruik in The Economist #economist #auto #files #deelsystemen ,1,2017-08-10T14:59:01.000Z
"Voorbereiding Lelystad Airport verloopt rommelig, o.a hoogte van aanvliegroutes. Namens @D66 nieuwe kamervragen gesteld met CDA/CU/VVD ",0,2017-08-10T13:17:02.000Z
Ideale afstand voor e-bikes. Investeren in snelfietswegen zorgt voor minder files en schonere lucht #fiets #forenzen #bereikbaarheid ,1,2017-08-10T08:43:22.000Z
Op 16-08 bezoeken @JessicaVanEijs &amp; ik Redichemse Waard. 's Avonds gaan we graag met u in gesprek ,1,2017-08-09T08:45:46.000Z
Niet alle 400 stoelen Zuid-Afrikaanse parlement zijn momenteel bezet. Bij #ZumaVote gaat men wel uit van 201 meerderheid. Krijgt staartje ,0,2017-08-08T15:21:13.000Z
Na verhit debat - en zoals altijd veel 'points of order' - gaat het Zuid-Afrikaanse parlement zo stemmen #ZumaVote ,0,2017-08-08T14:46:03.000Z
❤️ @SifanHassan #WKAtletiek,1,2017-08-07T21:10:17.000Z
Wil je meer weten over de rivierplannen bij Varik en Heesselt? Check ,1,2017-08-07T16:38:33.000Z
Goed gesprek gehad met  bewoners Varik &amp; Heeselt die meedenken over varianten dijkversterking + ruimte rivier @D66  @WaterNatuurlijk,1,2017-08-07T15:00:52.000Z
"Met @JessicaVanEijs, @josanmeijers &amp; @AMvanPutten op werkbezoek geweest in Varik &amp; Heeselt vanwege plannen dijkversterking en nevengeul ",1,2017-08-07T14:54:57.000Z
Wat een GEWELDIGE sportdag met al die topprestaties van oranje leeuwinnen. Echt genieten! #voetbal #atletiek #teamNL 🇳🇱,1,2017-08-06T20:58:09.000Z
Yes! Brons voor @dafneschippers op de 100m na een bloedstollende finale en fotofinish 💪🏽🇳🇱 #100m #WKatletiek #teamNL #DafneSchippers,1,2017-08-06T20:54:24.000Z
Come one Dafne! Heel NL duimt 💪🏽 #100mFinal #teamNL ,1,2017-08-06T20:46:36.000Z
De dag van de Oranje sportvrouwen hoor! Brons voor @AnoukVetter op de meerkamp bij #WKatletiek. Geweldig 💪🏽 ,1,2017-08-06T20:07:38.000Z
Yes!! Europees kampioen en een heerlijke finale #OranjeLeeuwinnen #EKvrouwenvoetbal #NEDden 🇳🇱💪🏽,1,2017-08-06T16:57:47.000Z
Heb voor de zomer minister Schultz nog gevraagd om Noordzee-aanpak paraffine dumpingen. #D66 wil ook maatregelen in NL tegen vervuilingen ,1,2017-08-06T12:56:18.000Z
Wauw! @susankrumins 5e op de 10km #WKAtletiek Wat een toprace Suus! Mega trots!!! 😘💪🏽,1,2017-08-05T19:46:06.000Z
"Tip: voorkom botsingen met 'n confetti kanon. Auw! Ondanks de kneuzing, geweldige dag gehad 🏳️‍🌈#AmsterdamPride #D66boot #jijstaatnietalleen ",1,2017-08-05T16:50:05.000Z
D66-boot met hart onder de riem boodschap voor lhbti-jongeren: #jijstaatnietalleen #D66 #AmsterdamPride ,1,2017-08-05T16:38:21.000Z
Vandaag vaar ik mee op de D66-boot. Ons thema is: 'Jij staat niet alleen!' #PrideAmsterdam #D66 #CanalParade #jijstaatnietalleen ,1,2017-08-05T07:48:00.000Z
"BAM, #Brexit! En Nederland in de finale. Heerlijk die 3-0 ook op de valreep #OranjeLeeuwinnen #Oranje #EKvrouwenvoetbal #nedeng 🇳🇱",1,2017-08-03T20:37:32.000Z
Mooi en liefdevol interview met Nijmegenaren Albert-Jan en Stèphan in #dG en #AD ❤️🌈 ,1,2017-07-21T07:01:54.000Z
Veel succes aan alle #Vierdaagse lopers! Op naar #viagladiola @PuckSanders @kristieLamers @ingerouhof @AMvanPutten @qadershafiq @wimpelgrim,1,2017-07-21T04:41:18.000Z
Aardbeving nabij Kos en Bodrum. Sterkte aan iedereen! Kwam in m'n jeugd vaak in die regio en maakte zware beving mee. ,1,2017-07-21T04:39:27.000Z
"Organisator #rozewoensdag @SanderEderveen: ""Vandaag is een groot feest, maar draait ook om bewustwording en acceptatie LHBTI's"" #vierdaagse ",1,2017-07-19T14:08:28.000Z
Bij #rozewoensdag #vierdaagse zijn tientallen LHBTI vluchtelingen en statushouders te gast. Willen allemaal selfie met burgemeester Bruls ❤️ ,1,2017-07-19T14:04:50.000Z
"Bruls: ""Super als er leuke roze kroegen in stad zijn, maar ik wil dat iedereen in elke kroeg zichzelf kan zijn"" #Vierdaagse #rozewoensdag",1,2017-07-19T14:00:33.000Z
"Nimweegse nachtburgemeester interviewt dagburgemeester: ""024 is van iedereen, open stad waar je jezelf kan zijn"" #rozewoensdag #vierdaagse ",1,2017-07-19T13:58:03.000Z
Met @Lisawesterveld &amp; burgemeester Bruls bij receptie van #rozewoensdag van de #vierdaagse #vierdaagsefeesten met veel buitenlandse gasten ,1,2017-07-19T13:53:17.000Z
Succes aan alle #Vierdaagse wandelaars! Tot donderdag in #Hengstdal en vrijdag op de #ViaGladiola #Nijmegen! #4d17,1,2017-07-18T03:01:31.000Z
Kamervragen gesteld over problemen rondom afhandeling containers #binnenvaart &amp; worsteling met stookolie. Zie ,0,2017-07-17T06:07:56.000Z
#Uje ,1,2017-07-16T06:51:52.000Z
"De vlag hangt weer uit, het feest kan beginnen! #Nijmegen #Vierdaagse #Vierdaagsefeesten #SummerCapitalNL #4d17 ",1,2017-07-15T14:28:08.000Z
Er gaat niets boven Groningen! Nuttig en informatief werkbezoek over bereikbaarheid stad &amp; (krimp)gebieden achter de rug #D66 ,1,2017-07-14T15:42:35.000Z
Groningen is proeftuin slimme bereikbaarheidsoplossingen. Uitgedaagd door @Fleurgraeper om als Rijk mee te doen in omslag #D66 #werkbezoek,1,2017-07-14T15:11:37.000Z
"Groningen &amp; Drenthe creëren in cirkels van 15km hub's waar auto, fiets en OV samenkomen voor optimale deur-deur reis #D66 #werkbezoek",1,2017-07-14T15:09:10.000Z
Tijdens werkbezoek Groningen alles te weten gekomen over de succesvolle aanpak van de #fietsstad. Dank @PauldeRook ,1,2017-07-14T15:07:01.000Z
In Hoogezand gesproken met scheepvaartbedrijf Van Dam en @RoyalBodewes over vergroening scheepvaart en kansen voor NL Maritieme Sector #D66 ,1,2017-07-14T10:07:48.000Z
Vandaag ga ik naar fietsstad Groningen. De fiets is een simpele &amp; briljante aanpak tegen files ❤️ ,1,2017-07-14T06:14:26.000Z
"Dagje werkbezoeken Groningen. Eerst scheepswerf @RoyalBodewes, daarna @Fleurgraeper &amp; @PauldeRook over vernieuwend fiets &amp; OV beleid #D66",1,2017-07-14T06:11:57.000Z
"Samenwerking Tweede Kamerfractie @D66, @D66Hwijk &amp; @d66gelderland voor betere OV-verbindingen #Harderwijk en slimme (geluid)oplossingen A28 ",1,2017-07-13T15:25:55.000Z
"Gastvrij ontvangen in mooie Harderwijk door burgemeester @HarmJanvSchaik. Gesproken over bereikbaarheid, kansen NW-Veluwe &amp; Lelystad Airport ",1,2017-07-13T15:22:26.000Z
Dank aan @BVBinnenvaart voor een leerzaam werkbezoek aan @Rijkswaterstaat en enkele binnenvaartschepen op de Waal! #D66 #binnenvaart ,1,2017-07-13T12:51:26.000Z
Leuke werkbezoeken! Vanochtend in patrouilleboot de Waal op met @Rijkswaterstaat &amp; @BLN_tweets. Vanmiddag naar @HarmJanvSchaik #Harderwijk,1,2017-07-13T05:57:24.000Z
Met @JessicaVanEijs de @JongeDemocraten op bezoek gehad in #TweedeKamer over slim ruimtelijke en mobiliteitsbeleid ,1,2017-07-12T15:38:22.000Z
Goed gesprek gehad met MKB-branchevereniging @BETATankstation over groene brandstoffen en uitdagingen in grensregio's #D66 #mobiliteit ,1,2017-07-12T12:33:52.000Z
"Appen/bellen in verkeer leidt tot veel schades, gewonden en zelfs doden. Techniek kan dit voorkomen, zoals @safedrivepodcom #D66 #veiligheid ",0,2017-07-12T12:11:26.000Z
Vanochtend met D66-Statenlid @EuroPaulB gesproken over bereikbaarheid &amp; OV Zuid-Holland en toekomst vliegveld Rotterdam-The Hague #D66,1,2017-07-12T10:44:44.000Z
"Dagje Den Haag voor afspraken met o.a @corendon ivm Schiphol, @safedrivepodcom over verkeersveiligheid &amp; belangenvereniging tankstation #D66",1,2017-07-12T05:55:32.000Z
Treinverkeer Groningen/Friesland blijft bij @Arriva_NL met meer + hybride (!) treinen &amp; een 'ademende' concessie ,1,2017-07-12T05:48:19.000Z
Scheepvaart valt buiten 'Parijs'. Vergroening moet dus via internationale scheepvaartcommissies. #D66 pleit voor ambitieuze inzet NL. ,0,2017-07-10T18:25:05.000Z
"Gemiste kans voor groenere scheepvaart. Tweede Kamer nam dit jaar @D66-motie over uitfasering stookolie aan, check ",1,2017-07-10T18:19:11.000Z
"Vandaag met een delegatie Kamerleden van @IenMTweedeKamer op werkbezoek in Brussel met afspraken over klimaat, mobiliteit en transport",1,2017-07-10T08:02:09.000Z
Check ,1,2017-07-08T06:37:09.000Z
Goed nieuws reizigers HSL! Na mijn Kamervragen wordt boete NS in reizigersfonds gestort en IC-toeslag in daluren tijdelijk geschrapt #D66,1,2017-07-08T06:26:56.000Z
Het was een feest om vandaag samen met @TjeerdD66 &amp; ons landelijk bestuur zo'n 250 nieuwe leden van @D66 te ontvangen in de Tweede Kamer! ,1,2017-07-07T16:05:43.000Z
Vandaag ontvangt @D66 (net als vorige week) zo'n 250 nieuwe leden in de Tweede Kamer. Namens fractie zijn @TjeerdD66 &amp; ik aanwezig #zinin,1,2017-07-07T05:52:25.000Z
".@D66 pleit al ruim 1,5j voor meer KMar en verdere digitalisering grensproces #Schiphol. Dijksma zet nu extra mensen in voor zomer. Fijn! ",1,2017-07-07T05:39:05.000Z
Selfie met de @JongeDemocraten alumni tijdens de laatste stemmingsronde voor het zomerreces #D66 #TweedeKamer ,1,2017-07-06T18:38:18.000Z
Motie is aangenomen! Mooi dat snelheidsverlaging meegenomen gaat worden als optie in maatregelenmix tegen geluidshinder goederentreinen #D66 ,1,2017-07-06T18:02:32.000Z
Heb met @suzanne_GL motie ingediend voor uitwerking  (snelheids)maatregelen spoorgoederentreinen tbv beperken geluidshinder in nacht #D66 ,1,2017-07-06T15:23:36.000Z
"Brabant start onderzoek verbetering #N264 Uden-Haps en bekijkt snelfieftroutes, OV en slimme techniek. Top!  ",1,2017-07-06T06:01:16.000Z
D66 wil snel concrete actie om geluidsoverlast omwonenden spoor (met name 's nachts) aanzienlijk te verminderen #AOSpoorwegveiligheid /6,1,2017-07-05T19:39:15.000Z
Ben blij met toezegging Dijksma dat regionale overheden met heldere regierol Rijk meepraten over nieuwe risicoplafonds en routes goederen /5,1,2017-07-05T19:38:05.000Z
D66 is blij dat Dijksma werkt aan meer goederentreinen via Betuweroute. Of via verleiding of - in uiterste geval - met afdwingen routes /4,1,2017-07-05T19:36:03.000Z
Heb goede discussie met Dijksma gehad over drukte Bentheim- &amp; Brabantroute en noodzaak tot meer inzet Betuweroute tbv ontzien dorpskernen /3,1,2017-07-05T19:35:13.000Z
"D66 wil goederenvervoer per spoor stimuleren, want duurzaam. Moet wel via veilige routes en met zo min mogelijk overlast voor omwonenden /2",1,2017-07-05T19:33:58.000Z
Vanavond in #AOSpoorwegveiligheid uitgebreid met Dijksma gesproken over spoorgoederenvervoer. Draadje met mijn belangrijkste take-outs /1,1,2017-07-05T19:33:21.000Z
"Goed dat steeds meer steden kiezen voor de fiets! Goed voor bereikbaarheid, luchtkwaliteit en fijne straten om te verblijven! #fiets #D66 ",1,2017-07-05T07:15:29.000Z
"Om 17.00-19.00u  @IenMTweedeKamer overleg ERTMS en Spoorwegveiligheid (o.a. Suïcidepreventie, Basisnet, gevaarlijke stoffen) #spoor #D66",1,2017-07-05T07:08:03.000Z
Goed Volvo-nieuw over elektrisch rijden. Check nog eens het actieplan van @SvVeldhoven #D66 voor elektrisch rijden! ,1,2017-07-05T07:05:12.000Z
👍🏽 ,1,2017-07-05T06:45:29.000Z
"#Nijmegen heeft een supertof stadseiland, middenin de stad tussen Waal &amp; Spiegelwaal. Nu nog leuker met nieuw wild! #SummerCapital #VeurLent ",1,2017-07-05T06:14:33.000Z
Volvo gaf eerder al aan alle diesels te schrappen en zet nu vol in op elektrisch. Techniek is er; bij Volvo ook de wil. Welke merken volgen? ,1,2017-07-05T06:00:21.000Z
Ik wens alle lijsttrekkers van @D66RvNijmegen heel veel succes toe en heb onwijs veel zin om met hen campagne te voeren voor #GR2018! #D66 ,1,2017-07-03T18:54:29.000Z
"Lijsttrekkers @D66RvNijmegen: @tvanelferen (Nijmegen)
@__Esther__ (Wijchen)
@eetgerink (Heumen)
@Roelkuppens (Beuningen)
@tessd66 (Berg&amp;Dal)",1,2017-07-03T18:53:43.000Z
Wat een geweldig nieuws! @tvanelferen volgde mij op als fractievoorzitter @D66Nijmegen &amp; is unaniem verkozen tot lijsttrekker! Succes Tobias ,1,2017-07-03T17:33:53.000Z
"Gefeliciteerd en veel succes @Boellan @FransMolenkamp &amp; @VanMerwerode. Ik help graag mee bij campagne #GR2018 in Uden, Oss en Bernheze! #D66 ",1,2017-07-03T07:27:51.000Z
28 miljoen EU-geld voor spoor Heerlen-Aachen. Drielandentrein komt dichterbij. En in toekomst IC Eindhoven-Keulen? ,1,2017-07-01T12:19:34.000Z
Afsluitende woorden kick-off @GreenCapital18 van klimaatwethouder @HarrietTiemens die net als eerder @JanvdMeer de kar trok voor #NEGC2018 ,1,2017-06-30T15:21:41.000Z
"Margot Ribberink is ""trotse inwoner van de oudste en groenste stad van Nederland"". Zij presenteert programma @GreenCapital18 ",1,2017-06-30T14:34:43.000Z
Nijmegen lanceert vandaag het programma van @GreenCapital18 in @ValkhofMuseum. Opening door burgemeester Bruls &amp; @MauritsGroen #negc2018 ,1,2017-06-30T14:20:56.000Z
400 foute transportbedrijven. @D66 wil tekst en uitleg van minister Schultz. Mondelinge vragen aangemeld voor #Vragenuur dinsdag a.s ,0,2017-06-30T12:32:39.000Z
Vandaag had ik de vrienden van @D66Cuijk op bezoek bij de Tweede Kamerfractie van @D66. Op naar een goede #GR2018 campagne in Cuijk! ,1,2017-06-30T10:20:57.000Z
Slimme techniek voor verkeersveiligheid #fiets in Veenendaal! ,1,2017-06-29T13:51:39.000Z
Van baanbrekende Solar-teams van onze universiteiten naar zonneauto's voor consumenten. Gave innovatie voor een schoner wagenpark! ,1,2017-06-29T13:49:35.000Z
Verantwoorden is net zo belangrijk als plannen maken. @Jan_Middendorp &amp; ik zijn rapporteurs jaarverslag IenM. Nu debat met Schultz&amp;Dijksma,1,2017-06-29T13:27:50.000Z
Onder de indruk van @HPTDelft die met #VeloX een wereldrecordpoging gaan doen voor de snelste vrouw op een fiets. Succes! #fiets #innovatie ,1,2017-06-29T08:20:39.000Z
Terechte boete NS i.v.m fraude aanbesteding Limburg. Reiziger moet op 1! ,0,2017-06-29T07:36:09.000Z
"Vanuit Den Haag meekijken met debat Zomernota #raad024. Trots op opvolger @tvanelferen met een helder, ambitieus en groen D66-verhaal! #D66 ",1,2017-06-28T19:47:46.000Z
Bevlogen betoog met persoonlijke tintje van @jpaternotte tijdens zijn maidenspeech in het debat over bedrijfsovernames #D66 #TweedeKamer ,1,2017-06-28T12:38:42.000Z
Hoe houden we de vier grote steden de komende jaren bereikbaar en leefbaar? Nu een ontbijtsessie met G4 wethouders en Kamerleden,1,2017-06-28T06:24:05.000Z
Voorbereiding vliegveld #Lelystad verloopt rommelig. Nu weer onduidelijkheid voor Teuge. Gelderland wil terecht opheldering van Dijksma ,0,2017-06-28T06:17:25.000Z
"""Stop het hokjes denken, ga voor cirkels"". Toffe, prikkelende posters in de Haagse halte Spui #PrideMonth #hokjesdenken #zichtbaarjezelfzijn ",1,2017-06-27T19:16:43.000Z
Vandaag #ingesprekmet inwoners van Groesbeek samen met raadsfractie en vrijwilligers van @D66BergenDal. Veel input voor #GR2018 #D66 ,1,2017-06-24T13:49:39.000Z
Deze week 3 drama's in gevaarlijke Waal. @D66: meer voorlichting op scholen en toezicht bij veilige zwemplekken ,0,2017-06-24T10:18:22.000Z
"Vandaag bij @SailDenHelder17 ook wat duurzame innovaties mogen ervaren, zoals deze hybride sleepboot gebouwd door @damen #groenevloot #D66 ",1,2017-06-23T14:44:11.000Z
Dank @GeneraalVerkerk &amp; @NLMaritiem voor ontvangst #D66 #VVD bij @SailDenHelder17. Concrete input voor versterking maritieme sector #Sail ,1,2017-06-23T14:35:50.000Z
Camera's tegen gevaarlijke acties op overwegen. Wegbeheerders kunnen ook meer doen aan inrichting rondom overwegen. ,1,2017-06-23T09:05:35.000Z
Met de trein van Nijmegen naar eindpunt Den Helder voor @SailDenHelder17 met ontvangst en rondvaart door @NLMaritiem ,1,2017-06-23T07:35:23.000Z
Hoe mooi?! Minister grijpt aanbod vrijwillige Reddingsbrigade aan na Kamervragen @D66. Snel toezicht op recreanten #Spiegelwaal ,1,2017-06-23T06:37:30.000Z
Genoeg kansen voor vergroening NLse havens &amp; scheepvaart. Mooi dat @HavenRotterdam aan de slag wil met geothermie ,1,2017-06-22T14:38:24.000Z
Minister erkent na vragen @D66 @D66Nijmegen belang heldere regels + reddingsbrigade #Spiegelwaal. Het is helaas wel wat mager en laat ,0,2017-06-22T12:28:40.000Z
"Mooi dat Dijksma net als o.a. @D66, VVD, CDA en PVV liever inzet op korting in daluren en extra treinen ipv spitsheffing #aospoor ",1,2017-06-22T10:07:22.000Z
Reistijd van/naar Dordrecht is dit jaar verslechterd. Dijksma zegt @D66 toe met NS te kijken wat vanaf 2018 beter kan #aospoor @D66Dordrecht,0,2017-06-22T10:00:26.000Z
"Dijksma garandeert na vragen @D66 dat snelle trein Amsterdam-Breda-Brussel gaat rijden zodra testen klaar is, ongeacht datum #aospoor",1,2017-06-22T09:16:03.000Z
Dijksma gaat op verzoek @D66 met NS in overleg over shuttlebus Breda-Noorderkempen zolang snelle trein naar Brussel niet rijdt #aospoor,1,2017-06-22T09:15:21.000Z
Gistermiddag had ik drie toppers uit mijn voormalige team bij @ProRail op bezoek in de Tweede Kamer. Dank voor jullie komst mannen! #D66 ,1,2017-06-22T06:42:11.000Z
Minister zegt Tweede Kamer extern onderzoek toe naar boetebeleid binnenvaart. Zijn de hoogtes fair? Blij met toezegging #VAOScheepvaart #D66,1,2017-06-21T16:03:35.000Z
"#VAOScheepvaart @D66: ""Begin bij nieuwe windparken dicht bij  kust = kansen NLse maritieme sector"". Minister: na zomer duidelijkheid IenM&amp;EZ",1,2017-06-21T16:01:03.000Z
"Met @JessicaVanEijs bij #AOWater. @D66 vraagt oa aandacht lozingen Chemours, drinkwatertarieven, cybersecurity en aanpak extreme droogte ",1,2017-06-21T11:24:11.000Z
In sept gaan NS en ProRail testen met elke 10 minuten een intercity tussen Amsterdam &amp; Eindhoven. Hopelijk vanaf dec definitief #spoor #D66 ,1,2017-06-21T05:43:44.000Z
"Het lijkt gek, maar extreme droogte is flinke uitdaging voor ons watermanagement. Door klimaatverandering steeds belangrijker! #Water #D66 ",0,2017-06-20T20:59:09.000Z
Megadeal voor windmolenbouwer #Lagerwey uit #Barneveld. Rusland gaat fors investeren in windenergie en kiest voor Gelderse techniek ,1,2017-06-20T06:24:17.000Z
Bidbook ontvangen van @provgelderland voor vestiging VN Klimaatbureau in Gelderland. Veel kennis &amp; kunde in regio mbt klimaat(adaptatie) ,1,2017-06-19T09:56:20.000Z
Kennisuitwisseling Gelderse Eerste &amp; Tweede Kamerleden met Gedeputeerde Staten op fantastische plek over thema's die spelen in de provincie ,1,2017-06-19T09:49:25.000Z
Kom jij ons team versterken? #D66 #TweedeKamer ,1,2017-06-16T15:03:22.000Z
"Met Eindhovense wethouders Visscher &amp; @WilbrtS gesproken over vestigingsklimaat, bereikbaarheid en stationsgebied ",1,2017-06-16T14:01:00.000Z
"Met collega @JessicaVanEijs op werkbezoek geweest in haar stad, thema bereikbaarheid. Dank @ehvairport @gem_Eindhoven @Brainport_ehv ",1,2017-06-16T13:41:32.000Z
Tijdens bezoek #D66 aan Eindhoven ook in gesprek met @ehvairport en @maryannschreurs over belang luchthaven voor economie én beperken hinder ,1,2017-06-16T13:36:41.000Z
Dank @Transdev_NL voor #D66 werkbezoek in Eindhoven. Goede indruk gekregen van kansen + uitdagingen voor zero emissie en vraaggericht OV ,1,2017-06-16T13:33:26.000Z
Vandaag met @JessicaVanEijs op werkbezoek bij @Connexxion over zero-emmissie OV. Daarna @gem_Eindhoven &amp; @ehvairport #bereikbaarheid #D66,1,2017-06-16T06:43:11.000Z
Ierland ✅ Servië ✅ 🏳️‍🌈 #PrideMonth ,1,2017-06-15T16:58:33.000Z
Opnieuw Kamervragen van @D66 collega's @swsjoerdsma &amp; @GroothuizenD66 over verschrikkelijke situatie LHBTI's #Tsjetsjenië 🏳️‍🌈 ,0,2017-06-15T13:42:43.000Z
Investeren in #fietsen &amp; fietsinfra kan Europa €500 miljard opleveren aan gezondheidswinst en hogere omzet MKB ,1,2017-06-14T18:51:00.000Z
Verkeersveiligheid in NL staat onder druk. Mooi dus dat interessante proef verzekeraar en vrachtwagenchauffeurs succesvol is #veiligverkeer ,1,2017-06-14T10:23:57.000Z
Op uitgaansavonden meer personeel Veiligheid &amp; Service op de treinen van @NS_online. Belangrijk voor veilig #OV ,1,2017-06-13T11:16:31.000Z
"Bezoek @AMvanPutten @WaterNatuurlijk in #TweedeKamer. Gesproken over rol waterschappen bij veiligheid, drinkwater en klimaatadaptatie #D66 ",1,2017-06-13T11:12:46.000Z
Vandaag start 'The freedom of cycling' @Velocity2017. Lees wat goede fietsinfra een stad/regio kan opleveren ,1,2017-06-13T05:03:38.000Z
Vandaag had ik een delegatie van @D66Lingewaard op bezoek om te praten over bereikbaarheid van de regio #ArnhemNijmegen en doortrekking #A15,1,2017-06-12T15:47:53.000Z
40% eigenaren elektrische fiets laat vaker de auto staan door grote actieradius en gemiddeld woon-werkverkeer &lt;23 km ,0,2017-06-12T07:22:23.000Z
"Gemiddelde uitgaven per NL aan fiets €33, spoor €133 en wegen €342. Meer €'s in fiets zeer effectief tegen files! ",1,2017-06-12T07:21:00.000Z
Aankomende week zijn #Arnhem en #Nijmegen fietshoofdstad van de wereld als hosts van @Velocity2017. Program/info: ,1,2017-06-11T14:35:51.000Z
Heb je dit prachtige interview met @JessicaVanEijs al gelezen? Gisteren in @ADnl en enkele regionale dagbladen #stoerepolitica #D66 ,1,2017-06-11T14:10:04.000Z
In 2014 was ik een v/d @NudgeNL 'Young Leaders in Sustainability'. Dit jaar organiseren ze een Global Challenge ,1,2017-06-11T14:07:16.000Z
"Mooie actie van @D66Wijchen. Conciërges zijn de stille kracht van elke school. Hannie, gefeliciteerd! #onderwijs #D66 ",1,2017-06-09T19:08:31.000Z
Werkbezoek @D66 Tweede Kamer en A'dam wethouder @KajsaOllongren aan @KLM en @Schiphol. Check voor kort verslag: ,1,2017-06-09T13:46:33.000Z
"Wat komt er kijken bij balans tussen een sterk KLM &amp; Schiphol vs veiligheid, geluidshinder en klimaat? Werkbezoek met @KajsaOllongren #D66 ",1,2017-06-09T13:20:18.000Z
Vandaag na technische briefing rapport Ordening spoorsector ook een interessante paneldiscussie met OV-sector en Kamerleden bij @Railforum ,1,2017-06-08T16:08:37.000Z
Technische toelichting @IenMTweedeKamer over rapport scenario's ordening spoorsector. Wat gaat goed en wat kan beter? #spoor #OV ,1,2017-06-08T11:58:27.000Z
"Kennismaking @IenMTweedeKamer met @delta_comm. Hoe zorgen we voor veiligheid, voldoende zoet water &amp; klimaatadaptie? ",1,2017-06-08T08:18:47.000Z
"Zwemmen in de hoofdgeul Waal is gevaarlijk, maar de #Spiegelwaal is een uniek plekje #SummerCapital #Nijmegen. Pak die kans! #D66 ",1,2017-06-08T05:25:53.000Z
De Spiegelwaal bij Lent/Nijmegen is ideaal voor watersport &amp; recreatie. Check mijn Kamervragen aan minister Schultz ,1,2017-06-08T05:24:36.000Z
Vermist vliegtuig met 122 inzittenden is neergestort in zee. Heftig nieuws voor families en nabestaanden #Myanmar ,0,2017-06-08T05:15:39.000Z
Met de nieuwe Kamerleden van @D66 een interessant kijkje mogen nemen bij de Haagse studio van @NOS #TweedeKamer ,1,2017-06-07T13:30:31.000Z
Mooi dat EU aanpak van valse concurrentie luchtvaart versterkt. @D66 @MatthijsvMilt pleitte hier 2j geleden al voor ,1,2017-06-07T08:42:06.000Z
Minister kijkt ovv @D66 met Noordzeelanden naar aanpak paraffine vervuiling. Mooi! Laten we ook kijken wat in NL nu al kan #AOScheepvaart ,1,2017-06-06T16:11:22.000Z
#D66 &amp; VVD vragen opnieuw aandacht voor administratieve lasten schepen door #MSW. Minister aan de slag in EU voor oplossing #AOScheepvaart,1,2017-06-06T16:08:44.000Z
Minister gaat op verzoek @D66 kredietgarantiefonds voor verduurzaming scheepvaart extra promoten tbv optimaal gebruik #AOScheepvaart,1,2017-06-06T16:05:53.000Z
"In #AOScheepvaart aandacht besteed aan verduurzaming zee+ binnenvaart, eerlijk EU-speelveld NL havens, minder adm. lasten scheepvaart #D66",1,2017-06-06T16:02:45.000Z
#London 🇬🇧❤️,1,2017-06-04T05:11:34.000Z
💪🏽🏳️‍🌈 ,1,2017-06-02T18:21:35.000Z
Bij bezoek @IenMTweedeKamer aan NS/ProRail ook open + prikkelend gesprek met @PierEringa &amp; @rogervanboxtel over prestaties en ordening spoor,1,2017-06-02T11:22:44.000Z
Vandaag even terug op het oude nest 'De Inktpot' voor werkbezoek @IenMTweedeKamer aan @NS_online en @ProRail #spoor #OV ,1,2017-06-02T07:50:07.000Z
NLse havens zoals #Rotterdam en #DenHelder zijn ideale uitvalsbasis voor bouw en onderhoud groene energieparken op #Noordzee #NLMaritiem ,1,2017-06-02T07:44:32.000Z
Vandaag collega's @D66NoordHolland op bezoek gehad in de Tweede Kamer. Fijn bijgepraat met @JokeGeldhof &amp; @AndriesTijssens #D66,1,2017-06-01T16:42:40.000Z
Elektrisch rijden is de toekomst! @SvVeldhoven &amp; ik pleiten voor open standaarden laadinfrastructuur t.b.v innovatie en smart charging #D66 ,1,2017-06-01T16:19:52.000Z
"Betalen voor autogebruik is de meest eerlijke vorm beprijzen, maar wel met gelijke regels voor iedereen. Daarom NLverzet tegen Duits tolplan ",1,2017-06-01T16:16:18.000Z
Stad Groningen kijkt onorthodox naar bereikbaarheid &amp; de beste mix van vervoersmiddelen. Nu weer 10 miljoen voor fietsprojecten! #fiets #D66 ,1,2017-06-01T05:36:24.000Z
"Mooie ontwikkeling van Rijkswaterstaat. Waterveiligheid, waterkwaliteit en energieopwekking combineren is win-win-win! #water #D66 ",1,2017-05-31T19:18:45.000Z
Geweldig nieuws @BerenddeVries. Zet 'm op met alle fantastische mensen van @D66Tilburg #Tilburg #BerkelEnschot #Udenhout ,1,2017-05-31T19:10:45.000Z
Briljant! @provgroningen krijgt slimme fietsoversteken: meer veiligheid &amp; groene verlichting ,1,2017-05-31T18:53:25.000Z
Mooi nieuws! Succes @sabineandeweg @ team @D66Arnhem #GR2018 ,1,2017-05-31T18:00:32.000Z
"Dagje #bereikbaarheid Metropool Rotterdam-Den Haag en  Drechtsteden met afspraken met wethouders/raadsleden uit Schiedam, Rdam, Dordt #D66",1,2017-05-31T11:50:51.000Z
Zojuist honderden enquêtes en brandbrief ontvangen van @D66Dordrecht over verslechtering NS-dienstregeling #Dordt. #bereikbaarheid #D66 ,0,2017-05-31T11:48:56.000Z
Wegbeheerders moeten zorgen voor veilige toeleidende infra; ProRail inzetten op sluiten/tunnels; Rijk wellicht aanpassen regels #overwegen ,1,2017-05-30T05:55:48.000Z
Wederom een aanrijding op een overweg. Gezamenlijke aanpak ProRail-Rijk-gemeenten voor veiliger overwegen is cruciaal! #spoor #veiligheid ,1,2017-05-30T05:51:59.000Z
"Prettige kennismaking met Nederland Maritiem Land. Gesproken over kansen voor NL op gebied van vergroening, innovatie, meer banen #NML #D66 ",1,2017-05-29T15:52:55.000Z
"De eerste NLse man die de #Giro wint, is een gebakje waard! #Dumoulin #TweedeKamer ",1,2017-05-29T14:21:26.000Z
"Prettige (telefonische) kennismaking met Sunniva Fluitsma @ASV16 over aantal concrete #binnenvaart issues oa AIS, boetes, huisvuil en AGORA",1,2017-05-29T11:07:49.000Z
Auw. #NECnac,1,2017-05-28T16:19:40.000Z
Mooi man! #Dumoulin #Giro ,1,2017-05-28T15:34:10.000Z
Een hele grote waterglijbaan midden in de stad. Ideaal op zomerse dagen. Waar anders dan in #SummerCapital #Nijmegen #Splash ,1,2017-05-27T13:10:20.000Z
"Lunch met overheden, zorg, onderwijs, ondernemers en Tweede Kamerleden uit regio Arnhem-Nijmegen #food #health #energy ",1,2017-05-26T12:32:22.000Z
Nuttige kennismaking met @evofenedex over verduurzaming &amp; digitalisering van transportketen en bereikbaarheid binnensteden #D66 #mobiliteit ,1,2017-05-24T15:24:53.000Z
.@D66 wil een open speelveld voor smart mobility en open standaarden voor laadpalen auto's. Blij dat minister hiervoor gaat pleiten in EU,1,2017-05-24T15:21:20.000Z
Zorgen @D66 om administratieve lasten #scheepvaart door Maritime Single Window. Blij dat minister zich gaat inzetten voor uniforme regels,1,2017-05-24T15:17:44.000Z
"""Choose love, Manchester"". Man man man, wat mooi gesproken #Manchester ",1,2017-05-23T20:40:17.000Z
Zorgen Zeeuwen &amp; Z-Hollanders veiligheid N59. Vandaag kregen woordvoerders Mobiliteit petitie aangeboden. Minister is om recatie gevraagd ,0,2017-05-23T19:22:32.000Z
Vermoedens zelfmoordaanslag bevestigd. Wat een laffe daad bij een concert met zoveel kinderen... #Manchester ,0,2017-05-23T06:08:35.000Z
Gave #hololens bij #XLab van @NLR_NL. Binnen enkele jaren met nieuwe techniek slimmer onderwijs en onderhoud mogelijk. Luchtvaart en breder ,1,2017-05-22T11:52:52.000Z
"Simulatie bij @NLR_NL maakt ontwikkeling nieuwe luchtverkeersleiding concepten mogelijk tbv groen, stil en efficiënt vliegen #D66 #NLR ",1,2017-05-22T11:49:39.000Z
Geïnspireerd tijdens werkbezoek @NLR_NL met gesprekken over nieuwe technologie en beleid tbv duurzame en stillere luchtvaart #D66 #NLR,1,2017-05-22T11:48:46.000Z
"Het werkt nog niet ideaal, maar belangrijke stap richting alternatieven voor #OVchipkaart en klantvriendelijker reizen #OV ",1,2017-05-22T06:01:36.000Z
Groot compliment voor @rolflatour die vandaag namens @d66gelderland een geweldig en inspirerend #Regiocongres organiseerde. Dank Rolf! ,1,2017-05-20T16:30:07.000Z
Gelderse Statenleden @FvanderSchalk &amp; @AntoonKanis inspireren D66'ers: 'Hoe maak je lokaal de omslag naar groene energie?!' #regiocongres ,1,2017-05-20T13:06:50.000Z
Na intro Statenlid @HAPBraam &amp; Gedeputeerde @MichielScheffer gaan leden @d66gelderland in gesprek over grensoverschrijdend reizen &amp; werken ,0,2017-05-20T12:14:31.000Z
Middagsessie #Regiocongres @d66gelderland met deelsessies in aanloop naar #GR2018 en TK-lid @AntjeDiertens namens #ElsBorstNetwerk ,1,2017-05-20T11:24:46.000Z
Prikkelend betoog van prof. Helsloot over zin en onzin van extra (lokale) regels voor een veiliger samenleving #Regiocongres @D66Gelderland ,1,2017-05-20T09:37:38.000Z
Ik was bij @DitisdeDag over e-bikes: Goed alternatief voor de auto; zorgen voor veilige fietsinfra. Wel/geen helm is afweging fietser #D66,1,2017-05-19T17:03:24.000Z
Tussen 18.30 en 19.00u met BOVAG en SWOV bij @NPORadio1 #DitIsDeDag over fietsveiligheid en wel/geen helmplicht e-bikes #D66 #fietsen,1,2017-05-19T15:21:39.000Z
Collega-Kamerlid @GroothuizenD66 en de fractie van @D66Nijmegen zijn goed bezig vandaag in @Natuurtuin_ #Goffert #Nijmegen ,1,2017-05-19T13:47:10.000Z
Tussen 12.30 en 13.00 zit ik met CDA'er @MustafaAmhaouch en DENK-collega @F_azarkan in het Politieke Panel op @BNR #D66 #TweedeKamer,1,2017-05-19T08:48:19.000Z
Van Den Haag naar Nijmegen voor een avond over kansen voor #GrensOV op initiatief van @d66gelderland. Om 20u in Huize Heijendaal #OV #D66 ,1,2017-05-18T15:21:12.000Z
Vandaag @IenMTweedeKamer over OV&amp;Taxi. Gepleit voor slim datasysteem tegen geweld in OV en voorkomen dat OV-chipkaart een melkkoe wordt #D66,1,2017-05-18T14:59:01.000Z
Succes! Na afgelopen weekend alle vertrouwen in een goede afloop in Emmen. #NEC ,1,2017-05-18T14:20:43.000Z
Leuk dat jullie er waren met Honours Academy van @Radboud_Uni #D66 #TweedeKamer ,1,2017-05-17T19:10:30.000Z
Erg leuk om studenten van @Radboud_Uni Honours Acadamy te gast te hebben in de Tweede Kamer #D66,1,2017-05-17T15:12:57.000Z
Rond 15u debat met minister #IenM over situatie bij #Dupont /#Chemours #PFOA met maidenspeech @JessicaVanEijs @D66 ,1,2017-05-17T12:46:59.000Z
Morgen pleit ik in commissie IenM opnieuw voor snelle uitrol Trias-systeem voor gerichter aanpak geweld OV ,1,2017-05-17T09:06:08.000Z
D66 wil dat NS snel aansluit op systeem regionale vervoerders voor slimme analyses data en gerichtere aanpak geweld in OV. #D66 #OV ,1,2017-05-17T09:04:40.000Z
Minister Dijsselbloem en de president Algemene Rekenkamer in de Tweede Kamer voor de aanbieding van de Verantwoordingsstukken  #Vdag2017 ,0,2017-05-17T08:22:53.000Z
#Verantwoordingsdag start met ontbijt Tweede Kamerleden en toespraken @khadijaArib en prins Constantijn over belang terugblikken en leren ,1,2017-05-17T07:48:01.000Z
Gistermiddag een prettig kennismakingsgesprek gehad met #KNVR @zeevaart over uitdagingen duurzame en slimme scheepvaart. Snel op werkbezoek,1,2017-05-16T06:54:37.000Z
Nog enkele plekken vrij voor regiocongres @D66Gelderland over o.a #GR2018 en met @JanTerlouw. Meld je snel aan! ,1,2017-05-16T04:40:12.000Z
Welke kansen zijn er voor grensoverschrijdend OV tussen Gelderland en Duitsland? Ga donderdagavond mee in gesprek! ,1,2017-05-16T04:38:12.000Z
Hyperloop transportmiddel v/d toekomst? BAM en Delftse start-up #HARDT bouwen eerste testfaciliteit in Europa! ,1,2017-05-15T11:03:51.000Z
Weer eens forse vertraging  Nijmegen-Den Haag @NS_online. Gelukkig naast de chagrijnige ochtendforens ook veel blije Feyenoorders i/d trein!,0,2017-05-15T07:01:56.000Z
#FEYENOORD #Kuijt 💪🏽,1,2017-05-14T14:22:29.000Z
Helaas geen Houdini-act #NEC door winst #Sparta maar winst bij #heeNEC is wel een lekkere voorbereiding op de nacompetitie ,1,2017-05-14T14:17:47.000Z
Kom op #GAE #gaespa ,1,2017-05-14T13:57:21.000Z
Heeft #Kuijt al een standbeeld ergens? #Feyenoord,1,2017-05-14T12:43:59.000Z
We zitten er klaar voor! #FEYher en #heeNEC op twee schermen,1,2017-05-14T12:26:03.000Z
'Big Sis' Selina &amp; @calango_nl gaven elkaar vandaag het JA-woord in een zonnig Den Bosch ❤️ #selinajeroen #wedding #feest #trots ,1,2017-05-12T17:50:45.000Z
Niet te doen zo spannend #lyoaja #Ajax ,1,2017-05-11T20:52:44.000Z
"Nuttig gesprek aan tafel bij #Lentediner met ondernemers, overheden en collega @mvonmartels over bereikbaarheid #Achterhoek #N18 #spoor",1,2017-05-10T19:07:41.000Z
In Nieuwspoort bij #Lentediner #Achterhoek waar oa jongeren laten zien welke kansen er in de regio zijn voor bijv #smartindustry #DuitsNL ,1,2017-05-10T17:12:54.000Z
"'Lessen' #vanOVnaarM: zet deur-tot-deur reis centraal, kies groen vervoer, overheid die innovatie toestaat, OV-bedrijven beter samenwerken",1,2017-05-10T16:28:34.000Z
"Afsluiting seminar #vanOVnaarM met prikkelende column @RuudvanTendris over schoon + slim vervoer, deelauto's/drones en lagere prijs per km",1,2017-05-10T16:19:10.000Z
Belangrijke uitdaging voor bereikbaarheid wijken en dorpen: van 1 bus per uur naar continu flexibel OV van deur-tot-deur #vanOVnaarM,1,2017-05-10T15:27:22.000Z
"Voorzitter @IenMTweedeKamer @SvVeldhoven neemt rapport #vanOVnaarM in ontvangst: ""De reiziger centraal en groei mobiliteit accomoderen"" ",1,2017-05-10T15:04:21.000Z
Seminar #FMN Mobiliteitsbedrijven  toekomst OV en nieuwe mobiliteitsvormen: Wat is beste vervoersvorm reiziger op dat moment? #vanOVnaarM ,1,2017-05-10T14:41:20.000Z
"Goed te lezen dat #Schiphol extra maatregelen neemt tegen drukte. Constructieve samenwerking Schiphol, KLM, Rijk is in ieders belang #NLBV",1,2017-05-08T18:13:41.000Z
Mijn overbuurvrouw in #raad024 @gisellekens is duidelijk over de koers en toekomst van haar #PvdA ,1,2017-05-08T06:15:32.000Z
#enmarche #Macron #Presidentielle2017 ,1,2017-05-07T18:09:28.000Z
Gelukkig ook nog een lichtpuntje in voetballand vandaag #NECaz #NEC #Nijmegen ,1,2017-05-07T14:17:16.000Z
"Wat een wedstrijd 😭 Maar joh, kampioen worden in De Kuip is veel leuker! #Feyenoord #volgendeweekdanmaar",1,2017-05-07T14:16:09.000Z
Tientallen leden @D66RvNijmegen starten vandaag met mini-master #DemocraatindeRaad. Ik doe een Q&amp;A met @MpanzuBamenga &amp; @S_Schilderman #D66,1,2017-05-06T08:25:13.000Z
Vrijheid vieren a/d voet v/d zwaarbevochten #Waalbrug met heerlijke muziek en diverse club mensen #Nijmegen ❤️ #5mei  #Bevrijdingsfestival ,1,2017-05-05T17:57:10.000Z
Blij dat we in 2010-2011 op initiatief @D66Nijmegen een kleine aanjaagsubsidie hebben gegeven. Geweldig hoe #Bevrijdingsfestival nu leeft! ,1,2017-05-05T08:56:45.000Z
In vrijheid leven en zichtbaar jezelf kunnen zijn. Ook als #LHBTI gemeenschap. Fijn interview met @haroonwrites voor #queertimes #5mei ,1,2017-05-05T08:21:39.000Z
"Mooi interview nieuw D66-kamerlid @ivanengelshoven. Belgische jeugd, studie Nijmegen, jarenlang wethouder. ""Erbij horen, maar ook meedoen"" ",1,2017-05-05T05:27:15.000Z
"Helaas nog onderweg door uitgelopen werkdag. Stilstaande treinen, stille coupes &amp; stations, daarna volkslied. Indrukwekkend #4mei #herdenken",1,2017-05-04T18:06:31.000Z
Vandaag dien ik namens @D66 de 2e lezing Grondwetswijziging in om benoeming burgemeester &amp; CdK door de Kroon uit Grondwet te schrappen #D66 ,1,2017-05-04T05:54:08.000Z
Dank @arnoutpalstra en team #Bouwmanagement @ProRail! Genoten en veel geleerd van de samenwerking met dit fantastische team! 💪🏽 ,1,2017-05-03T17:48:34.000Z
Stijging verkeersslachtoffers moet stoppen. @D66 pleit al langer voor betere registratie tbv gerichte oplossingen voor onveilige punten ,1,2017-05-02T06:24:15.000Z
Maximale transparantie aanschaf regeringsvliegtuig is wenselijk. Eerder schriftelijke vragen gesteld. Nu aangemeld voor Vragenuurtje ,1,2017-05-02T05:22:29.000Z
"Goed dat Dijksma, Schiphol en KLM in gesprek gaan over huidige drukte. @D66 pleit al ruim 1j voor extra inzet. ",1,2017-04-28T18:29:00.000Z
Fijne #Koningsdag allemaal! ,1,2017-04-27T10:14:33.000Z
"Vanavond is mijn collega-Kamerlid van @D66 @RensRaemakers te gast bij #Pauw, kijken dus! #HaagsVuur ",1,2017-04-26T15:34:37.000Z
"Meireces in de #TweedeKamer. Minder vergaderen, meer werkbezoeken en meer bijlezen. In nieuwe dossiers, maar ook deze mooie boeken 🙂📚 ",1,2017-04-26T08:41:05.000Z
Vandaag ben ik tussen 12.30 en 13.00 te gast bij 'Studio de Streek' op @AltijdN1 over mijn eerste maand als Tweede Kamerlid #Nijmegen #RvN,1,2017-04-23T07:27:12.000Z
"Met @manonleblanc #Westerlingen terugkijken. Trots op @MaralNS! Een ongemakkelijk, schurend maar belangrijk gesprek met Russische jeugd ",1,2017-04-22T06:13:43.000Z
D66 zoekt een nieuwe directeur voor het landelijk bureau. Belangrijke steunpilaar voor onze levendige vereniging! ,1,2017-04-21T11:54:07.000Z
Trots op speerwerpende schoonbroer @LarsTimmerman en zijn 'oergevoel' voor #topsport #BNDeStem #atletiek #speerwerpen #family ,1,2017-04-21T10:17:33.000Z
Plezierige kennismaking met @IPO_Provincies @VNGemeenten &amp; @waterschappen. Op een goede samenwerking mbt mobiliteit &amp; water! #TweedeKamer ,1,2017-04-19T16:30:27.000Z
Bij (her)inrichting wegen kunnen gemeentes veel doen tbv vergroten #verkeersveiligheid. Als raadslid veel goede voorbeelden gezien! #D66 ,1,2017-04-19T09:35:05.000Z
"Dank aan initiatiefnemers voor manifest #verkeersveiligheid:  cocktail aan maatregelen voor registratie, educatie, innovatie en infra #D66 ",1,2017-04-19T09:33:00.000Z
Namens @D66 aanwezig bij de lancering van het manifest 'Verkeersveiligheid: een nationale prioriteit' van tientallen organisaties #D66 ,1,2017-04-19T08:23:10.000Z
Veelbelovende testen trein op waterstof in Duitsland. Alternatief voor NLse treinen op diesel ipv elektrificatie? #spoor #innovatie ,1,2017-04-18T14:19:21.000Z
Om 14.00u mondelinge vragen @GroothuizenD66 over alarmerende berichten van ontvoeringen homo's in Tsjetsjenië #D66 #LGBTI ,0,2017-04-18T11:42:24.000Z
Onlangs is de @Natuurtuin_ #Goffert in #Nijmegen opgeschrikt door vandalisme. Je kan nu meehelpen met de herstelactie door te doneren ,1,2017-04-15T07:38:04.000Z
Liefde is... opa en oma 65 jaar getrouwd! Ontzettend trots op deze twee helden ❤️ #feestweekend #grootouders #love #Jetten ,1,2017-04-14T14:50:43.000Z
Maidenspeech @GroothuizenD66 bij debat aanscherping wapenwetgeving. Groothuizen begint met medeleven nabestaanden Alphen a/d Rijn #D66 ,1,2017-04-13T08:44:38.000Z
"NS/ProRail werken hard aan betere HSL-prestaties. Klanttevredenheid stijgt, maar zitplaats &amp; punctualiteit nog niet op afgesproken niveau. ",1,2017-04-13T08:23:31.000Z
"Geen oude, vertrouwde woensdagavond met #raad024, maar wennen aan het nieuwe ritme in Den Haag #TweedeKamer ",1,2017-04-12T19:59:38.000Z
Heftig! CdK Cornielje wederom ernstig ziek. Hopen op een nieuw wonder. Veel sterkte! ,1,2017-04-10T17:42:02.000Z
"In mei-juni kan je elke woensdag de historische kelders onder het Nijmeegse Stadhuis bezoeken, dankzij Gilde &amp; @D66Nijmegen #cultuurhistorie ",1,2017-04-10T17:28:02.000Z
Gefeliciteerd met deze mijlpaal @TraverseDieren @ProRail @provgelderland! Dieren wordt beter bereikbaar en nog een stukje mooier. ,1,2017-04-10T06:01:08.000Z
Indrukwekkende toespraak @barbarabarend met heldere oproep: het hele jaar #handinhand én goede voorlichting op alle scholen! #ProudArnhem ,1,2017-04-08T15:42:54.000Z
"Geweldige opkomst bij manifestatie #ProudArnhem #handinhand. Mooie woorden burgemeester: ""Liefde komt makkelijker in ons hart dan haat"" ",1,2017-04-08T15:13:21.000Z
De Frans-Arabische keuken op sterniveau in #Nijmegen Oost bij @RestSjalot van chefkok Sibrecht Benning. Genieten! #nomnomnom #Maroc ,1,2017-04-07T19:58:52.000Z
"Hoopvol! Dijksma start herindeling luchtruim voor minder overlast Oost-NL. Al tijd een wens van regio, CDA en #D66 ",1,2017-04-07T07:31:12.000Z
Werkontbijt gehad met B&amp;W en Nijmeegse Eerste &amp; Tweede Kamerleden over de ambitieuze en inspirerende kalender voor #EUGreenCapital 2018 ,1,2017-04-07T07:26:10.000Z
Belangrijke mijlpaal voor #NoordZuidlijn: eerste metro op volle snelheid! Felicitaties aan alle betrokkenen. Succes met proefbedrijf! ,1,2017-04-06T15:34:30.000Z
Mooi! Dijksma gaat snel aan 't werk met aanbevelingen Schiphol. Doel: Groei vliegverkeer op een veilige manier ,1,2017-04-06T15:26:34.000Z
"Maidenspeeh @achrafboualiD66: ""Ik en @D66 staan voor een open samenleving met kansen voor iedereen en bescherming van alle minderheden"" ",1,2017-04-06T08:59:21.000Z
"Maidenspeech collega @TjeerdD66 bij 30-ledendebat over de intensieve veehouderij. Rustig, inhoudelijk en gericht op praktische oplossingen ",1,2017-04-05T11:53:44.000Z
Naast m'n inhoudelijke portefeuille ben ik ook contactpersoon  @d66gelderland &amp; alle Gelderse D66-afdelingen. Zin in de samenwerking! #D66,1,2017-04-04T16:48:53.000Z
Collega @achrafboualiD66 voor het eerst in actie in de plenaire zaal met motie die minister vraagt om regio's met hongersnood te steunen. ,1,2017-04-04T13:16:05.000Z
Vanaf donderdag rijdt de stoptrein Arnhem CS - Düsseldorf Airport. Belangrijke stap naar beter grensoverschrijdend OV! #Gelderland #D66 ,1,2017-04-03T12:56:35.000Z
#allemannenhandinhand Stop geweld tegen homo's! ,1,2017-04-03T09:07:34.000Z
D66-kandidaat bij de Gemeenteraadsverkiezingen 2018? Ontdek of het wat voor je is! Doe mee met de minimaster ,1,2017-04-02T19:38:55.000Z
Afschuwelijke en onacceptabele mishandeling van twee homo's in Arnhem. Getuigen worden opgeroepen zich te melden bij de politie ,0,2017-04-02T13:59:52.000Z
Dank voor de gastvrijheid @D66BergenDal!! Dat was een geslaagde vrijmibo van @D66RvNijmegen in #HotelTSpijker voor D66-leden uit de regio,1,2017-03-31T17:55:03.000Z
Top! Concrete aanpak van discriminatie transgenders op #TransDayOfVisibility - @jan_bert @d66amsterdam. #D66 = zichtbaar jezelf zijn ,1,2017-03-31T06:10:23.000Z
Thuis komen in Nijmegen na een dagje vergaderen in Den Haag ❤ #treinleven #TweedeKamer #Oversteek #Spiegelwaal ,1,2017-03-30T18:30:27.000Z
"""Ga met @ProRail in gesprek over je spoorwegovergang"". Dapper gesprek en terechte oproep Harlingse boer ",1,2017-03-30T05:59:53.000Z
Mijn allerlaatste inhoudelijke bijdrage als lid #raad024 ging zojuist over aanpassingen Graafseweg #Mobiliteit #Nijmegen. Ga het missen :) ,1,2017-03-29T20:57:54.000Z
D66-collega @PuckSanders vraagt om extra aandacht voor de (cultuur)historie van Fort Krayenhoff in N-West. Volop steun van #raad024 ,1,2017-03-29T20:10:27.000Z
Gezondheidsbeleid op agenda #raad024. @D66Nijmegen komt met een motie voor rookvrij spelen voor kids in de gemeentelijke speeltuinen ,1,2017-03-29T18:16:41.000Z
Mijn opvolger in #raad024 namens @D66Nijmegen is een vertrouwd gezicht in Nijmeegse politiek en maatschappelijk middenveld: @pmgdewit,1,2017-03-29T16:02:14.000Z
Vanavond nemen GL-collega @Lisawesterveld en ik afscheid van #raad024 vanwege onze benoeming tot lid van de #TweedeKamer,1,2017-03-29T16:01:21.000Z
Vandaag mijn allereerste commissievergadering (Financiën; controversieel verklaren) gehad. Nu naar Nijmegen voor mijn allerlaatste #raad024,0,2017-03-29T16:00:25.000Z
Na debat met verkenner Schippers in #TweedeKamer nu naar Utrecht voor het Award Dinner van @railtecheurope #RailTech2017,1,2017-03-28T16:17:28.000Z
"Initiatiefwet D66, PvdA en VVD over modernisering huwelijk aangenomen door de Eerste Kamer. ",1,2017-03-28T15:08:48.000Z
"Voor mij 1e keer #vragenuurtje met o.a slachthuis België, 'beerput' korps mariniers, vlieginspectie en belastingtelefoon #TweedeKamer ",0,2017-03-28T12:30:05.000Z
Geweldige prijs voor project rondom Duitse taal voor leerlingen in het Gelderse Netterden! Gefeliciteerd #MachMit #KernmetPit ,1,2017-03-26T08:21:53.000Z
Duurzaam leiderschap van @Vandebron &amp; Amsterdams stadsbestuur. Sluiting kolencentrales omzetten naar win-win! #duurzaam #D66 ,1,2017-03-24T11:05:07.000Z
De nieuwe Tweede Kamerfractie van @D66 met maar liefst 19 leden 👍🏽 ,1,2017-03-23T14:00:14.000Z
Dank! Zin om aan de slag te gaan ,1,2017-03-23T12:59:07.000Z
In 2008 gestart bij @D66Nijmegen. Afgelopen 7 jaar mocht ik fractievoorzitter zijn. Vanavond voor het laatst bij de fractievergadering #DANK,1,2017-03-22T22:30:49.000Z
Dank aan ledenvergadering @D66RvNijmegen voor 2 historische kaarten van Nijmegen voor op onze werkkamers in Den Haag ;) #TK2017 #D66 ,1,2017-03-21T19:34:55.000Z
"Op ledenvergadering @D66RvNijmegen worden campagneleiders Nijmegen, Beuningen, Wijchen, Heumen en Berg&amp;Dal in zonnetje gezet want 5x winst!",1,2017-03-21T19:28:03.000Z
Over precies 1 jaar: Gemeenteraadsverkiezingen. Vanavond ter voorbereiding de ledenvergadering van @D66RvNijmegen ,1,2017-03-21T16:12:13.000Z
Geen 'stem op een vrouw' voordeel ;) wel bijna 5.000 voorkeursstemmen. Dank voor het vertrouwen! Vooral dank voor alle steun voor @D66 #19 ,1,2017-03-21T16:07:36.000Z
Welkom!! ,1,2017-03-21T12:35:04.000Z
Je kan nog even stemmen voor de prijs @KernmetPit. Mijn stem ging naar #MachMit! Duitse taalles voor kids Netterden ,1,2017-03-21T06:07:40.000Z
Het inwerkprogramma voor nieuwe Kamerleden is in volle gang incl.  rondleiding door de plenaire zaal met de Kamervoorzitter #proefzitten ,1,2017-03-20T14:14:23.000Z
"Interessante #tegenlicht over twee moderne, progressieve Arabische tv-presentatrices en hun kijk op de toekomst van hun regio ",1,2017-03-19T21:38:31.000Z
Mooi! @D66 grootste partij onder NL'ers in het buitenland. Mede dankzij de campagne van @EelcoKeij en ondanks de chaos met stembrieven ,1,2017-03-17T10:13:59.000Z
Erg blij en trots om dat mijn gewaardeerde collega en goede vriend @tvanelferen mij opvolgt als fractievoorzitter @D66Nijmegen. Succes! ,1,2017-03-17T08:57:29.000Z
Na een positieve campagne en een geweldige verkiezingsuitslag nu ook een nieuw ledenrecord voor @D66. Doe ook mee! ,1,2017-03-16T14:49:59.000Z
Met collega @GroothuizenD66 bij de vlaggen van onze provincie Gelderland en mijn geboortegrond Noord-Brabant. #TK2017 #D66 #Binnenhof ,1,2017-03-16T14:43:27.000Z
"Groene, progressieve stad aan de Waal... geweldige uitslag voor @groenlinks en @D66 in Nijmegen! ",1,2017-03-16T04:55:47.000Z
Mooi resultaat voor @D66Arnhem en campagneteam van @sytzeloor: @D66 wint fors en wordt 2e partij van de stad bij TK-verkiezingen ,1,2017-03-16T01:41:10.000Z
Mooie winst voor @D66 in het dorp van mijn jeugd: Uden! ,1,2017-03-16T00:19:25.000Z
"Wil je nog stemmen in Nijmegen, maar lukt het niet? Vrijwilligers @D66Nijmegen brengen je naar een ander bureau! #d66taxiservice #TK2017 ",1,2017-03-15T19:13:34.000Z
Dank Kees! #stemD66 ,1,2017-03-15T19:05:57.000Z
Steun uit #Beuningen! Dank. #stemD66 ,1,2017-03-15T18:01:34.000Z
Dank je wel! #stemD66 ,1,2017-03-15T16:47:36.000Z
Meer dan 40% voor @D66 op de @Radboud_Uni aldus een exitpoll van @VoxNieuws. Zou een gave uitslag zijn :) #stemD66 ,1,2017-03-15T16:47:09.000Z
Steun uit #Beuningen! #stemD66 ,1,2017-03-15T16:00:54.000Z
Steun uit Wijchen! #stemD66 ,1,2017-03-15T14:37:35.000Z
Alle vrijwilligers van @D66Nijmegen: onwijs veel dank voor jullie inzet de afgelopen weken! #stemD66 ,1,2017-03-15T14:11:14.000Z
Dank David! Zal m'n uiterste best doen voor oa een beter OV en klimaat #stemD66 ,1,2017-03-15T13:58:07.000Z
Dank! ,1,2017-03-15T13:38:15.000Z
Zweef je nog of heb je nog vragen over het programma van @D66? Ik sta met vrijwilligers van @D66Nijmegen in de Binnenstad! #stemD66 #TK2017 ,1,2017-03-15T11:53:06.000Z
Ben even te gast in studio @AltijdN1 waar ze de hele dag live aandacht besteden aan #TK2017 met reporters in de gehele regio. Ga stemmen!,1,2017-03-15T11:16:03.000Z
Zojuist mijn stem uitgebracht op @D66! Nu al ontzettend druk bij stembureau op @Radboud_Uni. Ga stemmen! #ikstem #stemD66 #TK2017 ,1,2017-03-15T08:51:34.000Z
Dank! #stemD66 ,1,2017-03-07T19:22:56.000Z
Dank Lenneke! #stemD66 ,1,2017-03-15T07:31:36.000Z
"15 maart: ga stemmen! Kies je voor goed onderwijs, werk en zorg? Premier van alle NL'ers? Effectieve aanpak klimaat &amp; energie? #stemD66 ",1,2017-03-15T06:28:40.000Z
Dank je! #stemD66 ,1,2017-03-15T06:11:42.000Z
Dank je!! #stemD66 ,1,2017-03-14T22:56:27.000Z
Dank!! @GielDeRuiter #stemD66 #stemopRob ,1,2017-03-14T22:51:06.000Z
De eindsprint van onze campagne is ingezet! Vanavond met @D66Nijmegen op kroegentocht om al jouw laatste vragen te beantwoorden! #stemD66 ,1,2017-03-14T21:15:10.000Z
Graag gedaan @metjoep! Dank voor je stem! #stemD66 ,1,2017-03-14T16:42:25.000Z
Slotakkoord van de #D66bustour vandaag: in gesprek met kiezers rondom Utrecht CS. #stemD66 ,1,2017-03-14T16:26:53.000Z
Na Arnhem en Nijmegen is de #D66bustour nu op weg naar Amersfoort. @SalimaBelhaj &amp; ik beantwoorden vanuit de bus kiezersvragen. #stemD66 ,1,2017-03-14T13:00:05.000Z
Met #D66bustour op bezoek in Nijmegen. Natuurlijk met #onderwijs als belangrijkste thema. #stemD66 ,1,2017-03-14T12:35:28.000Z
Leuke Q&amp;A gehad met studenten @rijnijssel. Oproep gedaan om vooral te gaan stemmen voor een groene toekomst en beter onderwijs! #D66bustour ,1,2017-03-14T10:58:12.000Z
"Goedemorgen! Vandaag ben ik met de #D66bustour in Arnhem, Nijmegen, Amersfoort en Utrecht. Tot straks! #stemD66 ",1,2017-03-14T08:40:19.000Z
"Een hoop chagrijn #1VDebat. @D66Nijmegen gaat zo weer de wijken in met een hoopvolle boodschap voor onderwijs, zorg, werk &amp; klimaat #stemD66",1,2017-03-13T17:42:21.000Z
"CNN besteed aandacht aan jonge kandidaten in Nederland. Over hoop, verbinding en ambities #TK2017 #stemD66 ",1,2017-03-13T16:35:51.000Z
Dank Robbert! #stemD66 ,1,2017-03-13T15:55:39.000Z
Erg teleurstellend. CDA tekent na Regenboogakkoord over LHBTI-rechten nu ook akkoord seksueel ongewest gedrag niet ,0,2017-03-13T12:15:36.000Z
"Slimmere aanpak georganiseerde misdaad, toegankelijke rechtsbijstand &amp; betere bescherming rechtsstaat - @GroothuizenD66 #stemD66 #veiligheid ",1,2017-03-13T11:37:38.000Z
Goedemorgen Arnhem! Samen met @D66Arnhem sta ik tussen 6.30 en 09.00 op Centraal Station #stemD66 #ingesprek ,1,2017-03-13T06:47:07.000Z
Dank je! ☺️ #stemD66 ,1,2017-03-12T18:43:52.000Z
Genoten van #D66Festival in teken van redelijkheid en #optimisme. Met veel energie de laatste campagnedagen in en op naar winst! #stemD66 ,1,2017-03-12T18:01:17.000Z
"Oproep van jongedame aan @APechtold: ""Wilt u er als premier voor zorgen dat ook nieuwe NL'ers zich weer thuis voelen in NL?"" #D66Festival ",1,2017-03-12T15:31:38.000Z
"Jongeren in gesprek met @APechtold over beter onderwijs, vertrouwen in de jeugd en gelijke kansen waar je wieg ook staat #D66festival ",1,2017-03-12T15:21:49.000Z
"""Kies woensdag de partij die zorgt voor de centen, investeert in onderwijs &amp; een NL waar iedereen zichzelf kan zijn"" #D66Festival @APechtold",1,2017-03-12T14:52:28.000Z
".@APechtold bij #D66Festival in Rdam: ""Gisteren is onze democratie  op de proef gesteld. NL staat echter schouder aan schouder"" ",1,2017-03-12T14:41:49.000Z
"Festival van de Redelijk wordt geopend door @JanTerlouw: ""De politiek moet er zijn voor een groene toekomst voor de jongeren"" #stemD66 ",1,2017-03-12T14:27:43.000Z
"Zichtbaar jezelf kunnen zijn, dat moet in NL altijd en overal kunnen. Vanavond debat &amp; kroegentocht  #Gay66 #JD @D66 ",1,2017-03-11T17:41:43.000Z
Samen met Arnhemse collega's @sabineandeweg &amp; @mattijsloor bij gesprek @DeGelderlander met @APechtold. Nu weer de straat op voor #stemD66 ,1,2017-03-11T11:38:40.000Z
".@APechtold bij @DeGelderlander: ""D66 is dé Gelderse partij. Op nr.1 en nr.50 van de lijst en op allerlei plekken daar tussenin."" #stemD66",1,2017-03-11T11:37:17.000Z
Leuk interview @DeGelderlander  @APechtold o.a over de kansen voor Gelderland als grensregio met goed onderwijs en innovatie maakindustrie ,1,2017-03-11T11:36:10.000Z
"Zojuist met @ideaalnieuws gesproken over kansen voor de maakindustrie, technisch onderwijs en beter OV in #Achterhoek. Daarom: #stemD66",1,2017-03-11T09:05:47.000Z
"""Kies voor Uden - Stem op Rob"" Vandaag op de voorpagina van @bdudenveghel #stemD66 #stemRob #Maashorst #Uden ",1,2017-03-11T08:25:32.000Z
Het is tijd voor een progressieve premier die er is voor alle Nederlanders. Het is tijd voor premier @APechtold! #stemD66 ,1,2017-03-11T06:51:40.000Z
Zeer geslaagde D66-campagneavond in circa 10 dorpen rondom Buren. Nu gezellig napraten met alle vrijwilligers #stemD66 ,1,2017-03-10T18:47:38.000Z
Nu vanuit Den Haag op weg naar Rivierenland waar ik met D66'ers uit de regio in zoveel mogelijk dorpen de straat op ga! #stemD66,1,2017-03-10T14:51:41.000Z
"Ik was te gast bij radio @eenvandaag #TK2017. ""Woensdag is de keuze: premier Rutte, Buma of Pechtold."" 2x rechts, 1x progressief #stemD66 ",1,2017-03-10T14:50:43.000Z
Dank Rens! #stemD66 ,1,2017-03-10T14:45:49.000Z
"Met nog enkele zonnige campagnedagen te gaan, hebben we de vlag maar vast uitgehangen. Op naar een mooie uitslag! #stemD66 #stemRob ",1,2017-03-10T10:25:22.000Z
Zojuist onze jaarlijkse Conciërge v/h Jaar Prijs uitgereikt: Marcel &amp; Sevim van basisschool De Hazensprong: 'De bazen v/d school' #stemD66 ,1,2017-03-10T09:40:01.000Z
"Gisteravond #3FM, vanmiddag bij radio .@eenvandaag. Je hoort me tussen 15.00 en 15.30 op @NPORadio1. #stemD66 ",1,2017-03-10T08:14:09.000Z
Goedenavond! Tijd om in te schakelen bij 3voor12. Stel je vragen over #stemD66 en #TK2017 via de #3FM app ,1,2017-03-09T21:04:45.000Z
"Na #D66bustour in Drenthe en Groningen en Q&amp;A met kiezers in Assen, nu in de trein naar Hilversum. Vanavond vanaf te gast bij @3voor12",1,2017-03-09T18:41:58.000Z
"""Niet stemmen geeft de extreme stem alleen maar meer kracht"" - krachtige oproep aan jongeren: gebruik je stemrecht! ",1,2017-03-09T16:29:39.000Z
"Op 15 maart is de keuze aan u. Premier @APechtold, Rutte of Wilders. Voor een sterk beleid op werk, onderwijs, zorg en klimaat: #stemD66 ",1,2017-03-09T16:03:33.000Z
Na een aantal hele gave werkbezoeken tijdens #D66bustour door Drenthe en Groningen gaan we nu richting #Assen voor een Q&amp;A. Tot zo! ,1,2017-03-09T16:02:01.000Z
"Groene innovatie en de energie revolutie beginnen bij @H2Centrum in #Hoogezand, waar ze oa open source waterstofmachines maken #D66bustour ",1,2017-03-09T14:58:35.000Z
Door enthousiaste leerlingen van #ZernikeCollege #Haren rondgeleid in prachtige nieuwbouw. School met veel invloed leerlingenraad #stemD66 ,1,2017-03-09T13:34:39.000Z
Op AZC-school De Feniks Assen samen met @jaimivanessen &amp; vluchtelingenkids van 6-7j les gehad in tandenpoetsen #levenlangleren #D66bustour,1,2017-03-09T12:14:47.000Z
Erg onder de indruk van stad Assen en AZC-school De Feniks waar circa 50 vluchtelingenkinderen goed onderwijs én zwemles krijgen! #stemD66 ,1,2017-03-09T12:12:54.000Z
"Weer of geen weer, we gaan gewoon lekker de straat op met @D66Drenthe en @D66Hoogeveen #stemD66 #D66bustour ",1,2017-03-09T10:51:27.000Z
Zojuist een gezellig bezoek gebracht aan de markt in #Meppel. Over enkele minuten komen we met de #D66bustour aan in #Hoogeveen. Tot zo! ,1,2017-03-09T09:58:36.000Z
"Vandaag met #D66bustour op bezoek in Drenthe &amp; Groningen. Om 10u starten we in Meppel, daarna o.a. Hoogeveen, Assen, Haren en Scheemda.",1,2017-03-09T08:02:07.000Z
Collega @Paul_van_Meenen wil hardere aanpak huisjesmelkers voor een fatsoenlijke prijs voor een studentenkamer. Hear hear! #stemD66 ,1,2017-03-09T07:15:13.000Z
"Gisteren was #vrouwendag. Als regiomanager bij @ProRail had ik enkele stoere vrouwen in mijn team, want techniek is niet alleen voor mannen! ",1,2017-03-09T06:21:26.000Z
Wat een gave zaal. Erg veel zin het #Achterhoek debat! ,1,2017-03-08T16:45:49.000Z
Wat een droevig nieuws... sterkte aan alle nabestaanden ,1,2017-03-08T14:10:48.000Z
Wauw! In laatste peiling I&amp;O staat @D66 met +3 gelijk met de PVV op 20. VVD zakt naar 24. Spannende laatste week #TK2017. #stemD66 ,1,2017-03-08T14:09:56.000Z
Terug naar Zorgfonds? Daar help je niemand mee! Wat helpt wel? Minder stapeling kosten chronisch zieken: ,0,2017-03-08T07:43:00.000Z
Heldere uitslag bij #EditieNL. Nederland is klaar voor premier @APechtold! #stemD66 ,1,2017-03-07T18:04:38.000Z
Laatste stop van #D66bustour #Gelderland vandaag: een van de circulaire economie hubs van Oost-NL in Zutphen #stemD66 ,1,2017-03-07T17:22:07.000Z
Ondertussen in Nijmegen... Lekker bezig @damienoud @lusannebouwmans! #stemD66 ,1,2017-03-07T16:03:19.000Z
Met de #D66bustour in de prachtige Mauritskazerne Ede waar World Food Centre moet komen voor experience en onderzoek rondom voedsel #stemD66 ,1,2017-03-07T15:00:47.000Z
"Werkbezoek @GreenFiberInt, firma Hooijer en papierfabriek Parenco in Renkum waar afval als nieuwe grondstof wordt gebruikt #D66bustour ",1,2017-03-07T13:36:36.000Z
Zojuist heeft @jpaternotte conciërge Bert Koenders van het AOC Oost uitgeroepen tot Conciërge v/h Jaar in #Doetinchem! #onderwijs #stemD66 ,1,2017-03-07T12:00:51.000Z
"Vandaag in @DeGelderlander aandacht voor #Grensplan van @D66: minder barrières voor arbeidsmarkt, onderwijs en OV NL-Duitsland #stemD66 ",1,2017-03-07T10:52:58.000Z
Erg onder de indruk van de persoonlijke leerling gerichte aanpak van Montessori en Werkenrode school in #Groesbeek! #D66bustour #TK2017 ,1,2017-03-07T10:43:16.000Z
De #D66bustour is zojuist vertrokken uit #Elst. We zijn nu op weg naar Groesbeek @D66BergenDal. Tot zo! #stemD66 ,1,2017-03-07T08:54:49.000Z
"Leuk bezoek aan VMBO Westeraam  #Elst. Boeiende vragen van leerlingen over o.a volkslied, onderwijs, dierenwelzijn en vluchtelingen #stemD66 ",0,2017-03-07T08:53:43.000Z
Nu met de trein naar Elst voor start #D66bustour langs @D66Overbetuwe @D66BergenDal @D66Doetinchem @D66Renkum @D66Ede en @D66Zutphen #zinin,1,2017-03-07T07:35:30.000Z
Vanavond met @D66Nijmegen  deuren langs gegaan in Hazenkamp &amp; Bottendaal. Veel enthousiasme na optreden @APechtold bij #carredebat #stemD66 ,1,2017-03-06T22:14:59.000Z
"Met @FransMolenkamp op campagne in Oss. Ook hier aan de Oude Molenstraat veel mensen die kiezen voor werk, zorg en onderwijs #stemD66 ",1,2017-03-06T12:01:34.000Z
Aankomende woensdag doe ik namens @D66 mee aan het #DebatOp3. Je kan vanaf 12.00u live meekijken en al je vragen stellen! #stemD66 ,1,2017-03-06T09:19:06.000Z
Goedemorgen! @D66 staat vanochtend bij station Nijmegen voor al je vragen over #TK2017! #stemD66 ,1,2017-03-06T05:45:51.000Z
"Mooi! Progressieve, positieve &amp; groene leiders Pechtold &amp; Klaver komen als beste uit het #carredebat. Ik zeg: #stemD66 + premier @APechtold ",1,2017-03-05T22:30:21.000Z
".@APechtold: ""Sterk NL &amp; sterk Europa tbv een sterke markt en munt, maar ook effectieve aanpak klimaat en vluchtelingencrisis"" #carredebat",1,2017-03-05T21:40:11.000Z
"Dit is premier @APechtold die NL nodig heeft. Open staan voor alle geluiden in samenleving, scherpe keuzes durven maken #stemD66 #carredebat",1,2017-03-05T21:35:01.000Z
".@APechtold: ""Voor D66 is een flexibele AOW bespreekbaar. Maar laten we ook inzetten op tijdige bijscholing"" #stemD66 #carredebat",1,2017-03-05T21:18:09.000Z
".@APechtold: ""Voor mij is de NLse cultuur de vrijheid om te geloven, zeggen en zijn wie je wilt zijn [...] Niet te somber zijn"" #stemD66",1,2017-03-05T20:47:47.000Z
"Nijmegen kleurt D66-groen! Veel geflyerd, leuke gesprekken gevoerd en vragen van kiezers beantwoord met vrijwilligers @D66Nijmegen #stemD66 ",1,2017-03-05T14:49:12.000Z
"""Kies voor Nijmegen - Stem op Rob"" Vanmiddag voer ik vanaf 13.00u met @D66Nijmegen campagne in de Nijmeegse binnenstad. #stemD66 ",1,2017-03-05T08:49:58.000Z
Dank voor jouw steun @MitchEijkemans! #stemD66 ,1,2017-03-04T15:32:40.000Z
Dank voor de gastvrije ontvangst en de boeiende discussie over jongerenparticipatie. Succes met jullie campagne! @JongeDemocraten ,1,2017-03-04T15:32:08.000Z
"Mooie gesprekken in #Culemborg over meer fietssnelwegen, kleinere klassen en meer baanzekerheid voor jongeren. #stemD66 ",1,2017-03-04T13:34:18.000Z
Dank voor je steun @Gijsbertwerner #stemD66 ,1,2017-03-04T13:11:52.000Z
Deze campagnedag begint goed met een duurzaam cadeautje van de @JongeDemocraten #stemD66 #beterklimaat ,1,2017-03-04T08:59:47.000Z
Goedemorgen! Vanochtend ga ik op bezoek bij de @JongeDemocraten in Zwolle en vanmiddag de straat op met @D66Culemborg. #stemD66 #TK2017,1,2017-03-04T07:19:56.000Z
Mooie klim naar de top van de peiling #stemD66 ,1,2017-03-03T18:46:54.000Z
In Dordrecht geflyerd in het mooie centrum en bij station in gesprek gegaan over de klachten tav de NS-dienstregeling #stemD66 #D66bustour ,1,2017-03-03T13:52:25.000Z
Werkbezoek op historische plek @RDMRotterdam waar techniek onderwijs nu zorgt voor werknemers en bedrijven v/d toekomst #D66bustour #stemD66 ,1,2017-03-03T10:55:52.000Z
Met #D66bustour op werkbezoek bij @deltalinqs dat zich met haven &amp; industrie Rotterdam inzet voor groene innovatie en banen ,1,2017-03-03T09:27:01.000Z
"#D66bustour is weer vertrokken vanaf Den Haag. Vandaag bezoek ik met @arendmeijer &amp; @d66monica Rdam, Dordrecht, Breda en Roosendaal #stemD66",1,2017-03-03T05:55:14.000Z
Als Kamerlid zal ik me inzetten voor een wereld zonder armoede. Daarom tekende ik vanavond de verklaring van #ONEVoteNL #D66 ,1,2017-03-02T22:46:01.000Z
Respect dat meneer deze heftige vraag durft te stellen. Respect ook voor het waardige antwoord van @APechtold #waardigleven #stemD66 ,1,2017-03-02T22:43:27.000Z
"Vanavond doe ik namens @D66 mee aan het debat Jong Nieuwspoort, oa over NLse identiteit, klimaat&amp;energie en NL in Europa #stemD66 ",1,2017-03-02T15:17:18.000Z
"Vind je thema's als rechten van meisjes, seksuele voorlichting en bestrijding HIV/Aids belangrijk? Check ",1,2017-03-02T09:19:32.000Z
Onze #D66bustour rijdt CO2-neutraal. Wij compenseren de uitstoot van de bussen oa met deze boom die we net gepland hebben bij #IPKW #Arnhem ,1,2017-03-01T15:10:03.000Z
"Vandaag duurzaam rondje langs bedrijven, scholen en burgerinitiatieven #D66bustour. Na A'foort &amp; A'doorn nu op weg naar Wageningen #stemD66 ",1,2017-03-01T12:04:11.000Z
Zojuist kreeg boegbeeld @JanTerlouw groen lintje van @SvVeldhoven vanwege zijn inspirerende rol voor een beter klimaat #D66bustour #stemD66 ,1,2017-03-01T12:01:42.000Z
Inspirerend werkbezoek #D66bustour aan EWT Amersfoort: assemblage en serviceonderhoud windmolens #groenebanen #stemD66 ,1,2017-03-01T09:54:22.000Z
"Vandaag bezoek ik met de #D66bustour Amersfoort, Apeldoorn, Wageningen, Arnhem en Nijmegen. Thema #duurzaamheid! #stemD66 ",1,2017-03-01T08:02:38.000Z
„In NL zijn we bij uitstek in staat om geld te verdienen aan omslag van het gebruik van fossiele naar schone energie.” #stemD66 #telegraaf ,1,2017-03-01T07:40:55.000Z
Schreeuwend populisme vs. constructief positivisme in zijn puurste vorm vanavond bij #pauwenjinek Geef mij maar premier @APechtold #stemD66,1,2017-02-28T22:29:34.000Z
Laatste werkdag als regiomanager Bouwmanagement Noord&amp;Oost NL @ProRail. Ga m'n werk en team enorm missen! Dank voor de fijne tijd 💪🏽 ,1,2017-02-28T06:45:19.000Z
Na avond canvassen voor @D66 door weer en wind in mijn eigen wijk #Hengstdal in #Nijmegen nu een welverdiend biertje in #CafeDeKroon ,1,2017-02-27T20:11:14.000Z
"Kijkers #rtldebat: @APechtold is winnaar. Verbinden vanuit het midden voor beter onderwijs, goede zorg en meer vaste banen. #stemD66 ",1,2017-02-26T22:24:51.000Z
"Buma is tegen inlegvel Oekraïneverdrag. Schrapt hij verdrag als hij premier wordt? Antwoord: ""Of ik dat ga doen, weet ik niet"" #rtldebat",0,2017-02-26T22:02:30.000Z
"Als Trump op staatsbezoek komt in NL? Dan laat premier @APechtold het Vredespaleis, Anne Frankhuis (en Slagharen) zien #waarden #rtldebat",1,2017-02-26T22:00:07.000Z
Naast andere vorm beprijzen auto's wil @D66 vooral extra investeren in OV en fiets in strijd tegen files ,0,2017-02-26T21:43:10.000Z
Maak aanschaf en bezit auto's goedkoper en zorg voor slimme prijsprikkel autogebruik voor fors minder files #rtldebat @APechtold #stemD66,1,2017-02-26T21:41:57.000Z
Even kijken of dit 1-op-1tje bij #rtldebat te vangen is in wat hashtags? Ja! #waarwasBuma? #verantwoordelijkheidsvakantie,0,2017-02-26T21:22:15.000Z
"""Zorgen dat bron van vluchten (Syrië) rustig wordt en hier in NL integratieprobleem voorkomen met taalles vanaf dag 1"" @APechtold #rtldebat",1,2017-02-26T21:15:01.000Z
Geen concreet antwoord #Buma op vraag: Is islam gelijk aan protestantisme? @APechtold wil geen 2e rangs religies of burgers in NL #rtldebat,0,2017-02-26T21:02:15.000Z
Dat was ronde 1 #rtldebat @APechtold #stemD66 ,0,2017-02-26T20:46:01.000Z
"""Naast waardig ouder worden, moet je ook waardig kunnen sterven. Daarom initiatiefwet @piadijkstra @D66"" #rtldebat #stemD66",1,2017-02-26T20:30:02.000Z
"Geen miljardenverslindende structuurwijziging zorg, maar gericht investeren in handen aan bed en aanpak kosten chronisch zieken  #stemD66",1,2017-02-26T20:25:32.000Z
"""Zorg is niet gratis. De sociale keuze = de stapeling van kosten voor de langdurig zieken &amp; gehandicapten verlagen"". @APechtold #rtldebat",1,2017-02-26T20:18:51.000Z
".@APechtold tegen #Buma: ""Naastenliefde is dé christelijke waarde [...] Vluchtelingen opvangen, taalles vanaf dag 1"" #Buitenhof",1,2017-02-26T11:59:26.000Z
"""De levenshouding van @D66 staat voor kansen voor elk individu om vanuit je kracht bij te dragen aan de samenleving"" #buitenhof @APechtold",1,2017-02-26T11:54:31.000Z
"Syp Winia bij #buitenhof: ""@D66 is optimistisch en onderscheid zich daarmee duidelijk van andere partijen"" #hearhear #stemD66",1,2017-02-26T11:52:20.000Z
"De heer Buma is de kluts kwijt, aldus de heer Buma. Na 1 kritische vraag over voor welke waarden het CDA staat... #buitenhof",0,2017-02-26T11:49:45.000Z
"""Onze waarden beginnen met een dienstplicht"" - wat een vertrouwen krijgt de Nederlandse jeugd van CDA'er #Buma in #buitenhof",1,2017-02-26T11:45:31.000Z
Pro-Europees én kritisch. @D66 wil een effectief Europa (oa vluchtelingen en klimaat) voor een sterk NL! #buitenhof #stemD66 @APechtold,1,2017-02-26T11:41:13.000Z
"""Modernere arbeidsmarkt ook nodig om oudere werknemer die baan kwijtraakt, weer sneller aan  werk te helpen"" #stemD66 @APechtold #buitenhof",1,2017-02-26T11:36:46.000Z
"""Vaste baan voor teveel mensen onbereikbaar, vooral jong &amp; praktisch opgeleid. Vast contract mag geen museumstuk worden"" @APechtold #stemD66",0,2017-02-26T11:34:31.000Z
Minder belemmerigen voor ZZP'ers die bewust kiezen voor ondernemen; meer kansen op vast contract voor werknemers #buitenhof #D66 @APechtold,1,2017-02-26T11:33:00.000Z
Super! Dank voor de steun!! #stemD66 ,1,2017-02-26T11:22:13.000Z
Schreeuwers vs nuance: pessimisme vs optimisme. Thuisblijven vs stemmen. De keuze is aan ons allen op 15 maart! @APechtold in #Vk #stemD66 ,1,2017-02-25T08:36:17.000Z
Een politiek leider die beter onderwijs bovenaan de agenda heeft staan voor radicale kansengelijkheid. Love it! @APechtold in #Vk #stemD66 ,1,2017-02-25T08:33:41.000Z
"In #HalloNijmegen: Goed werk, goede zorg en goed onderwijs - @D66 krijgt het voor elkaar! #kiesvoorderegio #stemRob #stemD66 #Nijmegen ",1,2017-02-25T07:23:18.000Z
"Prettig #Nieuwscafe met @HaykeVeldman &amp; @Lisawesterveld achter de rug. Geen geschreeuw, maar in alle rust en vanuit de inhoud. #Nijmegen ",1,2017-02-24T18:45:48.000Z
Onze #D66bustour gaat van start! Vanaf woensdag stap ik ook op de bus. Check alle routes ➡️ ,1,2017-02-24T07:26:30.000Z
Meer fietssnelwegen en goede stallingen = minder autofiles en een schonere lucht! @D66 krijgt het voor elkaar. #stemD66 ,1,2017-02-23T14:58:24.000Z
Mooie aandacht voor Conciërge v/h Jaar verkiezing van @D66Nijmegen. Op elke school een conciërge? @D66 krijgt het voor elkaar! #stemD66 ,1,2017-02-23T07:04:29.000Z
"Genoten van het #debatUden georganiseerd door @brabantsdagblad. Op 15 maart: Kies voor Uden, Stem op Rob! #stemD66 ",1,2017-02-22T21:29:57.000Z
Ook Nijmeegse studenten kiezen voor #onderwijspartij @D66! #stemD66 #studentendebat ,1,2017-02-21T20:08:20.000Z
Tof! Vanavond een volle zaal in @LUX_Nijmegen voor het Nijmeegs Studenten Verkiezingsdebat. Zin in! #onderwijs #studentenstad #stemD66 ,1,2017-02-21T17:10:12.000Z
Vanavond met collega's #raad024 te gast bij @MercatorBC. In gesprek over barrières én kansen voor ondernemen in Nijmegen en NL #stemD66,1,2017-02-20T18:59:45.000Z
"Heb je woensdagavond nog geen plannen? Kom naar het grote verkiezingsdebat in #Uden! Namens @D66 ga ik in debat met SP, GL, CDA, VVD en PvdA ",1,2017-02-19T11:13:07.000Z
En de 3e en laatste straatactie van vandaag is #ingesprekmet #Nijmegen. Succesvolle dag met @D66Nijmegen @D66Heumen &amp; @D66Wijchen #stemD66 ,1,2017-02-18T14:10:45.000Z
"Ook in #Wijchen kiezen veel mensen voor onderwijs, zorg en banen. Vrijwilligers bedankt! Nu door naar @D66Nijmegen #stemD66 #ingesprekmet ",1,2017-02-18T13:12:36.000Z
Campagnestop nr.2 van vandaag is Wijchen. Samen met @D66Wijchen sta ik op de Markt. We gaan graag met u #ingesprek #stemD66 ,1,2017-02-18T12:31:54.000Z
Dank aan alle vrijwilligers van @D66Heumen voor #ingesprekmet Malden en Overasselt. Nu door naar @D66Wijchen #stemD66 ,1,2017-02-18T10:56:16.000Z
Campagnestop nr 1 van vandaag: Heumen. #stemD66 #ingesprekmet #D66 ,1,2017-02-18T09:51:56.000Z
"Mooie mix van jong &amp; oud, ervaring &amp; nieuwe aanwas op kandidatenlijst van @D66 incl. 2 twintigers met lokale ervaring! @RensRaemakers &amp; moi ",1,2017-02-17T15:21:30.000Z
"Morgen ga ik met @D66 vrijwilligers graag met je #ingesprek in Malden (1030-1130), Wijchen (1230-1330) en Nijmegen (1400-1500) #stemD66 ",1,2017-02-17T08:10:07.000Z
Genante vertoning van PvdA-minister Plasterk en VVD'ers Blok en VdSteur bij voordracht Teeven. #achterkamers #vertrouwen #raadvanstate ,1,2017-02-14T20:47:17.000Z
Jaarlijkse Valentijnstaart @D66Nijmegen is voor @RKSDnijmegen: vrijwilligers die zich inzetten voor oa voorlichting en EHBO. Hulde! #D66 ,1,2017-02-14T19:01:04.000Z
Mooi resultaat van samenwerking @D66Nijmegen &amp; @GLNijmegen: schoon zwemwater in de nieuwe plassen in Nijmegen-Noord #Lent #Oosterhout ,1,2017-02-14T16:20:36.000Z
"Meer liefde, minder verdeeldheid. Samen krijgen we het voor elkaar! Vanochtend 1.000 Valentijnslolly's uitgedeeld met @D66Nijmegen #D66 ",1,2017-02-14T07:45:23.000Z
"€55 miljoen winst aan verkoop OV-chipkaart staat haaks op doelstellingen 'Reiziger op 1, 2 en 3'. Hoog tijd voor een goedkopere kaart! ",0,2017-02-14T05:12:43.000Z
"Vandaag collega's SP, PvdD, CU, VVD &amp; GroenLinks opgeroepen om renovatie #Binnenhof een toonvoorbeeld van circulair (ver)bouwen te maken ",1,2017-02-13T17:45:03.000Z
Bij #NLCO2Neutraal is @D66 uitgeroepen tot winnaar! Concrete plannen voor co2-reductie en circulaire economie. D66 krijgt het voor elkaar! ,1,2017-02-13T17:41:35.000Z
"Het allerbeste onderwijs, waar je wieg ook staat en je hele leven lang. D66 krijgt het voor elkaar! ",1,2017-02-13T08:03:43.000Z
Basic treinen voor nieuw leven gesloten Britse spoorlijnen. Ook iets voor NL? Bijv. Nijmegen-Kleve-Weeze Airport? ,1,2017-02-12T21:51:44.000Z
Sterk optreden @GroothuizenD66 bij Politie-debat #balie. Na jaren mislukt VVD-experiment wil @D66 weer werken aan veiligheid en rechtsstaat ,1,2017-02-12T21:47:34.000Z
Vandaag werd @JoesTammel alvast in het zonnetje gezet door de ledenvergadering. Binnenkort stopt hij als voorzitter @D66Maashorst #dank ,1,2017-02-11T19:22:58.000Z
"Vandaag op campagne in #Uden. Eerst met leden @D66Maashorst in gesprek over ons programma, daarna de straat op. #D66krijgthetvoorelkaar ",1,2017-02-11T12:45:45.000Z
Vanavond was ik te gast bij #WeekvanGelderland over belang van regionale kandidaten in de Tweede Kamer. Vanaf 06:55' ,1,2017-02-10T18:42:35.000Z
.@ProRail #Bouwmanagement bestaat 10 jaar. Daarom vandaag een feestje voor alle mdw's in Dierenpark Amersfoort. ,1,2017-02-09T21:24:12.000Z
"'Grootschalige en stelselmatige gegevensverzameling' bij burgers en journalisten wordt makkelijker. @D66 tegen, @PvdA voor... #privacy ",0,2017-02-08T22:24:12.000Z
Vanavond @VeiligeschoolBS op bezoek bij @D66Nijmegen met leerzame reflectie op tops &amp; tips burgerparticipatie in #Nijmegen. Kan nog beter!,1,2017-02-08T21:55:59.000Z
Geweldig dat icoon @JanTerlouw zoveel jonge mensen kan inspireren voor een beter klimaat en een fijnere wereld #D66 ,1,2017-02-08T21:52:02.000Z
.@piadijkstra pleit voor €50 miljoen voor extra onderzoek &amp; voorlichting kanker ,1,2017-02-08T06:37:56.000Z
"Stoer! @ellebandita doorbreekt een taboe. Belangrijk, want in NL moet iedereen gewoon zichzelf kunnen zijn. #D66 ",1,2017-02-08T06:08:34.000Z
Is de raad van #DenHaag nu het record van #raad024 #Nijmegen aan het verbreken bij benoeming nieuwe burgemeester? #GuinnessWorldRecord,1,2017-02-06T21:19:57.000Z
Wie wordt dit keer de #ConciergevanhetJaar? Nomineren van je favoriete kandidaat kan vanaf vandaag! ,1,2017-02-06T19:05:07.000Z
In 2016 ruim 100 nwe leden voor @D66RvNijmegen. Wij lunchten vandaag met nr100 én nr1 van 2017. Doe ook mee! ,1,2017-02-05T19:42:30.000Z
Een appeltje en een goed gesprek met @D66 op straat in Nijmegen. Veel kiezers gesproken met steun voor kleinere klassen &amp; extra € zorg! ,1,2017-02-04T13:16:48.000Z
Prachtig interview in @dgnijmegen met de nieuwe stadsdichter van #Nijmegen: Amal Karam ,1,2017-02-04T09:53:57.000Z
Terechte oproep @jasparov aan #raad024. Haal bus uit kernwinkelgebied en zorg voor prettige haltes aan randen centrum. Tijd voor lef! ,1,2017-02-04T09:52:22.000Z
Voor in uw agenda: op woensdag 8 maart neem ik namens @D66 deel aan het verkiezingsdebat in de #Achterhoek ,1,2017-02-03T17:50:40.000Z
Goed nieuws in #Dukenburg #Nijmegen: 150 nieuwe woningen op oude locatie @HANnl ,1,2017-02-03T07:48:09.000Z
Lekker wakker worden! #D66 krijgt het voor elkaar! ,1,2017-02-03T06:48:27.000Z
Interessant eerste debat regulering #wietteelt in Tweede Kamer. 'Normalisering' softdrugs leidt tot gezonder en minder gebruik #D66 ,1,2017-02-02T06:15:47.000Z
Hele Mobiliteitsplan Binnenstad #Nijmegen vind je hier: ,1,2017-02-01T18:26:57.000Z
Blij dat gemeente in actie komt voor veilige fietsenstalling bij station Nijmegen #Lent na vragen @D66Nijmegen ,1,2017-02-01T18:25:05.000Z
Meerderheid #raad024 wil af van 700 busbewegingen door kernwinkelgebied #Nijmegen en steunt alternatief mini-busjes tot randen winkelgebied,1,2017-02-01T18:24:24.000Z
Wethouder @benvanhees ontwikkelde met ondernemers &amp; bewoners nw Mobiliteitsplan Binnenstad na motie D66/VVD/CDA.  Nu 1e bespreking #raad024 ,1,2017-02-01T18:05:24.000Z
Mooi resultaat na wijkbezoek @D66Nijmegen aan #Lent. Beter en veiliger je #fiets stallen bij station Nijmegen-Lent #D66 #raad024 ,1,2017-02-01T15:10:20.000Z
"Kies jij voor kleinere klassen, meer handen a/h bed &amp; sluiting kolencentrales? Steun onze campagne ",1,2017-02-01T09:30:40.000Z
Onwijs stoere deelnemers aan #HijIsZij van @KroNcrv. Dapper om je verhaal te doen. Zo belangrijk dat je zichtbaar jezelf kan zijn in NL!,1,2017-01-31T20:59:55.000Z
We zijn het niet altijd eens ;) maar ik bewonder wel de passie en inzet voor partij &amp; stad. Leuk interview #SP #BB ,1,2017-01-31T07:39:46.000Z
Spreek je Arabisch of Tigrinya? Dan is deze #vacature misschien wat voor jou! ,1,2017-01-30T19:02:03.000Z
Veel risico's bij telsysteem dat wordt ingezet bij #TK2017. PvdA-minister Plasterk antwoordde eerder dat verkiezingen NL niet hackbaar zijn ,0,2017-01-30T18:34:34.000Z
Rauw en teder. Loved it! #Moonlight ,1,2017-01-29T18:47:01.000Z
Aldus een Britse MP... ,0,2017-01-28T21:25:09.000Z
"Geweldig congres als kick-off van onze campagne. Aan de slag voor kleinere klassen, sluiten kolencentrales en meer handen aan het bed! #D66 ",0,2017-01-28T17:49:34.000Z
Ook 50+ kiest verstandig! #D66 #Pechtold ,1,2017-01-28T10:58:36.000Z
Congres @D66 staat voor groot deel in het teken van onze plannen voor een beter onderwijs. We starten met inspirerende pioniers uit het veld ,1,2017-01-28T09:41:40.000Z
Om alvast in uw agenda te zetten: op 22 februari doe ik namens @D66 mee aan het #TK2017 debat in het mooie Uden! ,1,2017-01-28T08:41:33.000Z
D66 steunt de #Klimaatwet ,1,2017-01-27T18:23:14.000Z
VVD-staatssecretaris Wiebes lijkt de boel ondanks toezeggingen nog niet op orde te hebben bij de #Belastingdienst ,0,2017-01-27T15:22:32.000Z
Prachtig interview met kandidaat-Kamerlid @MpanzuBamenga van @D66 in #VNGMagazine ,1,2017-01-27T14:32:47.000Z
Gisteravond inspirerende en gezellige uitwisseling gehad met fracties @D66Nijmegen &amp; @D66Cuijk. Samen sterker in Nijmegen-Land van Cuijk! ,1,2017-01-26T06:26:14.000Z
"NL'ers in Brussel opgelet: vanavond ga ik namens @D66 in debat met VVD, PvdA, CDA en GroenLinks #TKDebatBrussel ",1,2017-01-24T09:33:37.000Z
"Ook @D66Nijmegen wil geen grote bussen meer door de binnenstad. Meer ruimte voor fietsers, voetgangers, terrassen en groen + #schonelucht ",1,2017-01-24T07:21:08.000Z
Marktsysteem inburgering faalt! Beleid Asscher faalt! PvdA &amp; VVD stemden afgelopen jaren tegen alternatief plan @Paul_van_Meenen @D66 ,0,2017-01-24T07:18:04.000Z
Mooi initiatief van Radboud Universiteit! #Suriname #slavenregisters ,1,2017-01-23T20:04:08.000Z
Huidige inburgering faalt. Grote mislukking van PvdA-minister Asscher. Daarom werkt @D66 aan taalles vanaf dag 1! ,0,2017-01-23T06:25:19.000Z
Zo trots op de Nijmeegse kanjer Miriam van der Have! Terechte award vanwege inzet voor intersekse mensen ,1,2017-01-22T22:14:08.000Z
Meest populaire alternatief voor premier Rutte is premier @APechtold. Verbinder met optimistische boodschap voor NL #kansenvooriedereen #D66 ,1,2017-01-22T09:15:48.000Z
Zijn vrouwen voldoende actief in de politiek? Is het überhaupt belangrijk? @Astrid61 organiseert discussieavond! ,1,2017-01-21T17:20:31.000Z
Mooie gesprekken in een zonnig #Doetinchem. Ook in het hart v/d Achterhoek kiezen mensen voor optimisme en vertrouwen #D66 @d66doetinchem ,1,2017-01-21T14:14:38.000Z
Vanmiddag ga ik vanaf 13.00u samen met @D66Doetinchem graag met u in gesprek op het Simonsplein. Wat zijn uw zorgen &amp; ideeën voor NL? #D66,1,2017-01-21T10:40:28.000Z
Wat zijn de zorgen van PVV-kiezers? En hoe kan de politiek daar een antwoord op geven? @D66 en @APechtold gaan in gesprek #samensterker ,1,2017-01-21T09:20:39.000Z
#gambia ,1,2017-01-20T19:30:17.000Z
De meest Gelderse partij van NL? @D66 natuurlijk! Met @APechtold @RobJetten @GroothuizenD66 @kristieLamers @EelcoKeij @BenRossElst #stemD66 ,1,2017-01-20T09:16:33.000Z
".@Vera_Bergkamp: ""#FamilieVanNu is gericht op wetgeving die mensen de ruimte laat hun leven zelf in te richten, zonder waardeoordeel"" #D66",1,2017-01-19T19:37:21.000Z
"""Minder huwelijken, meer kinderen buiten huwelijk, erfbelasting alleenstaanden, etc (...) wetgeving moet moderner"" #FamilieVanNu #D66",0,2017-01-19T19:35:31.000Z
"Druk symposium #FamilieVanNu met oa @Vera_Bergkamp: ""Familie-, erf- en schenkrecht moet beter aansluiten op hoe mensen willen (samen)leven"" ",1,2017-01-19T19:31:25.000Z
"Schrijft Afrikaanse gemeenschap vandaag geschiedenis in #Gambia? Na debacles als Burundi, nu een vreedzame democratische overwinning? ",1,2017-01-19T07:03:21.000Z
"Nijmeegse partijen die NIET hun afkeuring over handelswijze B&amp;W inzake #Hilckmann uitspreken: SP, GroenLinks, DNF en VSP #raad024",0,2017-01-18T23:47:26.000Z
.@tvanelferen: @D66Nijmegen steunt motie van afkeuring omdat B&amp;W onvoldoende erkent dat er fouten zijn gemaakt in proces #Hilckmann deal,0,2017-01-18T23:38:40.000Z
In de 3e schorsing van de avond start nestor Hulskorte een verjaardagsliedje voor wethouder @benvanhees #gefeliciteerd #raad024,1,2017-01-18T23:27:38.000Z
Hierbij de tekst van de motie van afkeuring tegen college vanwege #Hilckmann affaire #raad024 #Nijmegen #PvdA #D66 #CDA #VVD #GN #LN ,0,2017-01-18T23:26:34.000Z
Voltallige oppositie dient motie van afkeuring in tegen B&amp;W i.v.m. onvolledige informatie aan #raad024 voorafgaand aan deal #Hilckmann,0,2017-01-18T23:19:21.000Z
Tweede termijn debat #Hilckmann #raad024,1,2017-01-18T23:16:13.000Z
"Wethouder Tiemens: ""We kenden de business case niet volledig [...] We konden toen niet inschatten of die lening van #Hilckmann relevant was""",0,2017-01-18T22:57:02.000Z
Nu schorsing #raad024 debat #Hilckmann. Daarna 1e termijn B&amp;W. Nachtwerk in wording,0,2017-01-18T22:31:38.000Z
".@tvanelferen #D66: ""B&amp;W heeft #raad024 onvolledig geïnformeerd over deal #Hilckmann. #raad024 had met andere info wellicht anders besloten""",0,2017-01-18T21:34:45.000Z
".@tvanelferen #D66: ""Als bestuurder grote stad moet je je beter later informeren dan met blinddoek op vertrouwen op banken en #Hilckmann""",0,2017-01-18T21:33:12.000Z
".@tvanelferen #D66: ""Gemeente heeft zelf geen onderzoek gedaan naar boeken #Hilckmann. Vertrouwde teveel op ING en BOM.""",0,2017-01-18T21:31:29.000Z
".@tvanelferen #D66: ""B&amp;W informeerde #raad024 dat financiering #Hilckmann onvoorwaardelijk rond was. Dat bleek niet zo. Foute info dus""",0,2017-01-18T21:30:31.000Z
".@tvanelferen #D66: ""Wethouder heeft in 2015 toegezegd dat hij miljoenen #Hilckmann niet ineens zou uitbetalen. Hij heeft dat wel gedaan""",0,2017-01-18T21:29:24.000Z
"#Hilckmann #raad024 ""B&amp;W informeerde onjuist/onvolledig over boekenonderzoek, definitieve bankleningen en betaling miljoenen ineens""",0,2017-01-18T21:15:34.000Z
Bijna 1j na sluiting slachthuis #Hilckmann nu plenair debat #raad024: Heeft B&amp;W raad volledig geïnformeerd voorafgaand aan miljoenendeal?,0,2017-01-18T21:12:12.000Z
"Bestemmingsplan Ackerbroekweg in #raad024. @PuckSanders: ""Doortrekken weg goed voor veiligheid &amp; bereikbaar. Gedoogsituaties samen oplossen""",1,2017-01-18T20:52:59.000Z
Mooi gebaar van enkele buurtbewoners Ackerbroekweg. #raad024 krijgt bos bloemen en zij nemen afstand van bedreiging door 1p geuit,1,2017-01-18T20:46:13.000Z
"Bij start #raad024 staat burgemeester Bruls stil bij bedreiging van enkele raadsleden. ""Emoties horen bij politiek, maar dit ging te ver""",0,2017-01-18T20:44:45.000Z
"Hoe omgaan met co-ouderschap, homo-ouders of erfrecht? Kom morgen naar mini symposium 'Familie van Nu' in Nijmegen ",1,2017-01-18T18:47:36.000Z
Nu in #raad024 opnieuw een debat over aanleg Dorpensingel-Oost. B&amp;W weigert al jaren besluit tot aanleg uit te voeren.,0,2017-01-18T18:00:58.000Z
Laatste vragen in vragenuur #raad024 over wietkwekerijen in huis en uitspraken burgemeester Bruls over harder optreden tegen woningeigenaren,0,2017-01-18T17:36:33.000Z
B&amp;W schept in #raad024 geen duidelijkheid over herbouw #Donjon na vragen @vergunst. Moest vergunning of v-aanvraag er op 31-12 zijn?,0,2017-01-18T17:33:17.000Z
Vragen PvdA &amp; @D66Nijmegen over opvang Eritrese jongeren in N-Noord. Wethouder komt in 2wk met evaluatieonderzoek door @UniLeiden #raad024,1,2017-01-18T17:30:19.000Z
Na mondelinge vragen #raad024 weinig nieuws inzake @ValkhofMuseum. @D66Nijmegen volgt vervolg op de voet. Belangrijke culturele pilaar stad,0,2017-01-18T17:13:35.000Z
Best. crisis @ValkhofMuseum is zorgelijk. Antwoord B&amp;W op vragen @PietervanMegen #D66: breed onderzoek naar toekomst museum in belang stad,1,2017-01-18T17:06:09.000Z
"Dankzij @D66Nijmegen heeft Nijmegen sinds kort twee nachtwinkels. Als overlast uitblijft, hopelijk een blijvertje #bruisendestad #D66 ",1,2017-01-16T17:46:10.000Z
Terecht eerbetoon aan Janneke Idsenga voor haar inzet die leidde tot oprichting @D66Heumen #vrijwilliger #D66 ,1,2017-01-14T20:13:42.000Z
"Veel nieuwe leden van @D66 uit Gelderland bijeen in Nijmegen. Optimisme, duurzaamheid, gelijke kansen als redenen om lid te worden! ",1,2017-01-14T14:49:44.000Z
"Vanaf 16u van harte welkom bij @DeVillaNijmegen voor nieuwjaarsborrel #D66 Gelderland, Arnhem, Apeldoorn en Nijmegen ",1,2017-01-14T07:23:55.000Z
Tweede Kamer nam motie D66 aan voor sluiting kolencentrales. Nu hoog tijd voor duidelijk stappenplan van kabinet. #groen #D66 ,1,2017-01-14T07:11:03.000Z
Minder drukte in maandagspits en meer flexibiliteit voor student met OV-kaart voor de hele week. Topplan van @D66 @Paul_van_Meenen ,1,2017-01-12T11:59:41.000Z
Paar jaar terug motie ingediend voor nieuw P-terrein Oude Stad incl 'groene loper'. Blij met plan Joris Ivensplein! ,1,2017-01-10T18:58:50.000Z
"De Humanity Checker van @oxfamnovib: Superscores @D66, CU en GL. Dikke onvoldoendes VVD en PVV. ",1,2017-01-09T05:45:29.000Z
"""Disrespect invites disrespect, violence incites violence. And when the powerful use their position to bully others, we all lose"" ",0,2017-01-09T05:39:41.000Z
"Ook vandaag gingen we met @D66Nijmegen @D66 de straat op. Beetje koude voeten nu, maar mooie en optimistische ideeën opgehaald voor NL ",1,2017-01-07T14:08:40.000Z
Alleen nog treinkaartje kopen met  ID-bewijs? Beperkt vrij verkeer van heel veel mensen. Hoeveel extra (schijn)veiligheid levert het op? ,0,2017-01-04T07:02:14.000Z
"De afgelopen dagen in Kiev geweest. Prachtige stad met rijke historie, het aangrijpende Maidan en goed (Georgisch) eten en veel kerstmuziek ",1,2017-01-03T05:38:31.000Z
Vanavond in @De_Vereeniging: Nieuwjaarsbijeenkomst @gem_Nijmegen en verkiezing 'Nijmegenaar van het Jaar' ,1,2017-01-02T07:40:01.000Z
Wat een triest begin van 2017 voor #Istanbul en #Turkije... 😔 ,0,2017-01-01T00:26:37.000Z
"Groene groei is mogelijk! Daarom zet @D66 in op minder belasting op arbeid, meer belasting op vervuiling. #kansenvooriedereen #StemD66 ",1,2016-12-31T07:00:56.000Z
One of the 'Heroes of the Heavenly Hundred activists of the Revolution of Dignity' - #Maidan #Kyiv #Ukraine ,1,2016-12-30T20:35:16.000Z
Hoopvol en belangrijk bericht voor bescherming groot wild in #Afrika ,1,2016-12-30T20:00:00.000Z
Dit jaar al bijna 100 nwe leden @D66RvNijmegen! Word jij nr100? Dan nodig ik je uit voor een kennismakingslunch ,1,2016-12-28T18:21:35.000Z
"Sylvana Simons weg bij ""polarisend"" DENK en start een eigen partij #TK2017 ",0,2016-12-24T05:47:01.000Z
Gisteravond afscheid genomen van @kristieLamers als lid #raad024 voor D66. Bedankt voor 7 mooie jaren met onze fractie werken voor de stad! ,1,2016-12-22T06:55:39.000Z
Groen nieuws om mee wakker te worden: zonnepark voor 20.000 huishoudens in Zeeland &amp; Bovag pleit voor km-heffing leaseauto's ,1,2016-12-22T06:20:39.000Z
Nieuwe buurman in plenaire zaal #raad024: @PuckSanders. Samen met @tvanelferen houd ik onze benjamin een beetje in de gaten ;) #D66 ,1,2016-12-21T18:10:47.000Z
Welkom Puck! En veel succes!! #raad024 #D66 ,1,2016-12-21T18:09:52.000Z
Laatste #raad024 voor D66-collega @kristieLamers. Haar laatste motie vraagt om openstelling folterkelder Stadhuis #cultuurhistorie ,1,2016-12-21T16:32:54.000Z
Even wat goed nieuws tijdens deze donkere dagen. Aantal zonnepanelen Nijmegen groeit snel. Staan er ook veel op de planning #greencapital ,1,2016-12-20T06:27:50.000Z
Twee afschuwelijke aanslagen vandaag in Ankara en Berlijn die mogelijk allebei slechts meer haat en  geweld als reactie krijgen...,0,2016-12-19T20:48:09.000Z
Verbetering financiële situatie NEC is goed nieuws voor topvoetbal in Nijmegen. Hopelijk ook snel stadiondeal gericht op stabiele toekomst ,1,2016-12-19T18:24:45.000Z
Je zou bijna denken dat dit een van de outfits van @OppoSuits is... #Mugabe #suit #timeforchange #Zim ,1,2016-12-18T17:37:20.000Z
Om 19.30u in @DeVillaNijmegen: kerstborrel + politieke pubquiz @D66RvNijmegen ,1,2016-12-16T15:50:27.000Z
".@swsjoerdsma: ""Wij willen 900.000 in het buitenland wonende Nederlanders aan ons blijven binden en de enorme beperkingen oplossen.” #D66 ",1,2016-12-16T06:23:52.000Z
"Hihi, niet meer whatsappen op de fiets maar wel filmen terwijl je een auto met de minister erin bestuurt? Maar goed, fijn dat tunnel open is ",1,2016-12-16T06:18:00.000Z
"Ressense-variant gelukkig van tafel, zou doodsteek dorp zijn. Wethouders Nijmegen &amp; Lingewaard: maak nou eens echt werk van #Dorpensingel! ",0,2016-12-16T06:16:41.000Z
"Na veel (soms terecht) debat over issues met verkamering, staat @D66Nijmegen stil bij studenten die iets moois toevoegen aan de stad! ",0,2016-12-15T19:51:32.000Z
"""Nijmegen en Arnhem lopen warm voor lobby Tesla-fabriek"" na vragen @D66Nijmegen &amp; @D66Arnhem. #groenegroei #samensterker ",1,2016-12-15T09:45:42.000Z
"Mooi! Aanpak wegen en verkeersveiligheid #Teersdijk #Dukenburg na wijkbezoek #raad024 en vragen @D66Nijmegen, CDA, SP en Gewoon Nijmegen ",1,2016-12-15T09:38:29.000Z
"Meer ruimte voor fiets, voetganger, horeca en groen. Kleinschalig OV voor binnenstadbewoner. Blij met eerste plannen nav D66-motie onderzoek ",1,2016-12-13T06:51:30.000Z
Wederom een indrukwekkend staaltje werk van @sinancan77 en zn team. Hoe gaat het nu met Afghanistan? Interessante inkijk ,1,2016-12-12T20:27:35.000Z
"Mooie woorden bij receptie 25 jaar #KissKiss. Een van grootste roze feesten van NL, volledig door vrijwilligers gerund!",1,2016-12-10T21:49:37.000Z
Hét roze feestje van Nijmegen bestaat 25 jaar! @D66Nijmegen feliciteert #KissKissClub. Tot vanavond op de dansvloer! ,1,2016-12-10T19:07:39.000Z
Ook bij slecht weer gaat @D66Nijmegen graag met je in gesprek in de Nijmeegse binnenstad #kansenvooriedereen #optimisme #D66 ,1,2016-12-10T13:51:09.000Z
"Na lang debat in stad &amp; raad over dilemma's verkamering, staan we graag ook stil bij de goede voorbeelden. Stem! #studenten #Nijmegen #D66 ",1,2016-12-10T09:41:06.000Z
"Na verrassend soepele acceptatie van de uitslag, alsnog zorgwekkende ontwikkeling. Bang voor President-elect die misdaden wil onderzoeken ",0,2016-12-10T09:39:26.000Z
Mooie gezamenlijke oproep @sabineandeweg &amp; @PietervanMegen voor versterking regionale economie #groenegroei #Arnhem #Nijmegen ,1,2016-12-09T14:04:43.000Z
"D66: Met HAN auto-opleidingen, Radboud magneetlab, Novio Tech Campus en twee bruisende steden is Arnhem-Nijmegen een topregio voor #Tesla ",1,2016-12-09T13:35:42.000Z
Big sis @RoxanneJamilla neemt je voor #LindaTV mee shoppen in Den Bosch ,1,2016-12-09T12:38:38.000Z
Ondanks alle praatjes van Asscher over baanzekerheid in campagne PvdA-lijsttrekkerschap en gelikte VVD-filmpje met Wiebes: ZZP-er is de dupe ,0,2016-12-09T06:35:33.000Z
Laatste keer fractievergadering @D66Nijmegen voor collega @kristieLamers ivm nieuwe baan. Uiteraard incl haar jaarlijkse Sint-gedicht #dank ,1,2016-12-07T20:56:23.000Z
Ook vanuit @D66Nijmegen natuurlijk alle steun voor #bedbadbrood #Nijmegen #D66 ,1,2016-12-06T10:47:32.000Z
Heldere uitslag in #Oostenrijk. ,0,2016-12-04T21:13:03.000Z
In 2012 deed @D66Nijmegen al de eerste voorstellen voor meer open data van @gem_Nijmegen. Eindelijk is het zover: ,1,2016-12-04T10:59:43.000Z
Had B&amp;W beter bovenop financiering  en verhuizing Hilckmann moeten zitten? Is #raad024 goed geïnformeerd? ,0,2016-12-01T07:04:23.000Z
#raad024 sprak vanavond wederom uitvoerig over Slachthuis Hilckmann.  Binnenkort debat politieke oordeelsvorming ,1,2016-11-30T22:24:40.000Z
Cultuurhistorie leeft in de oudste stad van het land. Pop-up museum @D66Nijmegen was vanavond een groot succes! #Nijmegen ,1,2016-11-30T22:11:42.000Z
Overduidelijk JA van Arnhemse kiezer voor een geweldige gebiedsontwikkeling met veel natuur en een beetje wonen in het hart v/d stad ,1,2016-11-30T22:02:21.000Z
Genoten van een avondje @JohnBrom024 als steun voor fractie @D66Nijmegen! ;) @WendyGrutters dank voor het uitlenen #raad024 ,1,2016-11-30T21:29:06.000Z
"Nijmegen heeft weer een zesde wethouder. @janz56 mag aan de slag met oa Economie, Werk en Armoedebestrijding. Gefeliciteerd en succes!",1,2016-11-30T21:22:25.000Z
#raad024 heeft zojuist schriftelijk gestemd over de door de Seniorenpartij voorgedragen wethouder Jan Zoetelief. Stemmen worden nu geteld ,1,2016-11-30T21:14:02.000Z
D66 opent vandaag vanaf 17:00 een pop-up museum in de catacomben onder het stadhuis. Iedereen is van harte welkom! ,1,2016-11-30T11:36:58.000Z
Ruim 140 hectare toegankelijke natuur met ruimte voor recreatie en cultuur op steenworp van Arnhemse binnenstad? Stem JA! #Meinerswijk ,1,2016-11-29T19:07:56.000Z
Aanrijding trein met twee personen en honden. Aanwijzingen voor zelfdoding. Verdrietig drama ,0,2016-11-28T09:33:32.000Z
Coalitie #Nijmegen heeft 3 jaar gedaan over discussie kamerbeleid. Resultaat: tandeloos nieuw beleid én een kamertekort #raad024 #wonen ,0,2016-11-26T08:56:48.000Z
Nieuwsgierig naar de historische kelders van het Nijmeegse stadhuis? Woensdagavond heb je een unieke kans met pop-up museum @D66Nijmegen ,1,2016-11-26T08:37:19.000Z
"Helaas door omstandigheden niet bij opening fiets- en perrontunnel #Elst. Mooie mijlpaal voor station, reizigers en bewoners! #ProRail #NS ",1,2016-11-25T14:14:09.000Z
Nieuws uit fractie @D66Nijmegen: @PuckSanders volgt eind december @kristieLamers op als raadslid #raad024 ,1,2016-11-24T14:49:37.000Z
Kinderchampagne bij fractievergadering @D66Nijmegen ter ere van vaststelling #D66 kandidatenlijst Tweede Kamer. Dank @RachidElhafi ,1,2016-11-23T19:37:45.000Z
Vandaag waren we met @D66Nijmegen op wijkbezoek in Lent. Oude en nieuwe inwoners missen vooral goede voorzieningen/winkels #raad024 #D66 ,1,2016-11-23T19:16:10.000Z
"Vrienden en familie in Veghel, Schijndel en Sint-Oedenrode: kies vandaag voor kansen voor iedereen. Stem @D66Meierijstad! #D66",1,2016-11-23T07:10:43.000Z
Bezoek Koning aan COC is geweldige erkenning én enorme steun in de rug voor de wereldwijde strijd voor gelijke rechten voor #lhbti ,1,2016-11-22T19:17:38.000Z
Nu hebben fietsendieven nog te vaak succes bij station Lent. Dat kan anders met een veiligere stalling #D66 #Lent #raad024 ,0,2016-11-21T15:47:45.000Z
Onbegrijpelijk. Na anderhalf jaar was er bijna een akkoord Rijk-gemeenten. Welke druk zit er vanuit VVD/PvdA op Dijkhof? #bedbadbrood ,0,2016-11-21T10:45:40.000Z
Dank Erik! D66-leden die nog niet gestemd hebben...je hebt nog 20 minuten. #D66 #samensterker ,1,2016-11-21T10:38:33.000Z
Dank Marc! #D66 #samensterker ,1,2016-11-21T08:17:06.000Z
D66-leden opgelet: Je kan nog tot 12.00u stemmen voor de kandidatenlijst voor de Tweede Kamer! #D66 #samensterker,1,2016-11-21T07:59:53.000Z
Dank voor je steun @ralphdevriesnh! Leden van #D66 die nog niet gestemd hebben voor de TK-lijst? Ralph's volgen kan tot maandag 12u ,1,2016-11-20T20:05:36.000Z
Nijmegen staat er goed op richting de TK-verkiezingen! We hadden al #12 en #14 bij @D66. Nu ook op #13 bij @GroenLinks: @Lisawesterveld,1,2016-11-20T19:13:28.000Z
Dank Marcel! #D66 #samensterker ,1,2016-11-20T14:39:19.000Z
Gefeliciteerd @susankrumins #7H ,1,2016-11-20T13:13:10.000Z
Ik wens alle #Zevenheuvelenloop lopers heel veel succes toe met dit zware weer! #7H16 #Nijmegen ,1,2016-11-20T06:20:03.000Z
In Hilversum bij de laatste presentatiebijeenkomst van de TK-lijst van @D66. Leden kunnen stemmen tot maandag 12u #samensterker #D66 ,1,2016-11-19T16:07:17.000Z
#ericaopreis in #Suriname. Wat een prachtige natuur en wat een inspirerende manier van samenleven in een divers land. Hoog op m'n lijstje,1,2016-11-18T22:15:55.000Z
In #Nieuwsuur aandacht voor de enorme fileproblematiek. Doorrekening verkiezingsprogramma's is helder. @D66 plannen leiden tot -47% files ,1,2016-11-18T21:33:29.000Z
Dank Stan! Ik kijk uit naar de campagne in Gelderland. #D66 #samensterker ,1,2016-11-18T20:57:13.000Z
Vorige week met #raad024 bezoek gebracht aan Dukenburg. Nu vragen gesteld over verkeersveiligheid Teersdijk en bereikbaarheid Waalstede ,1,2016-11-18T18:30:15.000Z
Raimondi: Eur. Hof is nodig daar waar lidstaten zelf tekort schieten in bescherming mensenrechten. In alle landen is nog werk te doen,0,2016-11-18T16:26:53.000Z
"President Raimondi: Eur. Hof wordt uitgedaagd door zeer veel zaken, maar ook politieke druk. Bescherming mensenrechten belangrijker dan ooit",1,2016-11-18T16:24:28.000Z
"Guidi Raimondi, President of the European Court of Human Rights, just received the Treaties of Nijmegen Medal ",1,2016-11-18T16:16:47.000Z
Dank Paul! #D66 #samensterker ,1,2016-11-17T19:51:44.000Z
Dank voor de steun @Fleurgraeper! #D66 #samensterker ,1,2016-11-17T19:30:17.000Z
"Vuurwerk is leuk, maar kan gevaarlijk zijn. #raad024 steunt motie @D66Nijmegen voor veiligheidsbrillen voor kinderen met mini-campagne ",1,2016-11-16T22:45:42.000Z
Helder betoog @tvanelferen #D66 inzake kamerverhuur #raad024. Excessen aanpakken met bestaande regels. Niet alle studenten over 1 kam,1,2016-11-16T21:26:26.000Z
"""Alleen verliezers bij nieuw beleid kamerverhuur. Met extra regels krijg je geen leukere buren. Laten we  excessen aanpakken"" @tvanelferen",0,2016-11-16T21:24:46.000Z
"Minder regels, meer gemak. Ook bij watersport in de Spiegelwaal - @D66Nijmegen #raad024 ",1,2016-11-16T21:08:00.000Z
#Syria ,1,2016-11-16T20:11:36.000Z
Snap ik. Jij bent mede-veroorzaker van dit alles ;) ,1,2016-11-16T13:29:07.000Z
Dank voor de steun! #D66 #samensterker ,1,2016-11-13T19:17:09.000Z
Laat het cijferwerk maar over aan wethouder @mleisink uit Arnhem. En hear hear: de echte gezondheidswinst zit bij preventie ,0,2016-11-16T08:00:20.000Z
Na vragen van raadslid Grete Visser @D66Nijmegen krijgt Nijmegen geslachtsneutrale wc's in gemeentelijke gebouwen #LHBTI #D66 ,1,2016-11-16T07:15:53.000Z
"Pieter, veel dank! #D66 #samensterker ",1,2016-11-15T22:29:07.000Z
Vanavond zijn we vanaf 19.30u in 't Feithhuis in Groningen voor presentatie concept Tweede Kamerlijst @D66 ,1,2016-11-15T16:31:23.000Z
Na weekendwerk lijn Zutphen-Winterswijk gaan we natuurlijk ook testen met #Arriva zodat we morgen storingsvrij in dienst kunnen! @ProRail ,1,2016-11-14T00:14:44.000Z
Thanks Paul! #D66 ,1,2016-11-14T00:10:22.000Z
Als geboren en getogen Brabander: Dank! 😉 #D66 ,1,2016-11-13T22:02:12.000Z
Dank voor de steun Michiel! #D66 #samensterker ,1,2016-11-13T21:45:48.000Z
Laatste uurtjes werkzaamheden op en rondom station Zutphen en de spoorbrug @ProRail ,1,2016-11-13T19:27:17.000Z
Dank voor de steun @Celine_Blom! #D66 ,1,2016-11-13T19:17:37.000Z
Ook vandaag presenteren de kandidaat-Kamerleden van @D66 zich aan de leden. Vanaf 14.30 in de bibliotheek te Haarlem ,1,2016-11-13T11:14:45.000Z
Wauw! Veel dank voor de steun @marliekeheck #D66 #samensterker ,1,2016-11-12T17:55:56.000Z
Ook in Nijmegen gaat @D66 #ingesprekmet. Welke kansen ziet u voor Nijmegen en NL? #D66 #samensterker ,1,2016-11-12T12:54:39.000Z
Dank voor je steun @nielsingvar! #D66 #roze #samensterker ,1,2016-11-12T10:41:48.000Z
Dank voor je steun @martenporte! #teamRobPaulSalima #samensterker #D66 ,1,2016-11-11T23:10:50.000Z
Dank voor je steun @jan_bert! #D66 #samensterker ,1,2016-11-11T19:01:12.000Z
Dank voor je steun! #D66 #samensterker ,1,2016-11-11T17:38:57.000Z
Met #raad024 op wijkbezoek in stadsdeel Dukenburg. Namens fractie @D66Nijmegen zijn @PietervanMegen @RachidElhafi &amp; ik aanwezig,1,2016-11-11T13:37:48.000Z
Grotere biodiversiteit langs het spoor dankzij #HoneyHighway. Trots dat @ProRail een steentje bijdraagt aan een duurzamere wereld! ,1,2016-11-11T09:06:03.000Z
Dank voor je steun @RobbertNijboer! Heb erg veel zin om met een sterke kandidatenlijst campagne te voeren! Zie je vast bij een actie ;) #D66 ,1,2016-11-10T22:49:30.000Z
Dank voor je steun @keetel! ,1,2016-11-10T22:48:34.000Z
Dank voor je steun @WillyBrink! #samensterker #D66 ,1,2016-11-10T21:08:21.000Z
Dank voor je steun @RemyMaessen! #samensterker #D66 ,1,2016-11-10T21:07:56.000Z
Dank @AntoonKanis! #samensterker #D66 ,1,2016-11-10T21:07:27.000Z
Dank voor je steun bij de ledenstemming voor de kandidatenlijst #D66 @RachidElhafi! #samensterker ,1,2016-11-10T16:54:37.000Z
"Betere ondersteuning voor mantelzorgers in Nijmegen, dankzij initiatief @D66Nijmegen met CDA, VVD en GroenLinks ",1,2016-11-10T11:15:17.000Z
"Voorpagina Trouw: 'Wie zwijgt stemt toe.Wie opstaat, bouwt mee. Stop het populisme. Steun het optimisme' Check: ",1,2016-11-10T06:33:04.000Z
Coalitiebreuk Nijmegen is weken na aftreden wethouder Tankir eindelijk definitief. VSP nieuwe coalitiepartner. Meerderheid coalitie nog +1 ,0,2016-11-10T06:03:57.000Z
Ander VS-nieuws: Steeds meer staten kiezen voor legale softdrugs. In NL werkt @Vera_Bergkamp #D66 aan regulering ,1,2016-11-09T14:56:18.000Z
Mooi dat SP het #Dorpensingel  debat een nieuwe boost geeft. @D66Nijmegen roept B&amp;W 024 &amp; Lingewaard op om met GS tot een oplossing te komen ,1,2016-11-09T14:36:01.000Z
Ik wens alle vrijwilligers van @D66Heumen heel veel succes met de voorbereidingen! Op naar een super mooi resultaat!! #GR2018 ,1,2016-11-08T20:33:41.000Z
Volle zaal in @deLindenberg voor ledenvergadering @D66RvNijmegen met historisch besluit om als #D66 in Heumen deel te nemen aan #GR2018 ,1,2016-11-08T20:32:46.000Z
"Vanavond ledenvergadering @D66RvNijmegen over GR-verkiezingen in Nijmegen, Wijchen, Heumen, Beuningen en Berg&amp;Dal ",1,2016-11-08T16:51:49.000Z
Vandaag is de top 30 van de #D66 conceptlijst voor de Tweede Kamerverkiezingen bekend gemaakt. Ik ben erg vereerd met m'n 12e plek! ,1,2016-11-07T12:48:49.000Z
Fractiedag @D66Nijmegen eindigt bij #Honigcomplex. Hoe vet zou 't zijn als hier een gele bakstenen woontoren komt met Honig-logo op de top? ,1,2016-11-06T16:34:01.000Z
Dank aan de steunfractie voor organiseren inspirerende fractiedag #D66: @RemyMaessen @PuckSanders @damienoud @lusannebouwmans @jessehijink,1,2016-11-06T16:21:49.000Z
Halfjaarlijkse fractiedag @D66Nijmegen met speciale bijdrages van @pauleig @PepijnBoekhorst @HvHooft @gisellekens @Mark_Buck #dank #Nijmegen,1,2016-11-06T15:58:15.000Z
Woensdag ging #raad024 akkoord met structureel budget voor #ShelterCityNijmegen. Erg trots dat wij mensenrechtenverdedigers blijven opvangen ,1,2016-11-05T16:28:23.000Z
"Vandaag in #Vk: ""De slachterij en de schuldvraag"". Vanavond in #raad024 debat over de rol van de gemeente en B&amp;W. #Hilckmann #Nijmegen ",1,2016-11-02T13:45:23.000Z
7% energiebesparing bij lokale bedrijven? Het kan met extra inzet Omgevingsdienst. Vanavond motie @D66Nijmegen bij #Begroting2017 #raad024,1,2016-11-02T08:20:58.000Z
Leestip: “Men [VVD]is er nog steeds niet aan toe zichzelf te kennen voor wat men is: een conservatieve partij.” ,0,2016-11-01T12:46:03.000Z
"Man man man - ""(...) Feyenoord de spreekkoren niet antisemitisch vindt, omdat ze gericht zijn tegen Ajax en niet tegen het Joodse volk."" ",0,2016-11-01T05:44:25.000Z
😂 ,1,2016-10-30T22:18:10.000Z
"Inspirerende #Tegenlicht met out-of-the-box burgemeester Palermo. 'Mobiliteit als mensenrecht', of je nu vlucht voor oorlog of honger. ",1,2016-10-30T21:39:17.000Z
"Prima idee! Een liberaal in het torentje van de partij met als inzet voor de verkiezingen: 'Samen sterker, Kansen voor iedereen' @D66 ",1,2016-10-30T16:31:28.000Z
".@APechtold: ""Tijd voor echt liberale premier in dit land. Een sociaal liberaal, een progressief liberaal, een totaalliberaal!"" #D66congres ",1,2016-10-30T15:34:45.000Z
Veel aandacht voor duurzaamheid en circulaire economie in speech @JanTerlouw: 'Een simpele maatregel is: de vervuiler betaalt' #D66congres,1,2016-10-30T14:24:28.000Z
En we zitten er weer klaar voor! #D66Congres #50jaarD66 ,1,2016-10-30T09:35:29.000Z
.@APechtold bij #wnl: '@D66 is de grootste progressieve partij van NL.' - 'Rutte heeft een paar goede uitdagers nodig. Ik ben er een van!',1,2016-10-30T08:53:22.000Z
Dag 2 van #D66congres #50jaarD66 begint goed met @APechtold &amp; @JanTerlouw bij #wnl ,1,2016-10-30T08:44:38.000Z
Zo maar eens een punt van orde indienen voor een livestream op #D66congres ,0,2016-10-29T19:30:18.000Z
Monsterzitting amendementen TK-programma @D66 bijna ten einde. Complimenten voor de congresvoorzitters en LB'er @henkbeerten #D66congres,1,2016-10-29T19:27:28.000Z
We zijn begonnen! #D66congres ,1,2016-10-29T08:24:38.000Z
Goedemorgen Amsterdam! We zijn klaar voor #D66congres #50jaarD66 @D66 ,1,2016-10-29T06:31:14.000Z
Elektrificatie spoorlijn Zwolle-Wierden door @ProRail @VolkerRailNL in opdracht @ProvincieOV zo goed als klaar! ,1,2016-10-27T10:51:06.000Z
Wat een ontzettend verdrietig nieuws. Een geweldig en succesvol ondernemerspaar uit elkaar gerukt door ziekte. Veel sterkte! #bzzy #Nijmegen ,1,2016-10-27T05:55:11.000Z
Spanning in @PvdANijmegen. Wethouder verwijt fractie oneerlijk spel en teveel dwarsliggen op thema's als financiële risico's stad #raad024 ,0,2016-10-27T05:49:11.000Z
Eerder dan gepland weer treinen op Groningen-Weener. Ravage na aanvaring door schip sneller hersteld ,1,2016-10-26T06:08:00.000Z
Pragmatische en dappere keuze. Commerciëlen zetten de toon met een Sintfeest voor iedereen. Hulde! ,1,2016-10-24T10:37:05.000Z
Nu al zin in #hhb2017 met @sarahoranje #heelhollandbakt #omroepmax #stophetinme,1,2016-10-23T20:44:51.000Z
Ons opa Jetten is vandaag 90 jaar oud geworden en dat vieren we met champagne! #granddad #birthday #proud 🍾 ,1,2016-10-21T21:05:28.000Z
Brekend: Nijmeegse PvdA wethouder Tankir legt portefeuille neer ivm conflict met fractie #raad024 ,0,2016-10-21T07:18:46.000Z
Waalse logica... #lectrr #CETA ,0,2016-10-21T07:03:06.000Z
Klopt het dat gemeente niet reageerde op plannen huurbaas voor fietsenstallingen 024-centrum? Waarom niet? @benvanhees #raad024 #fietsen ,0,2016-10-21T06:53:31.000Z
Langs spoor in Achterhoek komt dankzij inzet op duurzaamheid @ProRail @SwietelskyRail een #HoneyHighway: bloemen in de berm voor de bijen ,1,2016-10-19T19:45:25.000Z
Werkbezoek in Vorden. @ProRail &amp; @SwietelskyRail vernieuwen spoor met extra aandacht duurzaamheid: 30% minder CO2 met nwe dwarsliggers ,1,2016-10-19T19:43:12.000Z
Dit weekend weer eens naar @denieuwewinkel. Goed vooruitzicht om een mens de week door te helpen 😇 #Nijmegen #vegetarischehemel,1,2016-10-18T16:22:19.000Z
Met antwoorden B&amp;W zal @D66Nijmegen initiatief nemen voor debat in #raad024 over toekomst #Honig 2/2,1,2016-10-18T16:07:07.000Z
Uitgebreid antwoord B&amp;W op vragen @D66Nijmegen over financiële haalbaarheid behoud (deel) #Honig #Nijmegen ,0,2016-10-18T16:06:34.000Z
Treinen op waterstof? ,0,2016-10-17T16:04:49.000Z
Interessant en betaalbaar alternatief voor tram. Trolleybus is groen en kan meer capaciteit aan dan huidige bussen #Nijmegen #HOV ,1,2016-10-15T07:24:36.000Z
.@D66 en #Dukenburg bestaan allebei 50 jaar. @D66Nijmegen trakteert! #50jaarD66 #jarig #Nijmegen ,1,2016-10-14T09:22:42.000Z
De campagnetrein in 1981. Veel dank aan @JoostvdGeest die deze foto ooit voor me vond op een rommelmarkt #50jaarD66 #D66 #jarig ,1,2016-10-14T09:21:33.000Z
"Twee aangeschoten wethouders, gedoe tussen coalitiefracties en een miljoenentekort op Werk &amp; Inkomen #Nijmegen ",0,2016-10-14T07:26:21.000Z
Veel - tot nu toe - geheime stukken inzake miljoenen voor slachthuis Hilckmann zijn op verzoek van #raad024 openbaar gemaakt #transparantie ,1,2016-10-12T19:56:58.000Z
"In de oudste stad van NL kunnen we op veel manieren de geschiedenis tot leven wekken, aldus @kristieLamers @D66Nijmegen #raad024 #begroting ",1,2016-10-12T19:36:18.000Z
"#raad024 spreekt over studentenkamers. @damienoud @D66Nijmegen: ""Overlast en met name excessen nu eindelijk aanpakken. Geen extra regels""",0,2016-10-12T18:12:17.000Z
Miljoenen tekort Nijmegen op Werk &amp; Inkomen. #raad024 waarschuwde al voor de zomer. @PvdANijmegen wethouder Tankir gaat nu 'plannen maken',0,2016-10-12T18:06:17.000Z
Met de mama's naar #Tutti @introdans geweest. Wat een geweldige schoonheid! #inmemoriam #nowhere #cantata ,1,2016-10-11T20:47:41.000Z
"Met @ProRail bouwmanager @arnoutpalstra op #Zevenaar: @KnipscheerInfra en #Epsilon zorgen voor nieuwe banken, abri's, etc. #prettigwachten ",1,2016-10-11T14:37:38.000Z
'Geheime belastingdeal koningshuis' stamt uit jaren '70. Later dit jaar stelt Tweede Kamer begroting Koning vast. Ik zie kansen... ,1,2016-10-11T05:27:14.000Z
Haven- en industriegebied Nijmegen-West wordt een groene hotspot. Teller zonnepanelen Engie gaat richting 10.000 #duurzaam #greencapital ,1,2016-10-11T05:22:03.000Z
"Heldere @damienoud @D66Nijmegen bij #NPORadio1: ""Incidenten met studentenhuisvesting aanpakken, maar niet kapot reguleren. Samenleven kan!""",1,2016-10-09T18:34:17.000Z
Locatie Sappi is middenin de stad en zoveel beter geschikt voor een bouwmarkt dan een weiland bij Ressen #Hornbach ,1,2016-10-08T08:00:44.000Z
Bij moskee Betrokken Nijmegenaren willen graag middenin de stad nabij hun achterban een nieuwe plek. Politici kiezen voor rand stad/snelweg ,0,2016-10-07T06:03:40.000Z
Synthon dreigt met vertrek uit #Nijmegen. Tweede belangrijke ondernemer in jaar tijd. Waar is PvdA-wethouder Economie? #ondernemen #raad024 ,0,2016-10-03T16:57:08.000Z
Ook in #Nijmegen staan we weer op straat voor @D66 #ingesprekmet. We horen graag jouw ideeën! @D66Nijmegen #denkmee ,1,2016-10-01T12:17:51.000Z
Gemeenten mogen experimenteren met bijstand. 024 nog niet in rijtje. Ondanks aandringen #raad024. Benieuwd naar (re)actie PvdA wethouder,0,2016-10-01T08:28:33.000Z
Maandelijkse vrijmibo @D66Nijmegen @D66RvNijmegen @D66Wijchen @D66Beuningen @D66Heumen is vandaag in Wijchen  ,1,2016-09-30T06:36:21.000Z
Pieten-brief Nijmegen blijkt een stunt. ,0,2016-09-29T13:33:26.000Z
Mooie oproep van B&amp;W aan ondernemers Nijmeegse binnenstad: ga mee in de verandering van Piet #Sinterklaas #Nijmegen ,1,2016-09-29T11:53:05.000Z
Paris gaat voor een autovrije Seine. Als zij het kunnen... Later dit jaar komen scenario's voor autovrije binnenstad Nijmegen #raad024 ,1,2016-09-29T05:41:35.000Z
"Mooi verslag van #stadsgesprekHonig georganiseerd door @D66Nijmegen. Eerste beelden voor #Honig zijn helder, echte debat over toekomst volgt ",1,2016-09-29T05:38:17.000Z
"Helder betoog @JosReinhoudt: Geef ondernemers nachtwinkels nu vertrouwen, ook t.a.v alcohol. Treedt gewoon streng op na problemen #raad024",0,2016-09-28T20:28:00.000Z
"Mooi hoor, dat debat over nachtwinkels in #raad024. @VVDNijmegen wil ondernemers beperken met regels. GL en D66 gaan wel uit van vertrouwen",1,2016-09-28T20:26:32.000Z
"Aantal fracties #raad024 wil geen alcoholverkoop nachtwinkels centrum na 22u, maar buiten centrum en in horeca kan het wel? #tweematen",0,2016-09-28T20:19:24.000Z
Motie @StadspartijDNF voor extra onderzoek en archeologisch vriendelijk bouwen in Waalfront kan rekenen op steun @D66Nijmegen #raad024,1,2016-09-28T19:55:13.000Z
"""Cultuurhistorie zit in de oudste stad in onze harten. Ook bij de wethouder. Laten we dat in Waalfront ook bewijzen"", @kristieLamers #D66",1,2016-09-28T19:53:45.000Z
Fractie @D66Nijmegen is zojuist versterkt met @jessehijink als nieuwe fractievolger. Hij gaat o.a. aan de slag met sport en mobiliteit,1,2016-09-28T19:49:10.000Z
Na het zomerreces enkele benoemingen #raad024. Nieuw raadslid SP is @YurreWieken. Van harte welkom en veel succes!,1,2016-09-28T19:47:11.000Z
Volle bak op tribune #raad024 met o.a. twintigtal nieuwe leden @D66Nijmegen die deelnemen aan een meet&amp;greet met de lokale politiek #welkom,1,2016-09-28T19:39:03.000Z
Op 20 augustus vond in onze zusterstad #Gaziantep 'n verschrikkelijke aanslag plaats. #raad024 stond hier zojuist bij stil (na zomerreces),0,2016-09-28T19:36:27.000Z
De 'liberale' vrienden van de VVD willen ondernemers van nachtwinkels verbieden alcohol te verkopen #raad024 #Nijmegen #bruisendestad ,0,2016-09-28T12:48:19.000Z
Heldere taal @tvanelferen bij #kanniewaarzijn: Waarom maakte @gem_Nijmegen de miljoenen in 1x over aan bijna-failliet slachthuis? #raad024,0,2016-09-27T20:44:57.000Z
Aandacht in #kanniewaarzijn voor €21 miljoen van @gem_Nijmegen voor bijna-failliet slachthuis. Dit najaar alle stukken openbaar + raadsdebat,1,2016-09-27T20:41:33.000Z
Zonnige en inspirerende teammiddag gehad met Bouwmanagement Noord &amp; Oost NL @ProRail. Na drukke zomer en bewogen jaar even samen stilstaan,1,2016-09-27T19:39:58.000Z
De hond en ik hebben zojuist meerdere egeltjes gespot. *Zet herfstmodus aan. #Hengstdal #Limospark #herfst,1,2016-09-27T04:21:15.000Z
Aan mij de eer/uitdaging om de dag zo af te sluiten. Gaaf om op zaterdag zo'n groep fanatieke JD'ers aan het werk te zien in zaal #raad024 ,1,2016-09-24T13:28:17.000Z
"Historische doorbraak! Tweede Kamer meerderheid voor initiatiefwet @D66 regulering #wietteelt. Beter voor veiligheid, gezondheid, schatkist ",1,2016-09-23T05:49:12.000Z
"Afsluiting interessant #stadsgesprekHonig. @D66Nijmegen gebruikt input voor discussienota voor #raad024 tbv een blijvende, boeiende plek ",1,2016-09-22T20:13:50.000Z
Volop ideeën #stadsgesprekHonig voor combi wonen-ondernemen-cultuur-horeca. @D66Nijmegen vraagt B&amp;W om scenario+€ waarbij dit mogelijk is,1,2016-09-22T19:56:30.000Z
Tijdelijkheid ondernemen op Honig leidt tot bepaalde dynamiek en creativiteit. Verlies je die bij blijvende invulling? #stadsgesprekHonig,1,2016-09-22T19:26:28.000Z
Ook op het Honigcomplex: #Smeltkroes. Plek waar ruim 100 creatieve maakondernemers zitten. Pure ambacht dus! #stadsgesprekHonig,1,2016-09-22T19:18:36.000Z
Wijkvereninging: 'Waalfront en Honig hebben enorme impact op Waterkwartier. Doel moet zijn: twee werelden samenbrengen' #stadsgesprekHonig,1,2016-09-22T19:15:44.000Z
Mooi! In tegenstelling tot andere complexen in NL zoals NDSM is Honig zonder subsidie gelukt. Nijmegen mag trots zijn! #StadsgesprekHonig ,1,2016-09-22T18:20:50.000Z
"Volle bak bij @breblen voor #StadsgesprekHonig. Welke ideeën leven er bij ondernemers, buurtbewoners en ontwikkelaars voor toekomst gebied?",1,2016-09-22T18:14:51.000Z
Vanavond in @breblen: Is er na de tijdelijke initiatieven #Honig plek voor cultuur/horeca in dit stuk #Waalfront? ,0,2016-09-22T06:12:27.000Z
Ook in papieren @dgnijmegen aandacht voor verkeersborden in Nijmegen. -2.000 borden is minder onderhoud/kosten + duidelijker publ ruimte ,1,2016-09-21T14:45:01.000Z
Op Arnhem Berg realiseren @ProRail #VanOoijen en #VanGelder een nieuw serviceperron voor #NedTrain en LWA-systeem voor wissels #safetywalk ,1,2016-09-21T14:01:38.000Z
Oud initiatief van @AMvanPutten #D66 &amp; @pepijnoomen #GL krijgt een vervolg. Minder verkeersborden in #Nijmegen #raad024 ,1,2016-09-21T13:57:11.000Z
Volle tribune #raad024 bij interactieve avond over burgerparticipatie met PJO's en studenten politicologie en bestuurskunde ,1,2016-09-20T18:38:20.000Z
Donderdag in @breblen: stadsgesprek over toekomst #Honig met mooie lijst sprekers + volop interactie #denkmee ,1,2016-09-20T17:05:06.000Z
"Vanavond discussieavond PJO's, BOW en ismus met Nijmeegse fractievoorzitters over burgerparticipatie ",1,2016-09-20T14:22:50.000Z
Wat de toekomstige relatie I&amp;M-ProRail ook wordt; feit dat @sharon_dijksma vandaag in gesprek ging met mdw's vind ik stoer en transparant!,1,2016-09-19T20:03:41.000Z
Wederom drukke avondspits Waalbrug Nijmegen. Voor mn gevoel de laatste maanden steeds vaker file. Klopt dat @NaarNijmegen?,0,2016-09-19T15:44:31.000Z
The first dance of #TheKrumkens ❤️  Celebrating love! @susankuijken &amp; #AndrewKrumins ,1,2016-09-16T23:08:05.000Z
Vandaag de opening van het geweldige nieuwe @ProRail station @gemharderwijk. Gefeliciteerd en bouwers bedankt! ,1,2016-09-16T06:45:44.000Z
Gisteravond met collega's een stadswandeling door Arnhem gemaakt. Op gevel Duivelshuis staan belangrijke woorden... ,1,2016-09-16T05:41:56.000Z
NL'er in het buitenland? Wil je stemmen tijdens TK-verkiezingen 2017? Registreren kan vanaf vandaag!  ,1,2016-09-15T05:36:02.000Z
Wethouder Velthuis en D66-raadslid @RachidElhafi vinden elkaar: moskee niet ergens wegstoppen. Jonkerbosplein vraagt wel om modern ontwerp,1,2016-09-14T17:50:28.000Z
.@RachidElhafi @D66Nijmegen wil bij uitwerking bestemmingsplan moskee wel goede oplossing voor parkeren en groeikansen #NovioTechCampus,1,2016-09-14T17:32:38.000Z
Nijmegen onderzocht 13 locaties nwe moskee. @D66Nijmegen: voorkeursplek Jonkerbosplein voegt iets bruisends toe aan een dynamische omgeving,1,2016-09-14T17:32:02.000Z
"""De Nijmeegse moslimgemeenschap wil na 40j een nwe Eyup Sultanmoskee. @D66Nijmegen steunt die ambitie"", aldus @RachidElhafi #raad024",1,2016-09-14T17:29:28.000Z
Beste Gelderse Statenleden: verlos #Lent van sluipverkeer en voorkom een duizenden auto's door #Ressen. Doe mee!  ,1,2016-09-14T14:20:19.000Z
Goed stuk over argumenten in debat #orgaandonatie en waarom wet Dijkstra e.e.a beter regelt; ook voor het individu ,1,2016-09-13T15:16:42.000Z
CDA tegen initiatiefwet #orgaandonatie vanwege 'zelfbeschikking' maar voor afschaffen medisch beroepsgeheim ,0,2016-09-13T15:13:50.000Z
Met één stem verschil is wetsvoorstel #ADR aangenomen. Goed nieuws voor al die patiënten die wachten op een donor!  ,1,2016-09-13T13:33:15.000Z
Rondreis #Iran was eye-opener. Weinig landen bezochten waar 'samenleving' en 'staat' zo van elkaar verschillen en langs elkaar heen leven,1,2016-09-13T09:47:56.000Z
"Geweldige rondreis #Iran gehad. Gastvrije &amp; nieuwsgierige mensen, indrukwekkende landschappen en eeuwenoude cultuur ",1,2016-09-13T09:39:34.000Z
Dit weekend trouwden @jeroenbenning &amp; @manonleblanc in hun mooie Brussel. Het was een genot om erbij te zijn! Veel geluk &amp; liefde samen 😘,1,2016-08-28T06:24:38.000Z
"Nijmegen, wat ben je mooi! Heerlijke foto van vriendinnetje #NienkeVanGils @SumCapNL #Waal #Nijmegen ",1,2016-08-26T20:08:30.000Z
"Lees hier het concept verkiezingsprogramma @D66: 'Samen sterker. Kansen voor iedereen'
",1,2016-08-26T08:58:32.000Z
"Boeken verbieden, geloofshuizen sluiten, grenzen dicht. Vrijheid? #PVV ",0,2016-08-25T17:47:20.000Z
Lokaal opgewekte energie van en voor Nijmegenaren! #greencapital #Nijmegen Mooi beeld ook vanaf de Waalbrug ri Lent ,1,2016-08-24T06:17:15.000Z
Samen met @SwietelskyRail vernieuwt @ProRail deze week het spoor op aantal plekken tussen Doetinchem-Winterswijk ,1,2016-08-22T16:51:28.000Z
"O.a. meer treinen Arnhem-Duitsland, extra spitstrein Assen-Groningen en kortere reistijden Arnhem-Nijmegen #ProRail ",1,2016-08-22T09:48:22.000Z
"""the West has flagged its efforts to promote democracy [...] priority is to defeat jihadists [...] short-sighted."" ",0,2016-08-20T23:07:03.000Z
"Geen beste wedstrijd, maar de 3 punten zijn in Nijmegen gebleven. #NEC #nechee #Nijmegen #Goffert ",1,2016-08-20T22:32:17.000Z
Ook #Rio2016 zijn voor @Martina200m succesvolle #Olympics. Wat een sportheld van #TeamNL ,1,2016-08-18T05:35:17.000Z
Dit weekend starten @ProRail &amp; @SwietelskyRail met een 9-daagse spoorvernieuwing Wehl-Winterswijk. Meer info ,1,2016-08-18T05:32:40.000Z
Loop je #RUintro16 en ben je geïnteresseerd in politiek en @D66? Word lid en benut opleidingsprogramma @D66Nijmegen ,1,2016-08-17T14:19:52.000Z
Na intensieve voorbereiding @ProRail @VolkerRailNL gaan we 20-8 tot 29-8 aan de slag op station &amp; spoor #Doetinchem ,1,2016-08-17T07:08:05.000Z
Indrukwekkend reportage met veel verdriet van gewone Irakezen die elke dag geraakt worden door terreur #nieuwsuur ,1,2016-08-16T20:24:24.000Z
"Wat een held, die @epkez. Vallen, opstaan en doorgaan. Echte topsport! #rio2016 #TeamNL",1,2016-08-16T18:50:54.000Z
Nee!! #epke #TeamNL,0,2016-08-16T18:49:32.000Z
Hup @epkez #rio2016 #teamNL,1,2016-08-16T18:45:16.000Z
Wat een tijd! En dat vanuit baan 8. Very impressive @WaydeDreamer #SouthAfrica #Rio2016 ,1,2016-08-15T04:33:39.000Z
"""Wie is hier de Koning?"" ",0,2016-08-14T18:15:19.000Z
Goed stuk. We investeren in NL weinig in topsport. Zonde want inspiratie voor jong&amp;oud om te bewegen en excelleren ,1,2016-08-14T08:48:48.000Z
Wauw! #Rio2016 #Belgium @thiam_nafi ❤️ ,1,2016-08-14T07:56:58.000Z
Start niet goed genoeg helaas. Balen! Maar NLse 5e op de 100m is echt uniek. Alle ballen op de 200m #TeamNL  ,1,2016-08-14T01:44:21.000Z
"Dramatische ontknoping finale verspringen mannen. Lawson springt op einde mega ver, maar raakte zand te vroeg met hand. Geen goud #Rio2016",0,2016-08-14T01:25:15.000Z
Jammer @ranomikromo! #Rio2016 #TeamNL,1,2016-08-14T01:05:58.000Z
"Elis (check), Ranomi, Dafne... Laat die dames maar lekker 3x GOUD pakken vannacht. Heerlijk! #TeamNL",1,2016-08-13T20:44:36.000Z
Series 100m vrouwen #atletiek. Lekker soepele winst @dafneschippers. Die gaat knallen in de halve finales! #TeamNL #Rio2016,1,2016-08-13T01:49:14.000Z
#Nijmegen ,1,2016-08-13T01:32:13.000Z
Lekkere series 1.500m #SifanHassen en 400m @leemarvin44. Laat die halve finales dit weekend maar komen! #Rio2016 #atletiek,1,2016-08-13T01:28:49.000Z
"Ik ❤️ @ABNAMRO whatsapp service. Wederom vriendelijk en megasnel geholpen. Thanks, Floor^",1,2016-08-12T16:11:46.000Z
Heerlijk dat het nu eindelijk tijd is voor atletiek in #Rio2016 #Olympics. Spandoeken bij de tv staan klaar voor oa @susankuijken #Suus,1,2016-08-12T12:43:08.000Z
Interessante kijk op recente gebeurtenissen in Turkije met enkele lichtpuntjes van hoop... ,1,2016-08-11T13:32:51.000Z
25-08 bij #3lab #vpro: 'Lieve buren' van @MaralNS. Zij vluchtte als kind naar NL. Hoe was dat &amp; hoe gaat zoiets nu? ,1,2016-08-10T12:27:57.000Z
Complimenten voor de mannen &amp; vrouwen die 9 dagen&amp;nachten aan sporen #OVSAAL hebben gewerkt! @BAMInfra_nl @ProRail ,1,2016-08-10T05:40:59.000Z
Wat een niveau... Maar hij heeft het vast niet zo bedoeld #engeman  ,0,2016-08-09T21:11:45.000Z
Mooi om te zien hoe betrokken en ontspannen de turndames #TeamNL met elkaar omgaan. Topprestatie in een unieke finale #Rio2016,1,2016-08-09T20:49:27.000Z
Gaaf! Mooie bronzen plak voor @anickavanemden #TeamNL #Rio2016. Jammer dat #EnricoLaCruz niet door is bij boksen.,1,2016-08-09T20:28:56.000Z
Kwam ik vandaag op straat in Amsterdam zomaar @alaliwafa tegen. Klein geluksmomentje :),1,2016-08-09T18:41:21.000Z
Hear hear!  ,1,2016-08-09T18:05:15.000Z
Word jij mijn directe collega? #vacature #ProRail #Bouwmanagement ,0,2016-08-09T09:51:08.000Z
Heerlijk! ,1,2016-08-08T21:02:33.000Z
Kom op #volleybaldames! Heerlijke pot tot nu toe. Maak #teamUSA ook in die 5e set ff in!! #Rio2016 #Olympics2016,1,2016-08-08T19:56:16.000Z
Vind ik tijdens de #OlympicGames altijd een heerlijke sport. Mooi ook hoe die Sjef geniet na een goed schot #Rio2016 ,1,2016-08-08T19:54:01.000Z
Sneu en onnodig dat buurtfeest niet door kan gaan. Schriftelijke vragen @pauleig @RemyMaessen in de maak... #raad024 ,0,2016-08-08T16:37:49.000Z
Wat een machtige race. Goud voor #vanderbregge #Rio2016  #wielrennen,1,2016-08-07T19:08:56.000Z
Wat een smak... #vanvleuten #Rio2016,1,2016-08-07T18:55:17.000Z
Spannende lokale verkiezingen in Zuid-Afrika vandaag. Hopelijk enkele mooie successen voor @Our_DA  ,1,2016-08-03T05:15:55.000Z
"Veel @ProRail-werk dit weekend, o.a. spoor- en wisselvernieuwing Barneveld-Noord met @SwietelskyRail kirow ",1,2016-07-30T13:46:11.000Z
Op werkbezoek station Elst waar we t/m zondag bezig zijn met perronkappen en afbouw tunnels @ProRail #Mobilis ,1,2016-07-28T09:29:43.000Z
❤️Michelle #DemsInPhilly  ,1,2016-07-26T15:21:19.000Z
Tijdelijke kunst in Valkhofpark blijkt een blijvertje. 'Uitkijkkonijn' is een Pokéstop #PokemonGO ,1,2016-07-25T18:31:42.000Z
"De fatale gevolgen van Erdogans paranoia voor minderheden (Koerden, Alevieten), Turkije en het buitenland. ",0,2016-07-23T08:18:38.000Z
Sjoerd staat al op de uitkijk. Warm welkom voor #Vierdaagse wandelaars in Hengstdal! ,1,2016-07-21T07:55:00.000Z
Ook de politie doet gezellig mee met #RozeWoensdag #4daagse #Nijmegen ,1,2016-07-20T14:08:53.000Z
In Hengstdal zijn we klaar voor de doorkomst van de #Vierdaagse van morgen ,1,2016-07-20T12:16:36.000Z
Veel #4daagse deelnemers lopen voor een goed doel. Ik steun @qadershafiq voor #ShelterCity #Nijmegen ,1,2016-07-20T10:47:59.000Z
Succes! Zie jullie donderdag in Oost en vrijdag op de Via Gladiola #supporter #Vierdaagse  ,1,2016-07-19T03:59:13.000Z
"Ondertussen in Yerevan, Armenië: aanhangers oppositie tot laat in de avond de straat op  ",1,2016-07-18T21:06:12.000Z
Heerlijk #4DF #Nijmegen  ,1,2016-07-17T14:26:01.000Z
Gemeenteraden Lingewaard + Nijmegen &amp; dorpen Ressen + Lent willen #Dorpensingel. Wethouders moeten aan de bak!  ,0,2016-07-16T08:32:55.000Z
Spraakmakend interview @DeGelderlander met #Hilckmann. Blij met steun #raad024 aan @D66Nijmegen tbv openheid dossier ,1,2016-07-16T07:46:09.000Z
"Als deze coup mislukt, dan krijgt Erdogan z'n gedroomde uitbreiding van de presidentiële macht #TurkeyCoup",0,2016-07-15T22:05:02.000Z
Erdogan via facetime op tv.  ,1,2016-07-15T21:30:36.000Z
Zou het echt zo goed gepland/georganiseerd zijn? Erdogan gearresteerd? #turkey  ,0,2016-07-15T21:26:53.000Z
AK-Partij roept aanhangers op de straat op te gaan. Leger heeft avondklok ingesteld. Hopelijk geen bloedvergieten ,1,2016-07-15T21:22:20.000Z
Brekend: B&amp;W stuurt #raad024 o.v.v D66 openbaar feitenrelaas inzake #Hilckmann tbv verantwoordingsdebat. Blij met transparantie college,1,2016-07-13T19:04:01.000Z
"Nijmegen krijgt eindelijk enkele nachtwinkels. B&amp;W wil na 22u geen alcoholverkoop. Onnodige betutteling, daarom motie @PietervanMegen #D66",0,2016-07-13T18:57:03.000Z
Ook in raad Lingewaard verzet tegen 4.000 auto's door dorp Ressen. Hoog tijd voor aanleg #Dorpensingel  ,1,2016-07-13T18:47:06.000Z
Fijn! In navolging @D66Nijmegen nu ook @spnijmegen de straat op voor 'n goed doel. Samen sterk voor #Dorpensingel ,1,2016-07-12T19:24:45.000Z
Vorige week motie #raad024; deze week debat #Lingewaard over #Dorpensingel. Wanneer spreekt #PSGelderland zich uit? ,0,2016-07-12T09:50:34.000Z
Nijmegen wordt nog een echte dropstad. Na #NijmeegsLopertje nu ook een #NimweegsNuilertje ,0,2016-07-11T19:20:02.000Z
Dit najaar op reis door Iran. Kent iemand een docent(e) Farsi in Nijmegen e.o.? Altijd leuk om je beetje te kunnen redden in de lokale taal,1,2016-07-11T19:14:33.000Z
Vanavond feest ter ere van het einde van een tijdperk. @kristieLamers draagt haar @Stadscafe_TouT na verkoop over aan nwe ondernemers,1,2016-07-09T18:29:31.000Z
.@PvdA stemde afgelopen weken dus tegen verbod op olie uit IS-gebied en voor gasboringen in NLse natuur... ,0,2016-07-08T05:53:12.000Z
Tijdelijke invulling #Honig is erg verrassend. Niet wegpoetsen dus! Deze zomer stadsgesprek @D66Nijmegen #denkmee ,1,2016-07-08T05:44:08.000Z
Eid Mubarak to my friends who celebrate! #EidMubarak #suikerfeest,1,2016-07-06T05:30:07.000Z
"Bovenleiding tussen Zevenaar en Duitse grens gaat van 1,5 naar 25 kV. Megaklus @ProRail @DuraVermeer &amp; #VanGelder ",1,2016-07-05T08:50:27.000Z
Spectaculaire beelden van inschuiven spoordek #Harlingen #N31 door @BallastNedam in opdracht van @ProRail ,1,2016-07-05T08:48:17.000Z
"Dit weekend heb ik met heel veel plezier dit fantastische stel mogen trouwen. Emiel &amp; Anna, veel geluk samen! #babs ",1,2016-07-03T19:43:57.000Z
'Geen staatssteun vijf NLse voetbalclubs' waaronder #NEC ,0,2016-07-02T05:55:48.000Z
De NY Times ziet Amsterdam als beste alternatief voor Londen als financieel centrum. Enige nadeel: NLs bonusbeleid ,1,2016-07-01T05:37:49.000Z
"Klasse werk van @ProRail, @Movares  en #VanGelder. Met nieuwe treinbeveiliging kunnen kan het spoor in Friesland meer treinen aan! 2/2",1,2016-06-30T05:37:02.000Z
"Gisteren Leeuwarden-Harlingen met vernieuwde treinbeveiliging weer in dienst, vanochtend Leeuwarden-Stavoren ",1,2016-06-30T05:36:06.000Z
2.200 gratis fietsparkeerplekken in een hele mooie fietsflat. Gisteren officieel geopend door Hengelo en @ProRail ,1,2016-06-30T05:29:19.000Z
Kom jij mijn team Bouwmanagement NoordOost NL versterken bij @ProRail? Ik zoek een civiele techneut ,1,2016-06-29T11:10:06.000Z
"Pride banned in Turkey: Istanbul, I’m waving a rainbow flag for you. #IstanbulPride #OnurYürüyüşü #Pride2016 ",0,2016-06-26T08:00:34.000Z
"Brexit wint, maar verscheurt Groot-Britannië #EURef ",0,2016-06-24T04:17:35.000Z
Dit weekend vernieuwen we met @Movares &amp; #VanGelder treinbeveiliging op Leeuwarden-Harlingen en Leeuwarden-Stavoren ,1,2016-06-23T08:02:23.000Z
Yes! Driemaal is scheepsrecht. Nijmegen is verkozen tot @EU_GreenCapital 2018 #EGC2018 #duurzamestad #groenegroei ,1,2016-06-22T18:12:14.000Z
Interesse in Zorg- of Mobiliteitsbeleid op lokaal niveau? @D66Nijmegen zoekt een nieuwe fractievolger #raad024 ,1,2016-06-20T18:11:19.000Z
Verdrietig nieuws. Geweldige en inspirerende theaterdirecteur die in korte tijd nieuw elan gaf aan 2 mooie podia... ,1,2016-06-20T16:07:09.000Z
"Ah balen, op het allerlaatste moment zilver i.p.v goud. Maar...mooie afstand @LarsTimmerman! #NKatletiek  ",1,2016-06-18T11:49:38.000Z
Lekkere start @LarsTimmerman! Zet 'm op #family #support #NKatletiek  ,1,2016-06-18T10:49:48.000Z
"""Lelijk land schrikt talent af"" - in regio 024 gaat het vrij goed volgens mij, moeten alert blijven op grote hallen ",0,2016-06-18T06:42:11.000Z
Meepraten over de toekomst van Nijmegen? Neem vanavond deel aan de inspraak over de #Zomernota van #raad024 ,1,2016-06-15T04:51:33.000Z
Groene innovatie met de Gelderland Circular Challenge 2016 ,1,2016-06-13T20:02:43.000Z
"Met Projecten, Verkeersleiding en Assetmanagement bezoek gebracht aan de helden van Incidentenbestrijding @ProRail ",1,2016-06-09T19:40:32.000Z
Mooi! Voorstel @kristieLamers @D66Nijmegen voor nachtwinkels wordt eindelijk uitgevoerd ,1,2016-06-08T05:20:46.000Z
Vanavond huis-aan-huis aan Vrouwe Udasingel #Lent toelichting gegeven over #Dorpensingel. Veel steun voor de petitie ,1,2016-06-07T19:36:42.000Z
Blij met steun @FAJPeters @VVDGelderland voor Dorpensingel-Oost. In #raad024 werkt @RachidElhafi #D66 met aantal fracties aan nieuwe motie,1,2016-06-07T05:35:20.000Z
Helderheid Dorpensingel-Oost is nodig. Steun de petitie voor een verkeersveilig #Lent! ,1,2016-06-07T05:34:31.000Z
Ontzettend goed nieuws voor leraren en belangrijke stap voor beter onderwijs. Aanhouder wint! @Paul_van_Meenen #D66  ,1,2016-06-07T05:28:31.000Z
"Minder sluipverkeer door Lent voor meer verkeersveiligheid, betere doorstroming en schonere lucht? Teken de petitie ",1,2016-06-06T14:47:43.000Z
Na 37 dagen heel hard werken ging vandaag een compleet vernieuwd spoor Almelo-Mariënberg weer in dienst. Trots!  ,1,2016-06-06T13:46:08.000Z
De democratie op de schop met o.a 'Het Nieuwe Kiezen' en G1000? Maandag 20u debatavond in Lindenberg Nijmegen ,0,2016-06-05T08:02:50.000Z
Minder sluipverkeer door Lent en behoud rustige karakter Ressen? Het kan met aanleg Dorpensingel. Teken de petitie! ,1,2016-06-05T07:38:29.000Z
"Weekje kano-varen, wandelen en relaxen in Älvsjöhyttan, Zweden. Ultiem genoten samen met fijne vrienden 🇸🇪 ",1,2016-06-05T07:37:02.000Z
